unique_key,case_number,date,block,primary_type,description,location_description,arrest,domestic,beat,district,ward,community_area,fbi_code,latitude,longitude,year
13172384,JG378607,2023-08-11 14:35:00.000000 UTC,001XX N MICHIGAN AVE,BATTERY,"AGGRAVATED - HANDS, FISTS, FEET, NO / MINOR INJURY",SMALL RETAIL STORE,true,false,111,1,34,32,08B,41.883643552,-87.624419496,2023
13276137,JG502918,2023-11-13 13:15:00.000000 UTC,001XX N WABASH AVE,BATTERY,SIMPLE,SIDEWALK,false,false,111,1,34,32,08B,41.885433199,-87.626265286,2023
12984870,JG155021,2023-02-16 16:10:00.000000 UTC,001XX N WABASH AVE,BATTERY,SIMPLE,RESTAURANT,false,false,111,1,42,32,08B,41.885301485,-87.626266739,2023
13099278,JG291695,2023-06-07 11:32:00.000000 UTC,001XX N STATE ST,BATTERY,"AGGRAVATED P.O. - HANDS, FISTS, FEET, SERIOUS INJURY",CTA PLATFORM,true,false,111,1,42,32,04B,41.885481891,-87.627935689,2023
13053188,JG236699,2023-04-25 11:18:00.000000 UTC,0000X E LAKE ST,ASSAULT,SIMPLE,STREET,false,false,111,1,42,32,08A,41.885753285,-87.626996239,2023
13183628,JG392185,2023-08-21 17:50:00.000000 UTC,001XX N WABASH AVE,ASSAULT,SIMPLE,RESTAURANT,false,false,111,1,42,32,08A,41.885301485,-87.626266739,2023
13263055,JG487308,2023-09-18 12:00:00.000000 UTC,001XX N STATE ST,THEFT,OVER $500,OTHER (SPECIFY),false,false,111,1,42,32,06,41.884650262,-87.627915459,2023
13317280,JG552533,2023-12-23 18:14:00.000000 UTC,001XX N STATE ST,THEFT,RETAIL THEFT,DEPARTMENT STORE,true,false,111,1,34,32,06,41.883500187,-87.627876698,2023
13010448,JG185654,2023-03-14 17:06:00.000000 UTC,001XX N STATE ST,THEFT,RETAIL THEFT,DEPARTMENT STORE,true,false,111,1,42,32,06,41.883500187,-87.627876698,2023
13012317,JG188246,2023-03-16 18:42:00.000000 UTC,001XX N STATE ST,THEFT,RETAIL THEFT,COMMERCIAL / BUSINESS OFFICE,false,false,111,1,42,32,06,41.883500187,-87.627876698,2023
13048712,JG230960,2023-03-24 10:25:00.000000 UTC,001XX N STATE ST,THEFT,RETAIL THEFT,DEPARTMENT STORE,false,false,111,1,42,32,06,41.883500187,-87.627876698,2023
13062810,JG248363,2023-05-02 13:23:00.000000 UTC,001XX N STATE ST,THEFT,RETAIL THEFT,SMALL RETAIL STORE,false,false,111,1,34,32,06,41.883475491,-87.627876969,2023
13081390,JG271005,2023-05-22 19:08:00.000000 UTC,001XX N STATE ST,THEFT,RETAIL THEFT,DEPARTMENT STORE,true,false,111,1,34,32,06,41.883500187,-87.627876698,2023
13102569,JG295848,2023-06-10 15:31:00.000000 UTC,001XX N STATE ST,THEFT,RETAIL THEFT,SMALL RETAIL STORE,true,false,111,1,34,32,06,41.883500187,-87.627876698,2023
13117140,JG312181,2023-06-19 19:15:00.000000 UTC,001XX N STATE ST,THEFT,RETAIL THEFT,DEPARTMENT STORE,false,false,111,1,34,32,06,41.883500187,-87.627876698,2023
13117339,JG313336,2023-06-23 18:44:00.000000 UTC,001XX N STATE ST,THEFT,RETAIL THEFT,DEPARTMENT STORE,false,false,111,1,34,32,06,41.883500187,-87.627876698,2023
13153940,JG356810,2023-07-26 12:25:00.000000 UTC,001XX N STATE ST,THEFT,RETAIL THEFT,DEPARTMENT STORE,true,false,111,1,34,32,06,41.883500187,-87.627876698,2023
13283751,JG511132,2023-11-19 14:30:00.000000 UTC,0000X W WASHINGTON ST,THEFT,POCKET-PICKING,OTHER (SPECIFY),false,false,111,1,42,32,06,41.883210775,-87.629906972,2023
13100695,JG293150,2023-05-30 17:15:00.000000 UTC,0000X E WACKER PL,THEFT,FROM BUILDING,HOTEL / MOTEL,false,false,111,1,42,32,06,41.886813267,-87.625328278,2023
13121360,JG318150,2023-06-27 12:53:00.000000 UTC,001XX N WABASH AVE,CRIMINAL DAMAGE,TO PROPERTY,RESTAURANT,true,false,111,1,42,32,14,41.885367342,-87.626266013,2023
13010787,JG186133,2023-03-14 11:30:00.000000 UTC,0000X N WABASH AVE,ROBBERY,ARMED - HANDGUN,SIDEWALK,false,false,112,1,42,32,03,41.882529537,-87.626223856,2023
13037369,JG217327,2023-04-10 08:03:00.000000 UTC,001XX S STATE ST,BATTERY,SIMPLE,BANK,false,false,112,1,42,32,08B,41.880579428,-87.627732563,2023
13233905,JG452228,2023-10-02 15:00:00.000000 UTC,0000X N WABASH AVE,THEFT,OVER $500,STREET,false,false,112,1,34,32,06,41.882422496,-87.626221364,2023
13277217,JG504335,2023-11-14 18:00:00.000000 UTC,001XX S CLARK ST,THEFT,$500 AND UNDER,RESTAURANT,false,false,112,1,34,32,06,41.879890416,-87.630832031,2023
13239273,JG457629,2023-10-03 12:27:00.000000 UTC,0000X N STATE ST,THEFT,RETAIL THEFT,DEPARTMENT STORE,false,false,112,1,34,32,06,41.882394062,-87.627844798,2023
13280868,JG508436,2023-11-17 18:30:00.000000 UTC,0000X W MONROE ST,THEFT,RETAIL THEFT,SMALL RETAIL STORE,false,false,112,1,34,32,06,41.880704482,-87.630224558,2023
13310901,JG544452,2023-12-14 17:08:00.000000 UTC,0000X N STATE ST,THEFT,RETAIL THEFT,SMALL RETAIL STORE,false,false,112,1,34,32,06,41.882394062,-87.627844798,2023
12967402,JG133782,2023-01-29 12:40:00.000000 UTC,0000X N STATE ST,THEFT,RETAIL THEFT,DEPARTMENT STORE,false,false,112,1,42,32,06,41.882539542,-87.627850543,2023
13076198,JG263732,2023-05-13 08:40:00.000000 UTC,0000X S STATE ST,THEFT,RETAIL THEFT,DEPARTMENT STORE,false,false,112,1,34,32,06,41.88171846,-87.627760426,2023
13102354,JG295421,2023-06-10 09:14:00.000000 UTC,001XX S MICHIGAN AVE,THEFT,RETAIL THEFT,DEPARTMENT STORE,false,false,112,1,34,32,06,41.880366516,-87.6243529,2023
13102359,JG294228,2023-06-09 11:19:00.000000 UTC,001XX S MICHIGAN AVE,THEFT,RETAIL THEFT,DRUG STORE,false,false,112,1,34,32,06,41.880366516,-87.6243529,2023
13106076,JG300021,2023-06-13 20:15:00.000000 UTC,0000X S STATE ST,THEFT,RETAIL THEFT,DEPARTMENT STORE,false,false,112,1,34,32,06,41.88171846,-87.627760426,2023
13125800,JG322800,2023-06-30 18:34:00.000000 UTC,0000X N STATE ST,THEFT,RETAIL THEFT,DEPARTMENT STORE,false,false,112,1,34,32,06,41.882470918,-87.627847625,2023
13136131,JG335814,2023-07-04 10:38:00.000000 UTC,0000X N STATE ST,THEFT,RETAIL THEFT,DEPARTMENT STORE,false,false,112,1,34,32,06,41.882394062,-87.627844798,2023
13164611,JG368576,2023-07-28 12:10:00.000000 UTC,0000X N STATE ST,THEFT,RETAIL THEFT,DEPARTMENT STORE,false,false,112,1,34,32,06,41.882394062,-87.627844798,2023
12955599,JG119037,2023-01-15 16:30:00.000000 UTC,0000X N DEARBORN ST,THEFT,POCKET-PICKING,CTA PLATFORM,false,false,112,1,42,32,06,41.882381731,-87.629412971,2023
12964400,JG130393,2023-01-14 14:18:00.000000 UTC,0000X E WASHINGTON ST,THEFT,FROM BUILDING,APARTMENT,false,false,112,1,42,32,06,41.883221363,-87.625823296,2023
13058784,JG243399,2023-04-30 22:05:00.000000 UTC,002XX S DEARBORN ST,ROBBERY,ARMED - HANDGUN,CTA PLATFORM,false,false,113,1,34,32,03,41.87900312,-87.629339891,2023
13261929,JG484686,2023-10-30 13:45:00.000000 UTC,004XX S STATE ST,BATTERY,SIMPLE,LIBRARY,false,false,113,1,4,32,08B,41.876607964,-87.627644063,2023
13029077,JG208015,2023-04-02 06:11:00.000000 UTC,002XX S STATE ST,ASSAULT,AGGRAVATED - KNIFE / CUTTING INSTRUMENT,CTA BUS,true,false,113,1,42,32,04A,41.879297705,-87.627706271,2023
13154230,JG357346,2023-07-26 17:00:00.000000 UTC,003XX S PLYMOUTH CT,ASSAULT,SIMPLE,RESIDENCE,false,false,113,1,4,32,08A,41.877726094,-87.628737019,2023
13056471,JG239526,2023-04-27 13:00:00.000000 UTC,0000X E ADAMS ST,THEFT,OVER $500,PARKING LOT / GARAGE (NON RESIDENTIAL),false,false,113,1,34,32,06,41.879499198,-87.627002693,2023
13181270,JG389313,2023-08-18 13:45:00.000000 UTC,002XX S STATE ST,THEFT,OVER $500,SIDEWALK,false,false,113,1,34,32,06,41.878638996,-87.627691486,2023
13047779,JG230225,2023-04-19 18:30:00.000000 UTC,004XX S STATE ST,THEFT,$500 AND UNDER,STREET,false,false,113,1,4,32,06,41.876607964,-87.627644063,2023
13180404,JG387735,2023-08-04 21:10:00.000000 UTC,002XX S MICHIGAN AVE,THEFT,POCKET-PICKING,PARK PROPERTY,false,false,113,1,34,32,06,41.879027236,-87.624338328,2023
12981832,JG146900,2023-02-09 12:30:00.000000 UTC,002XX S DEARBORN ST,CRIMINAL DAMAGE,TO VEHICLE,AUTO / BOAT / RV DEALERSHIP,false,false,113,1,42,32,14,41.87912116,-87.62934594,2023
13039034,JG219649,2023-04-11 20:04:00.000000 UTC,002XX E MONROE DR,ROBBERY,ARMED - KNIFE / CUTTING INSTRUMENT,SIDEWALK,false,false,114,1,42,32,03,41.880868621,-87.621233382,2023
13174011,JG380571,2023-08-13 02:00:00.000000 UTC,003XX N COLUMBUS DR,BATTERY,"AGGRAVATED P.O. - HANDS, FISTS, FEET, NO / MINOR INJURY",STREET,false,false,114,1,42,32,08B,41.887201788,-87.620703992,2023
13166546,JG371798,2023-08-03 21:15:00.000000 UTC,002XX E BALBO DR,BATTERY,SIMPLE,PARK PROPERTY,false,false,114,1,4,32,08B,41.873192061,-87.62197216,2023
13126653,JG324422,2023-07-02 01:45:00.000000 UTC,003XX E RANDOLPH ST,THEFT,OVER $500,LAKEFRONT / WATERFRONT / RIVERBANK,false,false,114,1,42,32,06,41.884335468,-87.619164088,2023
13165206,JG370172,2023-08-04 17:50:00.000000 UTC,003XX E RANDOLPH ST,THEFT,OVER $500,PARK PROPERTY,false,false,114,1,42,32,06,41.884333364,-87.619266937,2023
13168694,JG374387,2023-08-06 20:00:00.000000 UTC,003XX E BALBO DR,THEFT,OVER $500,PARK PROPERTY,false,false,114,1,42,32,06,41.873236555,-87.618971893,2023
13188870,JG398298,2023-08-26 08:45:00.000000 UTC,002XX N COLUMBUS DR,THEFT,OVER $500,PARKING LOT / GARAGE (NON RESIDENTIAL),false,false,114,1,42,32,06,41.886370204,-87.620691199,2023
13196215,JG407187,2023-08-05 00:00:00.000000 UTC,003XX E RANDOLPH ST,THEFT,OVER $500,PARK PROPERTY,false,false,114,1,42,32,06,41.884335468,-87.619164088,2023
13322849,JG559087,2023-12-29 20:10:00.000000 UTC,0000X N MICHIGAN AVE,CRIMINAL DAMAGE,TO PROPERTY,PARKING LOT / GARAGE (NON RESIDENTIAL),true,false,114,1,42,32,14,41.882526427,-87.624384106,2023
12960873,JG126126,2023-01-23 06:00:00.000000 UTC,001XX E LAKE ST,CRIMINAL DAMAGE,TO PROPERTY,CTA TRAIN,false,false,114,1,42,32,14,41.885772345,-87.623411755,2023
12945123,JG107829,2023-01-07 15:45:00.000000 UTC,0000X S COLUMBUS DR,CRIMINAL DAMAGE,TO VEHICLE,PARKING LOT / GARAGE (NON RESIDENTIAL),false,false,114,1,42,32,14,41.881776822,-87.620767948,2023
13117580,JG313715,2023-06-23 13:45:00.000000 UTC,0000X S COLUMBUS DR,CRIMINAL DAMAGE,TO VEHICLE,PARKING LOT / GARAGE (NON RESIDENTIAL),false,false,114,1,42,32,14,41.881776822,-87.620767948,2023
12969662,JG136860,2023-01-31 20:30:00.000000 UTC,002XX S CANAL ST,THEFT,OVER $500,COMMERCIAL / BUSINESS OFFICE,false,false,121,1,42,28,06,41.878840427,-87.639582928,2023
13075263,JG262135,2023-05-15 22:00:00.000000 UTC,006XX W MADISON ST,THEFT,$500 AND UNDER,STREET,true,false,121,1,34,28,06,41.881831232,-87.643156665,2023
13179404,JG386997,2023-08-17 18:00:00.000000 UTC,005XX W JACKSON BLVD,THEFT,$500 AND UNDER,OTHER COMMERCIAL TRANSPORTATION,false,false,121,1,34,28,06,41.878034897,-87.640248924,2023
13131539,JG330444,2023-07-05 21:15:00.000000 UTC,0000X S JEFFERSON ST,CRIMINAL DAMAGE,TO VEHICLE,RESIDENCE - GARAGE,false,false,121,1,34,28,14,41.881314979,-87.642644446,2023
13243036,JG463192,2023-10-14 01:30:00.000000 UTC,0000X N WELLS ST,ROBBERY,ARMED - OTHER DANGEROUS WEAPON,CTA TRAIN,false,false,122,1,34,32,03,41.882782094,-87.633855661,2023
12974022,JG141881,2023-02-05 17:55:00.000000 UTC,001XX W MADISON ST,ROBBERY,ARMED - HANDGUN,CONVENIENCE STORE,false,false,122,1,34,32,03,41.881966282,-87.631929312,2023
13156839,JG360363,2023-07-29 03:00:00.000000 UTC,001XX W ADAMS ST,ROBBERY,STRONG ARM - NO WEAPON,SMALL RETAIL STORE,false,false,122,1,42,32,03,41.879392098,-87.633264712,2023
13082156,JG271470,2023-05-23 07:54:00.000000 UTC,002XX N LA SALLE ST,BATTERY,SIMPLE,CONVENIENCE STORE,true,false,122,1,42,32,08B,41.885871785,-87.632452147,2023
13296848,JG527675,2023-12-03 22:52:00.000000 UTC,002XX W LAKE ST,BATTERY,DOMESTIC BATTERY SIMPLE,RESIDENCE,false,true,122,1,42,32,08B,41.885730181,-87.634433124,2023
13133404,JG332571,2023-07-07 13:00:00.000000 UTC,002XX S WACKER DR,THEFT,OVER $500,RESTAURANT,false,false,122,1,42,32,06,41.878630716,-87.636673298,2023
13276125,JG502955,2023-11-13 13:30:00.000000 UTC,0000X N LA SALLE ST,THEFT,$500 AND UNDER,RESTAURANT,false,false,122,1,34,32,06,41.882114362,-87.632361012,2023
12950289,JG111334,2023-01-10 12:00:00.000000 UTC,0000X S LA SALLE ST,THEFT,$500 AND UNDER,GROCERY FOOD STORE,false,false,122,1,42,32,06,41.88106593,-87.632339422,2023
13109061,JG302704,2023-06-15 18:15:00.000000 UTC,001XX W MADISON ST,THEFT,$500 AND UNDER,RESTAURANT,false,false,122,1,34,32,06,41.881968084,-87.63177506,2023
12961689,JG126882,2023-01-21 10:59:00.000000 UTC,001XX W RANDOLPH ST,THEFT,RETAIL THEFT,DRUG STORE,false,false,122,1,42,32,06,41.884476226,-87.631310613,2023
13096884,JG287257,2023-06-04 02:15:00.000000 UTC,002XX W ADAMS ST,THEFT,RETAIL THEFT,CONVENIENCE STORE,false,false,122,1,42,32,06,41.879381337,-87.634201201,2023
13157938,JG358202,2023-07-27 13:42:00.000000 UTC,002XX W MADISON ST,THEFT,RETAIL THEFT,SMALL RETAIL STORE,false,false,122,1,34,32,06,41.881944424,-87.634195294,2023
13318460,JG553898,2023-12-24 21:40:00.000000 UTC,002XX W ADAMS ST,CRIMINAL DAMAGE,TO VEHICLE,PARKING LOT / GARAGE (NON RESIDENTIAL),false,false,122,1,42,32,14,41.879381337,-87.634201201,2023
13082956,JG272753,2023-05-23 20:00:00.000000 UTC,001XX W QUINCY ST,CRIMINAL DAMAGE,TO VEHICLE,STREET,false,false,122,1,42,32,14,41.878752027,-87.632706209,2023
13124494,JG321809,2023-06-29 21:00:00.000000 UTC,001XX W MADISON ST,CRIMINAL DAMAGE,TO VEHICLE,PARKING LOT / GARAGE (NON RESIDENTIAL),false,false,122,1,34,32,14,41.881951231,-87.633060512,2023
13140334,JG340205,2023-07-14 03:00:00.000000 UTC,005XX S PLYMOUTH CT,ROBBERY,ARMED - OTHER FIREARM,STREET,false,false,123,1,4,32,03,41.875214851,-87.628694839,2023
13164046,JG368654,2023-08-04 06:25:00.000000 UTC,0000X E ROOSEVELT RD,ROBBERY,VEHICULAR HIJACKING,STREET,false,false,123,1,4,32,03,41.867427761,-87.626192049,2023
13013163,JG188722,2023-03-17 08:48:00.000000 UTC,0000X E HARRISON ST,BATTERY,AGGRAVATED - OTHER DANGEROUS WEAPON,SMALL RETAIL STORE,true,false,123,1,4,32,04B,41.874387379,-87.627117728,2023
13116959,JG313043,2023-06-22 15:45:00.000000 UTC,005XX S DEARBORN ST,BATTERY,SIMPLE,APARTMENT,false,false,123,1,4,32,08B,41.875154958,-87.629220565,2023
13169096,JG374966,2023-08-08 18:00:00.000000 UTC,011XX S STATE ST,BATTERY,SIMPLE,CTA TRAIN,false,false,123,1,4,32,08B,41.868165405,-87.62743954,2023
13189093,JG398606,2023-08-26 13:20:00.000000 UTC,011XX S CLARK ST,BATTERY,SIMPLE,SIDEWALK,false,false,123,1,34,32,08B,41.86821682,-87.6304532,2023
12939385,JG101262,2023-01-02 01:50:00.000000 UTC,011XX S DELANO CT W,BATTERY,DOMESTIC BATTERY SIMPLE,APARTMENT,false,true,123,1,25,32,08B,41.868107536,-87.632778394,2023
13030904,JG210188,2023-04-04 00:00:00.000000 UTC,0000X E 11TH ST,BATTERY,DOMESTIC BATTERY SIMPLE,HOTEL / MOTEL,false,true,123,1,4,32,08B,41.869284939,-87.625191299,2023
13130028,JG328384,2023-07-05 09:33:00.000000 UTC,007XX S MICHIGAN AVE,BATTERY,DOMESTIC BATTERY SIMPLE,HOTEL / MOTEL,true,true,123,1,4,32,08B,41.872709056,-87.624187857,2023
13138075,JG338208,2023-07-12 15:45:00.000000 UTC,0000X E ROOSEVELT RD,ASSAULT,SIMPLE,DRUG STORE,false,false,123,1,4,32,08A,41.867414944,-87.627231186,2023
13203809,JG415978,2023-09-08 08:50:00.000000 UTC,009XX S WABASH AVE,THEFT,OVER $500,SIDEWALK,false,false,123,1,4,32,06,41.870334861,-87.625899331,2023
13307466,JG540667,2023-12-14 02:00:00.000000 UTC,008XX S WABASH AVE,THEFT,OVER $500,PARKING LOT / GARAGE (NON RESIDENTIAL),false,false,123,1,4,32,06,41.871520566,-87.625930316,2023
13007018,JG181752,2023-03-10 04:00:00.000000 UTC,011XX S MICHIGAN AVE,THEFT,OVER $500,PARKING LOT / GARAGE (NON RESIDENTIAL),false,false,123,1,4,32,06,41.868518128,-87.624113021,2023
13216523,JG431424,2023-09-20 00:01:00.000000 UTC,009XX S CLARK ST,THEFT,$500 AND UNDER,PARKING LOT / GARAGE (NON RESIDENTIAL),false,false,123,1,34,32,06,41.870355187,-87.630550934,2023
13263445,JG487802,2023-11-01 20:25:00.000000 UTC,005XX S DEARBORN ST,THEFT,$500 AND UNDER,RESTAURANT,false,false,123,1,4,32,06,41.875242791,-87.629223273,2023
12979483,JG148495,2023-01-19 22:00:00.000000 UTC,006XX S CLARK ST,THEFT,$500 AND UNDER,PARKING LOT / GARAGE (NON RESIDENTIAL),false,false,123,1,4,32,06,41.874233514,-87.630666333,2023
13323749,JG560119,2023-12-18 13:24:00.000000 UTC,011XX S CLARK ST,THEFT,RETAIL THEFT,DEPARTMENT STORE,false,false,123,1,34,32,06,41.86821682,-87.6304532,2023
13090658,JG280348,2023-05-29 13:34:00.000000 UTC,011XX S CLARK ST,THEFT,RETAIL THEFT,DEPARTMENT STORE,false,false,123,1,34,32,06,41.86821682,-87.6304532,2023
13158591,JG362170,2023-07-29 16:50:00.000000 UTC,011XX S DELANO CT W,THEFT,RETAIL THEFT,OTHER (SPECIFY),false,false,123,1,34,32,06,41.868167928,-87.632781406,2023
13255196,JG477720,2023-10-23 19:48:00.000000 UTC,006XX S STATE ST,THEFT,POCKET-PICKING,CTA PLATFORM,false,false,123,1,4,32,06,41.8744151,-87.627609439,2023
13167964,JG373755,2023-08-05 19:30:00.000000 UTC,006XX S MICHIGAN AVE,THEFT,POCKET-PICKING,PARK PROPERTY,false,false,123,1,4,32,06,41.873883785,-87.624218932,2023
13000317,JG172573,2023-03-03 05:05:00.000000 UTC,010XX S CLARK ST,CRIMINAL DAMAGE,TO PROPERTY,RESIDENCE,false,false,123,1,4,32,14,41.869707206,-87.630495617,2023
13207830,JG420858,2023-09-11 16:00:00.000000 UTC,008XX S WABASH AVE,CRIMINAL DAMAGE,TO VEHICLE,PARKING LOT / GARAGE (NON RESIDENTIAL),false,false,123,1,4,32,14,41.871295508,-87.625925454,2023
13175203,JG382026,2023-08-12 10:30:00.000000 UTC,007XX S LA SALLE ST,CRIMINAL DAMAGE,TO VEHICLE,STREET,false,false,123,1,34,32,14,41.873051239,-87.631644936,2023
13233114,JG451157,2023-10-04 20:34:00.000000 UTC,001XX W POLK ST,CRIMINAL DAMAGE,TO CITY OF CHICAGO PROPERTY,STREET,true,false,123,1,34,32,14,41.872206708,-87.6308611,2023
13208143,JG421012,2023-09-12 09:07:00.000000 UTC,006XX W HARRISON ST,ROBBERY,ATTEMPT STRONG ARM - NO WEAPON,OTHER COMMERCIAL TRANSPORTATION,false,false,124,1,34,28,03,41.874363279,-87.643013039,2023
13207017,JG419702,2023-09-11 08:45:00.000000 UTC,006XX W HARRISON ST,BATTERY,AGGRAVATED - KNIFE / CUTTING INSTRUMENT,SIDEWALK,false,false,124,1,34,28,04B,41.874363721,-87.64308647,2023
13083787,JG273581,2023-05-24 16:21:00.000000 UTC,005XX W GRENSHAW ST,BATTERY,SIMPLE,GAS STATION,false,false,124,1,28,28,08B,41.868184336,-87.641372316,2023
13199144,JG410652,2023-09-04 12:25:00.000000 UTC,005XX W 14TH PL,BATTERY,SIMPLE,OTHER (SPECIFY),false,false,124,1,25,28,08B,41.862451634,-87.640013423,2023
13200592,JG412268,2023-09-05 13:50:00.000000 UTC,006XX W 16TH ST,BATTERY,DOMESTIC BATTERY SIMPLE,APARTMENT,false,true,124,1,25,28,08B,41.859959413,-87.643586469,2023
13165385,JG370378,2023-08-05 11:20:00.000000 UTC,011XX S CANAL ST,ASSAULT,AGGRAVATED - KNIFE / CUTTING INSTRUMENT,CONVENIENCE STORE,false,false,124,1,28,28,04A,41.868541914,-87.639235361,2023
13212902,JG427090,2023-09-16 20:06:00.000000 UTC,005XX W ROOSEVELT RD,ASSAULT,SIMPLE,SMALL RETAIL STORE,false,false,124,1,28,28,08A,41.867251542,-87.639594427,2023
13293850,JG523979,2023-11-29 19:00:00.000000 UTC,014XX S CANAL ST,ASSAULT,SIMPLE,OTHER (SPECIFY),false,false,124,1,25,28,08A,41.862218265,-87.639087164,2023
13046393,JG228638,2023-04-18 18:07:00.000000 UTC,014XX S CANAL ST,ASSAULT,SIMPLE,STREET,true,false,124,1,11,28,08A,41.86231433,-87.639089796,2023
12942881,JG105190,2023-01-04 20:00:00.000000 UTC,011XX S CANAL ST,THEFT,$500 AND UNDER,COMMERCIAL / BUSINESS OFFICE,false,false,124,1,25,28,06,41.868541914,-87.639235361,2023
13110136,JG304913,2023-06-17 16:20:00.000000 UTC,010XX S CANAL ST,THEFT,$500 AND UNDER,SMALL RETAIL STORE,false,false,124,1,28,28,06,41.869505349,-87.639268997,2023
13212696,JG426771,2023-09-16 15:01:00.000000 UTC,013XX S CANAL ST,THEFT,RETAIL THEFT,GROCERY FOOD STORE,true,false,124,1,28,28,06,41.864493678,-87.639158,2023
13220545,JG435995,2023-09-23 13:51:00.000000 UTC,011XX S CANAL ST,THEFT,RETAIL THEFT,DEPARTMENT STORE,false,false,124,1,28,28,06,41.868541914,-87.639235361,2023
13303705,JG536117,2023-12-10 17:15:00.000000 UTC,006XX W ROOSEVELT RD,THEFT,RETAIL THEFT,SMALL RETAIL STORE,false,false,124,1,28,28,06,41.867206743,-87.643090037,2023
13313232,JG547371,2023-12-15 13:50:00.000000 UTC,011XX S CANAL ST,THEFT,RETAIL THEFT,DEPARTMENT STORE,false,false,124,1,28,28,06,41.868541914,-87.639235361,2023
13028704,JG206853,2023-03-31 14:26:00.000000 UTC,011XX S CANAL ST,THEFT,RETAIL THEFT,DEPARTMENT STORE,false,false,124,1,25,28,06,41.868541914,-87.639235361,2023
13188164,JG397433,2023-08-25 16:00:00.000000 UTC,011XX S CANAL ST,THEFT,RETAIL THEFT,DEPARTMENT STORE,true,false,124,1,28,28,06,41.868385458,-87.639229711,2023
13108036,JG302462,2023-06-15 15:00:00.000000 UTC,011XX S CANAL ST,CRIMINAL DAMAGE,TO PROPERTY,SMALL RETAIL STORE,false,false,124,1,28,28,14,41.868541914,-87.639235361,2023
12944251,JG106740,2023-01-06 15:19:00.000000 UTC,012XX S MICHIGAN AVE,ROBBERY,STRONG ARM - NO WEAPON,STREET,false,false,131,1,3,33,03,41.86703917,-87.624144053,2023
13198461,JG409844,2023-09-03 18:30:00.000000 UTC,020XX S CLARK ST,ROBBERY,ATTEMPT STRONG ARM - NO WEAPON,RESTAURANT,false,false,131,1,11,34,03,41.854784611,-87.630152473,2023
13293867,JG523193,2023-11-30 11:45:00.000000 UTC,020XX S STATE ST,BATTERY,SIMPLE,APARTMENT,false,true,131,1,3,33,08B,41.854963672,-87.627133239,2023
13226515,JG443105,2023-09-28 21:00:00.000000 UTC,022XX S MICHIGAN AVE,BATTERY,DOMESTIC BATTERY SIMPLE,STREET,false,true,131,1,3,33,08B,41.852338762,-87.623788925,2023
13289048,JG518240,2023-11-26 15:00:00.000000 UTC,021XX S MICHIGAN AVE,BATTERY,DOMESTIC BATTERY SIMPLE,APARTMENT,false,true,131,1,3,33,08B,41.853930752,-87.623841071,2023
12956884,JG121427,2023-01-19 01:31:00.000000 UTC,013XX S MICHIGAN AVE,BATTERY,DOMESTIC BATTERY SIMPLE,APARTMENT,false,true,131,1,3,33,08B,41.865145359,-87.624098901,2023
12975628,JG143746,2023-02-07 10:14:00.000000 UTC,023XX S STATE ST,BATTERY,DOMESTIC BATTERY SIMPLE,VEHICLE NON-COMMERCIAL,true,true,131,1,3,33,08B,41.850198974,-87.627024152,2023
13050866,JG233894,2023-04-23 00:10:00.000000 UTC,0000X W CERMAK RD,BATTERY,AGGRAVATED OF A SENIOR CITIZEN,APARTMENT,false,false,131,1,3,33,04B,41.852905207,-87.627981752,2023
13080993,JG269972,2023-05-22 07:30:00.000000 UTC,012XX S WABASH AVE,ASSAULT,SIMPLE,GROCERY FOOD STORE,false,false,131,1,34,33,08A,41.866810739,-87.625817031,2023
13140755,JG340926,2023-07-14 15:30:00.000000 UTC,020XX S CLARK ST,ASSAULT,SIMPLE,APARTMENT,false,false,131,1,3,33,08A,41.854770868,-87.630148953,2023
13204292,JG416615,2023-09-04 18:00:00.000000 UTC,019XX S FEDERAL ST,THEFT,OVER $500,STREET,false,false,131,1,3,33,06,41.8562017,-87.629428501,2023
12941463,JG103624,2023-01-01 21:14:00.000000 UTC,021XX S STATE ST,THEFT,OVER $500,BAR OR TAVERN,false,false,131,1,3,33,06,41.853876773,-87.627104819,2023
13147169,JG348879,2023-07-20 10:00:00.000000 UTC,013XX S MICHIGAN AVE,THEFT,OVER $500,APARTMENT,false,false,131,1,3,33,06,41.865145359,-87.624098901,2023
13296195,JG527019,2023-11-23 17:00:00.000000 UTC,023XX S WABASH AVE,THEFT,$500 AND UNDER,RESIDENCE,false,false,131,1,3,33,06,41.850502104,-87.625446219,2023
13324048,JG558108,2023-12-29 02:07:00.000000 UTC,012XX S MICHIGAN AVE,THEFT,$500 AND UNDER,RESTAURANT,false,false,131,1,34,33,06,41.866937617,-87.624141504,2023
13097174,JG289375,2023-06-05 17:12:00.000000 UTC,019XX S STATE ST,THEFT,$500 AND UNDER,RESTAURANT,false,false,131,1,3,33,06,41.856185076,-87.627167521,2023
13108489,JG302801,2023-06-15 21:00:00.000000 UTC,012XX S STATE ST,THEFT,$500 AND UNDER,PARKING LOT / GARAGE (NON RESIDENTIAL),false,false,131,1,34,33,06,41.866535025,-87.627391392,2023
13277243,JG504211,2023-11-14 17:05:00.000000 UTC,012XX S WABASH AVE,THEFT,RETAIL THEFT,GROCERY FOOD STORE,true,false,131,1,34,33,06,41.866810739,-87.625817031,2023
13096080,JG287821,2023-06-03 19:25:00.000000 UTC,015XX S State St,THEFT,FROM BUILDING,APARTMENT,false,false,131,1,3,33,06,41.861613902,-87.627280329,2023
12946454,JG109194,2023-01-06 18:48:00.000000 UTC,0000X E CERMAK RD,CRIMINAL DAMAGE,TO PROPERTY,CTA TRAIN,false,false,131,1,3,33,14,41.852840961,-87.626459189,2023
13257527,JG480625,2023-10-26 20:40:00.000000 UTC,014XX S WABASH AVE,CRIMINAL DAMAGE,TO VEHICLE,STREET,false,false,131,1,3,33,14,41.863659876,-87.625741636,2023
13183222,JG391370,2023-08-21 07:45:00.000000 UTC,019XX S FEDERAL ST,CRIMINAL DAMAGE,TO VEHICLE,SIDEWALK,false,false,131,1,3,33,14,41.856237373,-87.62942811,2023
13162945,JG366871,2023-08-02 20:20:00.000000 UTC,014XX S LAKE SHORE DR SB,BATTERY,SIMPLE,SPORTS ARENA / STADIUM,false,false,132,1,4,33,08B,41.863527668,-87.619013897,2023
13205085,JG417431,2023-09-09 11:38:00.000000 UTC,020XX S MICHIGAN AVE,BATTERY,DOMESTIC BATTERY SIMPLE,CHA APARTMENT,true,true,132,1,3,33,08B,41.855190551,-87.623871195,2023
12989619,JG160619,2023-02-20 01:30:00.000000 UTC,012XX S MICHIGAN AVE,BATTERY,DOMESTIC BATTERY SIMPLE,APARTMENT,false,true,132,1,3,33,08B,41.866578077,-87.624134464,2023
13098708,JG291235,2023-06-06 22:12:00.000000 UTC,020XX S MICHIGAN AVE,BATTERY,DOMESTIC BATTERY SIMPLE,APARTMENT,false,true,132,1,3,33,08B,41.855190551,-87.623871195,2023
13144603,JG345839,2023-07-18 08:30:00.000000 UTC,020XX S MICHIGAN AVE,BATTERY,DOMESTIC BATTERY SIMPLE,APARTMENT,true,true,132,1,3,33,08B,41.855190551,-87.623871195,2023
13166248,JG371516,2023-08-06 10:30:00.000000 UTC,021XX S INDIANA AVE,BATTERY,DOMESTIC BATTERY SIMPLE,APARTMENT,false,true,132,1,3,33,08B,41.853676611,-87.622239838,2023
13218806,JG434147,2023-09-15 18:00:00.000000 UTC,013XX S MUSEUM CAMPUS DR E,THEFT,OVER $500,SPORTS ARENA / STADIUM,false,false,132,1,4,33,06,41.865681397,-87.614096132,2023
13283116,JG511149,2023-11-20 05:00:00.000000 UTC,021XX S PRAIRIE AVE,THEFT,OVER $500,STREET,false,false,132,1,3,33,06,41.853828887,-87.620685495,2023
12956308,JG120776,2023-01-15 21:00:00.000000 UTC,020XX S MICHIGAN AVE,THEFT,OVER $500,PARKING LOT / GARAGE (NON RESIDENTIAL),false,false,132,1,3,33,06,41.855190551,-87.623871195,2023
13108263,JG301930,2023-06-14 16:45:00.000000 UTC,019XX S CALUMET AVE,THEFT,OVER $500,APARTMENT,false,false,132,1,3,33,06,41.85635485,-87.619119418,2023
13079092,JG268144,2023-05-20 15:30:00.000000 UTC,013XX S LAKE SHORE DR NB,THEFT,$500 AND UNDER,SIDEWALK,false,false,132,1,4,33,06,41.865592022,-87.619123083,2023
13132084,JG330986,2023-07-04 00:35:00.000000 UTC,015XX S LAKE SHORE DR SB,THEFT,$500 AND UNDER,PARKING LOT / GARAGE (NON RESIDENTIAL),false,false,132,1,4,33,06,41.860559903,-87.617934625,2023
13177501,JG384737,2023-08-10 00:00:00.000000 UTC,018XX S CALUMET AVE,THEFT,$500 AND UNDER,STREET,false,false,132,1,3,33,06,41.857308478,-87.619340066,2023
13084990,JG274646,2023-05-20 09:00:00.000000 UTC,023XX S DR MARTIN LUTHER KING JR DR,THEFT,FROM BUILDING,COMMERCIAL / BUSINESS OFFICE,false,false,132,1,4,33,06,41.85102174,-87.618954852,2023
13073060,JG260854,2023-05-15 01:46:00.000000 UTC,014XX S LYNN WHITE DR,CRIMINAL DAMAGE,CRIMINAL DEFACEMENT,PARK PROPERTY,true,false,132,1,4,33,14,41.862361128,-87.609335255,2023
12955340,JG119688,2023-01-17 15:24:00.000000 UTC,026XX S CALUMET AVE,BATTERY,SIMPLE,STREET,true,false,133,1,4,35,08B,41.845085249,-87.618848403,2023
13232434,JG445684,2023-09-30 23:45:00.000000 UTC,029XX S DEARBORN ST,BATTERY,DOMESTIC BATTERY SIMPLE,SIDEWALK,false,true,133,1,3,35,08B,41.841289747,-87.628142362,2023
13020021,JG197143,2023-03-24 10:43:00.000000 UTC,0000X W 30TH ST,BATTERY,DOMESTIC BATTERY SIMPLE,STREET,false,true,133,1,3,35,08B,41.839531177,-87.628224056,2023
13179761,JG387430,2023-08-17 23:00:00.000000 UTC,029XX S FEDERAL ST,ASSAULT,SIMPLE,APARTMENT,false,false,133,1,3,35,08A,41.840672583,-87.629084946,2023
13033447,JG212902,2023-03-14 18:00:00.000000 UTC,003XX E EASTGATE PL,THEFT,OVER $500,STREET,false,false,133,1,4,33,06,41.846716462,-87.618588021,2023
13037058,JG217243,2023-04-10 05:00:00.000000 UTC,030XX S DR MARTIN LUTHER KING JR DR,THEFT,OVER $500,STREET,false,false,133,1,4,35,06,41.83981113,-87.617141911,2023
13256999,JG479935,2023-02-19 11:00:00.000000 UTC,027XX S MICHIGAN AVE,THEFT,$500 AND UNDER,STREET,false,false,133,1,3,35,06,41.843962091,-87.623595224,2023
13168715,JG374461,2023-08-08 12:00:00.000000 UTC,029XX S FEDERAL ST,THEFT,$500 AND UNDER,APARTMENT,false,false,133,1,3,35,06,41.841904764,-87.629533842,2023
13198053,JG409077,2023-09-03 06:30:00.000000 UTC,028XX S DR MARTIN LUTHER KING JR DR,CRIMINAL DAMAGE,TO VEHICLE,STREET,false,false,133,1,4,35,14,41.843011059,-87.617601672,2023
13222462,JG438431,2023-09-25 12:35:00.000000 UTC,034XX S DR MARTIN LUTHER KING JR DR,ROBBERY,ATTEMPT ARMED - HANDGUN,PARKING LOT / GARAGE (NON RESIDENTIAL),false,false,211,2,4,35,03,41.832071291,-87.616978684,2023
13113818,JG309318,2023-06-20 23:59:00.000000 UTC,031XX S MICHIGAN AVE,BATTERY,AGGRAVATED POLICE OFFICER - OTHER DANGEROUS WEAPON,STREET,false,false,211,2,3,35,04B,41.837813937,-87.623431972,2023
13302883,JG534849,2023-12-09 12:30:00.000000 UTC,033XX S MICHIGAN AVE,BATTERY,SIMPLE,NURSING / RETIREMENT HOME,false,false,211,2,3,35,08B,41.834155131,-87.623318288,2023
13004538,JG178579,2023-03-08 12:00:00.000000 UTC,032XX S CALUMET AVE,BATTERY,SIMPLE,SCHOOL - PUBLIC BUILDING,false,false,211,2,4,35,08B,41.836126824,-87.618221478,2023
13113757,JG308896,2023-06-20 15:15:00.000000 UTC,033XX S MICHIGAN AVE,BATTERY,SIMPLE,NURSING / RETIREMENT HOME,false,false,211,2,3,35,08B,41.834155131,-87.623318288,2023
13068299,JG253535,2023-05-09 08:33:00.000000 UTC,034XX S MICHIGAN AVE,ASSAULT,AGGRAVATED - HANDGUN,PARKING LOT / GARAGE (NON RESIDENTIAL),false,false,211,2,3,35,04A,41.832104943,-87.623282237,2023
13119079,JG315671,2023-06-25 09:30:00.000000 UTC,032XX S PRAIRIE AVE,ASSAULT,SIMPLE,APARTMENT,false,false,211,2,3,35,08A,41.835686337,-87.620644613,2023
13120419,JG312988,2023-06-23 16:45:00.000000 UTC,031XX S LAKE SHORE DR SB,ASSAULT,SIMPLE,PARKING LOT / GARAGE (NON RESIDENTIAL),false,false,211,2,4,35,08A,41.837115275,-87.608236427,2023
13291404,JG520116,2023-10-29 04:00:00.000000 UTC,0000X E 32ND ST,THEFT,OVER $500,STREET,false,false,211,2,3,35,06,41.836434389,-87.624452686,2023
13070911,JG258292,2023-05-11 15:00:00.000000 UTC,031XX S DR MARTIN LUTHER KING JR DR,THEFT,FROM BUILDING,APARTMENT,false,false,211,2,4,35,06,41.837963548,-87.617470765,2023
13100690,JG293239,2023-06-08 14:05:00.000000 UTC,005XX E 32ND ST,THEFT,FROM BUILDING,APARTMENT,false,false,211,2,4,35,06,41.836069707,-87.613033345,2023
13072335,JG259993,2023-05-13 20:00:00.000000 UTC,002XX E 32ND ST,CRIMINAL DAMAGE,TO VEHICLE,STREET,false,false,211,2,3,35,14,41.836559146,-87.620223934,2023
13087012,JG277057,2023-05-26 19:00:00.000000 UTC,005XX E 32ND ST,CRIMINAL DAMAGE,TO VEHICLE,STREET,false,false,211,2,4,35,14,41.836073078,-87.612695707,2023
13276558,JG503311,2023-11-14 02:57:00.000000 UTC,035XX S RHODES AVE,BATTERY,"AGGRAVATED P.O. - HANDS, FISTS, FEET, NO / MINOR INJURY",APARTMENT,true,true,212,2,4,35,08B,41.830697249,-87.614476891,2023
13011127,JG186435,2023-03-15 11:30:00.000000 UTC,037XX S INDIANA AVE,BATTERY,SIMPLE,OTHER (SPECIFY),false,false,212,2,3,35,08B,41.826853399,-87.621667187,2023
13216906,JG431838,2023-09-20 13:31:00.000000 UTC,006XX E 38TH ST,BATTERY,DOMESTIC BATTERY SIMPLE,APARTMENT,false,true,212,2,4,36,08B,41.825736881,-87.61074233,2023
13289441,JG518689,2023-11-26 22:50:00.000000 UTC,035XX S COTTAGE GROVE AVE,BATTERY,DOMESTIC BATTERY SIMPLE,PARKING LOT / GARAGE (NON RESIDENTIAL),false,true,212,2,4,36,08B,41.830214302,-87.610112238,2023
13324492,JG560951,2023-12-31 14:50:00.000000 UTC,035XX S COTTAGE GROVE AVE,ASSAULT,AGGRAVATED - HANDGUN,STREET,false,false,212,2,4,36,04A,41.830530933,-87.610277459,2023
13284649,JG513247,2023-11-21 20:08:00.000000 UTC,038XX S ELLIS AVE,ASSAULT,SIMPLE,STREET,false,false,212,2,4,36,08A,41.825035599,-87.605723772,2023
13170674,JG376727,2023-08-10 03:00:00.000000 UTC,037XX S ELLIS AVE,ASSAULT,SIMPLE,RESIDENCE,false,true,212,2,4,36,08A,41.827440111,-87.607109139,2023
13009854,JG185125,2023-03-13 16:00:00.000000 UTC,006XX E PERSHING RD,THEFT,OVER $500,STREET,false,false,212,2,4,36,06,41.823903541,-87.611588441,2023
13187868,JG397015,2023-08-25 11:46:00.000000 UTC,003XX E 35TH ST,THEFT,OVER $500,SMALL RETAIL STORE,false,false,212,2,4,35,06,41.831099431,-87.617796762,2023
12983040,JG152845,2023-02-14 16:00:00.000000 UTC,035XX S GILES AVE,THEFT,$500 AND UNDER,SCHOOL - PRIVATE GROUNDS,false,false,212,2,3,35,06,41.830469514,-87.619322846,2023
12985089,JG154508,2023-02-14 13:52:00.000000 UTC,035XX S Giles Ave,THEFT,$500 AND UNDER,RESIDENCE - PORCH / HALLWAY,false,false,212,2,3,35,06,41.830142901,-87.619315468,2023
13123851,JG321204,2023-06-29 12:40:00.000000 UTC,035XX S RHODES AVE,THEFT,$500 AND UNDER,CHA PARKING LOT / GROUNDS,false,false,212,2,4,35,06,41.829651528,-87.614451899,2023
13135850,JG335685,2023-07-07 15:00:00.000000 UTC,036XX S MICHIGAN AVE,THEFT,FROM BUILDING,RESIDENCE,false,false,212,2,3,35,06,41.829184608,-87.623211774,2023
13183820,JG392161,2023-08-21 17:45:00.000000 UTC,006XX E 38TH ST,CRIMINAL DAMAGE,TO PROPERTY,APARTMENT,false,false,212,2,4,36,14,41.825735798,-87.611006509,2023
13207966,JG420898,2023-09-12 05:00:00.000000 UTC,001XX E 37TH ST,CRIMINAL DAMAGE,TO VEHICLE,STREET,false,false,212,2,3,35,14,41.827405328,-87.622163737,2023
12952815,JG116618,2023-01-15 00:30:00.000000 UTC,035XX S LAKE PARK AVE,CRIMINAL DAMAGE,TO VEHICLE,PARKING LOT / GARAGE (NON RESIDENTIAL),false,false,212,2,4,36,14,41.830917641,-87.608064205,2023
13177383,JG384604,2023-08-15 22:30:00.000000 UTC,005XX E BROWNING AVE,CRIMINAL DAMAGE,TO VEHICLE,STREET,false,false,212,2,4,35,14,41.829867646,-87.613029495,2023
13296679,JG527382,2023-12-03 17:21:00.000000 UTC,003XX E 43RD ST,ROBBERY,ARMED - HANDGUN,CTA TRAIN,false,false,213,2,3,38,03,41.816598679,-87.619113763,2023
13212115,JG426099,2023-09-15 23:00:00.000000 UTC,040XX S FEDERAL ST,BATTERY,DOMESTIC BATTERY SIMPLE,RESIDENCE,false,true,213,2,3,38,08B,41.82120971,-87.628549833,2023
13288535,JG517594,2023-11-25 23:30:00.000000 UTC,035XX S DEARBORN ST,BATTERY,DOMESTIC BATTERY SIMPLE,STREET,false,true,213,2,3,35,08B,41.830206386,-87.627812707,2023
13072230,JG259741,2023-05-13 23:54:00.000000 UTC,042XX S INDIANA AVE,ASSAULT,AGGRAVATED - HANDGUN,APARTMENT,true,true,213,2,3,38,04A,41.81762024,-87.621435587,2023
13120432,JG317296,2023-06-26 18:00:00.000000 UTC,0000X W 37TH ST,ASSAULT,SIMPLE,STREET,false,false,213,2,3,35,08A,41.82734864,-87.627209336,2023
13119888,JG316575,2023-06-25 20:00:00.000000 UTC,041XX S PRAIRIE AVE,THEFT,OVER $500,STREET,false,false,213,2,3,38,06,41.819355849,-87.619864541,2023
13092130,JG283185,2023-06-01 05:30:00.000000 UTC,040XX S CALUMET AVE,CRIMINAL DAMAGE,TO VEHICLE,STREET,false,true,213,2,3,38,14,41.821386263,-87.618484571,2023
12950852,JG113308,2023-01-12 00:01:00.000000 UTC,006XX E BOWEN AVE,ROBBERY,ARMED - HANDGUN,STREET,false,false,214,2,4,38,03,41.819432033,-87.610541738,2023
12994775,JG167060,2023-02-26 19:20:00.000000 UTC,041XX S LAKE PARK AVE,ROBBERY,ARMED - HANDGUN,VEHICLE NON-COMMERCIAL,false,false,214,2,4,36,03,41.818899817,-87.600176629,2023
13274226,JG500664,2023-11-11 18:45:00.000000 UTC,040XX S LAKE PARK AVE,ROBBERY,ATTEMPT ARMED - HANDGUN,STREET,false,false,214,2,4,36,03,41.820660016,-87.601213132,2023
13312176,JG546379,2023-12-18 21:02:00.000000 UTC,006XX E 40TH ST,BATTERY,AGGRAVATED - KNIFE / CUTTING INSTRUMENT,STREET,false,true,214,2,4,38,04B,41.821454627,-87.610988589,2023
13176180,JG383040,2023-08-14 22:47:00.000000 UTC,041XX S ELLIS AVE,BATTERY,DOMESTIC BATTERY SIMPLE,APARTMENT,false,true,214,2,4,36,08B,41.819124344,-87.602250495,2023
13110751,JG305151,2023-06-17 20:45:00.000000 UTC,041XX S ELLIS AVE,ASSAULT,SIMPLE,RESIDENCE,false,true,214,2,4,36,08A,41.818995069,-87.602204274,2023
13011585,JG187162,2023-03-15 18:26:00.000000 UTC,041XX S COTTAGE GROVE AVE,THEFT,$500 AND UNDER,RESIDENCE - PORCH / HALLWAY,false,false,214,2,4,36,06,41.819158415,-87.60675515,2023
13072360,JG260016,2023-05-13 08:00:00.000000 UTC,041XX S BERKELEY AVE,THEFT,$500 AND UNDER,APARTMENT,false,true,214,2,4,36,06,41.818848275,-87.601131049,2023
13118710,JG315130,2023-06-25 09:24:00.000000 UTC,039XX S LAKE PARK AVE,THEFT,$500 AND UNDER,APARTMENT,false,false,214,2,4,36,06,41.823665846,-87.603072021,2023
13393176,JH181631,2023-05-12 00:01:00.000000 UTC,042XX S OAKENWALD AVE,THEFT,FROM BUILDING,RESIDENCE,false,false,214,2,4,36,06,41.817604432,-87.598015977,2023
13031653,JG210796,2023-04-04 10:45:00.000000 UTC,040XX S LAKE PARK AVE,THEFT,FROM BUILDING,APARTMENT,false,false,214,2,4,36,06,41.820753665,-87.601267096,2023
13066743,JG252617,2023-05-01 12:14:00.000000 UTC,042XX S CHAMPLAIN AVE,THEFT,FROM BUILDING,RESIDENCE,false,false,214,2,4,38,06,41.817930308,-87.6104449,2023
13249999,JG471540,2023-10-20 07:45:00.000000 UTC,042XX S DREXEL BLVD,CRIMINAL DAMAGE,TO PROPERTY,APARTMENT,false,false,214,2,4,36,14,41.81750919,-87.604602036,2023
13294344,JG524678,2023-12-01 13:20:00.000000 UTC,004XX E 40TH ST,CRIMINAL DAMAGE,TO PROPERTY,APARTMENT,false,false,214,2,3,38,14,41.821136151,-87.615343264,2023
13088543,JG278936,2023-05-28 20:50:00.000000 UTC,041XX S DREXEL BLVD,CRIMINAL DAMAGE,TO PROPERTY,CHA APARTMENT,false,false,214,2,4,36,14,41.819011385,-87.604772103,2023
13300222,JG531859,2023-12-05 15:30:00.000000 UTC,004XX E BOWEN AVE,CRIMINAL DAMAGE,TO VEHICLE,STREET,false,false,214,2,3,38,14,41.819351842,-87.61569704,2023
13016578,JG193184,2023-03-20 17:30:00.000000 UTC,010XX E 41ST ST,CRIMINAL DAMAGE,TO VEHICLE,RESIDENCE - GARAGE,false,false,214,2,4,36,14,41.820254095,-87.600388638,2023
13140782,JG341177,2023-07-14 14:00:00.000000 UTC,003XX E 47TH ST,BATTERY,SIMPLE,CTA PLATFORM,false,false,215,2,3,38,08B,41.809347098,-87.618919216,2023
13188464,JG397621,2023-08-25 18:20:00.000000 UTC,002XX E 47TH ST,ASSAULT,SIMPLE,TAVERN / LIQUOR STORE,false,false,215,2,3,38,08A,41.809314925,-87.620808615,2023
13055033,JG238755,2023-04-26 12:00:00.000000 UTC,002XX E 47TH ST,THEFT,POCKET-PICKING,STREET,false,false,215,2,3,38,06,41.809317464,-87.620775574,2023
12990443,JG161596,2023-02-21 12:00:00.000000 UTC,001XX E 45TH ST,CRIMINAL DAMAGE,TO VEHICLE,STREET,false,false,215,2,3,38,14,41.813117071,-87.622351164,2023
13192888,JG403088,2023-08-29 20:53:00.000000 UTC,044XX S DR MARTIN LUTHER KING JR DR,CRIMINAL DAMAGE,TO VEHICLE,STREET,false,false,215,2,3,38,14,41.814275873,-87.616725813,2023
13068586,JG253455,2023-05-09 07:15:00.000000 UTC,043XX S COTTAGE GROVE AVE,BATTERY,DOMESTIC BATTERY SIMPLE,STREET,false,true,221,2,4,38,08B,41.816358925,-87.606702419,2023
13086695,JG276745,2023-05-26 21:00:00.000000 UTC,008XX E 46TH ST,BATTERY,DOMESTIC BATTERY SIMPLE,APARTMENT,false,true,221,2,4,39,08B,41.811362018,-87.605900548,2023
13170746,JG376739,2023-08-10 03:55:00.000000 UTC,008XX E 46TH ST,ASSAULT,SIMPLE,STREET,false,true,221,2,4,39,08A,41.811362297,-87.605944563,2023
13256633,JG479393,2023-10-25 23:00:00.000000 UTC,043XX S DREXEL BLVD,THEFT,OVER $500,VEHICLE NON-COMMERCIAL,false,false,221,2,4,39,06,41.816032204,-87.604512396,2023
13301301,JG533130,2023-09-12 13:00:00.000000 UTC,046XX S DR MARTIN LUTHER KING JR DR,THEFT,OVER $500,COMMERCIAL / BUSINESS OFFICE,false,false,221,2,3,38,06,41.809903473,-87.616602148,2023
13165188,JG370168,2023-08-05 03:00:00.000000 UTC,044XX S VINCENNES AVE,THEFT,$500 AND UNDER,STREET,false,false,221,2,3,38,06,41.814579965,-87.614007851,2023
13036732,JG216960,2023-04-09 16:30:00.000000 UTC,043XX S EVANS AVE,THEFT,$500 AND UNDER,STREET,false,false,221,2,4,38,06,41.815938616,-87.60793609,2023
13210687,JG424377,2023-09-14 18:38:00.000000 UTC,008XX E 46TH ST,CRIMINAL DAMAGE,TO PROPERTY,APARTMENT,false,true,221,2,4,39,14,41.811362157,-87.605922555,2023
13268651,JG494467,2023-11-06 13:00:00.000000 UTC,044XX S DREXEL BLVD,CRIMINAL DAMAGE,TO PROPERTY,APARTMENT,false,false,221,2,4,39,14,41.814563821,-87.604481355,2023
12988224,JG159026,2023-02-20 02:03:00.000000 UTC,046XX S DREXEL BLVD,BATTERY,"AGGRAVATED P.O. - HANDS, FISTS, FEET, NO / MINOR INJURY",STREET,true,true,222,2,4,39,08B,41.810800619,-87.603922445,2023
13259331,JG482687,2023-10-28 23:10:00.000000 UTC,046XX S DREXEL BLVD,BATTERY,DOMESTIC BATTERY SIMPLE,APARTMENT,false,true,222,2,4,39,08B,41.810836292,-87.60392204,2023
13278744,JG505968,2023-11-16 01:30:00.000000 UTC,046XX S DREXEL BLVD,BATTERY,DOMESTIC BATTERY SIMPLE,APARTMENT,false,true,222,2,4,39,08B,41.810707298,-87.603919835,2023
12968462,JG135375,2023-01-30 22:00:00.000000 UTC,050XX S EAST END AVE,BATTERY,DOMESTIC BATTERY SIMPLE,APARTMENT,true,true,222,2,5,39,08B,41.803181616,-87.585432024,2023
12962070,JG127430,2023-01-24 07:30:00.000000 UTC,014XX E 47TH DR,ASSAULT,SIMPLE,COIN OPERATED MACHINE,false,false,222,2,4,39,08A,41.809693341,-87.592138525,2023
13124077,JG321335,2023-06-29 19:04:00.000000 UTC,048XX S WOODLAWN AVE,ASSAULT,SIMPLE,STREET,true,false,222,2,4,39,08A,41.806866417,-87.596781659,2023
12949247,JG112628,2023-01-11 17:45:00.000000 UTC,050XX S EAST END AVE,THEFT,$500 AND UNDER,CTA BUS STOP,false,false,222,2,5,39,06,41.803181616,-87.585432024,2023
13095511,JG287403,2023-06-02 14:30:00.000000 UTC,049XX S LAKE SHORE DR SB,THEFT,$500 AND UNDER,PARKING LOT / GARAGE (NON RESIDENTIAL),false,false,222,2,5,39,06,41.805679494,-87.58425861,2023
13151197,JG353691,2023-07-23 19:00:00.000000 UTC,049XX S BLACKSTONE AVE,THEFT,$500 AND UNDER,STREET,false,false,222,2,4,39,06,41.805078225,-87.590555884,2023
13190145,JG399719,2023-05-15 00:00:00.000000 UTC,050XX S BLACKSTONE AVE,THEFT,$500 AND UNDER,SCHOOL - PUBLIC BUILDING,false,false,222,2,4,39,06,41.803667488,-87.590528166,2023
13004647,JG177988,2023-03-02 12:25:00.000000 UTC,016XX E 50th St,CRIMINAL DAMAGE,TO PROPERTY,APARTMENT,false,false,222,2,5,39,14,41.804379361,-87.584779905,2023
13202931,JG414680,2023-09-06 18:00:00.000000 UTC,048XX S LAKE PARK AVE,CRIMINAL DAMAGE,TO VEHICLE,STREET,false,false,222,2,4,39,14,41.806890268,-87.589834384,2023
13313485,JG542873,2023-12-16 04:09:00.000000 UTC,010XX E 47TH ST,CRIMINAL DAMAGE,TO VEHICLE,STREET,false,false,222,2,4,39,14,41.809595667,-87.600869621,2023
13049188,JG231901,2023-04-20 20:00:00.000000 UTC,050XX S EAST END AVE,CRIMINAL DAMAGE,TO VEHICLE,STREET,false,false,222,2,5,39,14,41.803181616,-87.585432024,2023
13141458,JG334046,2023-07-08 00:00:00.000000 UTC,045XX S GREENWOOD AVE,CRIMINAL DAMAGE,TO VEHICLE,STREET,false,false,222,2,4,39,14,41.812763705,-87.599329551,2023
13054316,JG237836,2023-04-26 10:45:00.000000 UTC,004XX E 48TH PL,BATTERY,SIMPLE,STREET,true,false,223,2,3,38,08B,41.806666631,-87.615508517,2023
13056273,JG240252,2023-04-28 08:00:00.000000 UTC,050XX S CHAMPLAIN AVE,ASSAULT,AGGRAVATED - KNIFE / CUTTING INSTRUMENT,APARTMENT,false,true,223,2,20,38,04A,41.802790428,-87.610053949,2023
12965595,JG131823,2023-01-27 17:22:00.000000 UTC,006XX E 50TH PL,THEFT,OVER $500,STREET,false,false,223,2,4,38,06,41.803119113,-87.609518438,2023
13151366,JG353711,2023-07-24 08:30:00.000000 UTC,049XX S CHAMPLAIN AVE,THEFT,OVER $500,STREET,false,false,223,2,4,38,06,41.805386885,-87.610112774,2023
12987614,JG158362,2023-02-17 16:30:00.000000 UTC,049XX S COTTAGE GROVE AVE,THEFT,POCKET-PICKING,CTA BUS,false,false,223,2,4,38,06,41.805440779,-87.60647736,2023
13082713,JG272446,2023-05-23 18:13:00.000000 UTC,006XX E 51ST ST,CRIMINAL DAMAGE,TO PROPERTY,APARTMENT,false,false,223,2,20,38,14,41.802180898,-87.610442238,2023
12987776,JG158463,2023-02-19 14:50:00.000000 UTC,003XX E 51ST ST,BATTERY,SIMPLE,SIDEWALK,false,false,224,2,3,38,08B,41.802067268,-87.618596649,2023
13002323,JG172633,2023-03-03 12:45:00.000000 UTC,0000X W 47TH ST,BATTERY,SIMPLE,SCHOOL - PUBLIC GROUNDS,false,false,224,2,3,38,08B,41.809220836,-87.626902264,2023
13119802,JG316224,2023-06-26 06:30:00.000000 UTC,047XX S MICHIGAN AVE,ASSAULT,SIMPLE,GAS STATION,false,false,224,2,3,38,08A,41.808833439,-87.622824022,2023
13246271,JG467145,2023-10-17 11:50:00.000000 UTC,047XX S DR MARTIN LUTHER KING JR DR,THEFT,OVER $500,VACANT LOT / LAND,false,false,224,2,3,38,06,41.808558551,-87.616565788,2023
12953126,JG116871,2023-01-14 09:00:00.000000 UTC,048XX S MICHIGAN AVE,THEFT,OVER $500,STREET,false,false,224,2,3,38,06,41.807010932,-87.622774469,2023
13046229,JG228361,2023-04-11 16:30:00.000000 UTC,048XX S MICHIGAN AVE,THEFT,OVER $500,STREET,false,false,224,2,3,38,06,41.806621181,-87.622764105,2023
13038298,JG218699,2023-02-28 12:00:00.000000 UTC,047XX S MICHIGAN AVE,THEFT,$500 AND UNDER,APARTMENT,false,false,224,2,3,38,06,41.808740117,-87.622821385,2023
13246973,JG467653,2023-10-17 17:30:00.000000 UTC,003XX E 48TH ST,CRIMINAL DAMAGE,TO PROPERTY,APARTMENT,false,false,224,2,3,38,14,41.807526491,-87.61873404,2023
13308114,JG541364,2023-12-14 20:30:00.000000 UTC,047XX S CALUMET AVE,CRIMINAL DAMAGE,TO PROPERTY,RESIDENCE,false,false,224,2,3,38,14,41.808513431,-87.618132524,2023
13266655,JG491899,2023-11-05 00:04:00.000000 UTC,049XX S PRAIRIE AVE,CRIMINAL DAMAGE,TO VEHICLE,STREET,false,false,224,2,3,38,14,41.804775828,-87.619472488,2023
13068088,JG254642,2023-05-09 21:00:00.000000 UTC,056XX S MICHIGAN AVE,BATTERY,SIMPLE,RESIDENCE - PORCH / HALLWAY,false,false,225,2,20,40,08B,41.792332211,-87.62240122,2023
13106979,JG301034,2023-06-14 15:50:00.000000 UTC,055XX S WABASH AVE,BATTERY,SIMPLE,APARTMENT,false,false,225,2,20,40,08B,41.793731105,-87.624065316,2023
13217266,JG432278,2023-09-20 18:41:00.000000 UTC,0000X E GARFIELD BLVD,BATTERY,DOMESTIC BATTERY SIMPLE,RESTAURANT,false,true,225,2,3,40,08B,41.794678414,-87.623262756,2023
13072877,JG260670,2023-05-14 20:13:00.000000 UTC,056XX S WABASH AVE,ASSAULT,AGGRAVATED - OTHER FIREARM,APARTMENT,false,true,225,2,20,40,04A,41.792303835,-87.624026045,2023
13173114,JG379400,2023-08-03 15:30:00.000000 UTC,053XX S WABASH AVE,ASSAULT,SIMPLE,APARTMENT,false,false,225,2,3,40,08A,41.797584699,-87.624165854,2023
13320744,JG556102,2023-12-23 14:55:00.000000 UTC,055XX S Michigan Ave,THEFT,FROM BUILDING,OTHER (SPECIFY),false,false,225,2,20,40,06,41.793973589,-87.62244909,2023
13257088,JG479817,2023-10-26 17:27:00.000000 UTC,055XX S PRAIRIE AVE,BATTERY,DOMESTIC BATTERY SIMPLE,APARTMENT,false,true,231,2,20,40,08B,41.793588428,-87.619196923,2023
13272986,JG499091,2023-11-10 15:00:00.000000 UTC,002XX E GARFIELD BLVD,BATTERY,DOMESTIC BATTERY SIMPLE,APARTMENT,false,true,231,2,3,40,08B,41.794729437,-87.620423773,2023
13075196,JG263279,2023-05-16 18:00:00.000000 UTC,051XX S CALUMET AVE,BATTERY,DOMESTIC BATTERY SIMPLE,SIDEWALK,false,true,231,2,3,40,08B,41.801570687,-87.617736615,2023
13126194,JG324026,2023-07-01 18:50:00.000000 UTC,001XX E 51ST ST,ASSAULT,SIMPLE,GAS STATION,false,false,231,2,3,40,08A,41.8020092,-87.622063199,2023
13075611,JG263760,2023-05-17 01:45:00.000000 UTC,054XX S INDIANA AVE,THEFT,$500 AND UNDER,STREET,false,false,231,2,3,40,06,41.795327658,-87.62086088,2023
13224589,JG440890,2023-09-27 08:50:00.000000 UTC,052XX S DR MARTIN LUTHER KING JR DR,CRIMINAL DAMAGE,TO VEHICLE,APARTMENT,false,true,231,2,3,40,14,41.799337569,-87.616092761,2023
13081377,JG270842,2023-05-22 17:00:00.000000 UTC,058XX S MICHIGAN AVE,BATTERY,SIMPLE,RESIDENCE - PORCH / HALLWAY,false,false,232,2,20,40,08B,41.7885061,-87.622307822,2023
12972327,JG139998,2023-02-03 23:27:00.000000 UTC,057XX S LA SALLE ST,BATTERY,DOMESTIC BATTERY SIMPLE,RESIDENCE,false,true,232,2,20,68,08B,41.7895197,-87.629146413,2023
13170561,JG376601,2023-08-09 22:00:00.000000 UTC,059XX S MICHIGAN AVE,BATTERY,DOMESTIC BATTERY SIMPLE,SIDEWALK,false,true,232,2,20,40,08B,41.786584778,-87.622255717,2023
12981696,JG151156,2023-02-11 12:00:00.000000 UTC,003XX E 59TH ST,THEFT,OVER $500,RESIDENCE - PORCH / HALLWAY,false,false,232,2,20,40,06,41.787510694,-87.616690287,2023
13153962,JG354310,2023-07-20 17:00:00.000000 UTC,0000X E 58TH ST,THEFT,FROM BUILDING,APARTMENT,false,false,232,2,20,40,06,41.789225689,-87.623289932,2023
13058045,JG242439,2023-04-30 02:33:00.000000 UTC,003XX E 57TH ST,CRIMINAL DAMAGE,TO PROPERTY,APARTMENT,false,true,232,2,20,40,14,41.791136688,-87.618138704,2023
12984299,JG154411,2023-02-15 18:45:00.000000 UTC,059XX S WABASH AVE,CRIMINAL DAMAGE,TO VEHICLE,STREET,false,true,232,2,20,40,14,41.786668933,-87.623882824,2023
13071251,JG258695,2023-05-13 00:00:00.000000 UTC,051XX S DREXEL AVE,ROBBERY,STRONG ARM - NO WEAPON,STREET,false,false,233,2,20,41,03,41.802188005,-87.604185177,2023
13243448,JG463265,2023-10-12 19:00:00.000000 UTC,052XX S INGLESIDE AVE,THEFT,OVER $500,STREET,false,false,233,2,20,41,06,41.800472566,-87.602847637,2023
13331308,JH107544,2023-12-30 00:01:00.000000 UTC,052XX S DREXEL AVE,CRIMINAL DAMAGE,TO PROPERTY,APARTMENT,false,false,233,2,20,41,14,41.799716516,-87.603927131,2023
12989380,JG159329,2023-02-14 10:50:00.000000 UTC,052XX S DREXEL AVE,CRIMINAL DAMAGE,TO VEHICLE,STREET,false,false,233,2,5,41,14,41.799875696,-87.603928993,2023
13249363,JG470643,2023-10-19 20:25:00.000000 UTC,054XX S KENWOOD AVE,ROBBERY,ARMED - HANDGUN,SIDEWALK,false,false,234,2,5,41,03,41.796836504,-87.593430894,2023
13266245,JG491531,2023-11-04 15:50:00.000000 UTC,053XX S HYDE PARK BLVD,ROBBERY,STRONG ARM - NO WEAPON,STREET,false,false,234,2,5,41,03,41.798979286,-87.584039582,2023
13268459,JG494293,2023-11-06 19:50:00.000000 UTC,051XX S CORNELL AVE,ROBBERY,STRONG ARM - NO WEAPON,SIDEWALK,false,false,234,2,5,41,03,41.802137533,-87.58650411,2023
13282433,JG510513,2023-11-18 18:32:00.000000 UTC,053XX S HYDE PARK BLVD,ROBBERY,STRONG ARM - NO WEAPON,STREET,false,false,234,2,5,41,03,41.799067121,-87.584042227,2023
12960290,JG124697,2023-01-21 19:25:00.000000 UTC,051XX S DORCHESTER AVE,ROBBERY,STRONG ARM - NO WEAPON,COLLEGE / UNIVERSITY - GROUNDS,false,false,234,2,4,41,03,41.801927878,-87.591842926,2023
13012481,JG188057,2023-03-16 15:40:00.000000 UTC,051XX S HYDE PARK BLVD,ROBBERY,STRONG ARM - NO WEAPON,SIDEWALK,false,false,234,2,5,41,03,41.801178607,-87.584637448,2023
12943679,JG106071,2023-01-06 03:17:00.000000 UTC,052XX S KIMBARK AVE,ROBBERY,ATTEMPT ARMED - HANDGUN,SIDEWALK,false,false,234,2,4,41,03,41.800702642,-87.595051485,2023
12982566,JG152016,2023-02-14 06:00:00.000000 UTC,054XX S DORCHESTER AVE,BATTERY,DOMESTIC BATTERY SIMPLE,APARTMENT,false,true,234,2,5,41,08B,41.796298503,-87.591709786,2023
13123012,JG319936,2023-06-28 18:12:00.000000 UTC,054XX S EVERETT AVE,BATTERY,DOMESTIC BATTERY SIMPLE,APARTMENT,false,true,234,2,5,41,08B,41.796307698,-87.582563444,2023
12941673,JG103839,2023-01-03 00:00:00.000000 UTC,051XX S KIMBARK AVE,THEFT,OVER $500,APARTMENT,false,false,234,2,4,41,06,41.801816996,-87.595079037,2023
13104343,JG297972,2023-06-09 17:30:00.000000 UTC,052XX S LAKE PARK AVE,THEFT,OVER $500,ATHLETIC CLUB,false,false,234,2,4,41,06,41.800483161,-87.587414531,2023
13241561,JG461370,2023-10-12 17:50:00.000000 UTC,015XX E 55TH ST,THEFT,$500 AND UNDER,STREET,false,false,234,2,5,41,06,41.795191456,-87.588146997,2023
13180804,JG387412,2023-08-18 10:13:00.000000 UTC,052XX S LAKE PARK AVE,THEFT,$500 AND UNDER,SMALL RETAIL STORE,false,false,234,2,4,41,06,41.800455673,-87.587407515,2023
13218047,JG432973,2023-09-21 10:50:00.000000 UTC,052XX S LAKE PARK AVE,THEFT,RETAIL THEFT,DEPARTMENT STORE,false,false,234,2,4,41,06,41.800455673,-87.587407515,2023
13061614,JG246642,2023-04-24 09:30:00.000000 UTC,051XX S LAKE PARK AVE,THEFT,RETAIL THEFT,DEPARTMENT STORE,false,false,234,2,4,41,06,41.802101704,-87.587747851,2023
13066691,JG252050,2023-05-05 15:35:00.000000 UTC,051XX S LAKE PARK AVE,THEFT,RETAIL THEFT,OTHER (SPECIFY),false,false,234,2,4,41,06,41.802101704,-87.587747851,2023
13248029,JG468088,2023-10-14 13:30:00.000000 UTC,051XX S Kenwood Ave,THEFT,FROM BUILDING,APARTMENT,false,false,234,2,4,41,06,41.801968515,-87.593463546,2023
13357508,JH138830,2023-10-02 00:00:00.000000 UTC,054XX S Cornell Ave,THEFT,FROM BUILDING,APARTMENT,false,false,234,2,5,41,06,41.797745447,-87.585469563,2023
13196724,JG407541,2023-09-01 23:45:00.000000 UTC,057XX S BLACKSTONE AVE,BATTERY,DOMESTIC BATTERY SIMPLE,APARTMENT,false,true,235,2,5,41,08B,41.790591824,-87.590231774,2023
13236555,JG455269,2023-10-08 02:26:00.000000 UTC,057XX S BLACKSTONE AVE,ASSAULT,SIMPLE,APARTMENT,false,true,235,2,5,41,08A,41.790591824,-87.590231774,2023
13312614,JG546731,2023-12-17 20:00:00.000000 UTC,057XX S MARYLAND AVE,ASSAULT,SIMPLE,HOSPITAL BUILDING / GROUNDS,false,false,235,2,5,41,08A,41.790353984,-87.604942686,2023
13052198,JG235411,2023-02-15 09:00:00.000000 UTC,015XX E 55TH ST,THEFT,OVER $500,OTHER (SPECIFY),false,false,235,2,5,41,06,41.795191599,-87.588168999,2023
13054152,JG237803,2023-04-25 03:45:00.000000 UTC,057XX S BLACKSTONE AVE,THEFT,OVER $500,STREET,false,false,235,2,5,41,06,41.790704355,-87.590234141,2023
13119581,JG302053,2023-06-14 17:30:00.000000 UTC,058XX S DORCHESTER AVE,THEFT,OVER $500,STREET,false,false,235,2,5,41,06,41.789203477,-87.591545888,2023
13123605,JG320785,2023-06-29 12:12:00.000000 UTC,055XX S CORNELL AVE,THEFT,OVER $500,STREET,false,false,235,2,5,41,06,41.794759204,-87.585397931,2023
12956627,JG121191,2023-01-18 19:21:00.000000 UTC,003XX E 61ST ST,ROBBERY,STRONG ARM - NO WEAPON,STREET,false,false,311,3,20,40,03,41.783870124,-87.616426502,2023
13029745,JG208790,2023-04-02 19:45:00.000000 UTC,003XX E 63RD ST,BATTERY,SIMPLE,GROCERY FOOD STORE,false,false,311,3,20,40,08B,41.780217525,-87.616874156,2023
13274342,JG499811,2023-11-11 04:00:00.000000 UTC,060XX S PRAIRIE AVE,BATTERY,DOMESTIC BATTERY SIMPLE,RESIDENCE - YARD (FRONT / BACK),false,true,311,3,20,40,08B,41.785044121,-87.618980083,2023
13287725,JG516572,2023-11-25 02:00:00.000000 UTC,061XX S PRAIRIE AVE,BATTERY,DOMESTIC BATTERY SIMPLE,APARTMENT,false,true,311,3,20,40,08B,41.783295697,-87.618929826,2023
13315200,JG549866,2023-12-21 17:55:00.000000 UTC,061XX S WABASH AVE,BATTERY,DOMESTIC BATTERY SIMPLE,APARTMENT,false,true,311,3,20,40,08B,41.783051325,-87.623779709,2023
12960431,JG125632,2023-01-22 15:50:00.000000 UTC,062XX S MICHIGAN AVE,BATTERY,DOMESTIC BATTERY SIMPLE,APARTMENT,false,true,311,3,20,40,08B,41.780946398,-87.621995369,2023
12996902,JG168926,2023-02-28 11:40:00.000000 UTC,062XX S MICHIGAN AVE,ASSAULT,SIMPLE,RESIDENCE - PORCH / HALLWAY,false,false,311,3,20,40,08A,41.780946398,-87.621995369,2023
13017519,JG194222,2023-03-21 20:37:00.000000 UTC,065XX S DR MARTIN LUTHER KING JR DR,ROBBERY,ARMED - HANDGUN,CHA PARKING LOT / GROUNDS,false,false,312,3,20,42,03,41.776131074,-87.615522837,2023
13276436,JG503253,2023-11-13 23:09:00.000000 UTC,064XX S COTTAGE GROVE AVE,BATTERY,SIMPLE,STREET,true,false,312,3,20,42,08B,41.777881601,-87.605872084,2023
13185859,JG394698,2023-08-23 15:30:00.000000 UTC,063XX S CALUMET AVE,BATTERY,SIMPLE,SIDEWALK,false,false,312,3,20,69,08B,41.778754713,-87.617297398,2023
13195797,JG406560,2023-09-01 09:00:00.000000 UTC,063XX S MARYLAND AVE,BATTERY,SIMPLE,CONSTRUCTION SITE,false,false,312,3,20,42,08B,41.780200971,-87.604643297,2023
13262491,JG486549,2023-10-31 21:30:00.000000 UTC,064XX S DR MARTIN LUTHER KING JR DR,BATTERY,DOMESTIC BATTERY SIMPLE,APARTMENT,false,true,312,3,20,69,08B,41.777967289,-87.615568353,2023
12966768,JG133291,2023-01-29 01:32:00.000000 UTC,063XX S DR MARTIN LUTHER KING JR DR,BATTERY,DOMESTIC BATTERY SIMPLE,STREET,true,true,312,3,20,42,08B,41.778749564,-87.615592627,2023
13018464,JG195140,2023-03-22 16:05:00.000000 UTC,063XX S LANGLEY AVE,BATTERY,DOMESTIC BATTERY SIMPLE,APARTMENT,false,true,312,3,20,42,08B,41.77941496,-87.608366193,2023
13126269,JG322492,2023-06-30 16:23:00.000000 UTC,063XX S EBERHART AVE,BATTERY,DOMESTIC BATTERY SIMPLE,APARTMENT,false,true,312,3,20,42,08B,41.779697806,-87.613195258,2023
13129973,JG328369,2023-07-05 09:47:00.000000 UTC,063XX S DREXEL AVE,BATTERY,DOMESTIC BATTERY SIMPLE,STREET,false,true,312,3,20,42,08B,41.779992175,-87.602878472,2023
13294576,JG525035,2023-12-01 18:15:00.000000 UTC,064XX S DR MARTIN LUTHER KING JR DR,ASSAULT,AGGRAVATED - KNIFE / CUTTING INSTRUMENT,APARTMENT,false,false,312,3,20,69,04A,41.777577536,-87.615558035,2023
13186956,JG395011,2023-08-23 20:00:00.000000 UTC,064XX S MARYLAND AVE,ASSAULT,AGGRAVATED - KNIFE / CUTTING INSTRUMENT,APARTMENT,false,true,312,3,20,42,04A,41.778090648,-87.604648857,2023
13284238,JG512705,2023-11-10 15:10:00.000000 UTC,064XX S DR MARTIN LUTHER KING JR DR,ASSAULT,SIMPLE,APARTMENT,false,false,312,3,20,69,08A,41.777503445,-87.615558861,2023
13283920,JG510974,2023-11-18 10:00:00.000000 UTC,066XX S DR MARTIN LUTHER KING JR DR,THEFT,OVER $500,PARKING LOT / GARAGE (NON RESIDENTIAL),false,false,312,3,20,69,06,41.774146678,-87.615478975,2023
13125079,JG322723,2023-06-30 16:00:00.000000 UTC,063XX S DREXEL AVE,THEFT,OVER $500,STREET,false,false,312,3,20,42,06,41.779769857,-87.602873663,2023
12955448,JG119891,2023-01-17 17:00:00.000000 UTC,063XX S DR MARTIN LUTHER KING JR DR,CRIMINAL DAMAGE,TO PROPERTY,APARTMENT,false,true,312,3,20,69,14,41.779043228,-87.615596685,2023
13216505,JG431367,2023-09-20 00:00:00.000000 UTC,065XX S DR MARTIN LUTHER KING JR DR,CRIMINAL DAMAGE,TO VEHICLE,STREET,false,false,312,3,20,69,14,41.775796226,-87.615515573,2023
12950879,JG114401,2023-01-12 22:00:00.000000 UTC,064XX S MARYLAND AVE,CRIMINAL DAMAGE,TO VEHICLE,STREET,false,false,312,3,20,42,14,41.778384336,-87.604656531,2023
13161209,JG365363,2023-08-01 20:10:00.000000 UTC,064XX S DR MARTIN LUTHER KING JR DR,CRIMINAL DAMAGE,TO VEHICLE,STREET,false,false,312,3,20,69,14,41.777967289,-87.615568353,2023
13165363,JG370125,2023-08-05 06:48:00.000000 UTC,063XX S COTTAGE GROVE AVE,CRIMINAL DAMAGE,TO CITY OF CHICAGO PROPERTY,CTA BUS,false,false,312,3,20,42,14,41.7799566,-87.605921959,2023
13214212,JG428429,2023-09-17 19:42:00.000000 UTC,062XX S EBERHART AVE,BATTERY,AGGRAVATED - HANDGUN,SIDEWALK,false,false,313,3,20,42,04B,41.781443396,-87.613230724,2023
13273976,JG500291,2023-11-11 13:09:00.000000 UTC,060XX S COTTAGE GROVE AVE,BATTERY,AGGRAVATED - OTHER DANGEROUS WEAPON,PARKING LOT / GARAGE (NON RESIDENTIAL),false,false,313,3,20,42,04B,41.78528946,-87.606034015,2023
13293385,JG523538,2023-11-30 15:20:00.000000 UTC,005XX E 61ST ST,BATTERY,SIMPLE,SIDEWALK,false,false,313,3,20,42,08B,41.783933495,-87.612957199,2023
13123290,JG319484,2023-06-28 12:12:00.000000 UTC,061XX S EBERHART AVE,BATTERY,DOMESTIC BATTERY SIMPLE,APARTMENT,false,true,313,3,20,42,08B,41.783213706,-87.61326958,2023
13165720,JG370972,2023-08-05 20:30:00.000000 UTC,061XX S EBERHART AVE,BATTERY,AGGRAVATED DOMESTIC BATTERY - OTHER DANGEROUS WEAPON,APARTMENT,false,true,313,3,20,42,04B,41.782933762,-87.613265379,2023
13012314,JG187801,2023-03-15 21:00:00.000000 UTC,004XX E 62ND ST,ASSAULT,AGGRAVATED - HANDGUN,APARTMENT,false,true,313,3,20,42,04A,41.782083041,-87.615020146,2023
12982755,JG152434,2023-02-14 12:43:00.000000 UTC,061XX S COTTAGE GROVE AVE,ASSAULT,SIMPLE,COMMERCIAL / BUSINESS OFFICE,false,false,313,3,20,42,08A,41.783508197,-87.605999147,2023
13075987,JG264333,2023-05-17 15:30:00.000000 UTC,005XX E 61ST ST,ASSAULT,SIMPLE,APARTMENT,false,false,313,3,20,42,08A,41.783955304,-87.611622315,2023
13204052,JG416202,2023-09-07 16:30:00.000000 UTC,062XX S DREXEL AVE,THEFT,$500 AND UNDER,APARTMENT,false,false,313,3,20,42,06,41.781582109,-87.604330677,2023
12954818,JG119046,2023-01-16 21:30:00.000000 UTC,061XX S ST LAWRENCE AVE,THEFT,FROM BUILDING,RESIDENCE,false,false,313,3,20,42,06,41.783440155,-87.61087278,2023
13232838,JG450890,2023-10-04 00:01:00.000000 UTC,061XX S COTTAGE GROVE AVE,CRIMINAL DAMAGE,TO VEHICLE,APARTMENT,false,false,313,3,20,42,14,41.783340761,-87.605993706,2023
13147112,JG348906,2023-07-17 23:49:00.000000 UTC,008XX E 63RD ST,CRIMINAL DAMAGE,TO VEHICLE,STREET,false,false,313,3,20,42,14,41.780441912,-87.603690974,2023
13144235,JG345285,2023-07-17 20:39:00.000000 UTC,009XX E 65TH ST,BATTERY,AGGRAVATED - HANDGUN,STREET,false,false,314,3,20,42,04B,41.776812862,-87.602654252,2023
13218324,JG433452,2023-09-14 12:38:00.000000 UTC,062XX S STONY ISLAND AVE,BATTERY,SIMPLE,SCHOOL - PUBLIC BUILDING,false,false,314,3,5,42,08B,41.78210152,-87.586502002,2023
13023865,JG201873,2023-03-26 01:30:00.000000 UTC,063XX S UNIVERSITY AVE,BATTERY,SIMPLE,APARTMENT,false,false,314,3,20,42,08B,41.780211432,-87.597244425,2023
13171984,JG375548,2023-08-09 00:00:00.000000 UTC,061XX S KIMBARK AVE,BATTERY,SIMPLE,APARTMENT,false,false,314,3,20,42,08B,41.783521262,-87.594713303,2023
13016818,JG193431,2023-03-21 07:00:00.000000 UTC,061XX S WOODLAWN AVE,THEFT,OVER $500,APARTMENT,false,false,314,3,20,42,06,41.783674009,-87.596277178,2023
13208182,JG421306,2023-09-12 03:59:00.000000 UTC,063XX S INGLESIDE AVE,THEFT,$500 AND UNDER,RESIDENCE - PORCH / HALLWAY,false,false,314,3,20,42,06,41.779545281,-87.601651653,2023
13256748,JG479704,2023-09-26 21:00:00.000000 UTC,061XX S UNIVERSITY AVE,THEFT,$500 AND UNDER,APARTMENT,false,false,314,3,20,42,06,41.783618513,-87.597894772,2023
13083128,JG272943,2023-05-22 15:00:00.000000 UTC,060XX S HARPER AVE,THEFT,$500 AND UNDER,STREET,false,false,314,3,5,42,06,41.784754925,-87.588143196,2023
13046478,JG228688,2023-04-18 18:00:00.000000 UTC,064XX S KENWOOD AVE,CRIMINAL DAMAGE,TO PROPERTY,APARTMENT,false,false,314,3,20,42,14,41.777848842,-87.593011267,2023
12945737,JG108471,2023-01-07 20:00:00.000000 UTC,061XX S DORCHESTER AVE,CRIMINAL DAMAGE,TO VEHICLE,STREET,false,false,314,3,20,42,14,41.783609787,-87.591416038,2023
13174560,JG381365,2023-08-13 12:00:00.000000 UTC,061XX S KENWOOD AVE,CRIMINAL DAMAGE,TO VEHICLE,STREET,false,false,314,3,20,42,14,41.783316167,-87.593120705,2023
13199130,JG410628,2023-09-04 12:49:00.000000 UTC,009XX E 63RD ST,CRIMINAL DAMAGE,TO STATE SUPPORTED PROPERTY,COMMERCIAL / BUSINESS OFFICE,false,false,314,3,20,42,14,41.780454612,-87.602235272,2023
13301277,JG533062,2023-12-08 01:00:00.000000 UTC,009XX E MARQUETTE RD,ROBBERY,AGGRAVATED VEHICULAR HIJACKING,STREET,false,false,321,3,20,42,03,41.774995737,-87.602590557,2023
13298465,JG525023,2023-12-01 17:00:00.000000 UTC,010XX E MARQUETTE RD,BATTERY,DOMESTIC BATTERY SIMPLE,APARTMENT,false,true,321,3,20,42,08B,41.775013477,-87.600636333,2023
12961932,JG127254,2023-01-23 23:20:00.000000 UTC,068XX S DORCHESTER AVE,BATTERY,DOMESTIC BATTERY SIMPLE,APARTMENT,false,true,321,3,5,43,08B,41.770907275,-87.591115198,2023
13178992,JG386258,2023-08-17 10:00:00.000000 UTC,065XX S RHODES AVE,ASSAULT,AGGRAVATED - HANDGUN,STREET,true,false,321,3,20,42,04A,41.775732538,-87.611919814,2023
13316560,JG550645,2023-12-22 09:30:00.000000 UTC,007XX E 68TH ST,ASSAULT,AGGRAVATED - KNIFE / CUTTING INSTRUMENT,APARTMENT,false,true,321,3,6,42,04A,41.77130788,-87.606558565,2023
13260208,JG482721,2023-10-29 00:14:00.000000 UTC,070XX S DORCHESTER AVE,ASSAULT,SIMPLE,STREET,false,false,321,3,5,43,08A,41.766153401,-87.590997711,2023
13281309,JG509158,2023-11-17 17:30:00.000000 UTC,066XX S WOODLAWN AVE,THEFT,OVER $500,APARTMENT,false,false,321,3,20,42,06,41.774303627,-87.596061859,2023
13299961,JG531461,2023-12-02 00:30:00.000000 UTC,067XX S DORCHESTER AVE,THEFT,OVER $500,STREET,false,false,321,3,5,43,06,41.772024355,-87.591138979,2023
12974897,JG143214,2023-02-06 18:35:00.000000 UTC,013XX E 70TH ST,THEFT,OVER $500,APARTMENT,false,true,321,3,5,43,06,41.767822567,-87.591946206,2023
13294426,JG524779,2023-11-30 08:16:00.000000 UTC,007XX E 69TH PL,THEFT,$500 AND UNDER,RESIDENCE,false,false,321,3,6,42,06,41.768470927,-87.607529009,2023
13011187,JG186796,2023-03-13 19:33:00.000000 UTC,065XX S DREXEL AVE,THEFT,FROM BUILDING,RESIDENCE - PORCH / HALLWAY,false,false,321,3,20,42,06,41.776238566,-87.603401333,2023
12970085,JG137262,2023-02-01 14:15:00.000000 UTC,007XX E MARQUETTE RD,CRIMINAL DAMAGE,TO PROPERTY,STREET,false,false,321,3,20,42,14,41.774944689,-87.606656819,2023
12966060,JG132406,2023-01-28 00:00:00.000000 UTC,012XX E 70TH ST,CRIMINAL DAMAGE,TO VEHICLE,STREET,false,false,321,3,5,69,14,41.767810773,-87.594801901,2023
13133395,JG332578,2023-07-08 08:30:00.000000 UTC,065XX S ELLIS AVE,CRIMINAL DAMAGE,TO VEHICLE,STREET,false,true,321,3,20,42,14,41.776003524,-87.600966016,2023
13144300,JG345422,2023-07-17 22:21:00.000000 UTC,066XX S INGLESIDE AVE,CRIMINAL DAMAGE,TO VEHICLE,STREET,true,false,321,3,20,42,14,41.77454286,-87.602148439,2023
13198539,JG409918,2023-09-03 21:30:00.000000 UTC,070XX S COTTAGE GROVE AVE,CRIMINAL DAMAGE,TO VEHICLE,STREET,false,true,321,3,6,42,14,41.76680404,-87.605619683,2023
13092444,JG283505,2023-06-01 01:00:00.000000 UTC,070XX S INDIANA AVE,BATTERY,SIMPLE,APARTMENT,false,false,322,3,6,69,08B,41.766681066,-87.62014422,2023
12954692,JG118900,2023-01-16 22:30:00.000000 UTC,066XX S WABASH AVE,BATTERY,DOMESTIC BATTERY SIMPLE,RESIDENCE,true,true,322,3,20,69,08B,41.773633969,-87.623949502,2023
13033154,JG212668,2023-04-06 02:15:00.000000 UTC,069XX S VERNON AVE,BATTERY,DOMESTIC BATTERY SIMPLE,APARTMENT,false,true,322,3,6,69,08B,41.768482212,-87.614123498,2023
13225711,JG442264,2023-09-28 01:30:00.000000 UTC,067XX S INDIANA AVE,THEFT,OVER $500,STREET,false,false,322,3,6,69,06,41.772055277,-87.620286316,2023
13137985,JG337874,2023-07-12 11:00:00.000000 UTC,070XX S INDIANA AVE,THEFT,OVER $500,APARTMENT,false,true,322,3,6,69,06,41.766681066,-87.62014422,2023
13031593,JG210862,2023-04-04 13:30:00.000000 UTC,0000X E 71ST ST,THEFT,$500 AND UNDER,DEPARTMENT STORE,false,false,322,3,6,69,06,41.765523024,-87.623697962,2023
13096941,JG288942,2023-06-05 12:20:00.000000 UTC,067XX S STATE ST,THEFT,$500 AND UNDER,COMMERCIAL / BUSINESS OFFICE,false,false,322,3,6,69,06,41.772161974,-87.625113155,2023
13195803,JG406539,2023-09-01 09:54:00.000000 UTC,0000X E 71ST ST,THEFT,$500 AND UNDER,SMALL RETAIL STORE,false,false,322,3,6,69,06,41.765564374,-87.622396237,2023
13142259,JG343064,2023-07-14 00:00:00.000000 UTC,069XX S DR MARTIN LUTHER KING JR DR,THEFT,FROM BUILDING,APARTMENT,false,false,322,3,6,69,06,41.768517219,-87.615332793,2023
12999856,JG173092,2023-03-02 15:15:00.000000 UTC,001XX E 70TH ST,CRIMINAL DAMAGE,TO PROPERTY,APARTMENT,false,false,322,3,6,69,14,41.767408883,-87.621122219,2023
13297847,JG528831,2023-12-04 19:28:00.000000 UTC,074XX S EVANS AVE,ROBBERY,ARMED - HANDGUN,SIDEWALK,false,false,323,3,6,69,03,41.759686387,-87.60665306,2023
13146200,JG347860,2023-07-19 17:20:00.000000 UTC,073XX S EBERHART AVE,ROBBERY,STRONG ARM - NO WEAPON,ALLEY,false,false,323,3,6,69,03,41.761459141,-87.612743135,2023
13268625,JG494404,2023-11-06 23:00:00.000000 UTC,073XX S MICHIGAN AVE,BATTERY,DOMESTIC BATTERY SIMPLE,STREET,false,true,323,3,6,69,08B,41.761388108,-87.621599317,2023
13282497,JG510626,2023-11-19 16:05:00.000000 UTC,073XX S VERNON AVE,BATTERY,DOMESTIC BATTERY SIMPLE,RESIDENCE,false,true,323,3,6,69,08B,41.761178544,-87.613948492,2023
13069176,JG254637,2023-05-10 00:00:00.000000 UTC,071XX S DR MARTIN LUTHER KING JR DR,BATTERY,DOMESTIC BATTERY SIMPLE,APARTMENT,false,true,323,3,6,69,08B,41.764880547,-87.615256045,2023
13111501,JG306464,2023-06-18 10:30:00.000000 UTC,072XX S CHAMPLAIN AVE,BATTERY,DOMESTIC BATTERY SIMPLE,RESIDENCE,false,true,323,3,6,69,08B,41.763423519,-87.609165694,2023
13290749,JG520313,2023-04-18 15:00:00.000000 UTC,074XX S EBERHART AVE,ASSAULT,AGGRAVATED - HANDGUN,APARTMENT,false,true,323,3,6,69,04A,41.75929907,-87.612693997,2023
12941607,JG102930,2023-01-02 16:00:00.000000 UTC,071XX S STATE ST,ASSAULT,SIMPLE,TAVERN / LIQUOR STORE,false,false,323,3,6,69,08A,41.764707098,-87.624890909,2023
13308190,JG541499,2023-12-14 20:00:00.000000 UTC,073XX S MICHIGAN AVE,THEFT,OVER $500,APARTMENT,false,true,323,3,6,69,06,41.761014841,-87.621592446,2023
13185283,JG394028,2023-08-23 06:40:00.000000 UTC,003XX E 71ST ST,THEFT,OVER $500,STREET,false,false,323,3,6,69,06,41.765690683,-87.616225715,2023
12949455,JG112753,2023-01-11 08:00:00.000000 UTC,073XX S INDIANA AVE,THEFT,$500 AND UNDER,VEHICLE - DELIVERY TRUCK,false,false,323,3,6,69,06,41.761380873,-87.619990326,2023
13248253,JG464057,2023-10-15 02:01:00.000000 UTC,072XX S WABASH AVE,CRIMINAL DAMAGE,TO PROPERTY,APARTMENT,false,false,323,3,6,69,14,41.763253491,-87.623253797,2023
13061724,JG246975,2023-05-03 18:30:00.000000 UTC,074XX S EBERHART AVE,CRIMINAL DAMAGE,TO PROPERTY,APARTMENT,false,false,323,3,6,69,14,41.759373184,-87.612696833,2023
13189029,JG398209,2023-08-26 07:35:00.000000 UTC,074XX S MARYLAND AVE,CRIMINAL DAMAGE,TO PROPERTY,RESIDENCE,false,true,323,3,6,69,14,41.759799663,-87.604174095,2023
13286110,JG514943,2023-11-22 19:00:00.000000 UTC,074XX S ST LAWRENCE AVE,CRIMINAL DAMAGE,TO VEHICLE,STREET,false,false,323,3,6,69,14,41.759750463,-87.610284566,2023
13037905,JG218303,2023-04-10 18:54:00.000000 UTC,013XX E 75TH ST,ROBBERY,STRONG ARM - NO WEAPON,SMALL RETAIL STORE,false,false,324,3,8,43,03,41.758717293,-87.591567218,2023
13140010,JG340216,2023-07-14 04:00:00.000000 UTC,013XX E 72ND PL,BATTERY,AGGRAVATED - HANDGUN,SIDEWALK,false,false,324,3,8,43,04B,41.763276389,-87.592119503,2023
13311219,JG545103,2023-12-17 22:00:00.000000 UTC,072XX S STONY ISLAND AVE,BATTERY,AGGRAVATED - KNIFE / CUTTING INSTRUMENT,SIDEWALK,false,false,324,3,7,43,04B,41.764004198,-87.586275721,2023
12968025,JG134675,2023-01-30 00:00:00.000000 UTC,073XX S RIDGELAND AVE,BATTERY,DOMESTIC BATTERY SIMPLE,APARTMENT,false,true,324,3,8,43,08B,41.761231273,-87.582305381,2023
13115919,JG311643,2023-06-22 18:14:00.000000 UTC,071XX S EAST END AVE,BATTERY,DOMESTIC BATTERY SIMPLE,APARTMENT,false,true,324,3,7,43,08B,41.765334593,-87.583657761,2023
13121322,JG317974,2023-06-27 08:00:00.000000 UTC,074XX S KENWOOD AVE,BATTERY,DOMESTIC BATTERY SIMPLE,APARTMENT,false,true,324,3,8,43,08B,41.76008158,-87.592049978,2023
13142493,JG336546,2023-07-11 11:10:00.000000 UTC,071XX S CONSTANCE AVE,BATTERY,AGGRAVATED OF A SENIOR CITIZEN,SIDEWALK,false,false,324,3,7,43,04B,41.765410529,-87.580581493,2023
13040423,JG221293,2023-04-13 04:26:00.000000 UTC,072XX S CONSTANCE AVE,BATTERY,AGGRAVATED DOMESTIC BATTERY - KNIFE / CUTTING INSTRUMENT,APARTMENT,false,true,324,3,7,43,04B,41.763955804,-87.580543515,2023
12949906,JG113281,2023-01-10 10:00:00.000000 UTC,074XX S DANTE AVE,ASSAULT,AGGRAVATED - HANDGUN,STREET,false,false,324,3,8,43,04A,41.76010155,-87.589619698,2023
12947468,JG109187,2023-01-08 22:10:00.000000 UTC,072XX S DOBSON AVE,ASSAULT,AGGRAVATED - KNIFE / CUTTING INSTRUMENT,APARTMENT,false,true,324,3,5,69,04A,41.763405583,-87.599419537,2023
13009010,JG184198,2023-02-24 22:30:00.000000 UTC,071XX S RIDGELAND AVE,THEFT,OVER $500,APARTMENT,false,true,324,3,7,43,06,41.765540661,-87.582434736,2023
13219473,JG434040,2023-09-13 15:35:00.000000 UTC,071XX S RIDGELAND AVE,THEFT,$500 AND UNDER,RESIDENCE - YARD (FRONT / BACK),false,false,324,3,7,43,06,41.765598287,-87.582434064,2023
13125251,JG322864,2023-06-30 20:45:00.000000 UTC,074XX S STONY ISLAND AVE,THEFT,$500 AND UNDER,ALLEY,false,false,324,3,8,43,06,41.760361887,-87.58617869,2023
13311790,JG545954,2023-12-18 13:49:00.000000 UTC,016XX E 72ND ST,CRIMINAL DAMAGE,TO PROPERTY,APARTMENT,false,false,324,3,7,43,14,41.764249757,-87.584370494,2023
13205648,JG418163,2023-09-09 10:00:00.000000 UTC,071XX S INGLESIDE AVE,CRIMINAL DAMAGE,TO VEHICLE,STREET,false,true,324,3,5,69,14,41.76532588,-87.601890213,2023
13145098,JG346542,2023-07-18 17:30:00.000000 UTC,067XX S MERRILL AVE,ROBBERY,ARMED - HANDGUN,STREET,false,false,331,3,5,43,03,41.773032424,-87.572815843,2023
13322560,JG558763,2023-12-29 13:00:00.000000 UTC,068XX S MERRILL AVE,BATTERY,DOMESTIC BATTERY SIMPLE,APARTMENT,false,true,331,3,5,43,08B,41.770710354,-87.572755293,2023
13088286,JG278627,2023-05-28 15:00:00.000000 UTC,069XX S CLYDE AVE,BATTERY,DOMESTIC BATTERY SIMPLE,RESIDENCE,false,true,331,3,5,43,08B,41.7690002,-87.573930201,2023
13095107,JG286970,2023-06-01 07:40:00.000000 UTC,067XX S JEFFERY BLVD,BATTERY,"AGG. DOMESTIC BATTERY - HANDS, FISTS, FEET, SERIOUS INJURY",APARTMENT,false,true,331,3,5,43,04B,41.772719038,-87.576474498,2023
13118636,JG314635,2023-06-24 17:00:00.000000 UTC,069XX S MERRILL AVE,ASSAULT,AGGRAVATED - HANDGUN,SCHOOL - PUBLIC GROUNDS,false,false,331,3,5,43,04A,41.769014078,-87.572709347,2023
13002696,JG176531,2023-03-06 20:13:00.000000 UTC,067XX S JEFFERY BLVD,ASSAULT,AGGRAVATED - OTHER DANGEROUS WEAPON,GAS STATION,false,false,331,3,5,43,04A,41.772998982,-87.576478539,2023
13370879,JH154736,2023-12-21 11:00:00.000000 UTC,067XX S OGLESBY AVE,ASSAULT,SIMPLE,APARTMENT,false,false,331,3,5,43,08A,41.773085006,-87.568335406,2023
13141461,JG341842,2023-07-15 07:00:00.000000 UTC,023XX E 70TH ST,ASSAULT,SIMPLE,APARTMENT,false,false,331,3,5,43,08A,41.768069819,-87.567306284,2023
13039784,JG220453,2023-04-12 12:30:00.000000 UTC,020XX E 71ST ST,THEFT,OVER $500,STREET,false,false,331,3,5,43,06,41.766247597,-87.575997062,2023
13072758,JG260524,2023-05-14 17:30:00.000000 UTC,067XX S CHAPPEL AVE,THEFT,OVER $500,STREET,false,false,331,3,5,43,06,41.772730198,-87.575253605,2023
13234194,JG451560,2023-09-27 08:10:00.000000 UTC,069XX S OGLESBY AVE,THEFT,$500 AND UNDER,APARTMENT,false,false,331,3,5,43,06,41.76922579,-87.568223632,2023
13155121,JG354969,2023-07-25 06:30:00.000000 UTC,016XX E 67TH ST,THEFT,$500 AND UNDER,SIDEWALK,false,false,331,3,5,42,06,41.773342227,-87.58530953,2023
12973697,JG141769,2023-02-04 17:00:00.000000 UTC,068XX S MERRILL AVE,THEFT,FROM BUILDING,RESIDENCE,false,false,331,3,5,43,06,41.770990323,-87.572762983,2023
13028073,JG206818,2023-04-01 03:52:00.000000 UTC,070XX S CLYDE AVE,CRIMINAL DAMAGE,TO PROPERTY,STREET,false,false,331,3,5,43,14,41.767479593,-87.573889484,2023
13264238,JG488921,2023-11-02 17:30:00.000000 UTC,020XX E 69TH ST,CRIMINAL DAMAGE,TO VEHICLE,STREET,false,false,331,3,5,43,14,41.769819914,-87.574635361,2023
12945673,JG108419,2023-01-07 19:10:00.000000 UTC,067XX S JEFFERY BLVD,CRIMINAL DAMAGE,TO VEHICLE,STREET,false,false,331,3,5,43,14,41.772719038,-87.576474498,2023
13149192,JG351461,2023-07-22 02:00:00.000000 UTC,068XX S CRANDON AVE,CRIMINAL DAMAGE,TO VEHICLE,RESIDENCE,false,false,331,3,5,43,14,41.770943918,-87.569904169,2023
13244157,JG464612,2023-10-15 13:25:00.000000 UTC,068XX S CORNELL AVE,ROBBERY,ARMED - HANDGUN,STREET,false,false,332,3,5,43,03,41.770565763,-87.585004532,2023
13307993,JG541197,2023-12-14 17:24:00.000000 UTC,067XX S JEFFERY BLVD,BATTERY,SIMPLE,APARTMENT,false,true,332,3,5,43,08B,41.772812361,-87.576477067,2023
12975940,JG143978,2023-02-07 12:45:00.000000 UTC,014XX E 67TH PL,BATTERY,SIMPLE,RESIDENCE,false,true,332,3,5,43,08B,41.772385688,-87.590148678,2023
13272975,JG499187,2023-11-10 15:47:00.000000 UTC,070XX S JEFFERY BLVD,BATTERY,DOMESTIC BATTERY SIMPLE,APARTMENT,true,true,332,3,5,43,08B,41.767245969,-87.57632989,2023
13183623,JG392205,2023-08-20 22:00:00.000000 UTC,069XX S CORNELL AVE,BATTERY,DOMESTIC BATTERY SIMPLE,APARTMENT,false,true,332,3,5,43,08B,41.768871442,-87.584415712,2023
13217076,JG432086,2023-09-20 15:35:00.000000 UTC,070XX S CREGIER AVE,ASSAULT,AGGRAVATED - HANDGUN,APARTMENT,false,false,332,3,5,43,04A,41.767278322,-87.58125613,2023
13175181,JG381611,2023-08-13 20:17:00.000000 UTC,015XX E 69TH ST,ASSAULT,AGGRAVATED - HANDGUN,APARTMENT,false,true,332,3,5,43,04A,41.769686947,-87.587437826,2023
13232409,JG450129,2023-10-04 03:00:00.000000 UTC,067XX S BENNETT AVE,THEFT,OVER $500,STREET,false,false,332,3,5,43,06,41.772817538,-87.578933196,2023
13242319,JG462438,2023-10-13 17:45:00.000000 UTC,069XX S CORNELL AVE,THEFT,OVER $500,SIDEWALK,false,false,332,3,5,43,06,41.769261197,-87.584425842,2023
13286057,JG514852,2023-11-09 12:00:00.000000 UTC,016XX E 71ST ST,THEFT,OVER $500,PARKING LOT / GARAGE (NON RESIDENTIAL),false,false,332,3,5,43,06,41.7661636,-87.584113638,2023
13323738,JG559562,2023-12-20 12:06:00.000000 UTC,069XX S CORNELL AVE,THEFT,OVER $500,RESIDENCE - PORCH / HALLWAY,false,false,332,3,5,43,06,41.769148666,-87.584423485,2023
13308358,JG541639,2023-12-12 14:29:00.000000 UTC,068XX S EAST END AVE,THEFT,$500 AND UNDER,RESIDENCE - PORCH / HALLWAY,false,false,332,3,5,43,06,41.770574294,-87.583787378,2023
13093781,JG285205,2023-06-02 13:00:00.000000 UTC,015XX E 69TH ST,THEFT,$500 AND UNDER,STREET,false,false,332,3,5,43,06,41.769686947,-87.587437826,2023
13059227,JG243923,2023-05-01 11:03:00.000000 UTC,070XX S CONSTANCE AVE,THEFT,ATTEMPT THEFT,STREET,false,false,332,3,5,43,06,41.767336064,-87.580016468,2023
13022234,JG199984,2023-03-26 16:48:00.000000 UTC,070XX S STONY ISLAND AVE,THEFT,RETAIL THEFT,GAS STATION,false,false,332,3,5,43,06,41.767448959,-87.585957168,2023
13321773,JG557722,2023-12-23 09:00:00.000000 UTC,014XX E 69TH ST,THEFT,FROM BUILDING,RESIDENCE,false,false,332,3,5,43,06,41.769651233,-87.590396522,2023
13244529,JG465129,2023-10-15 14:30:00.000000 UTC,017XX E 67TH ST,CRIMINAL DAMAGE,TO PROPERTY,APARTMENT,false,false,332,3,5,43,14,41.773379787,-87.582233329,2023
12992317,JG163978,2023-02-21 13:00:00.000000 UTC,017XX E 69TH ST,CRIMINAL DAMAGE,TO VEHICLE,STREET,false,false,332,3,5,43,14,41.769742752,-87.582103467,2023
13014860,JG191083,2023-03-19 11:40:00.000000 UTC,068XX S EAST END AVE,CRIMINAL DAMAGE,TO VEHICLE,VEHICLE NON-COMMERCIAL,false,true,332,3,5,43,14,41.770593502,-87.583787154,2023
12942181,JG103154,2023-01-03 15:43:00.000000 UTC,071XX S JEFFERY BLVD,BATTERY,SIMPLE,APARTMENT,false,false,333,3,5,43,08B,41.765843381,-87.576291395,2023
13300788,JG532621,2023-12-07 19:15:00.000000 UTC,074XX S LUELLA AVE,ASSAULT,AGGRAVATED - KNIFE / CUTTING INSTRUMENT,APARTMENT,false,false,333,3,7,43,04A,41.759885265,-87.570031594,2023
12939187,JG101031,2023-01-01 19:00:00.000000 UTC,071XX S BENNETT AVE,ASSAULT,SIMPLE,APARTMENT,false,false,333,3,5,43,08A,41.765166438,-87.579349066,2023
13256432,JG479247,2023-10-18 16:20:00.000000 UTC,074XX S EUCLID PKWY,THEFT,$500 AND UNDER,DRIVEWAY - RESIDENTIAL,false,false,333,3,7,43,06,41.759692641,-87.578258605,2023
13154265,JG357337,2023-06-30 00:00:00.000000 UTC,071XX S JEFFERY BLVD,THEFT,$500 AND UNDER,APARTMENT,false,false,333,3,5,43,06,41.765843381,-87.576291395,2023
13098084,JG290436,2023-06-05 16:00:00.000000 UTC,074XX S PHILLIPS AVE,BATTERY,SIMPLE,RESIDENCE,false,false,334,3,7,43,08B,41.760583068,-87.564793,2023
13222058,JG437270,2023-09-24 13:51:00.000000 UTC,024XX E 73RD ST,BATTERY,DOMESTIC BATTERY SIMPLE,APARTMENT,false,true,334,3,7,43,08B,41.762629537,-87.565497989,2023
13156047,JG358140,2023-07-27 13:00:00.000000 UTC,072XX S PHILLIPS AVE,BATTERY,DOMESTIC BATTERY SIMPLE,APARTMENT,false,true,334,3,7,43,08B,41.763713079,-87.565430089,2023
13009421,JG184465,2023-03-13 18:20:00.000000 UTC,025XX E 74TH ST,BATTERY,DOMESTIC BATTERY SIMPLE,APARTMENT,false,true,334,3,7,43,08B,41.760845449,-87.562993886,2023
13026999,JG205405,2023-03-30 23:09:00.000000 UTC,071XX S COLES AVE,BATTERY,DOMESTIC BATTERY SIMPLE,APARTMENT,true,true,334,3,7,43,08B,41.765856882,-87.564275533,2023
13142069,JG342876,2023-07-16 02:00:00.000000 UTC,072XX S COLES AVE,BATTERY,DOMESTIC BATTERY SIMPLE,STREET,false,true,334,3,7,43,08B,41.764114221,-87.562632226,2023
13318216,JG553572,2023-12-24 18:30:00.000000 UTC,073XX S SOUTH SHORE DR,BATTERY,AGGRAVATED DOMESTIC BATTERY - OTHER DANGEROUS WEAPON,APARTMENT,false,true,334,3,7,43,04B,41.763625742,-87.560182233,2023
13256172,JG478893,2023-10-26 03:39:00.000000 UTC,026XX E 74TH PL,ASSAULT,AGGRAVATED - KNIFE / CUTTING INSTRUMENT,RESIDENCE,false,true,334,3,7,43,04A,41.760301092,-87.559987568,2023
13292341,JG522280,2023-11-29 17:31:00.000000 UTC,072XX S YATES BLVD,ASSAULT,AGGRAVATED - KNIFE / CUTTING INSTRUMENT,APARTMENT,false,false,334,3,7,43,04A,41.763832588,-87.566476981,2023
12958704,JG123608,2023-01-20 20:00:00.000000 UTC,072XX S COLES AVE,ASSAULT,AGGRAVATED - KNIFE / CUTTING INSTRUMENT,APARTMENT,false,true,334,3,7,43,04A,41.764277154,-87.562784226,2023
13230428,JG447841,2023-10-02 15:00:00.000000 UTC,071XX S COLES AVE,ASSAULT,SIMPLE,SCHOOL - PUBLIC GROUNDS,false,false,334,3,7,43,08A,41.765843063,-87.564261036,2023
13086590,JG276612,2023-05-26 21:00:00.000000 UTC,024XX E 73RD ST,ASSAULT,SIMPLE,APARTMENT,false,true,334,3,7,43,08A,41.762626081,-87.565802257,2023
13199701,JG411238,2023-09-04 22:16:00.000000 UTC,072XX S COLES AVE,THEFT,OVER $500,APARTMENT,false,true,334,3,7,43,06,41.764277154,-87.562784226,2023
13245863,JG466592,2023-10-17 02:40:00.000000 UTC,072XX S YATES BLVD,THEFT,$500 AND UNDER,APARTMENT,false,false,334,3,7,43,06,41.763813355,-87.566473544,2023
13124607,JG322023,2023-06-30 09:00:00.000000 UTC,025XX E 73RD ST,THEFT,$500 AND UNDER,STREET,false,false,334,3,7,43,06,41.762908476,-87.562892236,2023
12976665,JG145180,2023-02-08 12:50:00.000000 UTC,026XX E 74TH ST,THEFT,FROM BUILDING,APARTMENT,false,false,334,3,7,43,06,41.76185058,-87.559833345,2023
13064661,JG250601,2023-05-06 18:00:00.000000 UTC,074XX S SOUTH SHORE DR,CRIMINAL DAMAGE,TO VEHICLE,PARKING LOT / GARAGE (NON RESIDENTIAL),false,false,334,3,7,43,14,41.761324418,-87.557908051,2023
13253543,JG475711,2023-10-23 21:09:00.000000 UTC,075XX S SOUTH CHICAGO AVE,BATTERY,AGGRAVATED - HANDGUN,STREET,false,true,411,4,8,43,04B,41.758655274,-87.595573943,2023
13096413,JG288459,2023-06-05 01:49:00.000000 UTC,079XX S SOUTH CHICAGO AVE,BATTERY,SIMPLE,STREET,false,false,411,4,8,46,08B,41.751100797,-87.58505475,2023
13114846,JG310409,2023-06-21 19:12:00.000000 UTC,011XX E 81ST ST,BATTERY,SIMPLE,APARTMENT,false,false,411,4,8,45,08B,41.747719659,-87.596923115,2023
13229198,JG446401,2023-10-01 14:30:00.000000 UTC,079XX S STONY ISLAND AVE,BATTERY,DOMESTIC BATTERY SIMPLE,VEHICLE NON-COMMERCIAL,false,true,411,4,8,45,08B,41.751270452,-87.585822373,2023
12979365,JG148340,2023-02-11 00:45:00.000000 UTC,078XX S AVALON AVE,BATTERY,DOMESTIC BATTERY SIMPLE,APARTMENT,false,true,411,4,8,45,08B,41.752357112,-87.59429376,2023
13071529,JG258898,2023-05-13 09:25:00.000000 UTC,079XX S STONY ISLAND AVE,ASSAULT,AGGRAVATED - HANDGUN,STREET,false,true,411,4,8,45,04A,41.751270452,-87.585822373,2023
13199384,JG410953,2023-09-03 22:20:00.000000 UTC,082XX S WOODLAWN AVE,ASSAULT,SIMPLE,RESIDENCE,false,true,411,4,8,45,08A,41.745610194,-87.595353203,2023
13023090,JG201037,2023-03-26 21:00:00.000000 UTC,082XX S KIMBARK AVE,THEFT,OVER $500,VEHICLE NON-COMMERCIAL,false,false,411,4,8,45,06,41.744960488,-87.592901849,2023
13199093,JG410604,2023-09-04 07:00:00.000000 UTC,015XX E 77TH ST,THEFT,OVER $500,STREET,false,false,411,4,8,43,06,41.755108267,-87.58770927,2023
13008037,JG183043,2023-03-10 15:00:00.000000 UTC,016XX E 75TH ST,THEFT,$500 AND UNDER,COMMERCIAL / BUSINESS OFFICE,false,false,411,4,8,43,06,41.758772251,-87.585229528,2023
13119258,JG315001,2023-06-20 23:25:00.000000 UTC,075XX S STONY ISLAND AVE,THEFT,$500 AND UNDER,SMALL RETAIL STORE,false,false,411,4,8,43,06,41.757614433,-87.586115266,2023
12953286,JG117258,2023-01-15 15:05:00.000000 UTC,075XX S STONY ISLAND AVE,THEFT,RETAIL THEFT,GROCERY FOOD STORE,false,false,411,4,8,43,06,41.757614433,-87.586115266,2023
13292517,JG522441,2023-11-29 14:42:00.000000 UTC,082XX S AVALON AVE,THEFT,FROM BUILDING,RESIDENCE - PORCH / HALLWAY,false,false,411,4,8,45,06,41.745465121,-87.594130954,2023
13120616,JG308016,2023-06-20 03:57:00.000000 UTC,082XX S BLACKSTONE AVE,CRIMINAL DAMAGE,TO PROPERTY,RESIDENCE,false,false,411,4,8,45,14,41.745015069,-87.588185171,2023
13252123,JG474015,2023-10-22 15:00:00.000000 UTC,079XX S STONY ISLAND AVE,CRIMINAL DAMAGE,TO VEHICLE,STREET,false,false,411,4,8,45,14,41.751270452,-87.585822373,2023
13158863,JG362852,2023-07-31 02:16:00.000000 UTC,079XX S KIMBARK AVE,CRIMINAL DAMAGE,TO VEHICLE,STREET,false,false,411,4,8,45,14,41.750677723,-87.593034044,2023
13238892,JG458189,2023-10-10 13:44:00.000000 UTC,087XX S MERRILL AVE,ROBBERY,ARMED - HANDGUN,STREET,true,false,412,4,8,48,03,41.736465186,-87.572067643,2023
13146522,JG348101,2023-07-19 20:20:00.000000 UTC,087XX S STONY ISLAND AVE,ROBBERY,STRONG ARM - NO WEAPON,SMALL RETAIL STORE,false,false,412,4,8,48,03,41.736277091,-87.585212192,2023
13206011,JG418769,2023-09-10 12:13:00.000000 UTC,083XX S STONY ISLAND AVE,BATTERY,SIMPLE,PARKING LOT / GARAGE (NON RESIDENTIAL),false,false,412,4,8,45,08B,41.743970443,-87.585797123,2023
13175157,JG381916,2023-08-14 06:50:00.000000 UTC,084XX S STONY ISLAND AVE,THEFT,OVER $500,STREET,false,false,412,4,8,45,06,41.7420271,-87.585317668,2023
13220470,JG436041,2023-09-23 15:25:00.000000 UTC,016XX E 87TH ST,THEFT,RETAIL THEFT,CONVENIENCE STORE,false,false,412,4,8,45,06,41.736930377,-87.584391221,2023
13184726,JG393547,2023-08-20 10:00:00.000000 UTC,087XX S DANTE AVE,THEFT,FROM BUILDING,RESIDENCE - PORCH / HALLWAY,false,false,412,4,8,48,06,41.735944304,-87.589326904,2023
13264863,JG489537,2023-11-01 09:00:00.000000 UTC,017XX E 87TH ST,CRIMINAL DAMAGE,TO VEHICLE,STREET,false,false,412,4,8,48,14,41.736962773,-87.58220715,2023
13091934,JG282953,2023-05-31 21:27:00.000000 UTC,083XX S LUELLA AVE,CRIMINAL DAMAGE,TO VEHICLE,STREET,false,false,412,4,7,46,14,41.743552133,-87.569759711,2023
13141868,JG342410,2023-07-15 17:01:00.000000 UTC,090XX S CONSTANCE AVE,ROBBERY,AGGRAVATED VEHICULAR HIJACKING,STREET,false,false,413,4,8,48,03,41.73059554,-87.579207609,2023
13292323,JG522080,2023-11-29 15:30:00.000000 UTC,089XX S EAST END AVE,BATTERY,SIMPLE,STREET,false,false,413,4,8,48,08B,41.732775981,-87.582783501,2023
13038347,JG218613,2023-04-11 05:07:00.000000 UTC,091XX S DANTE AVE,BATTERY,DOMESTIC BATTERY SIMPLE,RESIDENCE,true,true,413,4,8,48,08B,41.728679093,-87.589168952,2023
13237421,JG455264,2023-10-08 02:30:00.000000 UTC,017XX E 92ND PL,ASSAULT,SIMPLE,RESIDENCE - PORCH / HALLWAY,false,false,413,4,8,48,08A,41.726955352,-87.581532448,2023
13080569,JG269800,2023-05-22 01:15:00.000000 UTC,092XX S HARPER AVE,ASSAULT,SIMPLE,RESIDENCE,false,true,413,4,8,48,08A,41.727156443,-87.586699103,2023
13183739,JG391956,2023-08-21 16:20:00.000000 UTC,092XX S ELLIS AVE,ASSAULT,SIMPLE,SIDEWALK,false,false,413,4,8,47,08A,41.726790404,-87.59974483,2023
13205377,JG417900,2023-04-01 08:00:00.000000 UTC,090XX S CLYDE AVE,THEFT,OVER $500,RESIDENCE - GARAGE,false,false,413,4,8,48,06,41.730621351,-87.573129469,2023
13239985,JG459547,2023-10-10 18:00:00.000000 UTC,091XX S DREXEL AVE,THEFT,OVER $500,STREET,false,false,413,4,8,47,06,41.729117405,-87.601007898,2023
13260992,JG484430,2023-10-30 10:54:00.000000 UTC,091XX S AVALON AVE,THEFT,$500 AND UNDER,RESIDENCE - YARD (FRONT / BACK),false,false,413,4,8,47,06,41.72857131,-87.593727516,2023
13203047,JG415050,2023-09-07 14:14:00.000000 UTC,090XX S OGLESBY AVE,CRIMINAL DAMAGE,TO PROPERTY,STREET,false,false,413,4,7,48,14,41.731022806,-87.567050524,2023
13214937,JG429388,2023-09-18 08:00:00.000000 UTC,091XX S JEFFERY AVE,CRIMINAL DAMAGE,TO PROPERTY,ATHLETIC CLUB,false,false,413,4,7,48,14,41.729306217,-87.5755299,2023
13206116,JG418884,2023-09-09 10:30:00.000000 UTC,091XX S BLACKSTONE AVE,CRIMINAL DAMAGE,TO VEHICLE,STREET,false,false,413,4,8,48,14,41.728759045,-87.587955427,2023
13124710,JG322004,2023-06-30 09:53:00.000000 UTC,020XX E 76TH ST,BATTERY,AGGRAVATED - HANDGUN,STREET,false,false,414,4,8,43,04B,41.757065162,-87.575577261,2023
13152621,JG355278,2023-07-25 11:00:00.000000 UTC,076XX S EAST END AVE,BATTERY,AGGRAVATED - OTHER DANGEROUS WEAPON,SIDEWALK,false,false,414,4,8,43,04B,41.756128699,-87.58342406,2023
13179188,JG386687,2023-08-17 12:00:00.000000 UTC,080XX S CRANDON AVE,BATTERY,SIMPLE,HOSPITAL BUILDING / GROUNDS,false,false,414,4,8,46,08B,41.749315877,-87.568628671,2023
13098623,JG290694,2023-06-04 16:00:00.000000 UTC,080XX S MERRILL AVE,BATTERY,DOMESTIC BATTERY SIMPLE,APARTMENT,false,true,414,4,8,46,08B,41.749287997,-87.572282625,2023
13001461,JG175030,2023-03-05 15:41:00.000000 UTC,023XX E 83RD ST,ASSAULT,AGGRAVATED - HANDGUN,STREET,false,false,414,4,7,46,04A,41.744452642,-87.566931163,2023
13280357,JG507724,2023-11-17 09:34:00.000000 UTC,078XX S CONSTANCE AVE,ASSAULT,AGGRAVATED - KNIFE / CUTTING INSTRUMENT,APARTMENT,true,true,414,4,8,43,04A,41.752459682,-87.579666374,2023
12962426,JG127776,2023-01-24 12:55:00.000000 UTC,019XX E 78TH ST,ASSAULT,SIMPLE,APARTMENT,false,true,414,4,8,43,08A,41.753414831,-87.576763632,2023
13274860,JG501340,2023-11-12 03:40:00.000000 UTC,081XX S PAXTON AVE,THEFT,OVER $500,STREET,false,false,414,4,8,46,06,41.747578307,-87.571042223,2023
13315045,JG549856,2023-12-21 12:50:00.000000 UTC,082XX S CHAPPEL AVE,THEFT,OVER $500,RESIDENCE,false,false,414,4,8,46,06,41.745340898,-87.574652466,2023
12960638,JG125788,2023-01-10 17:50:00.000000 UTC,082XX S JEFFERY BLVD,THEFT,$500 AND UNDER,CTA BUS,false,false,414,4,8,46,06,41.745672824,-87.5758798,2023
13152400,JG355030,2023-07-25 08:05:00.000000 UTC,020XX E 79TH ST,THEFT,RETAIL THEFT,DRUG STORE,false,false,414,4,8,46,06,41.751613643,-87.575373855,2023
13092925,JG283176,2023-05-30 13:10:00.000000 UTC,019XX E 75TH ST,THEFT,FROM BUILDING,SCHOOL - PUBLIC BUILDING,false,false,414,4,8,43,06,41.758868246,-87.576838856,2023
13038949,JG219402,2023-04-11 16:45:00.000000 UTC,080XX S BENNETT AVE,CRIMINAL DAMAGE,TO PROPERTY,RESIDENCE,false,false,414,4,8,46,14,41.748765541,-87.578364681,2023
13099313,JG290680,2023-06-04 14:00:00.000000 UTC,082XX S JEFFERY BLVD,CRIMINAL DAMAGE,TO PROPERTY,CHURCH / SYNAGOGUE / PLACE OF WORSHIP,false,false,414,4,8,46,14,41.745738706,-87.57588269,2023
13130175,JG328684,2023-07-03 14:15:00.000000 UTC,076XX S EAST END AVE,CRIMINAL DAMAGE,TO PROPERTY,APARTMENT,false,false,414,4,8,43,14,41.756351018,-87.583428802,2023
13146576,JG348219,2023-07-19 20:50:00.000000 UTC,076XX S BENNETT AVE,CRIMINAL DAMAGE,TO PROPERTY,RESIDENCE,false,false,414,4,8,43,14,41.756576973,-87.578540684,2023
13136430,JG336153,2023-07-10 21:53:00.000000 UTC,016XX E 77TH ST,CRIMINAL DAMAGE,TO VEHICLE,STREET,false,false,414,4,8,43,14,41.75514556,-87.584161166,2023
13093500,JG284876,2023-05-29 03:00:00.000000 UTC,076XX S ESSEX AVE,ROBBERY,STRONG ARM - NO WEAPON,SIDEWALK,false,false,421,4,7,43,03,41.756751571,-87.56390413,2023
12941737,JG103825,2023-01-04 08:07:00.000000 UTC,077XX S SOUTH SHORE DR,ROBBERY,AGGRAVATED VEHICULAR HIJACKING,PARKING LOT / GARAGE (NON RESIDENTIAL),false,false,421,4,7,43,03,41.756164455,-87.552538628,2023
13292766,JG522610,2023-11-29 22:48:00.000000 UTC,075XX S COLES AVE,BATTERY,AGGRAVATED - KNIFE / CUTTING INSTRUMENT,RESIDENCE,false,false,421,4,7,43,04B,41.758645287,-87.557397863,2023
13302414,JG533167,2023-12-07 23:00:00.000000 UTC,077XX S KINGSTON AVE,BATTERY,AGGRAVATED - OTHER DANGEROUS WEAPON,APARTMENT,false,false,421,4,7,43,04B,41.754899052,-87.562658189,2023
13267415,JG492897,2023-11-05 19:55:00.000000 UTC,028XX E 76TH ST,BATTERY,SIMPLE,STREET,false,false,421,4,7,43,08B,41.758428464,-87.55617632,2023
12998016,JG170920,2023-03-01 22:00:00.000000 UTC,077XX S PHILLIPS AVE,BATTERY,SIMPLE,APARTMENT,false,false,421,4,7,43,08B,41.75438557,-87.565072175,2023
13118777,JG315194,2023-06-25 10:35:00.000000 UTC,077XX S ESSEX AVE,BATTERY,SIMPLE,APARTMENT,false,false,421,4,7,43,08B,41.754402149,-87.563858893,2023
13323491,JG559682,2023-12-30 10:30:00.000000 UTC,077XX S KINGSTON AVE,BATTERY,DOMESTIC BATTERY SIMPLE,APARTMENT,true,true,421,4,7,43,08B,41.754676733,-87.562653519,2023
13290865,JG520409,2023-11-28 10:15:00.000000 UTC,077XX S ESSEX AVE,BATTERY,"AGG. DOMESTIC BATTERY - HANDS, FISTS, FEET, SERIOUS INJURY",APARTMENT,false,true,421,4,7,43,04B,41.754586052,-87.563864027,2023
12998736,JG170767,2023-03-01 19:00:00.000000 UTC,078XX S ESSEX AVE,BATTERY,"AGG. DOMESTIC BATTERY - HANDS, FISTS, FEET, SERIOUS INJURY",APARTMENT,false,true,421,4,7,43,04B,41.752845913,-87.563826173,2023
13103558,JG297109,2023-06-11 16:30:00.000000 UTC,078XX S SOUTH SHORE DR,ASSAULT,AGGRAVATED - HANDGUN,STREET,false,false,421,4,7,46,04A,41.752960317,-87.549088551,2023
12993128,JG164993,2023-02-25 01:10:00.000000 UTC,077XX S SOUTH SHORE DR,ASSAULT,AGGRAVATED - KNIFE / CUTTING INSTRUMENT,APARTMENT,true,true,421,4,7,43,04A,41.756200377,-87.552574843,2023
13071279,JG258701,2023-05-13 01:02:00.000000 UTC,076XX S YATES BLVD,ASSAULT,SIMPLE,APARTMENT,true,true,421,4,7,43,08A,41.756507031,-87.566322303,2023
13111600,JG305515,2023-06-18 04:49:00.000000 UTC,075XX S KINGSTON AVE,ASSAULT,SIMPLE,APARTMENT,false,true,421,4,7,43,08A,41.758560412,-87.562728003,2023
13153385,JG356233,2023-07-26 00:55:00.000000 UTC,028XX E 77TH PL,THEFT,OVER $500,APARTMENT,false,false,421,4,7,43,06,41.754724423,-87.554667078,2023
13028406,JG207086,2023-04-01 11:00:00.000000 UTC,078XX S KINGSTON AVE,THEFT,$500 AND UNDER,APARTMENT,false,true,421,4,7,43,06,41.753120521,-87.562624493,2023
12964532,JG130690,2023-01-23 11:19:00.000000 UTC,077XX S KINGSTON AVE,THEFT,FROM BUILDING,APARTMENT,false,false,421,4,7,43,06,41.754879819,-87.562654754,2023
13184345,JG392980,2023-08-18 10:30:00.000000 UTC,077XX S YATES BLVD,THEFT,FROM BUILDING,APARTMENT,false,false,421,4,7,43,06,41.754462301,-87.56628801,2023
13087244,JG277351,2023-05-27 14:20:00.000000 UTC,076XX S SAGINAW AVE,CRIMINAL DAMAGE,CRIMINAL DEFACEMENT,STREET,false,false,421,4,7,43,14,41.756670534,-87.560009165,2023
13203763,JG416027,2023-09-06 11:00:00.000000 UTC,077XX S PHILLIPS AVE,CRIMINAL DAMAGE,TO PROPERTY,RESIDENCE - GARAGE,false,false,421,4,7,43,14,41.754476149,-87.56507476,2023
12946578,JG109393,2023-01-09 06:15:00.000000 UTC,024XX E 77TH ST,CRIMINAL DAMAGE,TO PROPERTY,APARTMENT,false,false,421,4,7,43,14,41.755379121,-87.56467917,2023
13141874,JG342332,2023-07-15 16:06:00.000000 UTC,030XX E CHELTENHAM PL,CRIMINAL DAMAGE,TO PROPERTY,APARTMENT,false,false,421,4,7,46,14,41.75310285,-87.550270556,2023
13222876,JG438495,2023-09-25 01:50:00.000000 UTC,027XX E 77TH ST,CRIMINAL DAMAGE,TO VEHICLE,RESIDENCE - YARD (FRONT / BACK),false,false,421,4,7,43,14,41.75546355,-87.558048238,2023
12945726,JG108469,2023-01-07 19:30:00.000000 UTC,078XX S SOUTH SHORE DR,CRIMINAL DAMAGE,TO VEHICLE,PARKING LOT / GARAGE (NON RESIDENTIAL),false,false,421,4,7,46,14,41.75286078,-87.548979818,2023
12996704,JG169440,2023-02-28 17:58:00.000000 UTC,077XX S SOUTH SHORE DR,CRIMINAL DAMAGE,TO VEHICLE,CHA PARKING LOT / GROUNDS,false,false,421,4,7,43,14,41.756310961,-87.552694448,2023
13009353,JG184502,2023-03-13 19:15:00.000000 UTC,028XX E 80TH ST,ROBBERY,ARMED - HANDGUN,STREET,false,false,422,4,7,46,03,41.750050263,-87.556196762,2023
13089019,JG279493,2023-05-26 20:50:00.000000 UTC,026XX E 79TH ST,ROBBERY,ARMED - HANDGUN,SMALL RETAIL STORE,false,false,422,4,7,46,03,41.751821289,-87.559590955,2023
13240285,JG459986,2023-10-11 16:30:00.000000 UTC,024XX E 79TH ST,ROBBERY,STRONG ARM - NO WEAPON,RESTAURANT,false,false,422,4,7,46,03,41.751732067,-87.565928387,2023
12972861,JG140662,2023-02-04 15:19:00.000000 UTC,080XX S BURNHAM AVE,BATTERY,SIMPLE,RESIDENCE,false,false,422,4,7,46,08B,41.749311271,-87.556487851,2023
13018216,JG194940,2023-03-22 13:30:00.000000 UTC,080XX S HOUSTON AVE,BATTERY,SIMPLE,RESIDENCE,false,false,422,4,7,46,08B,41.749802582,-87.550435265,2023
12972417,JG140112,2023-02-04 03:50:00.000000 UTC,079XX S BURNHAM AVE,BATTERY,"PROTECTED EMPLOYEE - HANDS, FISTS, FEET, NO / MINOR INJURY",CTA BUS,false,false,422,4,7,46,08B,41.751408165,-87.556524868,2023
13194016,JG404125,2023-08-30 14:00:00.000000 UTC,080XX S MANISTEE AVE,BATTERY,DOMESTIC BATTERY SIMPLE,RESIDENCE,true,true,422,4,7,46,08B,41.749165772,-87.557698925,2023
13157514,JG361255,2023-07-29 18:53:00.000000 UTC,030XX E 79TH ST,BATTERY,"AGG. DOMESTIC BATTERY - HANDS, FISTS, FEET, SERIOUS INJURY",APARTMENT,false,true,422,4,7,46,04B,41.751950586,-87.549918085,2023
13248477,JG469681,2023-10-18 13:30:00.000000 UTC,079XX S PHILLIPS AVE,THEFT,$500 AND UNDER,VEHICLE NON-COMMERCIAL,false,false,422,4,7,46,06,41.75126489,-87.56501044,2023
12944804,JG106495,2023-01-06 12:30:00.000000 UTC,079XX S ESSEX AVE,THEFT,$500 AND UNDER,APARTMENT,false,false,422,4,7,46,06,41.751061918,-87.563796175,2023
13318958,JG554553,2023-12-26 00:00:00.000000 UTC,080XX S BURNHAM AVE,CRIMINAL DAMAGE,TO PROPERTY,APARTMENT,false,true,422,4,7,46,14,41.749217947,-87.556485311,2023
13154268,JG356933,2023-07-20 19:30:00.000000 UTC,079XX S ESCANABA AVE,CRIMINAL DAMAGE,TO PROPERTY,APARTMENT,false,true,422,4,7,46,14,41.751015751,-87.55409623,2023
13286030,JG514766,2023-11-23 04:50:00.000000 UTC,089XX S SOUTH CHICAGO AVE,ROBBERY,AGGRAVATED VEHICULAR HIJACKING,GAS STATION,true,false,423,4,7,46,03,41.7335097,-87.560576484,2023
13010130,JG185204,2023-03-14 12:28:00.000000 UTC,083XX S COLFAX AVE,ROBBERY,AGGRAVATED VEHICULAR HIJACKING,STREET,false,false,423,4,7,46,03,41.743569319,-87.561243696,2023
13027143,JG205624,2023-03-31 08:15:00.000000 UTC,091XX S COMMERCIAL AVE,ROBBERY,AGGRAVATED,DRUG STORE,false,false,423,4,10,46,03,41.729170867,-87.551235346,2023
13147046,JG348518,2023-07-20 08:32:00.000000 UTC,091XX S SOUTH CHICAGO AVE,BATTERY,SIMPLE,APARTMENT,false,false,423,4,7,46,08B,41.729207502,-87.55460896,2023
13213603,JG427853,2023-09-17 11:40:00.000000 UTC,083XX S SAGINAW AVE,BATTERY,DOMESTIC BATTERY SIMPLE,RESIDENCE,false,true,423,4,7,46,08B,41.743605068,-87.560030387,2023
12952075,JG115696,2023-01-14 04:50:00.000000 UTC,084XX S MANISTEE AVE,BATTERY,DOMESTIC BATTERY SIMPLE,APARTMENT,false,true,423,4,7,46,08B,41.742081921,-87.557578989,2023
13079847,JG268013,2023-05-20 13:15:00.000000 UTC,028XX E 91ST ST,BATTERY,DOMESTIC BATTERY SIMPLE,APARTMENT,false,true,423,4,10,46,08B,41.730030812,-87.555016658,2023
13310666,JG544501,2023-12-17 13:00:00.000000 UTC,085XX S COLFAX AVE,BATTERY,AGGRAVATED DOMESTIC BATTERY - KNIFE / CUTTING INSTRUMENT,RESIDENCE - PORCH / HALLWAY,false,true,423,4,7,46,04B,41.740067229,-87.561190382,2023
13070814,JG257789,2023-05-12 04:30:00.000000 UTC,090XX S ESCANABA AVE,BATTERY,"AGG. DOMESTIC BATTERY - HANDS, FISTS, FEET, SERIOUS INJURY",APARTMENT,true,true,423,4,10,46,04B,41.730946294,-87.554042087,2023
13121296,JG318086,2023-06-26 17:00:00.000000 UTC,087XX S SAGINAW AVE,BATTERY,"AGG. DOMESTIC BATTERY - HANDS, FISTS, FEET, SERIOUS INJURY",RESIDENCE,false,true,423,4,7,46,04B,41.736522647,-87.559715992,2023
13069917,JG256775,2023-05-11 15:23:00.000000 UTC,087XX S COMMERCIAL AVE,ASSAULT,AGGRAVATED - HANDGUN,STREET,false,false,423,4,10,46,04A,41.736922044,-87.551419766,2023
12944903,JG106207,2023-01-06 08:30:00.000000 UTC,091XX S COMMERCIAL AVE,ASSAULT,SIMPLE,DRUG STORE,false,false,423,4,10,46,08A,41.729170867,-87.551235346,2023
12984325,JG153457,2023-02-15 00:00:00.000000 UTC,084XX S YATES BLVD,ASSAULT,SIMPLE,SCHOOL - PUBLIC BUILDING,false,false,423,4,7,46,08A,41.741820708,-87.566086719,2023
13118338,JG314662,2023-06-24 21:59:00.000000 UTC,088XX S EXCHANGE AVE,ASSAULT,SIMPLE,RESIDENCE,false,true,423,4,10,46,08A,41.734672535,-87.552751358,2023
13397059,JH186458,2023-12-04 09:00:00.000000 UTC,024XX E 82ND ST,THEFT,OVER $500,CONSTRUCTION SITE,false,false,423,4,7,46,06,41.746288473,-87.565271322,2023
13062432,JG247714,2023-05-04 06:00:00.000000 UTC,088XX S COLFAX AVE,THEFT,OVER $500,STREET,false,false,423,4,7,46,06,41.734877107,-87.561095007,2023
13093472,JG275996,2023-05-20 15:00:00.000000 UTC,028XX E 91ST ST,THEFT,OVER $500,STREET,false,false,423,4,10,46,06,41.730028217,-87.55503867,2023
13187230,JG396289,2023-08-24 18:30:00.000000 UTC,083XX S MANISTEE AVE,THEFT,OVER $500,APARTMENT,false,true,423,4,7,46,06,41.743747899,-87.557606571,2023
13246003,JG466815,2023-10-16 22:00:00.000000 UTC,088XX S SOUTH CHICAGO AVE,THEFT,$500 AND UNDER,STREET,false,false,423,4,7,46,06,41.73477289,-87.562330953,2023
12942808,JG104152,2023-01-04 06:00:00.000000 UTC,024XX E 82ND ST,THEFT,$500 AND UNDER,STREET,false,false,423,4,7,46,06,41.746288473,-87.565271322,2023
13000092,JG173332,2023-03-03 11:30:00.000000 UTC,090XX S COMMERCIAL AVE,THEFT,$500 AND UNDER,RESIDENCE,false,true,423,4,10,46,06,41.731127871,-87.551281215,2023
13064371,JG250117,2023-05-06 10:44:00.000000 UTC,085XX S MUSKEGON AVE,THEFT,$500 AND UNDER,APARTMENT,false,true,423,4,10,46,06,41.740015295,-87.555119611,2023
13090765,JG281474,2023-05-30 19:30:00.000000 UTC,083XX S BURNHAM AVE,THEFT,$500 AND UNDER,RESIDENCE,false,false,423,4,7,46,06,41.743896117,-87.556391901,2023
13138094,JG338214,2023-07-12 14:15:00.000000 UTC,087XX S KINGSTON AVE,THEFT,$500 AND UNDER,APARTMENT,false,false,423,4,7,46,06,41.736428238,-87.562410079,2023
13162783,JG367308,2023-08-03 09:37:00.000000 UTC,088XX S ESCANABA AVE,CRIMINAL DAMAGE,TO PROPERTY,RESIDENCE,false,false,423,4,10,46,14,41.734879558,-87.554141094,2023
13220868,JG436570,2023-09-23 19:00:00.000000 UTC,092XX S ANTHONY AVE,CRIMINAL DAMAGE,TO VEHICLE,STREET,false,false,423,4,7,48,14,41.726996315,-87.554716258,2023
12985494,JG155640,2023-02-17 06:12:00.000000 UTC,083XX S MANISTEE AVE,CRIMINAL DAMAGE,TO VEHICLE,STREET,false,false,423,4,7,46,14,41.743989402,-87.557607328,2023
13147725,JG349625,2023-07-20 22:30:00.000000 UTC,085XX S COMMERCIAL AVE,CRIMINAL DAMAGE,TO VEHICLE,STREET,false,false,423,4,10,46,14,41.739655744,-87.551474542,2023
13221856,JG437314,2023-09-24 15:10:00.000000 UTC,029XX E 83RD ST,ROBBERY,ARMED - HANDGUN,PARKING LOT / GARAGE (NON RESIDENTIAL),false,false,424,4,7,46,03,41.744647338,-87.552238463,2023
13065114,JG250298,2023-05-06 13:48:00.000000 UTC,092XX S COMMERCIAL AVE,ROBBERY,ATTEMPT ARMED - KNIFE / CUTTING INSTRUMENT,RESTAURANT,true,false,424,4,10,46,03,41.727707947,-87.551205466,2023
13067722,JG254326,2023-05-05 12:00:00.000000 UTC,083XX S MACKINAW AVE,BATTERY,SIMPLE,SCHOOL - PUBLIC GROUNDS,false,false,424,4,10,46,08B,41.74403284,-87.543041152,2023
13214953,JG429487,2023-09-18 14:00:00.000000 UTC,083XX S BURLEY AVE,BATTERY,DOMESTIC BATTERY SIMPLE,APARTMENT,false,true,424,4,10,46,08B,41.743945173,-87.545460671,2023
13265781,JG490740,2023-11-04 03:00:00.000000 UTC,083XX S BRANDON AVE,BATTERY,DOMESTIC BATTERY SIMPLE,APARTMENT,false,true,424,4,10,46,08B,41.743352355,-87.546655144,2023
13112605,JG307779,2023-06-19 20:45:00.000000 UTC,083XX S MACKINAW AVE,BATTERY,DOMESTIC BATTERY SIMPLE,APARTMENT,true,true,424,4,10,46,08B,41.74395875,-87.54304206,2023
13202165,JG414142,2023-09-06 19:48:00.000000 UTC,082XX S COLES AVE,BATTERY,DOMESTIC BATTERY SIMPLE,RESIDENCE,false,true,424,4,7,46,08B,41.745905086,-87.549141439,2023
13135942,JG335579,2023-07-10 12:45:00.000000 UTC,087XX S BURLEY AVE,BATTERY,AGGRAVATED DOMESTIC BATTERY - OTHER DANGEROUS WEAPON,APARTMENT,true,true,424,4,10,46,04B,41.736414501,-87.54581652,2023
13207957,JG421023,2023-09-12 09:20:00.000000 UTC,088XX S HOUSTON AVE,ASSAULT,AGGRAVATED - HANDGUN,SIDEWALK,false,true,424,4,10,46,04A,41.73491168,-87.54998596,2023
13231102,JG448502,2023-10-02 23:15:00.000000 UTC,084XX S BURLEY AVE,ASSAULT,AGGRAVATED - HANDGUN,RESIDENCE,true,true,424,4,10,46,04A,41.742369699,-87.545424968,2023
13281765,JG509546,2023-11-18 17:50:00.000000 UTC,083XX S HOUSTON AVE,ASSAULT,AGGRAVATED - HANDGUN,STREET,false,false,424,4,7,46,04A,41.744181372,-87.550305684,2023
13031737,JG206496,2023-03-31 19:40:00.000000 UTC,083XX S HOUSTON AVE,ASSAULT,AGGRAVATED - HANDGUN,APARTMENT,false,true,424,4,7,46,04A,41.744208813,-87.55030535,2023
13155991,JG359195,2023-07-28 08:51:00.000000 UTC,089XX S BRANDON AVE,ASSAULT,AGGRAVATED - HANDGUN,STREET,false,false,424,4,10,46,04A,41.73285498,-87.546995742,2023
13126644,JG324524,2023-07-02 04:00:00.000000 UTC,032XX E 91ST ST,ASSAULT,SIMPLE,APARTMENT,false,false,424,4,10,46,08A,41.73014941,-87.545039445,2023
13138441,JG338533,2023-07-12 20:11:00.000000 UTC,084XX S BRANDON AVE,ASSAULT,SIMPLE,APARTMENT,false,false,424,4,10,46,08A,41.742457587,-87.546636752,2023
13141857,JG342497,2023-07-15 16:30:00.000000 UTC,083XX S BRANDON AVE,ASSAULT,SIMPLE,RESIDENCE,false,false,424,4,10,46,08A,41.743341379,-87.546655278,2023
13146017,JG347586,2023-07-14 15:00:00.000000 UTC,087XX S BURLEY AVE,THEFT,$500 AND UNDER,APARTMENT,false,false,424,4,10,46,06,41.736601148,-87.545821567,2023
13147024,JG347468,2023-07-18 08:00:00.000000 UTC,083XX S BUFFALO AVE,THEFT,$500 AND UNDER,APARTMENT,false,false,424,4,10,46,06,41.74375846,-87.544246407,2023
13288387,JG517498,2023-11-22 13:00:00.000000 UTC,088XX S BURLEY AVE,THEFT,FROM BUILDING,APARTMENT,false,false,424,4,10,46,06,41.734866441,-87.54577681,2023
12965546,JG131813,2023-01-27 17:25:00.000000 UTC,083XX S MACKINAW AVE,CRIMINAL DAMAGE,TO PROPERTY,APARTMENT,false,true,424,4,10,46,14,41.744126163,-87.543043672,2023
13213328,JG427624,2023-09-16 21:30:00.000000 UTC,092XX S HOUSTON AVE,CRIMINAL DAMAGE,TO VEHICLE,STREET,false,false,424,4,10,46,14,41.727470605,-87.549801609,2023
13274955,JG501547,2023-11-12 16:00:00.000000 UTC,030XX E 87TH ST,CRIMINAL DAMAGE,TO VEHICLE,STREET,false,false,424,4,10,46,14,41.737384971,-87.550890208,2023
13011704,JG187319,2023-03-16 03:50:00.000000 UTC,087XX S BURLEY AVE,CRIMINAL DAMAGE,TO VEHICLE,CTA BUS,false,false,424,4,10,46,14,41.736993626,-87.545827764,2023
12967220,JG133190,2023-01-28 21:00:00.000000 UTC,100XX S COMMERCIAL AVE,BATTERY,AGGRAVATED - OTHER DANGEROUS WEAPON,SIDEWALK,false,false,431,4,10,51,04B,41.712682679,-87.551182542,2023
12963572,JG129411,2023-01-25 18:00:00.000000 UTC,099XX S COMMERCIAL AVE,BATTERY,SIMPLE,VACANT LOT / LAND,false,false,431,4,10,51,08B,41.714942512,-87.550964686,2023
13268482,JG493906,2023-11-06 15:30:00.000000 UTC,029XX E 100TH ST,BATTERY,DOMESTIC BATTERY SIMPLE,STREET,false,true,431,4,10,51,08B,41.713385963,-87.551291218,2023
13289025,JG518160,2023-11-26 13:00:00.000000 UTC,022XX E 102ND ST,BATTERY,DOMESTIC BATTERY SIMPLE,SIDEWALK,false,true,431,4,7,51,08B,41.709830624,-87.568609726,2023
12963847,JG125806,2023-01-22 18:44:00.000000 UTC,101XX S COMMERCIAL AVE,BATTERY,DOMESTIC BATTERY SIMPLE,RESIDENCE,false,true,431,4,10,51,08B,41.711388138,-87.551699993,2023
13158504,JG362530,2023-07-30 17:55:00.000000 UTC,098XX S MERRILL AVE,BATTERY,DOMESTIC BATTERY SIMPLE,SIDEWALK,false,true,431,4,7,51,08B,41.716174486,-87.57093728,2023
12938691,JG100390,2023-01-01 06:00:00.000000 UTC,098XX S MERRILL AVE,ASSAULT,AGGRAVATED - HANDGUN,STREET,false,true,431,4,7,51,04A,41.716561501,-87.570947357,2023
13263479,JG487785,2023-11-01 19:45:00.000000 UTC,016XX E 95TH ST,ASSAULT,SIMPLE,DEPARTMENT STORE,false,false,431,4,7,51,08A,41.722362598,-87.58382047,2023
13269123,JG495038,2023-11-07 12:10:00.000000 UTC,016XX E 95TH ST,THEFT,$500 AND UNDER,GROCERY FOOD STORE,false,false,431,4,7,51,06,41.722362598,-87.58382047,2023
13319741,JG555488,2023-12-26 17:45:00.000000 UTC,025XX E 95TH ST,THEFT,$500 AND UNDER,PARKING LOT / GARAGE (NON RESIDENTIAL),false,false,431,4,7,51,06,41.72263777,-87.561545615,2023
12989726,JG160684,2023-02-13 13:14:00.000000 UTC,099XX S PAXTON AVE,THEFT,$500 AND UNDER,RESIDENCE - PORCH / HALLWAY,false,false,431,4,7,51,06,41.714342285,-87.569435278,2023
13052773,JG236119,2023-04-24 12:30:00.000000 UTC,016XX E 95TH ST,THEFT,$500 AND UNDER,PARKING LOT / GARAGE (NON RESIDENTIAL),false,false,431,4,7,51,06,41.722354607,-87.584278449,2023
13095908,JG288022,2023-06-01 17:00:00.000000 UTC,100XX S LUELLA AVE,THEFT,$500 AND UNDER,RESIDENCE,false,false,431,4,7,51,06,41.712522821,-87.568200575,2023
13175619,JG382318,2023-08-14 11:55:00.000000 UTC,099XX S PAXTON AVE,CRIMINAL DAMAGE,TO PROPERTY,RESIDENCE,false,false,431,4,7,51,14,41.714583814,-87.569439744,2023
13176048,JG379348,2023-08-12 03:08:00.000000 UTC,102XX S VAN VLISSINGEN RD,CRIMINAL DAMAGE,TO PROPERTY,RESIDENCE,false,true,431,4,7,51,14,41.709275374,-87.56888732,2023
13004593,JG178496,2023-03-08 14:45:00.000000 UTC,097XX S LUELLA AVE,CRIMINAL DAMAGE,TO VEHICLE,STREET,false,false,431,4,7,51,14,41.717450319,-87.568830738,2023
13076758,JG265248,2023-05-17 12:00:00.000000 UTC,099XX S HOXIE AVE,CRIMINAL DAMAGE,TO VEHICLE,STREET,false,false,431,4,7,51,14,41.714628918,-87.560996811,2023
13174811,JG381546,2023-08-13 19:14:00.000000 UTC,096XX S WALTON DR,BATTERY,SIMPLE,PARK PROPERTY,false,false,432,4,10,52,08B,41.721219463,-87.526071605,2023
13266945,JG492320,2023-11-05 09:59:00.000000 UTC,104XX S EWING AVE,BATTERY,DOMESTIC BATTERY SIMPLE,RESIDENCE,false,true,432,4,10,52,08B,41.705449125,-87.535285056,2023
13302770,JG534933,2023-12-09 16:15:00.000000 UTC,104XX S EWING AVE,BATTERY,DOMESTIC BATTERY SIMPLE,RESIDENCE,false,true,432,4,10,52,08B,41.705449125,-87.535285056,2023
13086516,JG275435,2023-05-26 04:31:00.000000 UTC,107XX S AVENUE H,BATTERY,DOMESTIC BATTERY SIMPLE,RESIDENCE,false,true,432,4,10,52,08B,41.700174169,-87.532863903,2023
13148692,JG350720,2023-07-21 18:18:00.000000 UTC,097XX S AVENUE M,BATTERY,DOMESTIC BATTERY SIMPLE,STREET,false,true,432,4,10,52,08B,41.719058484,-87.5377027,2023
13319115,JG554576,2023-12-26 00:50:00.000000 UTC,105XX S AVENUE G,ASSAULT,AGGRAVATED - OTHER FIREARM,STREET,false,false,432,4,10,52,04A,41.703662013,-87.531656121,2023
12991858,JG163259,2023-02-23 15:50:00.000000 UTC,107XX S AVENUE M,ASSAULT,AGGRAVATED - KNIFE / CUTTING INSTRUMENT,RESIDENCE,false,true,432,4,10,52,04A,41.700441032,-87.537701543,2023
13203780,JG415913,2023-09-08 08:15:00.000000 UTC,036XX E 106TH ST,ASSAULT,SIMPLE,DRUG STORE,false,false,432,4,10,52,08A,41.702737032,-87.535974085,2023
13191515,JG401533,2023-08-28 16:00:00.000000 UTC,105XX S AVENUE O,ASSAULT,SIMPLE,RESIDENCE,false,false,432,4,10,52,08A,41.703899026,-87.540105151,2023
13282206,JG510186,2023-11-18 23:00:00.000000 UTC,035XX E 106TH ST,THEFT,OVER $500,STREET,false,true,432,4,10,52,06,41.70274621,-87.53809059,2023
12999103,JG172167,2023-03-02 15:30:00.000000 UTC,106XX S EWING AVE,THEFT,OVER $500,STREET,false,false,432,4,10,52,06,41.702114759,-87.535282344,2023
13155436,JG358544,2023-07-23 23:30:00.000000 UTC,034XX E 106TH ST,THEFT,OVER $500,STREET,false,false,432,4,10,52,06,41.702755544,-87.541031036,2023
13229028,JG446265,2023-10-01 02:30:00.000000 UTC,105XX S EWING AVE,THEFT,$500 AND UNDER,ALLEY,false,false,432,4,10,52,06,41.703640622,-87.535285448,2023
13092945,JG283239,2023-04-12 16:35:00.000000 UTC,097XX S AVENUE M,THEFT,$500 AND UNDER,APARTMENT,false,false,432,4,10,52,06,41.71881698,-87.537702016,2023
13124992,JG322641,2023-06-22 16:00:00.000000 UTC,109XX S AVENUE D,THEFT,$500 AND UNDER,STREET,false,false,432,4,10,52,06,41.696744281,-87.528223215,2023
13169154,JG375037,2023-07-31 14:00:00.000000 UTC,109XX S AVENUE G,THEFT,$500 AND UNDER,RESIDENCE - PORCH / HALLWAY,false,false,432,4,10,52,06,41.696318234,-87.531659451,2023
13203344,JG414929,2023-09-05 20:35:00.000000 UTC,109XX S AVENUE M,THEFT,FROM BUILDING,RESIDENCE,false,false,432,4,10,52,06,41.696382171,-87.537700309,2023
12979454,JG148452,2023-02-11 05:45:00.000000 UTC,107XX S MACKINAW AVE,CRIMINAL DAMAGE,TO PROPERTY,RESIDENCE,false,false,432,4,10,52,14,41.700109555,-87.54255754,2023
13211618,JG425412,2023-09-12 13:00:00.000000 UTC,105XX S EWING AVE,CRIMINAL DAMAGE,TO VEHICLE,PARKING LOT / GARAGE (NON RESIDENTIAL),false,false,432,4,10,52,14,41.703769594,-87.535283853,2023
13117594,JG313734,2023-06-24 06:11:00.000000 UTC,096XX S AVENUE J,CRIMINAL DAMAGE,TO VEHICLE,STREET,false,true,432,4,10,52,14,41.720564667,-87.534079748,2023
12995836,JG167089,2023-02-26 19:30:00.000000 UTC,039XX E 134TH ST,ROBBERY,ARMED - HANDGUN,STREET,false,false,433,4,10,55,03,41.651782471,-87.528413784,2023
12950382,JG113905,2023-01-12 13:30:00.000000 UTC,128XX S ESCANABA AVE,BATTERY,SIMPLE,SCHOOL - PUBLIC GROUNDS,false,false,433,4,10,55,08B,41.662283069,-87.553198089,2023
13303711,JG535969,2023-12-10 01:30:00.000000 UTC,131XX S BALTIMORE AVE,BATTERY,DOMESTIC BATTERY SIMPLE,RESIDENCE,false,true,433,4,10,55,08B,41.656635079,-87.547136833,2023
13305273,JG537931,2023-12-12 08:00:00.000000 UTC,126XX S SAGINAW AVE,BATTERY,DOMESTIC BATTERY SIMPLE,RESIDENCE,false,true,433,4,10,55,08B,41.665460908,-87.558049296,2023
13027729,JG206404,2023-03-31 15:10:00.000000 UTC,111XX S GREEN BAY AVE,ASSAULT,SIMPLE,RESIDENCE,false,true,433,4,10,52,08A,41.693020672,-87.541318941,2023
13125345,JG322906,2023-06-30 21:15:00.000000 UTC,032XX E 133RD ST,ASSAULT,SIMPLE,STREET,false,false,433,4,10,55,08A,41.653675221,-87.545321278,2023
13284720,JG513284,2023-11-21 19:20:00.000000 UTC,111XX S AVENUE B,THEFT,$500 AND UNDER,STREET,false,false,433,4,10,52,06,41.693055513,-87.52581973,2023
12997134,JG169830,2023-02-28 17:30:00.000000 UTC,111XX S AVENUE O,THEFT,$500 AND UNDER,STREET,false,false,433,4,10,52,06,41.693223634,-87.54010818,2023
13123389,JG320570,2023-06-29 09:06:00.000000 UTC,036XX E 111TH ST,THEFT,RETAIL THEFT,SMALL RETAIL STORE,false,false,433,4,10,52,06,41.693664294,-87.535972646,2023
13011633,JG187245,2023-03-15 22:05:00.000000 UTC,034XX E 126TH ST,CRIMINAL DAMAGE,TO VEHICLE,PARKING LOT / GARAGE (NON RESIDENTIAL),false,false,433,4,10,55,14,41.66614306,-87.540576095,2023
13071351,JG258737,2023-05-13 03:13:00.000000 UTC,111XX S AVENUE O,CRIMINAL DAMAGE,TO VEHICLE,STREET,false,false,433,4,10,52,14,41.693223634,-87.54010818,2023
13073782,JG261733,2023-05-12 09:00:00.000000 UTC,040XX E 134TH ST,CRIMINAL DAMAGE,TO VEHICLE,PARKING LOT / GARAGE (NON RESIDENTIAL),false,false,433,4,10,55,14,41.651431329,-87.527258234,2023
13065740,JG251903,2023-05-07 23:30:00.000000 UTC,106XX S YATES AVE,BATTERY,DOMESTIC BATTERY SIMPLE,CHA APARTMENT,false,true,434,4,10,51,08B,41.701874148,-87.563983789,2023
13095589,JG287546,2023-06-04 09:27:00.000000 UTC,026XX E 130TH ST,ASSAULT,SIMPLE,STREET,false,false,434,4,10,51,08A,41.659173906,-87.559720251,2023
12945817,JG107438,2023-01-06 19:00:00.000000 UTC,107XX S TORRENCE AVE,THEFT,OVER $500,PARKING LOT / GARAGE (NON RESIDENTIAL),false,false,434,4,10,51,06,41.700022219,-87.559560419,2023
13025126,JG203248,2023-03-28 23:40:00.000000 UTC,106XX S BENSLEY AVE,THEFT,$500 AND UNDER,STREET,false,false,434,4,10,51,06,41.701962322,-87.563217395,2023
13301130,JG532766,2023-12-07 22:40:00.000000 UTC,025XX E 107TH ST,CRIMINAL DAMAGE,TO PROPERTY,RESIDENCE,false,false,434,4,10,51,14,41.700963071,-87.561533873,2023
13179591,JG387209,2023-08-18 03:00:00.000000 UTC,108XX S TORRENCE AVE,CRIMINAL DAMAGE,TO VEHICLE,STREET,false,false,434,4,10,51,14,41.698721293,-87.559543058,2023
13309977,JG537742,2023-12-09 00:05:00.000000 UTC,0000X W 95TH ST,ROBBERY,ARMED - HANDGUN,STREET,false,false,511,5,9,49,03,41.721623049,-87.624701342,2023
13082842,JG272595,2023-05-23 20:41:00.000000 UTC,0000X W 95TH ST,BATTERY,AGGRAVATED - OTHER DANGEROUS WEAPON,CTA PLATFORM,false,false,511,5,9,49,04B,41.721623049,-87.624701342,2023
12948296,JG111380,2023-01-10 14:08:00.000000 UTC,096XX S MICHIGAN AVE,BATTERY,SIMPLE,SCHOOL - PUBLIC BUILDING,false,false,511,5,9,49,08B,41.71902307,-87.620528559,2023
13095741,JG287608,2023-06-04 08:30:00.000000 UTC,099XX S YALE AVE,BATTERY,SIMPLE,RESIDENCE,false,false,511,5,9,49,08B,41.713692361,-87.62967803,2023
13115826,JG311689,2023-06-22 13:00:00.000000 UTC,097XX S DOBSON AVE,BATTERY,DOMESTIC BATTERY SIMPLE,RESIDENCE - YARD (FRONT / BACK),false,true,511,5,8,50,08B,41.718007495,-87.598284353,2023
13112460,JG307513,2023-06-19 16:46:00.000000 UTC,098XX S INDIANA AVE,BATTERY,AGGRAVATED DOMESTIC BATTERY - OTHER DANGEROUS WEAPON,VEHICLE NON-COMMERCIAL,false,true,511,5,9,49,04B,41.715609771,-87.618863117,2023
13115040,JG310676,2023-06-22 02:25:00.000000 UTC,098XX S DREXEL AVE,BATTERY,"AGG. DOMESTIC BATTERY - HANDS, FISTS, FEET, SERIOUS INJURY",STREET,false,true,511,5,8,50,04B,41.715634363,-87.601834918,2023
13237277,JG456123,2023-10-08 20:57:00.000000 UTC,099XX S CALUMET AVE,ASSAULT,AGGRAVATED - HANDGUN,STREET,false,false,511,5,9,49,04A,41.714395692,-87.615166311,2023
13078771,JG267687,2023-05-20 08:22:00.000000 UTC,100XX S STATE ST,ASSAULT,SIMPLE,RESIDENCE,true,false,511,5,9,49,08A,41.712063397,-87.623619698,2023
13289090,JG518275,2023-11-26 15:05:00.000000 UTC,0000X E 100TH ST,THEFT,OVER $500,RESIDENCE,false,true,511,5,9,49,06,41.712655533,-87.621741627,2023
13067087,JG253488,2023-04-30 09:00:00.000000 UTC,097XX S DORCHESTER AVE,THEFT,OVER $500,CHA PARKING LOT / GROUNDS,false,false,511,5,8,50,06,41.717197161,-87.590484509,2023
13025508,JG203642,2023-03-29 13:37:00.000000 UTC,101XX S PRAIRIE AVE,THEFT,$500 AND UNDER,PARKING LOT / GARAGE (NON RESIDENTIAL),false,false,511,5,9,49,06,41.710315707,-87.617497067,2023
13246254,JG465737,2023-10-16 11:05:00.000000 UTC,096XX S MICHIGAN AVE,CRIMINAL DAMAGE,TO PROPERTY,SCHOOL - PUBLIC BUILDING,false,false,511,5,9,49,14,41.71902307,-87.620528559,2023
13259780,JG483213,2023-10-29 08:30:00.000000 UTC,012XX E 96TH ST,CRIMINAL DAMAGE,TO PROPERTY,RESIDENCE,false,false,511,5,8,50,14,41.720377881,-87.593044927,2023
12971211,JG138317,2023-02-02 12:30:00.000000 UTC,098XX S STATE ST,CRIMINAL DAMAGE,TO PROPERTY,CTA PARKING LOT / GARAGE / OTHER PROPERTY,false,false,511,5,21,49,14,41.716517432,-87.622731926,2023
13015848,JG191000,2023-03-19 10:00:00.000000 UTC,097XX S INGLESIDE AVE,CRIMINAL DAMAGE,TO PROPERTY,RESIDENCE - GARAGE,false,false,511,5,8,50,14,41.717685336,-87.600694499,2023
13074847,JG263090,2023-05-10 00:00:00.000000 UTC,096XX S GREENWOOD AVE,CRIMINAL DAMAGE,TO PROPERTY,RESIDENCE,false,false,511,5,8,50,14,41.719759229,-87.597132542,2023
13094268,JG285941,2023-06-02 18:00:00.000000 UTC,009XX E 101ST ST,CRIMINAL DAMAGE,TO PROPERTY,APARTMENT,false,false,511,5,8,50,14,41.710684764,-87.599433549,2023
13184352,JG392784,2023-08-22 09:08:00.000000 UTC,102XX S YALE AVE,CRIMINAL DAMAGE,TO PROPERTY,RESIDENCE,false,true,511,5,9,49,14,41.708274241,-87.629543015,2023
13205711,JG418326,2023-09-10 01:40:00.000000 UTC,101XX S WENTWORTH AVE,CRIMINAL DAMAGE,TO VEHICLE,STREET,false,false,511,5,9,49,14,41.709963138,-87.628385591,2023
13276594,JG503404,2023-11-14 00:01:00.000000 UTC,099XX S WENTWORTH AVE,CRIMINAL DAMAGE,TO VEHICLE,STREET,false,false,511,5,9,49,14,41.713673977,-87.628469573,2023
13307311,JG540358,2023-12-13 23:30:00.000000 UTC,098XX S INDIANA AVE,CRIMINAL DAMAGE,TO VEHICLE,STREET,false,false,511,5,9,49,14,41.715777209,-87.618868588,2023
13008576,JG183580,2023-03-12 20:00:00.000000 UTC,003XX E 103RD ST,CRIMINAL DAMAGE,TO VEHICLE,VEHICLE NON-COMMERCIAL,false,false,511,5,9,49,14,41.707298473,-87.614663009,2023
13109981,JG304588,2023-06-17 02:00:00.000000 UTC,0000X E 101ST ST,CRIMINAL DAMAGE,TO VEHICLE,STREET,false,false,511,5,9,49,14,41.710843655,-87.621197595,2023
13036089,JG216024,2023-04-08 20:30:00.000000 UTC,001XX W 106TH PL,BATTERY,AGGRAVATED - OTHER DANGEROUS WEAPON,RESIDENCE,false,false,512,5,34,49,04B,41.700750492,-87.626160937,2023
13226788,JG443575,2023-09-29 09:00:00.000000 UTC,010XX E 103RD ST,BATTERY,SIMPLE,FACTORY / MANUFACTURING BUILDING,false,false,512,5,9,50,08B,41.707563083,-87.599216358,2023
13063006,JG248540,2023-05-05 02:56:00.000000 UTC,0000X W 103RD ST,BATTERY,SIMPLE,RESIDENCE - PORCH / HALLWAY,true,false,512,5,9,49,08B,41.707139627,-87.625325518,2023
13064999,JG251000,2023-05-07 03:31:00.000000 UTC,103XX S MICHIGAN AVE,BATTERY,SIMPLE,PARKING LOT / GARAGE (NON RESIDENTIAL),false,false,512,5,9,49,08B,41.706987456,-87.620244029,2023
13288805,JG517927,2023-11-26 09:15:00.000000 UTC,007XX E 103RD PL,BATTERY,DOMESTIC BATTERY SIMPLE,RESIDENCE,false,true,512,5,9,50,08B,41.706523609,-87.605787165,2023
13054817,JG237420,2023-04-25 22:44:00.000000 UTC,009XX E 104TH ST,BATTERY,DOMESTIC BATTERY SIMPLE,APARTMENT,false,true,512,5,9,50,08B,41.705677782,-87.600944364,2023
13214795,JG429382,2023-09-18 15:00:00.000000 UTC,001XX W 105TH ST,ASSAULT,AGGRAVATED - HANDGUN,STREET,false,false,512,5,9,49,04A,41.703469224,-87.627354261,2023
13221479,JG437330,2023-09-24 12:00:00.000000 UTC,0000X W 103RD PL,ASSAULT,SIMPLE,RESIDENCE,false,true,512,5,9,49,08A,41.706239439,-87.624427175,2023
13075311,JG263423,2023-05-16 20:40:00.000000 UTC,003XX W 105TH ST,ASSAULT,SIMPLE,STREET,false,true,512,5,21,49,08A,41.703416219,-87.63169433,2023
13218148,JG431811,2023-09-20 12:20:00.000000 UTC,103XX S WOODLAWN AVE,THEFT,OVER $500,PARKING LOT / GARAGE (NON RESIDENTIAL),false,false,512,5,9,50,06,41.70661765,-87.594290476,2023
13293319,JG523133,2023-11-30 06:00:00.000000 UTC,008XX E 103RD ST,THEFT,OVER $500,SCHOOL - PUBLIC GROUNDS,false,false,512,5,9,50,06,41.707519433,-87.601839023,2023
12985402,JG155664,2023-02-10 00:00:00.000000 UTC,105XX S PRAIRIE AVE,THEFT,OVER $500,RESIDENCE - YARD (FRONT / BACK),false,false,512,5,9,49,06,41.702652305,-87.617296438,2023
13096295,JG288317,2023-06-04 22:12:00.000000 UTC,105XX S EDBROOKE AVE,THEFT,OVER $500,RESIDENCE,true,true,512,5,9,49,06,41.702623181,-87.619673379,2023
13162796,JG367348,2023-08-03 00:01:00.000000 UTC,106XX S FOREST AVE,THEFT,OVER $500,STREET,false,false,512,5,9,49,06,41.701140571,-87.616038873,2023
13258767,JG481944,2023-10-28 10:16:00.000000 UTC,103XX S MICHIGAN AVE,THEFT,$500 AND UNDER,DRUG STORE,false,false,512,5,9,49,06,41.706987456,-87.620244029,2023
13186101,JG395074,2023-08-23 21:50:00.000000 UTC,002XX W 106TH PL,THEFT,$500 AND UNDER,RESIDENCE,false,false,512,5,21,49,06,41.700711571,-87.629208032,2023
13026357,JG204614,2023-03-30 12:00:00.000000 UTC,106XX S PERRY AVE,CRIMINAL DAMAGE,TO PROPERTY,APARTMENT,false,true,512,5,34,49,14,41.701101871,-87.625732308,2023
13085961,JG275853,2023-05-26 11:45:00.000000 UTC,002XX W 104TH PL,CRIMINAL DAMAGE,TO PROPERTY,RESIDENCE,false,true,512,5,21,49,14,41.704358268,-87.629124301,2023
13030699,JG209556,2023-04-03 06:45:00.000000 UTC,105XX S EDBROOKE AVE,CRIMINAL DAMAGE,TO VEHICLE,ALLEY,false,false,512,5,9,49,14,41.70276311,-87.61966817,2023
13199450,JG411068,2023-09-04 11:30:00.000000 UTC,105XX S WOODLAWN AVE,CRIMINAL DAMAGE,TO VEHICLE,PARKING LOT / GARAGE (NON RESIDENTIAL),false,false,512,5,9,50,14,41.703354066,-87.59419968,2023
12952983,JG116971,2023-01-15 10:30:00.000000 UTC,109XX S EDBROOKE AVE,BATTERY,DOMESTIC BATTERY SIMPLE,APARTMENT,false,true,513,5,9,49,08B,41.695739698,-87.619559079,2023
13113298,JG287804,2023-06-04 13:41:00.000000 UTC,110XX S VERNON AVE,BATTERY,DOMESTIC BATTERY SIMPLE,APARTMENT,true,true,513,5,9,49,08B,41.693879672,-87.612187129,2023
13013002,JG188632,2023-03-16 06:54:00.000000 UTC,002XX W 110TH PL,ASSAULT,AGGRAVATED - HANDGUN,RESIDENCE,false,true,513,5,34,49,04A,41.693426342,-87.628917688,2023
13061529,JG246885,2023-05-03 15:59:00.000000 UTC,0000X W 111TH ST,ASSAULT,AGGRAVATED - OTHER DANGEROUS WEAPON,GAS STATION,true,false,513,5,9,49,04A,41.692576964,-87.623786349,2023
13245757,JG466099,2023-10-16 16:00:00.000000 UTC,110XX S WENTWORTH AVE,ASSAULT,SIMPLE,GROCERY FOOD STORE,false,false,513,5,9,49,08A,41.693022265,-87.627915204,2023
13028223,JG206979,2023-03-31 10:45:00.000000 UTC,107XX S MICHIGAN AVE,ASSAULT,SIMPLE,STREET,false,false,513,5,9,49,08A,41.699450245,-87.620920514,2023
13149366,JG351511,2023-07-22 11:40:00.000000 UTC,001XX W 111TH ST,ASSAULT,SIMPLE,SMALL RETAIL STORE,false,false,513,5,9,49,08A,41.692544152,-87.626477837,2023
13234288,JG452206,2023-09-30 23:40:00.000000 UTC,107XX S VERNON AVE,THEFT,$500 AND UNDER,STREET,false,false,513,5,9,49,06,41.699404928,-87.612334124,2023
12974604,JG142747,2023-02-05 18:00:00.000000 UTC,109XX S VERNON AVE,THEFT,$500 AND UNDER,VEHICLE NON-COMMERCIAL,false,true,513,5,9,49,06,41.695693983,-87.612236432,2023
13227966,JG444903,2023-09-30 11:00:00.000000 UTC,110XX S MICHIGAN AVE,THEFT,RETAIL THEFT,SMALL RETAIL STORE,false,false,513,5,9,49,06,41.693421344,-87.620983384,2023
13260516,JG484224,2023-10-30 08:48:00.000000 UTC,110XX S MICHIGAN AVE,THEFT,RETAIL THEFT,SMALL RETAIL STORE,false,false,513,5,9,49,06,41.693421344,-87.620983384,2023
13294577,JG524697,2023-09-20 14:51:00.000000 UTC,110XX S MICHIGAN AVE,THEFT,RETAIL THEFT,CONVENIENCE STORE,true,false,513,5,9,49,06,41.693421344,-87.620983384,2023
13296272,JG527068,2023-12-03 11:20:00.000000 UTC,109XX S DOTY AVE W,THEFT,RETAIL THEFT,DEPARTMENT STORE,true,false,513,5,9,50,06,41.695982095,-87.596653142,2023
13297863,JG528698,2023-12-04 17:45:00.000000 UTC,110XX S WENTWORTH AVE,THEFT,RETAIL THEFT,CONVENIENCE STORE,false,false,513,5,9,49,06,41.693022265,-87.627915204,2023
13033666,JG213362,2023-04-06 15:00:00.000000 UTC,107XX S PRAIRIE AVE,THEFT,RETAIL THEFT,RESIDENCE - GARAGE,false,false,513,5,9,49,06,41.699020922,-87.617193914,2023
13188901,JG398193,2023-08-26 08:25:00.000000 UTC,110XX S MICHIGAN AVE,THEFT,RETAIL THEFT,DEPARTMENT STORE,false,false,513,5,9,49,06,41.693421344,-87.620983384,2023
12955347,JG119818,2023-01-11 12:00:00.000000 UTC,109XX S DOTY AVE W,THEFT,FROM COIN-OPERATED MACHINE OR DEVICE,CONVENIENCE STORE,false,false,513,5,9,50,06,41.695982095,-87.596653142,2023
13253634,JG475769,2023-10-23 22:48:00.000000 UTC,002XX W 107TH PL,CRIMINAL DAMAGE,TO PROPERTY,APARTMENT,false,true,513,5,21,49,14,41.698889033,-87.629158341,2023
12951398,JG115144,2023-01-13 08:00:00.000000 UTC,109XX S EDBROOKE AVE,CRIMINAL DAMAGE,TO PROPERTY,APARTMENT,false,true,513,5,9,49,14,41.695627165,-87.619556662,2023
13040465,JG221292,2023-04-13 03:27:00.000000 UTC,0000X E 108TH ST,CRIMINAL DAMAGE,TO PROPERTY,STREET,false,false,513,5,9,49,14,41.698072053,-87.621719331,2023
13002763,JG176560,2023-03-06 21:30:00.000000 UTC,118XX S LA SALLE ST,ROBBERY,VEHICULAR HIJACKING,STREET,true,false,522,5,34,53,03,41.67934848,-87.626329408,2023
13275664,JG502189,2023-10-07 08:00:00.000000 UTC,118XX S STATE ST,BATTERY,SIMPLE,RESIDENCE,false,false,522,5,9,53,08B,41.679197087,-87.622696048,2023
12977687,JG146152,2023-01-27 16:30:00.000000 UTC,114XX S YALE AVE,BATTERY,SIMPLE,RESIDENCE,false,true,522,5,34,49,08B,41.686332268,-87.628921856,2023
12953186,JG117199,2023-01-15 14:20:00.000000 UTC,003XX W 115TH ST,BATTERY,DOMESTIC BATTERY SIMPLE,RESIDENCE,true,true,522,5,34,53,08B,41.6852276,-87.63047884,2023
13178879,JG384810,2023-08-16 10:59:00.000000 UTC,002XX W 112TH ST,BATTERY,DOMESTIC BATTERY SIMPLE,RESIDENCE,false,true,522,5,9,49,08B,41.690702351,-87.628654503,2023
13249832,JG471148,2023-10-20 10:35:00.000000 UTC,0000X W 111TH ST,ASSAULT,AGGRAVATED - HANDGUN,SIDEWALK,false,false,522,5,9,49,04A,41.692569761,-87.624397882,2023
12942735,JG105006,2023-01-04 21:00:00.000000 UTC,0000X W 114TH ST,ASSAULT,AGGRAVATED - OTHER DANGEROUS WEAPON,APARTMENT,false,false,522,5,34,49,04A,41.687126999,-87.623831592,2023
13260729,JG484535,2023-10-16 16:00:00.000000 UTC,116XX S YALE AVE,THEFT,$500 AND UNDER,DRIVEWAY - RESIDENTIAL,false,false,522,5,9,53,06,41.682969851,-87.628823078,2023
12954972,JG119271,2023-01-15 10:30:00.000000 UTC,0000X W 111TH PL,CRIMINAL DAMAGE,TO PROPERTY,OTHER (SPECIFY),false,false,522,5,34,49,14,41.691659924,-87.624605585,2023
13007368,JG182025,2023-03-11 09:30:00.000000 UTC,0000X W 114TH PL,CRIMINAL DAMAGE,TO PROPERTY,RESIDENCE,false,false,522,5,34,49,14,41.686215186,-87.624163781,2023
13080111,JG269300,2023-05-21 10:00:00.000000 UTC,002XX W 112TH PL,CRIMINAL DAMAGE,TO PROPERTY,RESIDENCE,false,false,522,5,9,49,14,41.689798696,-87.628528899,2023
13176614,JG383573,2023-08-15 12:49:00.000000 UTC,002XX W 115TH ST,CRIMINAL DAMAGE,TO PROPERTY,RESIDENCE,false,false,522,5,9,53,14,41.685240177,-87.629395052,2023
12968878,JG135725,2023-01-31 09:45:00.000000 UTC,006XX W 127TH ST,ROBBERY,ARMED - HANDGUN,STREET,false,false,523,5,9,53,03,41.663275025,-87.637144134,2023
13175794,JG382661,2023-08-14 16:00:00.000000 UTC,121XX S EMERALD AVE,BATTERY,SIMPLE,RESIDENCE,false,true,523,5,21,53,08B,41.673367407,-87.640560272,2023
13237978,JG456874,2023-10-09 12:40:00.000000 UTC,121XX S PRINCETON AVE,BATTERY,DOMESTIC BATTERY SIMPLE,RESIDENCE,false,true,523,5,9,53,08B,41.673674933,-87.62974436,2023
13106139,JG300066,2023-06-13 20:02:00.000000 UTC,008XX W 127TH ST,ASSAULT,AGGRAVATED - HANDGUN,STREET,true,true,523,5,9,53,04A,41.663214913,-87.643560301,2023
13323475,JG559799,2023-12-30 13:30:00.000000 UTC,006XX W 123RD ST,ASSAULT,SIMPLE,RESIDENCE,false,false,523,5,21,53,08A,41.670569952,-87.638580842,2023
13221543,JG426896,2023-09-16 00:47:00.000000 UTC,128XX S MORGAN ST,THEFT,OVER $500,RESIDENCE,false,false,523,5,9,53,06,41.660338119,-87.646189301,2023
13081483,JG270877,2023-05-22 17:45:00.000000 UTC,121XX S PRINCETON AVE,THEFT,OVER $500,RESIDENCE,false,true,523,5,9,53,06,41.673334568,-87.629733426,2023
13187812,JG397047,2023-08-12 04:00:00.000000 UTC,123XX S LA SALLE ST,CRIMINAL DAMAGE,TO VEHICLE,STREET,false,false,523,5,9,53,14,41.670169526,-87.626023579,2023
13064738,JG250628,2023-05-06 18:00:00.000000 UTC,121XX S HALSTED ST,BATTERY,"AGGRAVATED P.O. - HANDS, FISTS, FEET, NO / MINOR INJURY",SIDEWALK,false,false,524,5,21,53,08B,41.673426777,-87.641760219,2023
13228519,JG445287,2023-09-30 15:59:00.000000 UTC,115XX S HALSTED ST,BATTERY,DOMESTIC BATTERY SIMPLE,VEHICLE NON-COMMERCIAL,false,true,524,5,21,53,08B,41.684809877,-87.642147208,2023
12958749,JG122732,2023-01-20 05:40:00.000000 UTC,122XX S ELIZABETH ST,ASSAULT,AGGRAVATED - HANDGUN,STREET,false,false,524,5,34,53,04A,41.671535166,-87.652665929,2023
13195659,JG405844,2023-08-31 18:23:00.000000 UTC,012XX W 115TH ST,ASSAULT,AGGRAVATED - OTHER FIREARM,SIDEWALK,false,true,524,5,21,53,04A,41.684927915,-87.65365603,2023
13016107,JG192534,2023-01-07 10:25:00.000000 UTC,121XX S ADA ST,ASSAULT,SIMPLE,RESIDENCE,false,false,524,5,34,53,08A,41.673053772,-87.655153573,2023
12959284,JG124167,2023-01-21 10:30:00.000000 UTC,115XX S JUSTINE ST,THEFT,$500 AND UNDER,RESIDENCE,false,true,524,5,34,53,06,41.68421548,-87.66037035,2023
13168436,JG374118,2023-08-07 17:00:00.000000 UTC,119XX S PARNELL AVE,THEFT,$500 AND UNDER,APARTMENT,false,false,524,5,21,53,06,41.677126214,-87.635867434,2023
13025237,JG203247,2023-03-29 10:14:00.000000 UTC,008XX W 115TH ST,THEFT,RETAIL THEFT,SMALL RETAIL STORE,true,false,524,5,34,53,06,41.685068588,-87.643184156,2023
13307614,JG540657,2023-11-08 22:00:00.000000 UTC,116XX S HALSTED ST,CRIMINAL DAMAGE,TO PROPERTY,SMALL RETAIL STORE,false,false,524,5,21,53,14,41.682526098,-87.642065485,2023
13043558,JG225102,2023-04-15 23:18:00.000000 UTC,111XX S COTTAGE GROVE AVE,BATTERY,AGGRAVATED - OTHER DANGEROUS WEAPON,CTA BUS,false,false,531,5,9,50,04B,41.692534384,-87.609913783,2023
13041602,JG222659,2023-04-14 02:19:00.000000 UTC,113XX S FOREST AVE,BATTERY,DOMESTIC BATTERY SIMPLE,ALLEY,false,true,531,5,9,49,08B,41.687968202,-87.615665333,2023
13042580,JG223832,2023-04-14 22:37:00.000000 UTC,111XX S COTTAGE GROVE AVE,BATTERY,DOMESTIC BATTERY SIMPLE,STREET,false,true,531,5,9,50,08B,41.692534384,-87.609913783,2023
13043745,JG225348,2023-04-16 03:21:00.000000 UTC,111XX S VERNON AVE,BATTERY,DOMESTIC BATTERY SIMPLE,RESIDENCE - YARD (FRONT / BACK),false,true,531,5,9,49,08B,41.691516395,-87.612121993,2023
13074116,JG261990,2023-05-15 19:10:00.000000 UTC,0000X E 112TH ST,ASSAULT,SIMPLE,APARTMENT,false,false,531,5,9,49,08A,41.690779093,-87.622400168,2023
13130815,JG329494,2023-07-06 00:35:00.000000 UTC,007XX E 111TH ST,THEFT,$500 AND UNDER,POLICE FACILITY / VEHICLE PARKING LOT,false,false,531,5,9,50,06,41.692833841,-87.60431945,2023
13271030,JG495917,2023-11-08 05:55:00.000000 UTC,112XX S INDIANA AVE,CRIMINAL DAMAGE,TO PROPERTY,APARTMENT,false,true,531,5,9,49,14,41.690226164,-87.618206784,2023
13221480,JG437280,2023-09-24 14:20:00.000000 UTC,0000X E 120TH PL,BATTERY,DOMESTIC BATTERY SIMPLE,APARTMENT,false,true,532,5,9,53,08B,41.675299516,-87.621710346,2023
13271308,JG497017,2023-11-08 20:30:00.000000 UTC,0000X E BRAYTON ST,ASSAULT,SIMPLE,RESIDENCE,false,true,532,5,9,53,08A,41.665424463,-87.621562907,2023
13147860,JG349786,2023-07-21 05:33:00.000000 UTC,120XX S MICHIGAN AVE,THEFT,$500 AND UNDER,SIDEWALK,false,false,532,5,9,53,06,41.674857888,-87.62041577,2023
13188876,JG398075,2023-08-24 09:00:00.000000 UTC,117XX S MICHIGAN AVE,THEFT,$500 AND UNDER,APARTMENT,false,false,532,5,9,53,06,41.681357737,-87.620618587,2023
12967233,JG133992,2023-01-28 17:00:00.000000 UTC,0000X E 120TH ST,CRIMINAL DAMAGE,TO PROPERTY,APARTMENT,false,false,532,5,9,53,14,41.676211368,-87.621828417,2023
13008521,JG182919,2023-03-04 13:00:00.000000 UTC,119XX S MICHIGAN AVE,CRIMINAL DAMAGE,TO PROPERTY,APARTMENT,false,false,532,5,9,53,14,41.677619207,-87.620498773,2023
13018801,JG195841,2023-03-13 15:00:00.000000 UTC,117XX S PRAIRIE AVE,CRIMINAL DAMAGE,TO PROPERTY,RESIDENCE,false,false,532,5,9,53,14,41.680556422,-87.616651889,2023
13170437,JG376368,2023-08-09 16:00:00.000000 UTC,002XX E 121ST PL,CRIMINAL DAMAGE,TO PROPERTY,APARTMENT,false,false,532,5,9,53,14,41.673554115,-87.616411124,2023
13296784,JG527612,2023-12-03 21:30:00.000000 UTC,132XX S ELLIS AVE,ROBBERY,STRONG ARM - NO WEAPON,STREET,false,false,533,5,10,54,03,41.655682504,-87.596808838,2023
13068012,JG254484,2023-05-09 20:08:00.000000 UTC,132XX S FORRESTVILLE AVE,BATTERY,AGGRAVATED - HANDGUN,STREET,false,false,533,5,10,54,04B,41.654469907,-87.608528558,2023
13242683,JG462703,2023-10-13 23:08:00.000000 UTC,130XX S DR MARTIN LUTHER KING JR DR,BATTERY,SIMPLE,SIDEWALK,false,false,533,5,9,54,08B,41.657533656,-87.613500284,2023
13066852,JG252947,2023-05-08 15:30:00.000000 UTC,132XX S GREENWOOD AVE,BATTERY,SIMPLE,STREET,false,false,533,5,10,54,08B,41.655895809,-87.594980408,2023
13260247,JG483768,2023-10-29 19:14:00.000000 UTC,132XX S ELLIS AVE,BATTERY,DOMESTIC BATTERY SIMPLE,RESIDENCE,false,true,533,5,10,54,08B,41.655660527,-87.59680543,2023
13323120,JG559436,2023-12-30 02:49:00.000000 UTC,006XX E 131ST ST,BATTERY,DOMESTIC BATTERY SIMPLE,RESIDENCE,true,true,533,5,10,54,08B,41.657323681,-87.606300921,2023
13301924,JG533964,2023-12-08 20:19:00.000000 UTC,131XX S ST LAWRENCE AVE,ASSAULT,AGGRAVATED - HANDGUN,STREET,false,false,533,5,10,54,04A,41.656832201,-87.607565273,2023
13314834,JG549194,2023-12-20 17:00:00.000000 UTC,130XX S DREXEL AVE,ASSAULT,AGGRAVATED - HANDGUN,CHA APARTMENT,false,false,533,5,10,54,04A,41.657737705,-87.600624157,2023
13024808,JG202951,2023-03-29 01:45:00.000000 UTC,130XX S EVANS AVE,ASSAULT,AGGRAVATED - HANDGUN,STREET,false,false,533,5,9,54,04A,41.657878887,-87.603403725,2023
13037527,JG217664,2023-04-10 11:30:00.000000 UTC,131XX S LANGLEY AVE,ASSAULT,SIMPLE,APARTMENT,false,false,533,5,10,54,08A,41.65658079,-87.605130963,2023
13082809,JG272501,2023-05-23 19:30:00.000000 UTC,006XX E 133RD ST,ASSAULT,SIMPLE,CHA APARTMENT,false,true,533,5,10,54,08A,41.654502682,-87.605897197,2023
12993309,JG165340,2023-02-11 12:00:00.000000 UTC,007XX E 131ST ST,THEFT,OVER $500,RESIDENCE,false,false,533,5,9,54,06,41.657212269,-87.603012379,2023
13312274,JG546449,2023-12-18 20:45:00.000000 UTC,131XX S CORLISS AVE,THEFT,$500 AND UNDER,STREET,false,false,533,5,10,54,06,41.656343489,-87.602334237,2023
13319789,JG555197,2023-12-26 14:57:00.000000 UTC,008XX E 132ND ST,THEFT,FROM BUILDING,RESIDENCE - PORCH / HALLWAY,false,false,533,5,10,54,06,41.655819023,-87.601425338,2023
12956853,JG121380,2023-01-19 00:12:00.000000 UTC,132XX S INDIANA AVE,CRIMINAL DAMAGE,TO PROPERTY,RESIDENCE,true,true,533,5,9,54,14,41.654255656,-87.617254559,2023
12994245,JG166432,2023-02-25 09:00:00.000000 UTC,130XX S ELLIS AVE,CRIMINAL DAMAGE,TO PROPERTY,APARTMENT,false,true,533,5,9,54,14,41.657589938,-87.597683662,2023
13263946,JG488391,2023-09-17 00:00:00.000000 UTC,132XX S GREENWOOD AVE,CRIMINAL DAMAGE,TO VEHICLE,STREET,false,true,533,5,10,54,14,41.654835817,-87.594875418,2023
13320894,JG556480,2023-12-27 16:30:00.000000 UTC,133XX S CORLISS AVE,CRIMINAL DAMAGE,TO VEHICLE,STREET,false,true,533,5,10,54,14,41.653712894,-87.60209686,2023
12940622,JG102537,2023-01-03 08:00:00.000000 UTC,007XX E 133RD PL,CRIMINAL DAMAGE,TO VEHICLE,STREET,false,false,533,5,9,54,14,41.652669344,-87.604146802,2023
13018278,JG195260,2023-03-22 17:11:00.000000 UTC,003XX E 131ST PL,CRIMINAL DAMAGE,TO VEHICLE,STREET,true,false,533,5,9,54,14,41.65633767,-87.614465032,2023
13162269,JG366638,2023-08-01 00:00:00.000000 UTC,133XX S EBERHART AVE,CRIMINAL DAMAGE,TO VEHICLE,DRIVEWAY - RESIDENTIAL,false,false,533,5,10,54,14,41.652316802,-87.610027321,2023
13094299,JG285964,2023-06-03 01:20:00.000000 UTC,079XX S ASHLAND AVE,BATTERY,AGGRAVATED - OTHER DANGEROUS WEAPON,GAS STATION,false,false,611,6,17,71,04B,41.749880266,-87.663426578,2023
13245386,JG466053,2023-10-16 15:52:00.000000 UTC,077XX S DAMEN AVE,BATTERY,"AGGRAVATED P.O. - HANDS, FISTS, FEET, NO / MINOR INJURY",STREET,true,false,611,6,18,71,08B,41.753252075,-87.673220647,2023
13279710,JG507189,2023-11-16 20:30:00.000000 UTC,079XX S DAMEN AVE,BATTERY,SIMPLE,GAS STATION,false,false,611,6,17,71,08B,41.750005014,-87.673125651,2023
13123018,JG319945,2023-06-28 18:35:00.000000 UTC,016XX W 79TH ST,BATTERY,SIMPLE,TAVERN / LIQUOR STORE,false,false,611,6,17,71,08B,41.75034678,-87.663894471,2023
13240795,JG366759,2023-08-02 18:15:00.000000 UTC,017XX W 80TH ST,BATTERY,DOMESTIC BATTERY SIMPLE,APARTMENT,false,true,611,6,17,71,08B,41.748486933,-87.667336511,2023
13139837,JG340204,2023-07-14 03:20:00.000000 UTC,079XX S HONORE ST,BATTERY,DOMESTIC BATTERY SIMPLE,APARTMENT,false,true,611,6,17,71,08B,41.749451599,-87.669477681,2023
13105544,JG299366,2023-06-13 12:30:00.000000 UTC,079XX S MARSHFIELD AVE,ASSAULT,SIMPLE,STREET,false,true,611,6,17,71,08A,41.749541505,-87.664632101,2023
13191052,JG400842,2023-08-05 13:00:00.000000 UTC,077XX S PAULINA ST,ASSAULT,SIMPLE,APARTMENT,false,true,611,6,17,71,08A,41.753264913,-87.665942121,2023
13130083,JG328463,2023-07-04 23:15:00.000000 UTC,020XX W 75TH PL,THEFT,OVER $500,STREET,false,false,611,6,18,71,06,41.756958824,-87.674993204,2023
13291375,JG520154,2023-11-21 16:40:00.000000 UTC,079XX S WINCHESTER AVE,THEFT,$500 AND UNDER,RESIDENCE - PORCH / HALLWAY,false,false,611,6,17,71,06,41.749251504,-87.671898394,2023
13117524,JG313648,2023-06-24 05:06:00.000000 UTC,076XX S WOLCOTT AVE,THEFT,$500 AND UNDER,RESIDENCE,false,false,611,6,17,71,06,41.755104529,-87.670845099,2023
13143821,JG345050,2023-07-17 17:02:00.000000 UTC,075XX S ASHLAND AVE,THEFT,RETAIL THEFT,DEPARTMENT STORE,true,false,611,6,17,71,06,41.756610261,-87.663591156,2023
13076491,JG264849,2023-05-17 00:16:00.000000 UTC,076XX S MARSHFIELD AVE,CRIMINAL DAMAGE,TO VEHICLE,STREET,false,true,611,6,17,71,14,41.755305393,-87.664777512,2023
13316854,JG546227,2023-12-18 18:37:00.000000 UTC,075XX S CARPENTER ST,BATTERY,SIMPLE,APARTMENT,false,false,612,6,17,71,08B,41.757017588,-87.650271744,2023
13128520,JG326673,2023-07-03 22:00:00.000000 UTC,012XX W 76TH ST,BATTERY,SIMPLE,APARTMENT,false,false,612,6,17,71,08B,41.756057234,-87.654929158,2023
13078860,JG267794,2023-05-20 11:00:00.000000 UTC,077XX S MAY ST,BATTERY,DOMESTIC BATTERY SIMPLE,RESIDENCE,true,true,612,6,17,71,08B,41.753554412,-87.652606335,2023
13134267,JG333553,2023-07-09 04:32:00.000000 UTC,077XX S LAFLIN ST,BATTERY,DOMESTIC BATTERY SIMPLE,APARTMENT,true,true,612,6,17,71,08B,41.753395055,-87.661902098,2023
13143373,JG344366,2023-07-17 10:00:00.000000 UTC,014XX W 79TH ST,BATTERY,DOMESTIC BATTERY SIMPLE,APARTMENT,false,true,612,6,17,71,08B,41.750398586,-87.660548073,2023
13158354,JG362223,2023-07-30 15:10:00.000000 UTC,077XX S ADA ST,BATTERY,DOMESTIC BATTERY SIMPLE,RESIDENCE,false,true,612,6,17,71,08B,41.753133218,-87.657030586,2023
13177373,JG364382,2023-08-01 07:28:00.000000 UTC,079XX S LAFLIN ST,BATTERY,DOMESTIC BATTERY SIMPLE,APARTMENT,false,true,612,6,17,71,08B,41.750154295,-87.661008708,2023
13283482,JG511615,2023-11-20 13:36:00.000000 UTC,080XX S LAFLIN ST,ASSAULT,AGGRAVATED - HANDGUN,STREET,false,false,612,6,17,71,04A,41.74809574,-87.660953232,2023
13152467,JG355110,2023-07-25 08:40:00.000000 UTC,077XX S ASHLAND AVE,ASSAULT,AGGRAVATED - OTHER DANGEROUS WEAPON,STREET,false,false,612,6,17,71,04A,41.753538951,-87.663516805,2023
13224671,JG440987,2023-09-27 10:20:00.000000 UTC,014XX W 78TH ST,ASSAULT,SIMPLE,RESIDENCE - YARD (FRONT / BACK),false,false,612,6,17,71,08A,41.75223389,-87.659502766,2023
13256056,JG478602,2023-10-25 19:06:00.000000 UTC,078XX S LOOMIS BLVD,ASSAULT,SIMPLE,APARTMENT,false,true,612,6,17,71,08A,41.751421844,-87.658613397,2023
12999739,JG172767,2023-03-03 14:45:00.000000 UTC,010XX W 78TH ST,ASSAULT,SIMPLE,APARTMENT,false,true,612,6,17,71,08A,41.752365285,-87.650614254,2023
13020365,JG197668,2023-03-24 17:07:00.000000 UTC,013XX W 76TH ST,ASSAULT,SIMPLE,APARTMENT,false,true,612,6,17,71,08A,41.755970933,-87.65704844,2023
13274732,JG501137,2023-11-11 14:00:00.000000 UTC,010XX W 78TH ST,THEFT,$500 AND UNDER,STREET,false,false,612,6,17,71,06,41.752377197,-87.649848185,2023
13275284,JG501474,2023-11-12 14:05:00.000000 UTC,079XX S JUSTINE ST,CRIMINAL DAMAGE,TO VEHICLE,RESIDENCE,false,true,612,6,17,71,14,41.749458736,-87.662203308,2023
13140809,JG341294,2023-07-14 17:40:00.000000 UTC,080XX S MORGAN ST,CRIMINAL DAMAGE,TO VEHICLE,VACANT LOT / LAND,false,false,612,6,17,71,14,41.74807075,-87.648820151,2023
13196134,JG406881,2023-09-01 14:16:00.000000 UTC,085XX S SANGAMON ST,ROBBERY,ARMED - KNIFE / CUTTING INSTRUMENT,RESIDENCE,false,false,613,6,17,71,03,41.738939872,-87.647345256,2023
13319264,JG553989,2023-12-23 16:30:00.000000 UTC,082XX S LOOMIS BLVD,ROBBERY,STRONG ARM - NO WEAPON,STREET,false,false,613,6,17,71,03,41.744323974,-87.658427546,2023
13082890,JG272646,2023-05-23 23:30:00.000000 UTC,081XX S HALSTED ST,BATTERY,AGGRAVATED - HANDGUN,GAS STATION,false,false,613,6,17,71,04B,41.746010581,-87.643906039,2023
13131966,JG330829,2023-07-07 00:44:00.000000 UTC,084XX S PEORIA ST,BATTERY,SIMPLE,RESIDENCE,false,false,613,6,17,71,08B,41.741043369,-87.646194308,2023
13221123,JG436769,2023-09-24 04:55:00.000000 UTC,085XX S MORGAN ST,BATTERY,DOMESTIC BATTERY SIMPLE,RESIDENCE,false,true,613,6,17,71,08B,41.739185933,-87.648570093,2023
13143628,JG344672,2023-07-17 12:24:00.000000 UTC,011XX W 82ND ST,BATTERY,DOMESTIC BATTERY SIMPLE,APARTMENT,false,true,613,6,17,71,08B,41.745048029,-87.652769484,2023
13321640,JG557615,2023-12-28 15:37:00.000000 UTC,083XX S SANGAMON ST,BATTERY,"AGG. DOMESTIC BATTERY - HANDS, FISTS, FEET, SERIOUS INJURY",APARTMENT,false,true,613,6,17,71,04B,41.742530382,-87.647504909,2023
13100151,JG292866,2023-06-08 10:00:00.000000 UTC,085XX S ELIZABETH ST,ASSAULT,AGGRAVATED - HANDGUN,RESIDENCE,false,false,613,6,17,71,04A,41.738823987,-87.654634242,2023
13139068,JG339330,2023-07-13 13:30:00.000000 UTC,086XX S MORGAN ST,ASSAULT,SIMPLE,RESIDENCE,false,false,613,6,17,71,08A,41.737201463,-87.648514232,2023
13318464,JG553912,2023-12-25 06:15:00.000000 UTC,085XX S GREEN ST,THEFT,OVER $500,STREET,false,false,613,6,17,71,06,41.738821045,-87.644913606,2023
13199228,JG410693,2023-09-01 09:00:00.000000 UTC,085XX S ADA ST,THEFT,OVER $500,RESIDENCE,false,false,613,6,17,71,06,41.738824611,-87.657067151,2023
12972370,JG140087,2023-02-04 01:00:00.000000 UTC,083XX S PEORIA ST,THEFT,OVER $500,RESIDENCE,true,true,613,6,21,71,06,41.742399607,-87.646286112,2023
13157475,JG360897,2023-07-29 13:30:00.000000 UTC,085XX S GREEN ST,THEFT,OVER $500,STREET,false,true,613,6,17,71,06,41.739098268,-87.644921637,2023
13222014,JG437871,2023-09-25 01:00:00.000000 UTC,085XX S MORGAN ST,THEFT,$500 AND UNDER,RESIDENCE,false,false,613,6,17,71,06,41.739185933,-87.648570093,2023
13280453,JG508148,2023-11-17 07:00:00.000000 UTC,084XX S RACINE AVE,THEFT,$500 AND UNDER,PARKING LOT / GARAGE (NON RESIDENTIAL),false,false,613,6,17,71,06,41.740661291,-87.653471686,2023
13048172,JG230688,2023-04-14 14:00:00.000000 UTC,082XX S MAY ST,THEFT,$500 AND UNDER,APARTMENT,false,true,613,6,17,71,06,41.744337567,-87.652359252,2023
13097236,JG289436,2023-06-05 17:30:00.000000 UTC,081XX S RACINE AVE,THEFT,$500 AND UNDER,STREET,false,false,613,6,17,71,06,41.74634568,-87.653627921,2023
13110395,JG304774,2023-06-16 14:00:00.000000 UTC,010XX W 87TH ST,CRIMINAL DAMAGE,TO PROPERTY,APARTMENT,false,false,613,6,17,71,14,41.735981532,-87.650113646,2023
13026810,JG205309,2023-03-30 20:56:00.000000 UTC,081XX S THROOP ST,CRIMINAL DAMAGE,TO VEHICLE,STREET,false,false,613,6,17,71,14,41.746181592,-87.656048187,2023
13029192,JG208248,2023-04-02 11:15:00.000000 UTC,084XX S MORGAN ST,CRIMINAL DAMAGE,TO VEHICLE,APARTMENT,false,false,613,6,21,71,14,41.740786136,-87.648615383,2023
13273851,JG500217,2023-11-11 13:50:00.000000 UTC,081XX S MARSHFIELD AVE,BATTERY,DOMESTIC BATTERY SIMPLE,APARTMENT,false,true,614,6,17,71,08B,41.74574008,-87.664535966,2023
13123433,JG320616,2023-06-28 10:00:00.000000 UTC,085XX S LAFLIN ST,ASSAULT,SIMPLE,APARTMENT,false,false,614,6,21,71,08A,41.738807569,-87.660709374,2023
13194101,JG402986,2023-08-29 19:00:00.000000 UTC,083XX S PAULINA ST,ASSAULT,SIMPLE,RESIDENCE,false,false,614,6,18,71,08A,41.742044516,-87.665655258,2023
13192321,JG402368,2023-08-27 20:30:00.000000 UTC,081XX S HONORE ST,THEFT,OVER $500,STREET,false,false,614,6,17,71,06,41.746050927,-87.669395453,2023
13120488,JG317111,2023-06-25 16:30:00.000000 UTC,084XX S HOYNE AVE,THEFT,$500 AND UNDER,STREET,false,false,614,6,18,71,06,41.740522388,-87.675336993,2023
13119550,JG316117,2023-06-26 00:00:00.000000 UTC,083XX S HERMITAGE AVE,CRIMINAL DAMAGE,TO VEHICLE,VEHICLE NON-COMMERCIAL,false,false,614,6,18,71,14,41.742345265,-87.66687966,2023
13123553,JG320524,2023-06-29 08:20:00.000000 UTC,079XX S UNION AVE,ROBBERY,AGGRAVATED,RESIDENCE - YARD (FRONT / BACK),false,false,621,6,6,71,03,41.749720578,-87.641572274,2023
13051890,JG235054,2023-04-24 05:00:00.000000 UTC,080XX S SANGAMON ST,BATTERY,AGGRAVATED - KNIFE / CUTTING INSTRUMENT,APARTMENT,false,false,621,6,17,71,04B,41.747882361,-87.64760186,2023
13058383,JG242908,2023-04-30 14:00:00.000000 UTC,078XX S UNION AVE,BATTERY,DOMESTIC BATTERY SIMPLE,RESIDENCE,false,true,621,6,17,71,08B,41.752039895,-87.641635327,2023
13075229,JG263409,2023-05-16 21:20:00.000000 UTC,008XX W 76TH ST,BATTERY,DOMESTIC BATTERY SIMPLE,APARTMENT,false,true,621,6,17,71,08B,41.756094931,-87.644659401,2023
13026641,JG204935,2023-03-30 16:00:00.000000 UTC,004XX W 80TH ST,ASSAULT,SIMPLE,SIDEWALK,false,false,621,6,17,44,08A,41.748943754,-87.635189547,2023
13067950,JG254310,2023-05-09 17:55:00.000000 UTC,077XX S GREEN ST,ASSAULT,SIMPLE,APARTMENT,false,false,621,6,17,71,08A,41.753659288,-87.64533412,2023
13096879,JG288975,2023-06-05 13:00:00.000000 UTC,007XX W 79TH ST,ASSAULT,SIMPLE,STREET,false,true,621,6,17,71,08A,41.750655507,-87.643251664,2023
13237624,JG456575,2023-10-06 17:00:00.000000 UTC,078XX S STEWART AVE,THEFT,OVER $500,STREET,false,false,621,6,17,69,06,41.752231733,-87.63433667,2023
13266159,JG491354,2023-11-04 14:00:00.000000 UTC,079XX S LOWE AVE,THEFT,OVER $500,OTHER (SPECIFY),false,false,621,6,6,71,06,41.749976705,-87.640356521,2023
12952930,JG116865,2023-01-14 16:00:00.000000 UTC,079XX S NORMAL AVE,THEFT,OVER $500,APARTMENT,false,true,621,6,17,44,06,41.749466069,-87.636693716,2023
13153269,JG355572,2023-07-20 15:30:00.000000 UTC,007XX W 76TH ST,CRIMINAL DAMAGE,TO PROPERTY,APARTMENT,false,false,621,6,17,68,14,41.756106295,-87.642438283,2023
13185938,JG394756,2023-08-23 16:51:00.000000 UTC,078XX S SANGAMON ST,CRIMINAL DAMAGE,TO PROPERTY,APARTMENT,false,false,621,6,17,71,14,41.751840317,-87.647713656,2023
13254880,JG477301,2023-10-24 22:30:00.000000 UTC,075XX S PEORIA ST,CRIMINAL DAMAGE,TO VEHICLE,STREET,false,false,621,6,17,71,14,41.756905317,-87.646629868,2023
13094906,JG286797,2023-06-02 19:00:00.000000 UTC,009XX W 76TH ST,CRIMINAL DAMAGE,TO VEHICLE,STREET,false,false,621,6,17,71,14,41.756039545,-87.648248035,2023
13107290,JG300274,2023-06-14 05:12:00.000000 UTC,078XX S SANGAMON ST,CRIMINAL DAMAGE,TO VEHICLE,STREET,false,false,621,6,17,71,14,41.751897965,-87.647716707,2023
13165089,JG370144,2023-08-05 04:00:00.000000 UTC,080XX S EMERALD AVE,CRIMINAL DAMAGE,TO VEHICLE,STREET,false,false,621,6,6,71,14,41.748289664,-87.642752968,2023
12950029,JG113299,2023-01-12 09:52:00.000000 UTC,001XX W 87TH ST,ROBBERY,ARMED - HANDGUN,STREET,false,false,622,6,21,44,03,41.736259984,-87.628068782,2023
13025315,JG203395,2023-03-29 11:40:00.000000 UTC,086XX S EMERALD AVE,BATTERY,"AGGRAVATED - HANDS, FISTS, FEET, NO / MINOR INJURY",SIDEWALK,false,false,622,6,21,71,08B,41.737566755,-87.642604053,2023
13298396,JG529646,2023-12-05 12:40:00.000000 UTC,085XX S LAFAYETTE AVE,BATTERY,SIMPLE,SCHOOL - PUBLIC GROUNDS,true,false,622,6,21,44,08B,41.73928511,-87.625536799,2023
12976582,JG144980,2023-02-08 09:13:00.000000 UTC,085XX S LAFAYETTE AVE,BATTERY,SIMPLE,SCHOOL - PUBLIC BUILDING,false,false,622,6,21,44,08B,41.73928511,-87.625536799,2023
13007025,JG180407,2023-03-10 08:26:00.000000 UTC,081XX S VINCENNES AVE,BATTERY,SIMPLE,CTA BUS,false,false,622,6,6,44,08B,41.74621174,-87.635406033,2023
13033697,JG207415,2023-04-01 16:15:00.000000 UTC,083XX S LA SALLE ST,BATTERY,DOMESTIC BATTERY SIMPLE,RESIDENCE,false,true,622,6,21,44,08B,41.742975127,-87.628039273,2023
13081412,JG270793,2023-05-22 17:13:00.000000 UTC,082XX S LAFAYETTE AVE,BATTERY,DOMESTIC BATTERY SIMPLE,STREET,true,true,622,6,6,44,08B,41.744434122,-87.62564881,2023
13026831,JG205161,2023-03-30 17:48:00.000000 UTC,006XX W 83RD ST,ASSAULT,AGGRAVATED PROTECTED EMPLOYEE - OTHER DANGEROUS WEAPON,PARKING LOT / GARAGE (NON RESIDENTIAL),true,false,622,6,6,71,04A,41.743435624,-87.641035132,2023
13207176,JG419948,2023-09-11 12:55:00.000000 UTC,083XX S HOLLAND RD,ASSAULT,SIMPLE,SMALL RETAIL STORE,false,false,622,6,21,44,08A,41.742991296,-87.632025815,2023
13303926,JG536237,2023-12-10 19:05:00.000000 UTC,001XX W 87TH ST,ASSAULT,SIMPLE,GROCERY FOOD STORE,false,false,622,6,21,44,08A,41.736255193,-87.628182414,2023
13269713,JG495456,2023-11-07 16:10:00.000000 UTC,002XX W 87TH ST,THEFT,OVER $500,PARKING LOT / GARAGE (NON RESIDENTIAL),false,false,622,6,21,44,06,41.736148121,-87.629070243,2023
13141934,JG342434,2023-07-02 00:00:00.000000 UTC,002XX W 83RD ST,THEFT,OVER $500,APARTMENT,false,false,622,6,6,44,06,41.743569413,-87.630077446,2023
12978156,JG146966,2023-02-09 21:44:00.000000 UTC,085XX S PARNELL AVE,CRIMINAL DAMAGE,TO PROPERTY,RESIDENCE,false,false,622,6,21,71,14,41.739005004,-87.637638525,2023
13248244,JG469354,2023-10-18 22:30:00.000000 UTC,079XX S CALUMET AVE,ROBBERY,ARMED - HANDGUN,STREET,false,false,623,6,6,44,03,41.75063458,-87.616525242,2023
13012748,JG188577,2023-03-17 04:37:00.000000 UTC,002XX W 79TH ST,ROBBERY,ARMED - HANDGUN,SIDEWALK,false,false,623,6,17,44,03,41.750857286,-87.629913617,2023
13195586,JG405777,2023-08-18 23:30:00.000000 UTC,079XX S STATE ST,ROBBERY,ARMED - HANDGUN,RESIDENCE - PORCH / HALLWAY,false,false,623,6,6,44,03,41.749904766,-87.624514982,2023
13015950,JG192562,2023-03-20 15:30:00.000000 UTC,001XX E 75TH ST,ASSAULT,SIMPLE,RESTAURANT,false,false,623,6,6,69,08A,41.758302451,-87.620984684,2023
13088474,JG278834,2023-05-28 17:30:00.000000 UTC,079XX S PRINCETON AVE,ASSAULT,SIMPLE,STREET,false,false,623,6,6,44,08A,41.750125503,-87.631863881,2023
13114429,JG310092,2023-06-21 15:40:00.000000 UTC,0000X W 79TH ST,ASSAULT,SIMPLE,PARKING LOT / GARAGE (NON RESIDENTIAL),false,false,623,6,6,69,08A,41.750933852,-87.626292042,2023
13230912,JG447874,2023-10-02 11:00:00.000000 UTC,080XX S PRAIRIE AVE,THEFT,OVER $500,APARTMENT,false,false,623,6,6,44,06,41.74831435,-87.618079178,2023
13215208,JG429799,2023-09-17 11:15:00.000000 UTC,001XX W 79TH ST,THEFT,$500 AND UNDER,SMALL RETAIL STORE,false,false,623,6,17,69,06,41.75089655,-87.627813307,2023
12953516,JG117557,2023-01-15 20:41:00.000000 UTC,0000X E 75TH ST,THEFT,$500 AND UNDER,SMALL RETAIL STORE,false,false,623,6,6,69,06,41.758214815,-87.624119338,2023
13219411,JG434814,2023-09-07 00:00:00.000000 UTC,001XX W 79TH ST,THEFT,RETAIL THEFT,DEPARTMENT STORE,false,false,623,6,17,69,06,41.75089655,-87.627813307,2023
13284602,JG507970,2023-11-17 12:45:00.000000 UTC,001XX W 79TH ST,THEFT,RETAIL THEFT,DEPARTMENT STORE,false,false,623,6,17,69,06,41.75089655,-87.627813307,2023
13252793,JG474897,2023-10-23 10:38:00.000000 UTC,0000X E 75TH ST,CRIMINAL DAMAGE,TO PROPERTY,DRUG STORE,false,false,623,6,6,69,14,41.758214815,-87.624119338,2023
13192239,JG402084,2023-08-29 07:40:00.000000 UTC,077XX S WABASH AVE,CRIMINAL DAMAGE,TO PROPERTY,RESIDENCE - GARAGE,false,false,623,6,6,69,14,41.753924416,-87.623059777,2023
13298218,JG529431,2023-12-04 21:00:00.000000 UTC,075XX S WENTWORTH AVE,CRIMINAL DAMAGE,TO VEHICLE,STREET,false,false,623,6,6,69,14,41.757159091,-87.629610241,2023
13128050,JG326132,2023-07-02 16:30:00.000000 UTC,078XX S EVANS AVE,ROBBERY,ARMED - KNIFE / CUTTING INSTRUMENT,ALLEY,false,true,624,6,6,69,03,41.752220731,-87.606469743,2023
13103940,JG297460,2023-06-12 02:00:00.000000 UTC,078XX S ELLIS AVE,ROBBERY,ARMED - HANDGUN,STREET,false,false,624,6,8,69,03,41.752390498,-87.600362278,2023
13057946,JG242340,2023-04-29 23:44:00.000000 UTC,079XX S EBERHART AVE,BATTERY,DOMESTIC BATTERY SIMPLE,APARTMENT,false,true,624,6,6,44,08B,41.750570898,-87.612487458,2023
13284387,JG512699,2023-11-21 10:54:00.000000 UTC,076XX S DREXEL AVE,ASSAULT,AGGRAVATED - HANDGUN,APARTMENT,true,false,624,6,8,69,04A,41.756330877,-87.602879293,2023
13191904,JG401267,2023-08-28 12:00:00.000000 UTC,079XX S DREXEL AVE,ASSAULT,AGGRAVATED - HANDGUN,STREET,false,true,624,6,8,44,04A,41.750706929,-87.602741498,2023
13314666,JG549351,2023-12-12 19:15:00.000000 UTC,005XX E 79TH ST,ASSAULT,SIMPLE,SMALL RETAIL STORE,false,false,624,6,6,44,08A,41.751164599,-87.612198632,2023
13043763,JG225277,2023-04-16 02:00:00.000000 UTC,079XX S ST LAWRENCE AVE,ASSAULT,SIMPLE,APARTMENT,true,false,624,6,6,44,08A,41.750220802,-87.610054368,2023
13122222,JG319249,2023-06-27 23:00:00.000000 UTC,075XX S CHAMPLAIN AVE,THEFT,OVER $500,STREET,false,false,624,6,6,69,06,41.757950552,-87.609032976,2023
12983900,JG154033,2023-02-15 16:00:00.000000 UTC,075XX S INGLESIDE AVE,THEFT,$500 AND UNDER,APARTMENT,false,false,624,6,8,69,06,41.757849252,-87.601707567,2023
13032692,JG212317,2023-04-04 19:00:00.000000 UTC,079XX S LANGLEY AVE,THEFT,$500 AND UNDER,STREET,false,false,624,6,6,44,06,41.750320804,-87.607634557,2023
13073533,JG261136,2023-05-15 09:45:00.000000 UTC,076XX S ST LAWRENCE AVE,THEFT,$500 AND UNDER,RESIDENCE,false,false,624,6,6,69,06,41.755896909,-87.610195881,2023
13257107,JG479626,2023-10-26 10:00:00.000000 UTC,078XX S ELLIS AVE,CRIMINAL DAMAGE,TO PROPERTY,APARTMENT,false,false,624,6,8,69,14,41.752332872,-87.600362934,2023
13307096,JG540126,2023-12-13 20:55:00.000000 UTC,078XX S DREXEL AVE,CRIMINAL DAMAGE,TO PROPERTY,APARTMENT,true,true,624,6,8,69,14,41.75242239,-87.602784346,2023
13044519,JG226101,2023-04-15 18:00:00.000000 UTC,077XX S EVANS AVE,CRIMINAL DAMAGE,TO PROPERTY,APARTMENT,false,true,624,6,6,69,14,41.754454943,-87.606525164,2023
13169229,JG375028,2023-08-08 16:00:00.000000 UTC,006XX E 79TH ST,CRIMINAL DAMAGE,TO PROPERTY,BAR OR TAVERN,false,true,624,6,6,69,14,41.751208125,-87.609519228,2023
13238449,JG457599,2023-10-08 21:00:00.000000 UTC,079XX S LANGLEY AVE,CRIMINAL DAMAGE,TO VEHICLE,STREET,false,false,624,6,6,44,14,41.750359245,-87.607637789,2023
12943526,JG105397,2023-01-05 13:25:00.000000 UTC,078XX S DREXEL AVE,CRIMINAL DAMAGE,TO VEHICLE,RESIDENCE,false,false,624,6,8,69,14,41.752477272,-87.602783724,2023
13108941,JG303368,2023-06-13 18:00:00.000000 UTC,078XX S COTTAGE GROVE AVE,CRIMINAL DAMAGE,TO VEHICLE,STREET,false,false,624,6,6,69,14,41.752297956,-87.605230173,2023
13128695,JG326993,2023-07-03 20:00:00.000000 UTC,007XX E 76TH ST,CRIMINAL DAMAGE,TO VEHICLE,STREET,false,false,624,6,6,69,14,41.756746208,-87.606055842,2023
13232491,JG450038,2023-10-04 07:04:00.000000 UTC,010XX E 82ND ST,ROBBERY,ARMED - HANDGUN,ALLEY,false,false,631,6,8,44,03,41.745853919,-87.59955717,2023
13137414,JG336952,2023-07-11 15:20:00.000000 UTC,009XX E 82ND ST,ROBBERY,ARMED - HANDGUN,STREET,false,false,631,6,8,44,03,41.745841177,-87.601001098,2023
13261993,JG485790,2023-10-31 11:49:00.000000 UTC,010XX E 83RD ST,ROBBERY,AGGRAVATED,SIDEWALK,false,false,631,6,8,44,03,41.744042482,-87.599526495,2023
12968875,JG135670,2023-01-31 09:33:00.000000 UTC,082XX S MARYLAND AVE,ROBBERY,ATTEMPT ARMED - OTHER DANGEROUS WEAPON,APARTMENT,false,false,631,6,8,44,03,41.745112495,-87.603794309,2023
13146728,JG348322,2023-07-19 22:00:00.000000 UTC,006XX E 80TH ST,BATTERY,AGGRAVATED - KNIFE / CUTTING INSTRUMENT,SIDEWALK,false,true,631,6,6,44,04B,41.749401106,-87.608447469,2023
13219115,JG432533,2023-09-21 00:03:00.000000 UTC,008XX E 81ST ST,BATTERY,DOMESTIC BATTERY SIMPLE,RESIDENCE,false,true,631,6,8,44,08B,41.747633492,-87.604498673,2023
13236818,JG455655,2023-10-08 12:01:00.000000 UTC,081XX S INGLESIDE AVE,BATTERY,DOMESTIC BATTERY SIMPLE,APARTMENT,false,true,631,6,8,44,08B,41.747078826,-87.601426771,2023
13320635,JG556413,2023-12-27 15:48:00.000000 UTC,081XX S ELLIS AVE,BATTERY,DOMESTIC BATTERY SIMPLE,APARTMENT,true,true,631,6,8,44,08B,41.746829565,-87.600209331,2023
13098692,JG291188,2023-06-06 23:56:00.000000 UTC,082XX S ELLIS AVE,BATTERY,DOMESTIC BATTERY SIMPLE,APARTMENT,false,true,631,6,8,44,08B,41.745303445,-87.600164398,2023
13198720,JG410136,2023-09-04 02:30:00.000000 UTC,082XX S INDIANA AVE,BATTERY,DOMESTIC BATTERY SIMPLE,APARTMENT,true,true,631,6,6,44,08B,41.744728764,-87.619599377,2023
13212854,JG426871,2023-09-16 16:00:00.000000 UTC,082XX S VERNON AVE,ASSAULT,AGGRAVATED - HANDGUN,STREET,false,true,631,6,6,44,04A,41.744808954,-87.613537628,2023
13129557,JG326757,2023-07-03 23:30:00.000000 UTC,080XX S VERNON AVE,ASSAULT,AGGRAVATED - HANDGUN,APARTMENT,false,true,631,6,6,44,04A,41.748574818,-87.613645809,2023
12979956,JG148976,2023-02-11 15:11:00.000000 UTC,082XX S DOBSON AVE,ASSAULT,SIMPLE,CHURCH / SYNAGOGUE / PLACE OF WORSHIP,false,true,631,6,8,44,08A,41.745597247,-87.598900499,2023
13017718,JG193395,2023-03-21 10:03:00.000000 UTC,081XX S INGLESIDE AVE,ASSAULT,SIMPLE,RESIDENCE,false,true,631,6,8,44,08A,41.746966294,-87.601424385,2023
13143945,JG345103,2023-07-17 17:30:00.000000 UTC,082XX S DREXEL AVE,ASSAULT,SIMPLE,APARTMENT,false,true,631,6,8,44,08A,41.745239296,-87.602587289,2023
13300271,JG531739,2023-12-06 18:30:00.000000 UTC,080XX S MARYLAND AVE,THEFT,OVER $500,VEHICLE NON-COMMERCIAL,false,false,631,6,8,44,06,41.748809737,-87.603899033,2023
13311581,JG545701,2023-12-13 14:45:00.000000 UTC,082XX S MICHIGAN AVE,THEFT,OVER $500,APARTMENT,false,false,631,6,6,44,06,41.74498034,-87.621223574,2023
12993109,JG164968,2023-02-24 20:00:00.000000 UTC,081XX S ST LAWRENCE AVE,THEFT,OVER $500,ALLEY,false,true,631,6,6,44,06,41.747086268,-87.609968623,2023
12997284,JG170064,2023-03-01 10:45:00.000000 UTC,081XX S ST LAWRENCE AVE,THEFT,OVER $500,STREET,false,false,631,6,6,44,06,41.747086268,-87.609968623,2023
13067158,JG253480,2023-05-08 18:00:00.000000 UTC,082XX S INGLESIDE AVE,THEFT,$500 AND UNDER,STREET,false,false,631,6,8,44,06,41.745102603,-87.601375929,2023
13138760,JG338885,2023-07-03 00:00:00.000000 UTC,080XX S ELLIS AVE,THEFT,$500 AND UNDER,RESIDENCE - PORCH / HALLWAY,false,false,631,6,8,44,06,41.749052851,-87.600271986,2023
13253133,JG475463,2023-10-17 12:00:00.000000 UTC,081XX S MARYLAND AVE,THEFT,FROM BUILDING,APARTMENT,false,false,631,6,8,44,06,41.746904839,-87.603843642,2023
13267608,JG492663,2023-11-05 02:00:00.000000 UTC,082XX S DR MARTIN LUTHER KING JR DR,CRIMINAL DAMAGE,TO PROPERTY,COMMERCIAL / BUSINESS OFFICE,false,true,631,6,6,44,14,41.745181902,-87.614808669,2023
12988470,JG159342,2023-02-20 11:00:00.000000 UTC,080XX S RHODES AVE,CRIMINAL DAMAGE,TO PROPERTY,APARTMENT,false,false,631,6,6,44,14,41.748466275,-87.611217409,2023
13180793,JG388625,2023-08-19 04:03:00.000000 UTC,080XX S DREXEL AVE,CRIMINAL DAMAGE,TO PROPERTY,APARTMENT,false,false,631,6,8,44,14,41.748615385,-87.602680928,2023
13065624,JG251414,2023-05-07 13:00:00.000000 UTC,080XX S EBERHART AVE,CRIMINAL DAMAGE,TO VEHICLE,SIDEWALK,false,false,631,6,6,44,14,41.748649538,-87.612431997,2023
13084305,JG274005,2023-05-24 20:30:00.000000 UTC,009XX E 83RD ST,CRIMINAL DAMAGE,TO VEHICLE,STREET,false,false,631,6,8,44,14,41.744026902,-87.600955757,2023
13096445,JG287595,2023-06-04 00:30:00.000000 UTC,009XX E 82ND ST,CRIMINAL DAMAGE,TO VEHICLE,VEHICLE NON-COMMERCIAL,false,false,631,6,8,44,14,41.745832708,-87.601825689,2023
13190843,JG400594,2023-08-27 19:00:00.000000 UTC,010XX E 81ST ST,CRIMINAL DAMAGE,TO VEHICLE,STREET,false,false,631,6,8,44,14,41.747695995,-87.598799624,2023
12984027,JG154122,2023-02-15 19:33:00.000000 UTC,083XX S DREXEL AVE,ROBBERY,ARMED - HANDGUN,APARTMENT,false,false,632,6,8,44,03,41.743148076,-87.602578023,2023
12945278,JG107774,2023-01-07 14:45:00.000000 UTC,087XX S COTTAGE GROVE AVE,ROBBERY,AGGRAVATED VEHICULAR HIJACKING,PARKING LOT / GARAGE (NON RESIDENTIAL),false,false,632,6,8,44,03,41.736422269,-87.604815966,2023
13198730,JG410008,2023-09-03 23:44:00.000000 UTC,006XX E 85TH ST,BATTERY,AGGRAVATED - HANDGUN,PARK PROPERTY,false,false,632,6,6,44,04B,41.740245233,-87.608744648,2023
13118109,JG314211,2023-06-24 14:16:00.000000 UTC,0000X E 83RD ST,BATTERY,SIMPLE,SIDEWALK,false,false,632,6,6,44,08B,41.743660727,-87.623949738,2023
13283715,JG511902,2023-11-17 19:00:00.000000 UTC,004XX E 87TH ST,BATTERY,DOMESTIC BATTERY SIMPLE,APARTMENT,false,true,632,6,8,44,08B,41.736512217,-87.613864767,2023
12985464,JG154802,2023-02-16 13:00:00.000000 UTC,0000X E 84TH ST,BATTERY,DOMESTIC BATTERY SIMPLE,APARTMENT,false,true,632,6,6,44,08B,41.741843446,-87.623416446,2023
13159483,JG363420,2023-07-31 12:00:00.000000 UTC,087XX S COTTAGE GROVE AVE,BATTERY,DOMESTIC BATTERY SIMPLE,CTA BUS,false,true,632,6,8,44,08B,41.736422269,-87.604815966,2023
13213811,JG428206,2023-09-17 00:30:00.000000 UTC,085XX S MARYLAND AVE,BATTERY,AGGRAVATED DOMESTIC BATTERY - OTHER DANGEROUS WEAPON,RESIDENCE,false,true,632,6,8,44,04B,41.73959851,-87.603688175,2023
13171468,JG377572,2023-08-10 16:58:00.000000 UTC,087XX S DR MARTIN LUTHER KING JR DR,ASSAULT,AGGRAVATED - HANDGUN,STREET,false,true,632,6,6,44,04A,41.73627756,-87.614519556,2023
13147636,JG349124,2023-07-20 15:13:00.000000 UTC,085XX S COTTAGE GROVE AVE,ASSAULT,SIMPLE,SMALL RETAIL STORE,false,false,632,6,8,44,08A,41.739669366,-87.604907509,2023
13051983,JG235217,2023-04-22 22:00:00.000000 UTC,007XX E 88TH PL,THEFT,$500 AND UNDER,RESIDENCE,false,false,632,6,8,44,06,41.733888499,-87.606427337,2023
13291463,JG521056,2023-11-28 17:55:00.000000 UTC,086XX S COTTAGE GROVE AVE,THEFT,RETAIL THEFT,SMALL RETAIL STORE,false,false,632,6,6,44,06,41.737750767,-87.604855911,2023
13017586,JG194335,2023-03-21 23:43:00.000000 UTC,086XX S COTTAGE GROVE AVE,THEFT,RETAIL THEFT,CONVENIENCE STORE,true,false,632,6,6,44,06,41.737750767,-87.604855911,2023
13285612,JG513648,2023-11-21 06:30:00.000000 UTC,083XX S COTTAGE GROVE AVE,THEFT,FROM BUILDING,OTHER (SPECIFY),false,false,632,6,6,44,06,41.743503863,-87.60501807,2023
13274930,JG501445,2023-06-19 17:00:00.000000 UTC,0000X E 88TH ST,CRIMINAL DAMAGE,TO PROPERTY,APARTMENT,false,false,632,6,6,44,14,41.734566654,-87.621822236,2023
13299811,JG531107,2023-12-03 15:10:00.000000 UTC,084XX S MARYLAND AVE,CRIMINAL DAMAGE,TO PROPERTY,CHURCH / SYNAGOGUE / PLACE OF WORSHIP,false,false,632,6,8,44,14,41.741670871,-87.603752655,2023
13302686,JG534981,2023-12-01 17:00:00.000000 UTC,009XX E 84TH PL,CRIMINAL DAMAGE,TO PROPERTY,RESIDENCE,false,false,632,6,8,44,14,41.741276816,-87.60091006,2023
13053291,JG236696,2023-04-25 11:28:00.000000 UTC,003XX E 84TH ST,CRIMINAL DAMAGE,TO PROPERTY,SCHOOL - PRIVATE GROUNDS,false,false,632,6,6,44,14,41.741949408,-87.617054222,2023
13109383,JG302996,2023-06-12 22:00:00.000000 UTC,084XX S INGLESIDE AVE,CRIMINAL DAMAGE,TO PROPERTY,RESIDENCE - YARD (FRONT / BACK),false,false,632,6,8,44,14,41.740977463,-87.601305526,2023
13139615,JG339709,2023-07-13 17:24:00.000000 UTC,007XX E 84TH PL,CRIMINAL DAMAGE,TO PROPERTY,RESIDENCE,false,false,632,6,6,44,14,41.740902738,-87.605959836,2023
13205907,JG418596,2023-09-10 11:00:00.000000 UTC,085XX S VERNON AVE,CRIMINAL DAMAGE,TO VEHICLE,RESIDENCE,false,false,632,6,6,44,14,41.739632532,-87.61299453,2023
12943885,JG106248,2023-01-06 04:00:00.000000 UTC,086XX S COTTAGE GROVE AVE,CRIMINAL DAMAGE,TO VEHICLE,STREET,false,false,632,6,8,44,14,41.738008783,-87.604863987,2023
13088007,JG278321,2023-05-28 10:30:00.000000 UTC,086XX S STATE ST,CRIMINAL DAMAGE,TO VEHICLE,STREET,false,false,632,6,6,44,14,41.738000689,-87.624187902,2023
13086369,JG273726,2023-05-24 17:54:00.000000 UTC,093XX S VERNON AVE,ROBBERY,ARMED - HANDGUN,STREET,false,false,633,6,8,49,03,41.725107036,-87.6130176,2023
13030713,JG209472,2023-04-03 05:30:00.000000 UTC,008XX E 90TH PL,ROBBERY,STRONG ARM - NO WEAPON,APARTMENT,false,false,633,6,8,44,03,41.730277132,-87.603852286,2023
13308416,JG541268,2023-12-13 23:00:00.000000 UTC,007XX E 91ST ST,ROBBERY,AGGRAVATED,RESIDENCE,false,false,633,6,8,44,03,41.729332789,-87.605969474,2023
13000361,JG173565,2023-03-04 10:20:00.000000 UTC,093XX S RHODES AVE,BATTERY,DOMESTIC BATTERY SIMPLE,RESIDENCE,false,true,633,6,9,49,08B,41.724735027,-87.610589374,2023
13122086,JG317540,2023-06-26 22:48:00.000000 UTC,090XX S LANGLEY AVE,BATTERY,DOMESTIC BATTERY SIMPLE,APARTMENT,false,true,633,6,8,44,08B,41.729921632,-87.607083868,2023
13133083,JG332192,2023-07-07 23:43:00.000000 UTC,090XX S DR MARTIN LUTHER KING JR DR,BATTERY,DOMESTIC BATTERY SIMPLE,RESIDENCE,false,true,633,6,6,44,08B,41.730664552,-87.614376978,2023
13293693,JG523301,2023-11-30 13:30:00.000000 UTC,094XX S COTTAGE GROVE AVE,THEFT,OVER $500,GAS STATION,false,false,633,6,8,47,06,41.723132427,-87.604519207,2023
12957482,JG122204,2023-01-19 15:30:00.000000 UTC,091XX S INDIANA AVE,THEFT,OVER $500,APARTMENT,false,false,633,6,9,49,06,41.72864439,-87.619161984,2023
13052636,JG235878,2023-04-24 10:15:00.000000 UTC,006XX E 89TH PL,THEFT,OVER $500,STREET,false,false,633,6,8,44,06,41.732024281,-87.608902993,2023
13312671,JG546917,2023-12-14 10:41:00.000000 UTC,093XX S ST LAWRENCE AVE,THEFT,$500 AND UNDER,RESIDENCE - YARD (FRONT / BACK),false,false,633,6,8,49,06,41.724620351,-87.609374471,2023
13275566,JG502102,2023-11-13 06:48:00.000000 UTC,094XX S COTTAGE GROVE AVE,CRIMINAL DAMAGE,TO PROPERTY,GAS STATION,false,false,633,6,8,49,14,41.722421445,-87.604486948,2023
13118482,JG314710,2023-06-24 22:55:00.000000 UTC,094XX S BURNSIDE AVE,CRIMINAL DAMAGE,TO PROPERTY,RESIDENCE,false,false,633,6,8,44,14,41.722697037,-87.605102898,2023
13147840,JG349733,2023-07-21 03:52:00.000000 UTC,005XX E 91ST ST,CRIMINAL DAMAGE,TO PROPERTY,RESIDENCE,false,true,633,6,8,44,14,41.729247832,-87.61120921,2023
12944790,JG106604,2023-01-06 13:00:00.000000 UTC,092XX S BURNSIDE AVE,CRIMINAL DAMAGE,TO VEHICLE,STREET,false,false,633,6,9,44,14,41.726567493,-87.613532469,2023
13295091,JG525490,2023-12-02 02:45:00.000000 UTC,0000X W 95TH ST,BATTERY,AGGRAVATED - OTHER DANGEROUS WEAPON,CTA TRAIN,false,false,634,6,9,49,04B,41.721698573,-87.625378177,2023
13304733,JG537247,2023-12-09 18:00:00.000000 UTC,093XX S STEWART AVE,BATTERY,SIMPLE,RESIDENCE,false,false,634,6,9,49,08B,41.72404132,-87.632843677,2023
13043800,JG225402,2023-04-14 20:00:00.000000 UTC,003XX W 95TH ST,BATTERY,SIMPLE,FACTORY / MANUFACTURING BUILDING,false,false,634,6,21,49,08B,41.721620575,-87.631452369,2023
13322697,JG558922,2023-12-29 17:31:00.000000 UTC,089XX S LAFAYETTE AVE,BATTERY,DOMESTIC BATTERY SIMPLE,SMALL RETAIL STORE,false,true,634,6,21,44,08B,41.732214483,-87.625328663,2023
12974139,JG142113,2023-02-05 23:22:00.000000 UTC,003XX W 92ND ST,BATTERY,DOMESTIC BATTERY SIMPLE,APARTMENT,false,true,634,6,21,49,08B,41.726612592,-87.63236882,2023
13023544,JG201315,2023-03-27 17:00:00.000000 UTC,088XX S PRINCETON AVE,BATTERY,DOMESTIC BATTERY SIMPLE,RESIDENCE,false,true,634,6,21,49,08B,41.733571929,-87.631879156,2023
13027828,JG206346,2023-03-31 17:30:00.000000 UTC,091XX S HARVARD AVE,BATTERY,DOMESTIC BATTERY SIMPLE,RESIDENCE,false,true,634,6,21,49,08B,41.72716831,-87.632142977,2023
13161212,JG365496,2023-08-01 21:46:00.000000 UTC,092XX S PRINCETON AVE,BATTERY,DOMESTIC BATTERY SIMPLE,APARTMENT,false,true,634,6,9,49,08B,41.726591501,-87.629815707,2023
13169916,JG375814,2023-08-09 02:30:00.000000 UTC,094XX S LAFAYETTE AVE,ASSAULT,SIMPLE,RESIDENCE,false,true,634,6,9,49,08A,41.723162201,-87.625080049,2023
13191809,JG401800,2023-08-28 21:59:00.000000 UTC,094XX S HARVARD AVE,ASSAULT,SIMPLE,APARTMENT,false,false,634,6,9,49,08A,41.722478451,-87.632171989,2023
13153009,JG355859,2023-07-25 08:00:00.000000 UTC,093XX S MICHIGAN AVE,THEFT,OVER $500,STREET,false,false,634,6,6,49,06,41.724531764,-87.620665489,2023
13320893,JG556670,2023-12-22 14:00:00.000000 UTC,0000X W 87TH ST,THEFT,$500 AND UNDER,PARKING LOT / GARAGE (NON RESIDENTIAL),false,false,634,6,21,44,06,41.736269116,-87.627768243,2023
12979236,JG144705,2023-02-08 01:40:00.000000 UTC,093XX S PRINCETON AVE,THEFT,$500 AND UNDER,RESIDENCE,false,true,634,6,21,49,06,41.725421752,-87.630154499,2023
13012888,JG188687,2023-03-17 08:00:00.000000 UTC,094XX S HARVARD AVE,THEFT,$500 AND UNDER,VEHICLE NON-COMMERCIAL,false,false,634,6,21,49,06,41.724111317,-87.63172198,2023
13152872,JG355596,2023-07-25 14:46:00.000000 UTC,0000X W 87TH ST,THEFT,$500 AND UNDER,GROCERY FOOD STORE,true,false,634,6,21,44,06,41.736269116,-87.627768243,2023
13248640,JG469651,2023-10-19 00:52:00.000000 UTC,094XX S MICHIGAN AVE,CRIMINAL DAMAGE,TO VEHICLE,STREET,false,false,634,6,6,49,14,41.722873924,-87.620621535,2023
13303644,JG535947,2023-12-10 15:13:00.000000 UTC,002XX W 63RD ST,ROBBERY,ARMED - HANDGUN,CTA PLATFORM,true,false,711,7,20,68,03,41.779981403,-87.630629333,2023
13092055,JG283096,2023-05-31 23:00:00.000000 UTC,062XX S NORMAL BLVD,ROBBERY,ARMED - HANDGUN,SIDEWALK,false,false,711,7,20,68,03,41.780555579,-87.637493902,2023
13099664,JG292060,2023-06-07 16:13:00.000000 UTC,004XX W 63RD ST,BATTERY,AGGRAVATED - OTHER DANGEROUS WEAPON,STREET,false,false,711,7,20,68,04B,41.779873218,-87.637200637,2023
13120517,JG317369,2023-06-26 19:00:00.000000 UTC,056XX S PRINCETON AVE,BATTERY,SIMPLE,STREET,false,false,711,7,20,68,08B,41.792117003,-87.632935395,2023
13278219,JG504445,2023-11-14 20:00:00.000000 UTC,058XX S PRINCETON AVE,BATTERY,DOMESTIC BATTERY SIMPLE,RESIDENCE,false,true,711,7,20,68,08B,41.788340245,-87.6328335,2023
13316816,JG551963,2023-12-23 04:00:00.000000 UTC,057XX S PRINCETON AVE,BATTERY,DOMESTIC BATTERY SIMPLE,RESIDENCE,true,true,711,7,20,68,08B,41.789687891,-87.632866498,2023
13070475,JG257620,2023-05-12 09:00:00.000000 UTC,061XX S NORMAL BLVD,BATTERY,DOMESTIC BATTERY SIMPLE,APARTMENT,false,true,711,7,20,68,08B,41.783149362,-87.637564855,2023
13133757,JG332995,2023-07-08 16:15:00.000000 UTC,005XX W 63RD ST,BATTERY,DOMESTIC BATTERY SIMPLE,APARTMENT,false,true,711,7,20,68,08B,41.779858738,-87.637981729,2023
13095810,JG287775,2023-06-04 13:23:00.000000 UTC,059XX S EMERALD AVE,BATTERY,AGGRAVATED DOMESTIC BATTERY - OTHER DANGEROUS WEAPON,APARTMENT,false,true,711,7,16,68,04B,41.786630802,-87.643760687,2023
13148665,JG350762,2023-07-21 19:16:00.000000 UTC,006XX W 61ST PL,ASSAULT,AGGRAVATED - HANDGUN,RESIDENCE,false,false,711,7,16,68,04A,41.782538127,-87.641322308,2023
13235251,JG453866,2023-10-06 17:30:00.000000 UTC,006XX W 61ST ST,ASSAULT,SIMPLE,APARTMENT,false,false,711,7,16,68,08A,41.783449861,-87.640971514,2023
12978747,JG147611,2023-01-30 05:00:00.000000 UTC,061XX S YALE AVE,THEFT,OVER $500,STREET,false,false,711,7,20,68,06,41.783348434,-87.631941864,2023
13318675,JG554179,2023-12-04 00:01:00.000000 UTC,007XX W 61ST PL,THEFT,$500 AND UNDER,RESIDENCE,false,false,711,7,16,68,06,41.782509635,-87.642972546,2023
12982138,JG150669,2023-02-11 19:10:00.000000 UTC,006XX W 63rd st,THEFT,POCKET-PICKING,DRUG STORE,false,false,711,7,16,68,06,41.779798546,-87.641648739,2023
12997865,JG163566,2023-02-23 20:00:00.000000 UTC,056XX S SHIELDS AVE,CRIMINAL DAMAGE,TO PROPERTY,RESIDENCE,false,false,711,7,3,68,14,41.792047227,-87.634094945,2023
13215147,JG429561,2023-09-18 16:15:00.000000 UTC,055XX S HALSTED ST,CRIMINAL DAMAGE,TO VEHICLE,PARKING LOT / GARAGE (NON RESIDENTIAL),false,false,711,7,16,68,14,41.793579386,-87.645142068,2023
13268162,JG494024,2023-11-06 00:00:00.000000 UTC,006XX W ENGLEWOOD AVE,CRIMINAL DAMAGE,TO VEHICLE,STREET,false,false,711,7,16,68,14,41.780713292,-87.641341929,2023
13063614,JG239586,2023-04-27 16:20:00.000000 UTC,061XX S PEORIA ST,BATTERY,AGGRAVATED - OTHER DANGEROUS WEAPON,SIDEWALK,false,true,712,7,16,68,04B,41.783070697,-87.647300386,2023
13163540,JG368243,2023-08-03 20:21:00.000000 UTC,008XX W 63RD ST,BATTERY,AGGRAVATED - OTHER DANGEROUS WEAPON,STREET,false,false,712,7,16,68,04B,41.77971757,-87.646907163,2023
13025142,JG203213,2023-03-29 10:00:00.000000 UTC,061XX S MORGAN ST,BATTERY,DOMESTIC BATTERY SIMPLE,APARTMENT,false,true,712,7,16,68,08B,41.782635043,-87.649717601,2023
13091404,JG282001,2023-05-30 23:00:00.000000 UTC,009XX W GARFIELD BLVD,BATTERY,DOMESTIC BATTERY SIMPLE,APARTMENT,false,true,712,7,16,68,08B,41.793895746,-87.648024742,2023
13273789,JG500210,2023-11-11 12:30:00.000000 UTC,008XX W 63RD ST,THEFT,$500 AND UNDER,CTA BUS,false,false,712,7,16,68,06,41.779747852,-87.645088326,2023
12973831,JG141603,2023-02-04 08:00:00.000000 UTC,060XX S GREEN ST,THEFT,$500 AND UNDER,STREET,false,false,712,7,16,68,06,41.784674568,-87.64612463,2023
13049017,JG231655,2023-04-20 22:30:00.000000 UTC,055XX S MAY ST,THEFT,$500 AND UNDER,DRIVEWAY - RESIDENTIAL,false,false,712,7,16,68,06,41.793347305,-87.65363763,2023
13279227,JG506325,2023-11-16 09:25:00.000000 UTC,059XX S MORGAN ST,THEFT,RETAIL THEFT,GAS STATION,true,false,712,7,16,68,06,41.786499587,-87.649815884,2023
12969094,JG136247,2023-01-30 23:15:00.000000 UTC,060XX S GREEN ST,CRIMINAL DAMAGE,TO VEHICLE,STREET,false,true,712,7,16,68,14,41.784564782,-87.646122136,2023
13004563,JG178702,2023-03-08 17:19:00.000000 UTC,060XX S GREEN ST,CRIMINAL DAMAGE,TO VEHICLE,STREET,false,true,712,7,16,68,14,41.784564782,-87.646122136,2023
13078606,JG267371,2023-05-19 23:45:00.000000 UTC,061XX S ASHLAND AVE,BATTERY,"AGGRAVATED P.O. - HANDS, FISTS, FEET, NO / MINOR INJURY",STREET,true,false,713,7,16,67,08B,41.782119791,-87.664282719,2023
13279837,JG507322,2023-11-16 23:55:00.000000 UTC,014XX W 63RD ST,BATTERY,SIMPLE,POLICE FACILITY / VEHICLE PARKING LOT,false,false,713,7,16,67,08B,41.779520772,-87.660962362,2023
13021340,JG198772,2023-03-25 14:51:00.000000 UTC,061XX S LOOMIS BLVD,BATTERY,SIMPLE,VEHICLE NON-COMMERCIAL,true,false,713,7,16,67,08B,41.782094142,-87.659424883,2023
13274399,JG500815,2023-11-11 23:29:00.000000 UTC,056XX S ADA ST,BATTERY,AGGRAVATED OF A CHILD,APARTMENT,false,true,713,7,16,67,04B,41.791320174,-87.658444503,2023
13239039,JG457419,2023-10-09 20:05:00.000000 UTC,055XX S ASHLAND AVE,ASSAULT,SIMPLE,GAS STATION,false,false,713,7,16,67,08A,41.79329893,-87.66456619,2023
13005839,JG180218,2023-03-10 03:15:00.000000 UTC,055XX S ADA ST,THEFT,$500 AND UNDER,CTA BUS,false,false,713,7,16,67,06,41.793381437,-87.658496223,2023
12964443,JG130449,2023-01-25 10:20:00.000000 UTC,056XX S JUSTINE ST,CRIMINAL DAMAGE,TO PROPERTY,APARTMENT,false,false,713,7,16,67,14,41.791565336,-87.663289748,2023
12988048,JG158884,2023-02-19 21:36:00.000000 UTC,013XX W 58TH ST,CRIMINAL DAMAGE,TO PROPERTY,APARTMENT,true,true,713,7,16,67,14,41.788658236,-87.657981064,2023
13237016,JG455758,2023-10-08 14:00:00.000000 UTC,014XX W 63RD ST,CRIMINAL DAMAGE,TO VEHICLE,POLICE FACILITY / VEHICLE PARKING LOT,false,false,713,7,16,67,14,41.779520772,-87.660962362,2023
13241794,JG461661,2023-10-13 07:01:00.000000 UTC,016XX W 59TH ST,ROBBERY,ARMED - HANDGUN,STREET,false,false,714,7,15,67,03,41.786729201,-87.665998506,2023
13099329,JG291096,2023-06-06 18:15:00.000000 UTC,061XX S ASHLAND AVE,BATTERY,AGGRAVATED - KNIFE / CUTTING INSTRUMENT,SIDEWALK,false,false,714,7,16,67,04B,41.782432685,-87.664290466,2023
13073434,JG261354,2023-05-15 11:30:00.000000 UTC,020XX W 63RD ST,BATTERY,DOMESTIC BATTERY SIMPLE,RESTAURANT,false,true,714,7,16,67,08B,41.779310448,-87.674394341,2023
12961213,JG126547,2023-01-23 12:55:00.000000 UTC,016XX W 61ST ST,ASSAULT,SIMPLE,RESIDENCE,false,true,714,7,15,67,08A,41.783087535,-87.665999603,2023
13100566,JG293532,2023-06-08 07:00:00.000000 UTC,061XX S WOOD ST,THEFT,OVER $500,STREET,false,false,714,7,15,67,06,41.782370254,-87.669138239,2023
13227868,JG444757,2023-09-15 10:00:00.000000 UTC,061XX S WOLCOTT AVE,THEFT,$500 AND UNDER,RESIDENCE,false,false,714,7,16,67,06,41.782279941,-87.671559063,2023
13093779,JG284335,2023-06-01 16:00:00.000000 UTC,019XX W 59TH ST,THEFT,$500 AND UNDER,SIDEWALK,false,true,714,7,16,67,06,41.786639531,-87.673277938,2023
13114162,JG309698,2023-06-02 07:00:00.000000 UTC,059XX S PAULINA ST,THEFT,$500 AND UNDER,STREET,false,false,714,7,15,67,06,41.785743149,-87.666797072,2023
13135686,JG335362,2023-06-19 09:00:00.000000 UTC,059XX S WOLCOTT AVE,THEFT,FROM BUILDING,RESIDENCE,false,false,714,7,16,67,06,41.786053899,-87.671655922,2023
13172777,JG379095,2023-08-11 19:00:00.000000 UTC,056XX S PAULINA ST,BATTERY,AGGRAVATED - OTHER DANGEROUS WEAPON,STREET,false,false,715,7,15,67,04B,41.791726636,-87.666958777,2023
13216266,JG431045,2023-09-19 18:20:00.000000 UTC,056XX S WOOD ST,BATTERY,SIMPLE,SIDEWALK,false,false,715,7,15,67,08B,41.791419544,-87.669374859,2023
12986349,JG156743,2023-02-17 23:50:00.000000 UTC,056XX S PAULINA ST,BATTERY,DOMESTIC BATTERY SIMPLE,APARTMENT,true,true,715,7,16,67,08B,41.791279238,-87.666945075,2023
13024751,JG202889,2023-03-28 19:47:00.000000 UTC,057XX S HONORE ST,BATTERY,DOMESTIC BATTERY SIMPLE,RESIDENCE,false,true,715,7,15,67,08B,41.789862042,-87.670542349,2023
13125527,JG323159,2023-07-01 02:44:00.000000 UTC,056XX S PAULINA ST,BATTERY,DOMESTIC BATTERY SIMPLE,APARTMENT,false,true,715,7,16,67,08B,41.791520763,-87.666949908,2023
13215137,JG429282,2023-09-18 11:50:00.000000 UTC,056XX S HOYNE AVE,ASSAULT,SIMPLE,RESIDENCE - PORCH / HALLWAY,false,false,715,7,15,67,08A,41.791071694,-87.676653786,2023
13315829,JG550484,2023-12-22 10:09:00.000000 UTC,057XX S PAULINA ST,ASSAULT,SIMPLE,APARTMENT,false,true,715,7,16,67,08A,41.789475966,-87.666897747,2023
13087245,JG277356,2023-05-26 12:30:00.000000 UTC,055XX S ASHLAND AVE,THEFT,OVER $500,CTA BUS,false,false,715,7,16,67,06,41.79329893,-87.66456619,2023
13244733,JG465321,2023-10-16 02:45:00.000000 UTC,055XX S HAMILTON AVE,CRIMINAL DAMAGE,TO VEHICLE,RESIDENCE,false,false,715,7,15,67,14,41.792848986,-87.677919133,2023
13232054,JG428775,2023-09-18 06:23:00.000000 UTC,066XX S WENTWORTH AVE,ROBBERY,ARMED - HANDGUN,GAS STATION,false,false,722,7,6,69,03,41.773536673,-87.62999581,2023
13105597,JG297810,2023-06-12 10:20:00.000000 UTC,066XX S WENTWORTH AVE,BATTERY,AGGRAVATED - OTHER DANGEROUS WEAPON,GAS STATION,false,false,722,7,6,69,04B,41.773536673,-87.62999581,2023
13240177,JG459775,2023-10-11 16:14:00.000000 UTC,001XX W 69TH ST,BATTERY,SIMPLE,STREET,true,false,722,7,6,69,08B,41.769088976,-87.628783379,2023
12967327,JG134033,2023-01-29 17:00:00.000000 UTC,003XX W 64TH ST,BATTERY,SIMPLE,HOSPITAL BUILDING / GROUNDS,false,false,722,7,20,68,08B,41.778099133,-87.633828531,2023
13032367,JG211756,2023-04-05 10:49:00.000000 UTC,063XX S STEWART AVE,BATTERY,DOMESTIC BATTERY SIMPLE,HOSPITAL BUILDING / GROUNDS,false,true,722,7,20,68,08B,41.779396292,-87.635035324,2023
13066195,JG252299,2023-05-08 09:17:00.000000 UTC,003XX W NORMAL PKWY,BATTERY,DOMESTIC BATTERY SIMPLE,RESIDENCE,true,true,722,7,6,68,08B,41.771478372,-87.633577871,2023
12940347,JG102300,2023-01-02 22:30:00.000000 UTC,064XX S STEWART AVE,BATTERY,AGGRAVATED DOMESTIC BATTERY - KNIFE / CUTTING INSTRUMENT,APARTMENT,true,true,722,7,20,68,04B,41.777420064,-87.634979772,2023
12995392,JG167010,2023-02-26 18:39:00.000000 UTC,068XX S PERRY AVE,ASSAULT,AGGRAVATED - HANDGUN,APARTMENT,false,true,722,7,6,69,04A,41.769969589,-87.628286191,2023
13267042,JG492443,2023-11-05 10:45:00.000000 UTC,066XX S STEWART AVE,THEFT,$500 AND UNDER,STREET,false,false,722,7,6,68,06,41.773950727,-87.634889097,2023
13003688,JG177399,2023-03-07 14:45:00.000000 UTC,068XX S NORMAL BLVD,THEFT,$500 AND UNDER,SCHOOL - PUBLIC BUILDING,false,false,722,7,6,68,06,41.769925563,-87.637267875,2023
13035375,JG215297,2023-04-07 21:40:00.000000 UTC,065XX S HARVARD AVE,THEFT,$500 AND UNDER,STREET,false,false,722,7,20,68,06,41.77543953,-87.633314847,2023
13242721,JG462803,2023-10-14 00:00:00.000000 UTC,065XX S HARVARD AVE,CRIMINAL DAMAGE,TO PROPERTY,APARTMENT,false,true,722,7,6,68,14,41.77543953,-87.633314847,2023
12945665,JG108401,2023-01-07 17:00:00.000000 UTC,063XX S NORMAL BLVD,CRIMINAL DAMAGE,TO VEHICLE,STREET,false,false,722,7,20,68,14,41.778667541,-87.637499648,2023
13124101,JG321411,2023-06-29 20:00:00.000000 UTC,065XX S HALSTED ST,ROBBERY,ARMED - HANDGUN,CTA BUS STOP,false,false,723,7,16,68,03,41.775818341,-87.644683072,2023
12985448,JG155615,2023-02-16 10:30:00.000000 UTC,006XX W 63RD ST,BATTERY,SIMPLE,MEDICAL / DENTAL OFFICE,false,false,723,7,20,68,08B,41.779802622,-87.641414048,2023
13205102,JG417456,2023-09-09 12:00:00.000000 UTC,065XX S PEORIA ST,BATTERY,DOMESTIC BATTERY SIMPLE,RESIDENCE,true,true,723,7,16,68,08B,41.7753416,-87.647104136,2023
13234619,JG452858,2023-10-06 03:45:00.000000 UTC,064XX S LOWE AVE,BATTERY,DOMESTIC BATTERY SIMPLE,APARTMENT,false,true,723,7,20,68,08B,41.777309867,-87.640802922,2023
13112803,JG307895,2023-06-19 23:28:00.000000 UTC,068XX S MORGAN ST,BATTERY,DOMESTIC BATTERY SIMPLE,APARTMENT,false,true,723,7,16,68,08B,41.769795258,-87.64938472,2023
13121299,JG317954,2023-06-27 10:17:00.000000 UTC,065XX S LOWE AVE,BATTERY,DOMESTIC BATTERY SIMPLE,APARTMENT,false,true,723,7,6,68,08B,41.775210155,-87.640748522,2023
13232648,JG450552,2023-10-04 12:59:00.000000 UTC,066XX S SANGAMON ST,ASSAULT,AGGRAVATED - HANDGUN,RESIDENCE,true,true,723,7,16,68,04A,41.773729439,-87.648272449,2023
13199742,JG411275,2023-09-04 23:58:00.000000 UTC,008XX W 66TH ST,ASSAULT,AGGRAVATED - HANDGUN,STREET,false,false,723,7,16,68,04A,41.774268441,-87.646162404,2023
13207867,JG420900,2023-09-11 18:00:00.000000 UTC,065XX S MORGAN ST,THEFT,$500 AND UNDER,STREET,false,false,723,7,16,68,06,41.775232563,-87.64952859,2023
13299511,JG530924,2023-12-06 13:42:00.000000 UTC,064XX S PEORIA ST,THEFT,$500 AND UNDER,APARTMENT,false,true,723,7,16,68,06,41.777402871,-87.647155486,2023
12959399,JG124319,2023-01-06 00:00:00.000000 UTC,066XX S HALSTED ST,THEFT,$500 AND UNDER,APARTMENT,false,false,723,7,6,68,06,41.773054421,-87.644613656,2023
13034580,JG214259,2023-04-05 00:00:00.000000 UTC,063XX S SANGAMON ST,THEFT,$500 AND UNDER,APARTMENT,false,true,723,7,16,68,06,41.778612298,-87.648400132,2023
13037502,JG217887,2023-04-10 15:26:00.000000 UTC,068XX S HALSTED ST,CRIMINAL DAMAGE,TO PROPERTY,COMMERCIAL / BUSINESS OFFICE,false,false,723,7,6,68,14,41.769661943,-87.644525308,2023
13226086,JG442737,2023-09-28 11:45:00.000000 UTC,065XX S LOWE AVE,CRIMINAL DAMAGE,TO VEHICLE,STREET,false,false,723,7,6,68,14,41.775429728,-87.640753492,2023
13168468,JG374177,2023-08-07 21:30:00.000000 UTC,064XX S LOWE AVE,CRIMINAL DAMAGE,TO VEHICLE,STREET,false,false,723,7,20,68,14,41.777309867,-87.640802922,2023
13178783,JG386114,2023-08-17 09:56:00.000000 UTC,066XX S GREEN ST,CRIMINAL DAMAGE,TO VEHICLE,STREET,false,true,723,7,16,68,14,41.773671037,-87.645846171,2023
13291013,JG520534,2023-11-28 11:07:00.000000 UTC,012XX W 63RD ST,BATTERY,"AGGRAVATED P.O. - HANDS, FISTS, FEET, NO / MINOR INJURY",CONVENIENCE STORE,true,false,724,7,16,67,08B,41.779603401,-87.654945018,2023
13184396,JG392794,2023-08-22 08:59:00.000000 UTC,067XX S MAY ST,ASSAULT,SIMPLE,APARTMENT,false,true,724,7,16,68,08A,41.771804071,-87.653080609,2023
12941327,JG103435,2023-01-03 18:20:00.000000 UTC,011XX W 69TH ST,THEFT,$500 AND UNDER,DAY CARE CENTER,false,false,724,7,16,68,06,41.768718924,-87.65252302,2023
13002310,JG176048,2023-03-05 13:00:00.000000 UTC,010XX W 64TH ST,THEFT,$500 AND UNDER,RESIDENCE,false,false,724,7,16,68,06,41.777854117,-87.650116672,2023
13041528,JG222526,2023-04-13 23:04:00.000000 UTC,011XX W 63RD ST,THEFT,RETAIL THEFT,GAS STATION,false,false,724,7,16,68,06,41.779618399,-87.653767961,2023
13119377,JG315829,2023-06-25 00:00:00.000000 UTC,063XX S RACINE AVE,CRIMINAL DAMAGE,CRIMINAL DEFACEMENT,CTA PARKING LOT / GARAGE / OTHER PROPERTY,false,false,724,7,16,67,14,41.778969503,-87.654486077,2023
13110222,JG304958,2023-06-17 17:30:00.000000 UTC,010XX W 68TH ST,CRIMINAL DAMAGE,TO PROPERTY,RESIDENCE,false,false,724,7,16,68,14,41.770577359,-87.649841973,2023
13001053,JG174467,2023-03-05 04:28:00.000000 UTC,063XX S THROOP ST,CRIMINAL DAMAGE,TO VEHICLE,VEHICLE NON-COMMERCIAL,true,false,724,7,16,67,14,41.778879542,-87.656914122,2023
13135240,JG334729,2023-07-10 05:40:00.000000 UTC,015XX W 69TH ST,ROBBERY,ARMED - HANDGUN,STREET,false,false,725,7,17,67,03,41.768573972,-87.662403673,2023
13294560,JG524683,2023-12-01 14:10:00.000000 UTC,064XX S MARSHFIELD AVE,BATTERY,AGGRAVATED - KNIFE / CUTTING INSTRUMENT,SIDEWALK,false,false,725,7,15,67,04B,41.77718121,-87.665422917,2023
13129995,JG328337,2023-07-05 09:20:00.000000 UTC,064XX S MARSHFIELD AVE,BATTERY,AGGRAVATED - KNIFE / CUTTING INSTRUMENT,APARTMENT,true,true,725,7,15,67,04B,41.776678928,-87.665409797,2023
13004309,JG178439,2023-03-08 13:40:00.000000 UTC,065XX S LAFLIN ST,BATTERY,DOMESTIC BATTERY SIMPLE,RESIDENCE,false,true,725,7,16,67,08B,41.775356304,-87.661665759,2023
13318945,JG554559,2023-12-26 00:32:00.000000 UTC,068XX S MARSHFIELD AVE,BATTERY,AGGRAVATED DOMESTIC BATTERY - KNIFE / CUTTING INSTRUMENT,APARTMENT,false,true,725,7,17,67,04B,41.769528572,-87.665157722,2023
12985156,JG155337,2023-02-16 20:33:00.000000 UTC,065XX S JUSTINE ST,BATTERY,"AGG. DOMESTIC BATTERY - HANDS, FISTS, FEET, SERIOUS INJURY",RESIDENCE,false,true,725,7,16,67,04B,41.774929713,-87.662865354,2023
13106297,JG300260,2023-06-14 03:50:00.000000 UTC,063XX S MARSHFIELD AVE,ASSAULT,AGGRAVATED - HANDGUN,STREET,false,false,725,7,15,67,04A,41.778987251,-87.665473836,2023
13121603,JG318309,2023-06-21 15:35:00.000000 UTC,067XX S ASHLAND AVE,THEFT,OVER $500,STREET,false,false,725,7,16,67,06,41.771736514,-87.66400571,2023
13188303,JG396762,2023-08-07 06:30:00.000000 UTC,067XX S ASHLAND AVE,THEFT,OVER $500,GAS STATION,false,false,725,7,16,67,06,41.771736514,-87.66400571,2023
13245522,JG465838,2023-10-12 17:00:00.000000 UTC,063XX S BISHOP ST,THEFT,$500 AND UNDER,RESIDENCE - PORCH / HALLWAY,false,false,725,7,16,67,06,41.778793876,-87.660551996,2023
13045116,JG227038,2023-04-17 00:00:00.000000 UTC,064XX S BISHOP ST,THEFT,$500 AND UNDER,STREET,false,false,725,7,16,67,06,41.777064691,-87.660504077,2023
13085388,JG275166,2023-05-25 17:00:00.000000 UTC,067XX S ASHLAND AVE,THEFT,$500 AND UNDER,APARTMENT,false,false,725,7,16,67,06,41.771291879,-87.663995669,2023
12954751,JG118959,2023-01-17 03:40:00.000000 UTC,064XX S JUSTINE ST,CRIMINAL DAMAGE,TO VEHICLE,STREET,false,false,725,7,16,67,14,41.777032164,-87.662920446,2023
12959014,JG123652,2023-01-20 20:59:00.000000 UTC,021XX W 68TH PL,BATTERY,DOMESTIC BATTERY SIMPLE,RESIDENCE,false,true,726,7,16,67,08B,41.769315054,-87.676674106,2023
12997851,JG170754,2023-03-01 17:30:00.000000 UTC,068XX S WOLCOTT AVE,THEFT,OVER $500,STREET,false,false,726,7,17,67,06,41.769832682,-87.671232453,2023
13283835,JG512206,2023-11-20 18:15:00.000000 UTC,066XX S SEELEY AVE,CRIMINAL DAMAGE,TO VEHICLE,VEHICLE NON-COMMERCIAL,false,false,726,7,16,67,14,41.772886503,-87.674951334,2023
12981219,JG150503,2023-02-12 23:00:00.000000 UTC,021XX W 68TH PL,CRIMINAL DAMAGE,TO VEHICLE,STREET,false,true,726,7,16,67,14,41.769315054,-87.676674106,2023
13301062,JG532763,2023-12-07 22:31:00.000000 UTC,074XX S VINCENNES AVE,BATTERY,AGGRAVATED - OTHER DANGEROUS WEAPON,APARTMENT,false,false,731,7,6,69,04B,41.758921239,-87.631005745,2023
13236305,JG454983,2023-10-07 19:13:00.000000 UTC,002XX W 70TH ST,BATTERY,SIMPLE,RESIDENCE,false,false,731,7,6,69,08B,41.76724809,-87.630214794,2023
13226481,JG443137,2023-09-29 01:30:00.000000 UTC,072XX S PRINCETON AVE,BATTERY,DOMESTIC BATTERY SIMPLE,STREET,false,true,731,7,6,69,08B,41.763025503,-87.63215591,2023
13306413,JG539164,2023-12-13 07:00:00.000000 UTC,0000X W 71ST ST,BATTERY,DOMESTIC BATTERY SIMPLE,APARTMENT,false,true,731,7,6,69,08B,41.765444001,-87.626906181,2023
13023620,JG201179,2023-03-27 16:30:00.000000 UTC,073XX S PRINCETON AVE,BATTERY,DOMESTIC BATTERY SIMPLE,APARTMENT,false,true,731,7,6,69,08B,41.761172844,-87.632113769,2023
13036913,JG217106,2023-04-10 00:46:00.000000 UTC,074XX S HARVARD AVE,BATTERY,DOMESTIC BATTERY SIMPLE,RESIDENCE,false,true,731,7,6,69,08B,41.759388087,-87.633306063,2023
12963175,JG128823,2023-01-25 10:39:00.000000 UTC,073XX S STEWART AVE,CRIMINAL DAMAGE,TO PROPERTY,APARTMENT,false,false,731,7,6,69,14,41.761226178,-87.63456161,2023
12972781,JG140598,2023-02-04 14:00:00.000000 UTC,003XX W 74TH ST,CRIMINAL DAMAGE,TO PROPERTY,APARTMENT,false,false,731,7,6,69,14,41.759909984,-87.633835514,2023
13111900,JG307111,2023-06-18 22:00:00.000000 UTC,002XX W 72ND ST,CRIMINAL DAMAGE,TO VEHICLE,STREET,false,false,731,7,6,69,14,41.763599226,-87.630386588,2023
13225712,JG442149,2023-09-28 08:45:00.000000 UTC,071XX S EMERALD AVE,BATTERY,"PROTECTED EMPLOYEE - HANDS, FISTS, FEET, NO / MINOR INJURY",APARTMENT,true,false,732,7,6,68,08B,41.76463904,-87.643013869,2023
12968911,JG135930,2023-01-31 13:21:00.000000 UTC,004XX W 71ST ST,BATTERY,DOMESTIC BATTERY SIMPLE,SIDEWALK,false,true,732,7,6,68,08B,41.765350628,-87.63497505,2023
13081198,JG270764,2023-05-22 16:58:00.000000 UTC,004XX W 70TH ST,BATTERY,DOMESTIC BATTERY SIMPLE,APARTMENT,false,true,732,7,6,68,08B,41.767140373,-87.636407233,2023
13105535,JG299190,2023-06-13 10:22:00.000000 UTC,073XX S UNION AVE,BATTERY,AGGRAVATED DOMESTIC BATTERY - OTHER DANGEROUS WEAPON,APARTMENT,false,true,732,7,6,68,04B,41.760663832,-87.641857933,2023
13241205,JG461071,2023-10-12 16:46:00.000000 UTC,071XX S LOWE AVE,ASSAULT,SIMPLE,APARTMENT,false,true,732,7,6,68,08A,41.764388024,-87.640065846,2023
12983935,JG154030,2023-02-14 19:30:00.000000 UTC,071XX S EGGLESTON AVE,THEFT,$500 AND UNDER,APARTMENT,false,false,732,7,6,68,06,41.764787984,-87.635868203,2023
13004400,JG178605,2023-02-11 11:00:00.000000 UTC,069XX S UNION AVE,THEFT,$500 AND UNDER,SIDEWALK,false,false,732,7,6,68,06,41.768423095,-87.642045877,2023
12970465,JG137703,2023-02-02 00:49:00.000000 UTC,070XX S NORMAL BLVD,CRIMINAL DAMAGE,TO PROPERTY,APARTMENT,false,false,732,7,6,68,14,41.766211951,-87.637172391,2023
12981792,JG150350,2023-02-12 18:54:00.000000 UTC,071XX S HALSTED ST,CRIMINAL DAMAGE,TO PROPERTY,APARTMENT,false,false,732,7,6,68,14,41.764748911,-87.644401916,2023
13048667,JG231359,2023-04-20 18:30:00.000000 UTC,071XX S UNION AVE,CRIMINAL DAMAGE,TO PROPERTY,RESIDENCE,false,false,732,7,6,68,14,41.764572463,-87.641526392,2023
13058484,JG242984,2023-04-30 05:00:00.000000 UTC,071XX S PARNELL AVE,CRIMINAL DAMAGE,TO PROPERTY,APARTMENT,false,false,732,7,6,68,14,41.764451441,-87.638298399,2023
13070164,JG256898,2023-05-11 00:00:00.000000 UTC,073XX S GREEN ST,ROBBERY,ARMED - OTHER DANGEROUS WEAPON,APARTMENT,false,false,733,7,17,68,03,41.761070009,-87.645518866,2023
13295934,JG526616,2023-12-03 01:05:00.000000 UTC,070XX S RACINE AVE,BATTERY,DOMESTIC BATTERY SIMPLE,APARTMENT,false,true,733,7,16,68,08B,41.766382176,-87.654149592,2023
13098233,JG290778,2023-06-06 17:00:00.000000 UTC,069XX S SANGAMON ST,BATTERY,DOMESTIC BATTERY SIMPLE,SIDEWALK,false,true,733,7,16,68,08B,41.768218063,-87.648133141,2023
13044157,JG225868,2023-04-16 14:00:00.000000 UTC,071XX S SANGAMON ST,THEFT,OVER $500,STREET,false,false,733,7,6,68,06,41.764191537,-87.648025699,2023
13117311,JG313352,2023-06-23 21:43:00.000000 UTC,073XX S GREEN ST,THEFT,OVER $500,STREET,true,false,733,7,17,68,06,41.760606142,-87.645505493,2023
13272707,JG498640,2023-11-10 00:57:00.000000 UTC,069XX S PEORIA ST,THEFT,$500 AND UNDER,VEHICLE NON-COMMERCIAL,false,false,733,7,16,68,06,41.767958317,-87.646915231,2023
12945464,JG107191,2023-01-07 00:01:00.000000 UTC,071XX S PEORIA ST,CRIMINAL DAMAGE,TO PROPERTY,RESIDENCE,false,false,733,7,6,68,14,41.764357195,-87.646814328,2023
12974485,JG142544,2023-02-06 10:30:00.000000 UTC,072XX S PEORIA ST,CRIMINAL DAMAGE,TO PROPERTY,APARTMENT,false,false,733,7,6,68,14,41.762891526,-87.646778636,2023
13262426,JG486436,2023-10-31 20:10:00.000000 UTC,014XX W 72ND PL,ROBBERY,ARMED - HANDGUN,RESIDENCE,false,false,734,7,17,67,03,41.762216917,-87.661249337,2023
13185133,JG392608,2023-08-22 04:55:00.000000 UTC,070XX S ASHLAND AVE,BATTERY,SIMPLE,GROCERY FOOD STORE,false,true,734,7,17,67,08B,41.765363124,-87.663811704,2023
13077641,JG266226,2023-05-19 03:00:00.000000 UTC,015XX W 71ST ST,BATTERY,AGGRAVATED DOMESTIC BATTERY - OTHER DANGEROUS WEAPON,APARTMENT,false,true,734,7,17,67,04B,41.76492157,-87.662918244,2023
13134512,JG333820,2023-07-09 10:45:00.000000 UTC,014XX W 71ST PL,BATTERY,AGGRAVATED DOMESTIC BATTERY - OTHER DANGEROUS WEAPON,APARTMENT,true,true,734,7,17,67,04B,41.764036319,-87.661237681,2023
13145584,JG346947,2023-07-19 02:14:00.000000 UTC,070XX S RACINE AVE,ASSAULT,AGGRAVATED - HANDGUN,RESIDENCE,false,true,734,7,17,67,04A,41.766308085,-87.654150373,2023
13157023,JG360489,2023-07-29 07:22:00.000000 UTC,015XX W 71ST ST,ASSAULT,AGGRAVATED - HANDGUN,STREET,true,false,734,7,17,67,04A,41.76492157,-87.662918244,2023
13255693,JG478298,2023-10-25 13:00:00.000000 UTC,014XX W 71ST PL,THEFT,$500 AND UNDER,RESIDENCE - PORCH / HALLWAY,false,false,734,7,17,67,06,41.764040521,-87.661017709,2023
13102298,JG295468,2023-06-10 03:40:00.000000 UTC,013XX W 73RD ST,CRIMINAL DAMAGE,TO PROPERTY,RESIDENCE,false,false,734,7,17,67,14,41.761360311,-87.657908181,2023
13210526,JG424234,2023-09-14 11:20:00.000000 UTC,013XX W 71ST ST,CRIMINAL DAMAGE,TO VEHICLE,PARKING LOT / GARAGE (NON RESIDENTIAL),false,false,734,7,17,67,14,41.764995286,-87.658166965,2023
13298136,JG529316,2023-12-04 21:00:00.000000 UTC,069XX S ASHLAND AVE,BATTERY,SIMPLE,STREET,false,false,735,7,17,67,08B,41.768096835,-87.663878589,2023
13222571,JG437723,2023-09-24 21:00:00.000000 UTC,073XX S SEELEY AVE,BATTERY,DOMESTIC BATTERY SIMPLE,RESIDENCE,false,true,735,7,17,67,08B,41.76052987,-87.674637827,2023
13280630,JG508103,2023-11-17 15:20:00.000000 UTC,069XX S HERMITAGE AVE,BATTERY,DOMESTIC BATTERY SIMPLE,STREET,false,true,735,7,17,67,08B,41.767720172,-87.667537182,2023
13017625,JG194385,2023-03-22 02:09:00.000000 UTC,071XX S HERMITAGE AVE,BATTERY,DOMESTIC BATTERY SIMPLE,STREET,false,true,735,7,17,67,08B,41.764412767,-87.66744675,2023
13040379,JG221189,2023-04-12 23:50:00.000000 UTC,021XX W 72ND PL,BATTERY,DOMESTIC BATTERY SIMPLE,RESIDENCE,false,true,735,7,17,67,08B,41.76203839,-87.676887586,2023
13198510,JG409832,2023-09-03 19:00:00.000000 UTC,017XX W 71ST ST,BATTERY,DOMESTIC BATTERY SIMPLE,STREET,false,true,735,7,17,67,08B,41.764874849,-87.666679545,2023
13018868,JG194820,2023-03-21 15:00:00.000000 UTC,073XX S HOYNE AVE,ASSAULT,SIMPLE,STREET,false,false,735,7,17,67,08A,41.760539583,-87.675854596,2023
13171388,JG377530,2023-08-10 17:28:00.000000 UTC,070XX S DAMEN AVE,ASSAULT,SIMPLE,PARKING LOT / GARAGE (NON RESIDENTIAL),false,false,735,7,17,67,08A,41.766396566,-87.673573446,2023
13281299,JG509133,2023-11-16 22:00:00.000000 UTC,017XX W 71ST ST,THEFT,OVER $500,RESIDENCE,false,true,735,7,17,67,06,41.764875615,-87.666811496,2023
13172831,JG379162,2023-08-11 22:30:00.000000 UTC,070XX S WOLCOTT AVE,CRIMINAL DAMAGE,TO PROPERTY,RESIDENCE,false,false,735,7,17,67,14,41.765990089,-87.671132671,2023
13070531,JG257765,2023-05-06 18:00:00.000000 UTC,073XX S WINCHESTER AVE,CRIMINAL DAMAGE,TO VEHICLE,STREET,false,false,735,7,17,67,14,41.760271621,-87.672199411,2023
13074707,JG262679,2023-05-16 12:00:00.000000 UTC,063XX W 56TH ST,BATTERY,AGGRAVATED - OTHER DANGEROUS WEAPON,SCHOOL - PUBLIC BUILDING,false,false,811,8,13,56,04B,41.79054357,-87.780130326,2023
13308320,JG540740,2023-12-14 01:00:00.000000 UTC,054XX S HARLEM AVE,BATTERY,SIMPLE,RESTAURANT,false,false,811,8,23,56,08B,41.793822772,-87.801584415,2023
13238929,JG458163,2023-09-23 00:00:00.000000 UTC,060XX S ARCHER AVE,ASSAULT,SIMPLE,PARKING LOT / GARAGE (NON RESIDENTIAL),false,false,811,8,23,56,08A,41.79492248,-87.767532402,2023
12996013,JG168518,2023-02-28 00:19:00.000000 UTC,058XX S SAYRE AVE,THEFT,$500 AND UNDER,STREET,false,false,811,8,13,56,06,41.786037009,-87.796232998,2023
13070568,JG257779,2023-05-11 13:30:00.000000 UTC,063XX S NEW ENGLAND AVE,BATTERY,SIMPLE,SCHOOL - PUBLIC BUILDING,false,false,812,8,13,64,08B,41.776287195,-87.793451073,2023
13163072,JG367736,2023-07-27 07:00:00.000000 UTC,063XX S NEW ENGLAND AVE,BATTERY,SIMPLE,SCHOOL - PUBLIC BUILDING,false,false,812,8,13,64,08B,41.777247887,-87.793490677,2023
13276490,JG500995,2023-11-12 05:30:00.000000 UTC,058XX W 62ND ST,BATTERY,DOMESTIC BATTERY SIMPLE,APARTMENT,false,true,812,8,13,64,08B,41.779763991,-87.76829262,2023
12985333,JG155572,2023-02-17 05:50:00.000000 UTC,064XX S MOBILE AVE,BATTERY,DOMESTIC BATTERY SIMPLE,APARTMENT,false,true,812,8,13,64,08B,41.775336129,-87.778724925,2023
13183796,JG392357,2023-08-19 12:00:00.000000 UTC,060XX W 64TH PL,BATTERY,DOMESTIC BATTERY SIMPLE,APARTMENT,false,true,812,8,13,64,08B,41.775114158,-87.77257145,2023
13092554,JG283789,2023-06-01 11:30:00.000000 UTC,069XX W 65TH ST,ASSAULT,SIMPLE,PARKING LOT / GARAGE (NON RESIDENTIAL),false,false,812,8,13,64,08A,41.77379847,-87.794696398,2023
12963996,JG129776,2023-01-25 14:45:00.000000 UTC,062XX S NASHVILLE AVE,THEFT,OVER $500,STREET,false,false,812,8,13,64,06,41.778569021,-87.786187324,2023
13146369,JG347984,2023-07-19 09:45:00.000000 UTC,069XX W 64th pl,THEFT,OVER $500,APARTMENT,false,false,812,8,13,64,06,41.774747507,-87.794006566,2023
13184505,JG393192,2023-08-21 19:00:00.000000 UTC,062XX S PARKSIDE AVE,THEFT,OVER $500,APARTMENT,false,false,812,8,13,64,06,41.77925482,-87.762995564,2023
13120595,JG316499,2023-06-21 09:58:00.000000 UTC,066XX W 63RD ST,THEFT,$500 AND UNDER,RESIDENCE - PORCH / HALLWAY,false,false,812,8,13,64,06,41.777595213,-87.786851859,2023
13170352,JG375424,2023-08-07 20:00:00.000000 UTC,063XX W 60TH ST,THEFT,$500 AND UNDER,RESIDENCE - YARD (FRONT / BACK),false,false,812,8,13,64,06,41.783191844,-87.780750842,2023
13003316,JG177227,2023-03-07 11:46:00.000000 UTC,060XX S OAK PARK AVE,CRIMINAL DAMAGE,TO VEHICLE,PARKING LOT / GARAGE (NON RESIDENTIAL),false,false,812,8,23,64,14,41.782569181,-87.79118013,2023
13018047,JG194946,2023-03-22 14:12:00.000000 UTC,070XX W 63RD PL,CRIMINAL DAMAGE,TO VEHICLE,STREET,false,false,812,8,23,64,14,41.776541135,-87.797280108,2023
13029299,JG208354,2023-04-02 07:17:00.000000 UTC,062XX S AUSTIN AVE,CRIMINAL DAMAGE,TO VEHICLE,STREET,false,true,812,8,13,64,14,41.779145998,-87.77154275,2023
12990123,JG160943,2023-02-21 11:30:00.000000 UTC,064XX S TRIPP AVE,BATTERY,SIMPLE,SCHOOL - PUBLIC BUILDING,false,false,813,8,13,65,08B,41.77587182,-87.728787414,2023
13157584,JG361241,2023-07-29 18:40:00.000000 UTC,059XX S TRIPP AVE,BATTERY,DOMESTIC BATTERY SIMPLE,APARTMENT,false,true,813,8,13,65,08B,41.785417919,-87.729060746,2023
12943893,JG106300,2023-01-05 14:07:00.000000 UTC,064XX S KILPATRICK AVE,BATTERY,AGGRAVATED OF A SENIOR CITIZEN,STREET,false,false,813,8,13,64,04B,41.776184354,-87.739779297,2023
12944300,JG105819,2023-01-05 19:30:00.000000 UTC,057XX S CICERO AVE,THEFT,OVER $500,AIRPORT EXTERIOR - NON-SECURE AREA,false,false,813,8,13,56,06,41.788987036,-87.74147999,2023
13005205,JG179448,2023-03-04 09:55:00.000000 UTC,057XX S CICERO AVE,THEFT,OVER $500,AIRPORT TERMINAL UPPER LEVEL - SECURE AREA,false,false,813,8,23,56,06,41.788987036,-87.74147999,2023
13104458,JG298215,2023-06-12 07:00:00.000000 UTC,046XX W 59TH ST,THEFT,OVER $500,PARKING LOT / GARAGE (NON RESIDENTIAL),false,false,813,8,13,62,06,41.78546515,-87.738637697,2023
12947587,JG110585,2023-01-09 21:00:00.000000 UTC,062XX S KARLOV AVE,THEFT,$500 AND UNDER,STREET,false,false,813,8,23,65,06,41.779453526,-87.725223082,2023
13048561,JG230966,2023-04-13 03:30:00.000000 UTC,057XX S CICERO AVE,THEFT,$500 AND UNDER,AIRPORT PARKING LOT,false,false,813,8,23,56,06,41.788987036,-87.74147999,2023
13196382,JG406537,2023-08-31 20:30:00.000000 UTC,057XX S Cicero Ave,THEFT,FROM BUILDING,AIRPORT TERMINAL UPPER LEVEL - NON-SECURE AREA,false,false,813,8,13,56,06,41.788987036,-87.74147999,2023
13198656,JG410053,2023-09-03 23:30:00.000000 UTC,061XX S CICERO AVE,CRIMINAL DAMAGE,CRIMINAL DEFACEMENT,SIDEWALK,false,false,813,8,13,64,14,41.781439416,-87.742389021,2023
13304510,JG537105,2023-12-05 02:06:00.000000 UTC,058XX S KEELER AVE,CRIMINAL DAMAGE,TO PROPERTY,APARTMENT,false,false,813,8,13,62,14,41.787305346,-87.727895315,2023
12943361,JG105797,2023-01-05 18:40:00.000000 UTC,063XX S KILPATRICK AVE,CRIMINAL DAMAGE,TO PROPERTY,RESIDENCE,false,true,813,8,13,64,14,41.777724135,-87.739823759,2023
12971843,JG139568,2023-02-02 20:00:00.000000 UTC,063XX S CENTRAL AVE,CRIMINAL DAMAGE,TO VEHICLE,STREET,false,false,813,8,13,64,14,41.777516702,-87.761694785,2023
13112926,JG308182,2023-06-19 20:00:00.000000 UTC,060XX S TRIPP AVE,CRIMINAL DAMAGE,TO VEHICLE,STREET,false,false,813,8,13,65,14,41.783057461,-87.728991245,2023
13192689,JG402673,2023-08-29 13:45:00.000000 UTC,054XX S ARCHER AVE,ROBBERY,ARMED - HANDGUN,HOTEL / MOTEL,false,false,814,8,23,56,03,41.798429303,-87.744521435,2023
12983105,JG152850,2023-02-14 17:17:00.000000 UTC,046XX S LAMON AVE,BATTERY,AGGRAVATED - OTHER DANGEROUS WEAPON,STREET,false,false,814,8,22,56,04B,41.808586084,-87.745627875,2023
13129056,JG327339,2023-07-04 07:00:00.000000 UTC,054XX S ARCHER AVE,BATTERY,SIMPLE,HOTEL / MOTEL,false,false,814,8,23,56,08B,41.798429303,-87.744521435,2023
12959146,JG124112,2023-01-20 19:15:00.000000 UTC,046XX S LA CROSSE AVE,BATTERY,DOMESTIC BATTERY SIMPLE,RESIDENCE,false,true,814,8,22,56,08B,41.808898226,-87.744418241,2023
13314615,JG548916,2023-12-20 22:00:00.000000 UTC,058XX S ARCHER AVE,BATTERY,AGGRAVATED OF A SENIOR CITIZEN,APARTMENT,false,false,814,8,23,56,04B,41.795975283,-87.760683644,2023
13200536,JG412423,2023-09-01 17:00:00.000000 UTC,057XX S ARCHER AVE,ASSAULT,SIMPLE,MEDICAL / DENTAL OFFICE,false,false,814,8,23,56,08A,41.796520308,-87.757172832,2023
12957083,JG121561,2023-01-12 00:00:00.000000 UTC,050XX W 47TH ST,THEFT,OVER $500,VACANT LOT / LAND,false,false,814,8,22,56,06,41.807536657,-87.749716227,2023
13041126,JG222239,2023-04-13 14:00:00.000000 UTC,051XX W 55TH ST,THEFT,OVER $500,COMMERCIAL / BUSINESS OFFICE,false,false,814,8,23,56,06,41.79290166,-87.751396529,2023
13062523,JG248000,2023-05-03 07:00:00.000000 UTC,057XX S ARCHER AVE,THEFT,OVER $500,VEHICLE NON-COMMERCIAL,false,false,814,8,23,56,06,41.796541563,-87.757033283,2023
12973554,JG141379,2023-02-05 10:25:00.000000 UTC,045XX S LA CROSSE AVE,THEFT,$500 AND UNDER,SIDEWALK,false,false,814,8,22,56,06,41.810745361,-87.744463681,2023
13070990,JG258318,2023-05-12 04:46:00.000000 UTC,051XX S LAPORTE AVE,THEFT,$500 AND UNDER,STREET,false,false,814,8,23,56,06,41.799609048,-87.746608444,2023
13182247,JG390506,2023-08-16 22:00:00.000000 UTC,044XX S LAVERGNE AVE,THEFT,$500 AND UNDER,RESIDENCE,false,false,814,8,22,56,06,41.812559138,-87.748185001,2023
13135409,JG335079,2023-07-10 10:46:00.000000 UTC,050XX S CICERO AVE,THEFT,RETAIL THEFT,SMALL RETAIL STORE,false,false,814,8,23,56,06,41.80152523,-87.742989374,2023
12967196,JG133758,2023-01-28 23:30:00.000000 UTC,045XX S LA CROSSE AVE,CRIMINAL DAMAGE,TO PROPERTY,RESIDENCE,false,false,814,8,22,56,14,41.810259552,-87.74444979,2023
13279925,JG507461,2023-11-16 12:30:00.000000 UTC,058XX S ARCHER AVE,CRIMINAL DAMAGE,TO VEHICLE,PARKING LOT / GARAGE (NON RESIDENTIAL),false,false,814,8,23,56,14,41.795770556,-87.762005687,2023
13033509,JG213104,2023-04-06 00:30:00.000000 UTC,045XX S LEAMINGTON AVE,CRIMINAL DAMAGE,TO VEHICLE,STREET,false,false,814,8,22,56,14,41.810313408,-87.751789181,2023
13056951,JG241158,2023-04-28 19:00:00.000000 UTC,053XX S CENTRAL AVE,CRIMINAL DAMAGE,TO VEHICLE,STREET,false,false,814,8,23,56,14,41.795366296,-87.762387005,2023
12966763,JG133322,2023-01-29 01:50:00.000000 UTC,046XX S CICERO AVE,ROBBERY,ARMED - KNIFE / CUTTING INSTRUMENT,GAS STATION,false,false,815,8,22,56,03,41.808729939,-87.743176325,2023
13219358,JG434707,2023-09-22 14:46:00.000000 UTC,041XX S PULASKI RD,ROBBERY,ARMED - HANDGUN,SMALL RETAIL STORE,false,false,815,8,14,57,03,41.817718482,-87.72392574,2023
13237848,JG456784,2023-10-04 15:00:00.000000 UTC,051XX S KEELER AVE,BATTERY,SIMPLE,CHURCH / SYNAGOGUE / PLACE OF WORSHIP,false,false,815,8,23,57,08B,41.800043514,-87.728259538,2023
13239894,JG459112,2023-10-11 08:30:00.000000 UTC,053XX S KENNETH AVE,BATTERY,SIMPLE,RESIDENCE - YARD (FRONT / BACK),false,false,815,8,23,62,08B,41.796408692,-87.734278785,2023
13068848,JG255371,2023-05-10 14:40:00.000000 UTC,053XX S PULASKI RD,BATTERY,SIMPLE,DEPARTMENT STORE,false,false,815,8,23,62,08B,41.796216157,-87.723245665,2023
13134015,JG333202,2023-07-08 20:27:00.000000 UTC,045XX S KEATING AVE,ASSAULT,SIMPLE,ALLEY,false,false,815,8,22,56,08A,41.810334835,-87.742009808,2023
13104080,JG297655,2023-06-11 19:00:00.000000 UTC,050XX S KOLIN AVE,THEFT,OVER $500,STREET,false,false,815,8,14,57,06,41.801643749,-87.731978113,2023
13171531,JG377446,2023-08-10 10:14:00.000000 UTC,051XX S TRIPP AVE,THEFT,OVER $500,RESIDENCE,false,false,815,8,23,57,06,41.799824881,-87.72947554,2023
13185330,JG394057,2023-08-22 20:00:00.000000 UTC,049XX S KOLIN AVE,THEFT,OVER $500,STREET,false,false,815,8,14,57,06,41.803614434,-87.732033041,2023
13083002,JG272825,2023-05-23 20:00:00.000000 UTC,052XX S KEATING AVE,THEFT,$500 AND UNDER,STREET,false,false,815,8,23,56,06,41.79774505,-87.741670801,2023
13085284,JG274364,2023-05-24 18:51:00.000000 UTC,041XX S PULASKI RD,THEFT,RETAIL THEFT,DEPARTMENT STORE,false,false,815,8,14,57,06,41.817822779,-87.72392842,2023
13143559,JG344556,2023-07-17 12:18:00.000000 UTC,050XX S ARCHER AVE,THEFT,RETAIL THEFT,GROCERY FOOD STORE,false,false,815,8,14,57,06,41.801235662,-87.726392523,2023
13206395,JG418662,2023-09-09 23:00:00.000000 UTC,042XX W 47TH ST,CRIMINAL DAMAGE,TO VEHICLE,OTHER (SPECIFY),false,false,815,8,14,57,14,41.807789205,-87.730075658,2023
13214262,JG428640,2023-09-17 20:00:00.000000 UTC,042XX W 51ST ST,CRIMINAL DAMAGE,TO VEHICLE,STREET,false,false,815,8,23,57,14,41.800439929,-87.73006024,2023
13298027,JG529151,2023-12-05 05:30:00.000000 UTC,042XX S KILPATRICK AVE,CRIMINAL DAMAGE,TO VEHICLE,OTHER RAILROAD PROPERTY / TRAIN DEPOT,false,false,815,8,22,56,14,41.81576001,-87.740892397,2023
12955932,JG120320,2023-01-17 18:00:00.000000 UTC,053XX S KILBOURN AVE,CRIMINAL DAMAGE,TO VEHICLE,STREET,false,false,815,8,23,62,14,41.796489165,-87.73550292,2023
13250801,JG472286,2023-10-21 04:05:00.000000 UTC,033XX W 51ST ST,ROBBERY,ARMED - HANDGUN,PARKING LOT / GARAGE (NON RESIDENTIAL),true,false,821,8,14,63,03,41.80078316,-87.706518607,2023
12949283,JG112696,2023-01-09 11:00:00.000000 UTC,049XX S ARCHER AVE,BATTERY,SIMPLE,SCHOOL - PUBLIC BUILDING,false,false,821,8,14,57,08B,41.803201891,-87.72198373,2023
12954691,JG118892,2023-01-16 23:43:00.000000 UTC,036XX W 50TH ST,BATTERY,DOMESTIC BATTERY SIMPLE,APARTMENT,false,true,821,8,14,62,08B,41.802491016,-87.715297009,2023
12972089,JG139717,2023-02-03 16:30:00.000000 UTC,046XX S DRAKE AVE,BATTERY,DOMESTIC BATTERY SIMPLE,APARTMENT,false,true,821,8,14,58,08B,41.808707691,-87.712405552,2023
13283537,JG511612,2023-11-19 16:15:00.000000 UTC,044XX S ARCHER AVE,ASSAULT,SIMPLE,RESTAURANT,false,false,821,8,12,58,08A,41.811937161,-87.707752434,2023
13270094,JG495987,2023-11-05 20:00:00.000000 UTC,043XX S SAWYER AVE,THEFT,$500 AND UNDER,STREET,false,false,821,8,12,58,06,41.814600283,-87.705452143,2023
13081066,JG270322,2023-05-22 11:43:00.000000 UTC,043XX S ARCHER AVE,THEFT,$500 AND UNDER,CONVENIENCE STORE,false,false,821,8,12,58,06,41.813803157,-87.704715262,2023
13115730,JG310573,2023-06-21 13:00:00.000000 UTC,032XX W 48TH PL,THEFT,$500 AND UNDER,CTA PARKING LOT / GARAGE / OTHER PROPERTY,false,false,821,8,14,58,06,41.805686088,-87.704809287,2023
13222900,JG438718,2023-09-25 14:28:00.000000 UTC,049XX S Kedzie Ave,THEFT,RETAIL THEFT,SMALL RETAIL STORE,false,false,821,8,14,63,06,41.803671998,-87.703846021,2023
13227294,JG443991,2023-09-26 20:42:00.000000 UTC,049XX S KEDZIE AVE,THEFT,RETAIL THEFT,SMALL RETAIL STORE,false,false,821,8,14,63,06,41.803671998,-87.703846021,2023
13019411,JG195959,2023-03-23 09:30:00.000000 UTC,039XX W 47TH ST,THEFT,RETAIL THEFT,DRUG STORE,false,false,821,8,14,57,06,41.807887928,-87.722790148,2023
13092833,JG283971,2023-05-28 13:03:00.000000 UTC,039XX W 47TH ST,THEFT,RETAIL THEFT,DRUG STORE,false,false,821,8,14,57,06,41.807887928,-87.722790148,2023
13067455,JG253993,2023-05-08 09:30:00.000000 UTC,044XX S PULASKI RD,CRIMINAL DAMAGE,TO PROPERTY,BANK,false,false,821,8,14,57,14,41.812407401,-87.723755992,2023
13266750,JG492092,2023-11-05 03:00:00.000000 UTC,044XX S KEDZIE AVE,CRIMINAL DAMAGE,TO VEHICLE,STREET,false,false,821,8,12,58,14,41.813122344,-87.704171679,2023
13297501,JG528425,2023-11-26 05:00:00.000000 UTC,050XX S SPAULDING AVE,CRIMINAL DAMAGE,TO VEHICLE,STREET,false,false,821,8,14,63,14,41.801967166,-87.706239331,2023
12943695,JG106122,2023-01-06 04:30:00.000000 UTC,036XX W 47TH ST,CRIMINAL DAMAGE,TO VEHICLE,OTHER RAILROAD PROPERTY / TRAIN DEPOT,false,false,821,8,14,57,14,41.807978925,-87.715174573,2023
13193415,JG403462,2023-08-25 22:30:00.000000 UTC,057XX S SAWYER AVE,ROBBERY,ARMED - KNIFE / CUTTING INSTRUMENT,SIDEWALK,false,false,822,8,14,63,03,41.78890665,-87.704650532,2023
13143290,JG344235,2023-07-14 12:20:00.000000 UTC,035XX W 55TH ST,BATTERY,SIMPLE,SCHOOL - PUBLIC GROUNDS,false,false,822,8,14,63,08B,41.793390915,-87.711728299,2023
13158819,JG362712,2023-07-30 22:30:00.000000 UTC,036XX W 55TH PL,BATTERY,DOMESTIC BATTERY SIMPLE,APARTMENT,false,true,822,8,23,62,08B,41.79241483,-87.714433037,2023
13318920,JG554484,2023-12-25 22:57:00.000000 UTC,056XX S LAWNDALE AVE,ASSAULT,AGGRAVATED - HANDGUN,STREET,false,false,822,8,23,62,04A,41.79106899,-87.715751438,2023
13273995,JG500419,2023-11-11 16:00:00.000000 UTC,032XX W 59TH ST,ASSAULT,SIMPLE,APARTMENT,true,false,822,8,14,63,08A,41.786219214,-87.705010461,2023
13285620,JG513504,2023-11-21 18:20:00.000000 UTC,035XX W 60TH ST,THEFT,OVER $500,RESIDENCE,false,false,822,8,14,66,06,41.784295057,-87.711999495,2023
13178611,JG386015,2023-08-16 22:30:00.000000 UTC,051XX S SAWYER AVE,THEFT,OVER $500,STREET,false,false,822,8,14,63,06,41.799899244,-87.704964862,2023
13182075,JG390032,2023-08-20 04:30:00.000000 UTC,037XX W 54TH ST,THEFT,OVER $500,STREET,false,false,822,8,23,62,06,41.795154982,-87.716214625,2023
13209300,JG422548,2023-09-13 12:20:00.000000 UTC,034XX W 55TH ST,THEFT,$500 AND UNDER,RESIDENCE - YARD (FRONT / BACK),false,false,822,8,14,63,06,41.793427308,-87.709329636,2023
13261912,JG485915,2023-10-31 13:30:00.000000 UTC,051XX S PULASKI RD,THEFT,RETAIL THEFT,SMALL RETAIL STORE,false,false,822,8,23,62,06,41.799520795,-87.723342683,2023
13205643,JG417084,2023-09-08 23:45:00.000000 UTC,036XX W 53RD ST,CRIMINAL DAMAGE,TO PROPERTY,RESIDENCE,false,false,822,8,23,62,14,41.79701763,-87.714040356,2023
13173930,JG380586,2023-08-13 02:25:00.000000 UTC,038XX W 55TH PL,CRIMINAL DAMAGE,TO VEHICLE,STREET,false,true,822,8,23,62,14,41.792346308,-87.719050551,2023
13055953,JG239945,2023-04-27 10:45:00.000000 UTC,028XX W 63RD ST,ROBBERY,STRONG ARM - NO WEAPON,STREET,false,false,823,8,15,66,03,41.779105777,-87.694025934,2023
13097400,JG289600,2023-06-05 19:44:00.000000 UTC,062XX S ALBANY AVE,BATTERY,AGGRAVATED - HANDGUN,APARTMENT,false,false,823,8,15,66,04B,41.780353145,-87.700734048,2023
12964884,JG130929,2023-01-26 18:00:00.000000 UTC,063XX S LAWNDALE AVE,BATTERY,AGGRAVATED - KNIFE / CUTTING INSTRUMENT,SIDEWALK,false,false,823,8,23,65,04B,41.778539375,-87.715395051,2023
13221423,JG437217,2023-09-23 22:00:00.000000 UTC,063XX S FRANCISCO AVE,BATTERY,SIMPLE,STREET,false,false,823,8,15,66,08B,41.778624497,-87.695816201,2023
13016488,JG193072,2023-03-20 21:00:00.000000 UTC,063XX S CALIFORNIA AVE,BATTERY,SIMPLE,APARTMENT,false,false,823,8,17,66,08B,41.778438021,-87.693372635,2023
13190772,JG400540,2023-08-28 03:04:00.000000 UTC,028XX W 63RD ST,ASSAULT,AGGRAVATED - HANDGUN,GAS STATION,false,false,823,8,15,66,04A,41.779110225,-87.693838907,2023
12958271,JG123092,2023-01-20 12:15:00.000000 UTC,031XX W 63RD ST,ASSAULT,AGGRAVATED - KNIFE / CUTTING INSTRUMENT,DEPARTMENT STORE,false,false,823,8,17,66,04A,41.778999978,-87.701190972,2023
12987299,JG158001,2023-02-19 04:20:00.000000 UTC,033XX W 62ND ST,ASSAULT,SIMPLE,STREET,false,true,823,8,23,66,08A,41.780753695,-87.706218741,2023
13156970,JG359445,2023-07-28 12:15:00.000000 UTC,060XX S FRANCISCO AVE,ASSAULT,SIMPLE,RESIDENCE,false,true,823,8,15,66,08A,41.783570481,-87.695954204,2023
13009923,JG184984,2023-03-14 09:15:00.000000 UTC,036XX W 62ND ST,THEFT,OVER $500,RESIDENCE,false,false,823,8,23,65,06,41.780621831,-87.713780168,2023
13152418,JG355072,2023-07-24 12:29:00.000000 UTC,063XX S KEDZIE AVE,THEFT,OVER $500,PARKING LOT / GARAGE (NON RESIDENTIAL),false,false,823,8,14,66,06,41.778340981,-87.703122242,2023
12945126,JG107835,2023-01-04 17:30:00.000000 UTC,031XX W 61ST ST,THEFT,$500 AND UNDER,RESIDENCE - YARD (FRONT / BACK),false,false,823,8,16,66,06,41.782618389,-87.702449716,2023
12956636,JG120876,2023-01-17 14:00:00.000000 UTC,037XX W 61ST PL,THEFT,$500 AND UNDER,RESIDENCE - YARD (FRONT / BACK),false,false,823,8,23,65,06,41.781485082,-87.716617033,2023
13288180,JG517297,2023-11-25 01:00:00.000000 UTC,030XX W 63RD ST,THEFT,POCKET-PICKING,ALLEY,false,false,823,8,15,66,06,41.779020655,-87.699962552,2023
13080056,JG269358,2023-05-20 16:30:00.000000 UTC,063XX S KEDZIE AVE,THEFT,POCKET-PICKING,SMALL RETAIL STORE,false,false,823,8,14,66,06,41.778340981,-87.703122242,2023
12996351,JG168915,2023-02-27 14:35:00.000000 UTC,063XX S KEDZIE AVE,CRIMINAL DAMAGE,TO PROPERTY,PAWN SHOP,false,false,823,8,17,66,14,41.777781074,-87.703109392,2023
13029028,JG208001,2023-04-02 05:50:00.000000 UTC,037XX W 63RD PL,CRIMINAL DAMAGE,TO PROPERTY,RESIDENCE,false,true,823,8,23,65,14,41.777833545,-87.716314724,2023
13027101,JG205627,2023-03-31 08:30:00.000000 UTC,064XX S SPRINGFIELD AVE,CRIMINAL DAMAGE,TO VEHICLE,STREET,false,false,823,8,23,65,14,41.776460514,-87.720250693,2023
13058200,JG242674,2023-04-29 22:00:00.000000 UTC,033XX W 62ND PL,CRIMINAL DAMAGE,TO VEHICLE,RESIDENCE,false,false,823,8,14,66,14,41.779848206,-87.706242229,2023
13257831,JG480426,2023-10-27 05:00:00.000000 UTC,056XX S FAIRFIELD AVE,ROBBERY,ARMED - HANDGUN,VEHICLE NON-COMMERCIAL,false,false,824,8,15,63,03,41.791438452,-87.692517267,2023
13205393,JG417170,2023-09-09 04:30:00.000000 UTC,059XX S MOZART ST,BATTERY,AGGRAVATED - KNIFE / CUTTING INSTRUMENT,RESIDENCE - GARAGE,false,true,824,8,15,66,04B,41.785633231,-87.694793431,2023
13020070,JG197379,2023-03-24 13:00:00.000000 UTC,057XX S CLAREMONT AVE,BATTERY,SIMPLE,COMMERCIAL / BUSINESS OFFICE,false,false,824,8,16,63,08B,41.789691749,-87.682516618,2023
13075663,JG263784,2023-05-10 10:00:00.000000 UTC,058XX S FAIRFIELD AVE,BATTERY,SIMPLE,APARTMENT,false,false,824,8,15,63,08B,41.787420196,-87.692406947,2023
13216072,JG430734,2023-08-31 22:30:00.000000 UTC,029XX W 59TH ST,BATTERY,DOMESTIC BATTERY SIMPLE,RESIDENCE,false,true,824,8,15,63,08B,41.786338642,-87.697785822,2023
13261352,JG484997,2023-10-30 17:45:00.000000 UTC,059XX S CALIFORNIA AVE,BATTERY,DOMESTIC BATTERY SIMPLE,VEHICLE NON-COMMERCIAL,false,true,824,8,15,66,08B,41.786293407,-87.693591525,2023
13268460,JG493976,2023-11-06 15:55:00.000000 UTC,056XX S FAIRFIELD AVE,BATTERY,DOMESTIC BATTERY SIMPLE,APARTMENT,false,true,824,8,15,63,08B,41.791142024,-87.692509219,2023
13310489,JG544286,2023-12-17 10:10:00.000000 UTC,031XX W 59TH ST,BATTERY,DOMESTIC BATTERY SIMPLE,APARTMENT,false,true,824,8,14,63,08B,41.786276523,-87.701449502,2023
12944692,JG107251,2023-01-07 02:10:00.000000 UTC,028XX W 55TH ST,BATTERY,DOMESTIC BATTERY SIMPLE,APARTMENT,false,true,824,8,16,63,08B,41.793682188,-87.694291825,2023
13042627,JG223944,2023-04-15 01:22:00.000000 UTC,055XX S TROY ST,BATTERY,DOMESTIC BATTERY SIMPLE,APARTMENT,false,true,824,8,14,63,08B,41.792656244,-87.702310956,2023
13182073,JG390036,2023-08-20 09:04:00.000000 UTC,027XX W 59TH ST,BATTERY,DOMESTIC BATTERY SIMPLE,APARTMENT,false,true,824,8,16,66,08B,41.786420937,-87.692838575,2023
13198568,JG409906,2023-09-03 21:20:00.000000 UTC,024XX W 55TH ST,BATTERY,DOMESTIC BATTERY SIMPLE,PARK PROPERTY,false,true,824,8,15,63,08B,41.793856167,-87.684693126,2023
13154089,JG356958,2023-07-26 15:01:00.000000 UTC,024XX W 56TH ST,ASSAULT,AGGRAVATED - HANDGUN,ALLEY,false,false,824,8,15,63,04A,41.792022673,-87.68463827,2023
13094826,JG286467,2023-06-03 01:30:00.000000 UTC,026XX W 60TH ST,THEFT,OVER $500,STREET,false,false,824,8,16,66,06,41.784650561,-87.68934722,2023
13295441,JG525992,2023-12-02 13:00:00.000000 UTC,061XX S CAMPBELL AVE,ROBBERY,ARMED - HANDGUN,STREET,false,false,825,8,16,66,03,41.782308311,-87.686173464,2023
13150441,JG352836,2023-07-23 14:08:00.000000 UTC,064XX S WESTERN AVE,ROBBERY,ARMED - HANDGUN,SMALL RETAIL STORE,true,false,825,8,16,66,03,41.776832515,-87.683577859,2023
13276921,JG503781,2023-11-14 12:16:00.000000 UTC,064XX S FAIRFIELD AVE,BATTERY,AGGRAVATED - OTHER DANGEROUS WEAPON,RESIDENCE,false,false,825,8,16,66,04B,41.776463295,-87.69210544,2023
13223497,JG439548,2023-09-26 08:45:00.000000 UTC,063XX S CLAREMONT AVE,BATTERY,DOMESTIC BATTERY SIMPLE,OTHER (SPECIFY),false,true,825,8,16,66,08B,41.778661058,-87.68227253,2023
13052549,JG236030,2023-04-03 13:00:00.000000 UTC,064XX S ARTESIAN AVE,BATTERY,DOMESTIC BATTERY SIMPLE,APARTMENT,false,true,825,8,16,66,08B,41.776688444,-87.684792821,2023
13241509,JG461351,2023-10-12 20:21:00.000000 UTC,063XX S FAIRFIELD AVE,ASSAULT,SIMPLE,SIDEWALK,true,false,825,8,16,66,08A,41.778623365,-87.692160914,2023
13117612,JG313720,2023-06-24 07:30:00.000000 UTC,027XX W 63RD ST,ASSAULT,SIMPLE,STREET,false,false,825,8,16,66,08A,41.779125765,-87.692687527,2023
13145882,JG347405,2023-07-18 23:45:00.000000 UTC,061XX S CAMPBELL AVE,THEFT,$500 AND UNDER,STREET,false,false,825,8,16,66,06,41.782140877,-87.686167814,2023
13071068,JG257949,2023-05-12 10:15:00.000000 UTC,025XX W 63RD ST,CRIMINAL DAMAGE,TO PROPERTY,OTHER (SPECIFY),false,false,825,8,16,66,14,41.779202212,-87.687715222,2023
13302908,JG535154,2023-12-09 19:40:00.000000 UTC,060XX S CALIFORNIA AVE,CRIMINAL DAMAGE,TO VEHICLE,STREET,false,false,825,8,16,66,14,41.783625552,-87.693519048,2023
13089687,JG280071,2023-05-29 14:00:00.000000 UTC,060XX S MAPLEWOOD AVE,CRIMINAL DAMAGE,TO VEHICLE,STREET,false,false,825,8,16,66,14,41.784000392,-87.687432426,2023
13259541,JG482988,2023-10-29 03:00:00.000000 UTC,027XX W MARQUETTE RD,ROBBERY,STRONG ARM - NO WEAPON,APARTMENT,false,false,831,8,16,66,03,41.771858089,-87.69107353,2023
13235169,JG453647,2023-10-06 15:25:00.000000 UTC,069XX S FAIRFIELD AVE,BATTERY,SIMPLE,SCHOOL - PUBLIC GROUNDS,false,false,831,8,17,66,08B,41.767740703,-87.691888057,2023
13318458,JG553938,2023-12-25 00:00:00.000000 UTC,027XX W 68TH ST,BATTERY,SIMPLE,HOSPITAL BUILDING / GROUNDS,false,false,831,8,16,66,08B,41.770020864,-87.6913338,2023
12938762,JG100563,2023-01-01 11:45:00.000000 UTC,068XX S WASHTENAW AVE,BATTERY,SIMPLE,RESIDENCE - YARD (FRONT / BACK),false,true,831,8,17,66,08B,41.769248937,-87.690703653,2023
13229265,JG442973,2023-09-28 18:20:00.000000 UTC,070XX S CALIFORNIA AVE,BATTERY,DOMESTIC BATTERY SIMPLE,RESIDENCE,false,true,831,8,17,66,08B,41.765587437,-87.693053158,2023
13008842,JG183957,2023-03-09 15:00:00.000000 UTC,067XX S CALIFORNIA AVE,ASSAULT,SIMPLE,SCHOOL - PUBLIC GROUNDS,false,false,831,8,17,66,08A,41.771117937,-87.693185122,2023
13105878,JG299630,2023-06-06 11:30:00.000000 UTC,067XX S CALIFORNIA AVE,ASSAULT,SIMPLE,SCHOOL - PUBLIC GROUNDS,false,false,831,8,16,66,08A,41.771117937,-87.693185122,2023
13256685,JG479511,2023-10-26 11:00:00.000000 UTC,066XX S SACRAMENTO AVE,THEFT,$500 AND UNDER,STREET,false,false,831,8,15,66,06,41.772819274,-87.698106263,2023
13316988,JG552321,2023-12-23 14:52:00.000000 UTC,065XX S MOZART ST,THEFT,$500 AND UNDER,RESIDENCE,false,false,831,8,15,66,06,41.774904155,-87.694500259,2023
13000042,JG173257,2023-03-04 00:00:00.000000 UTC,067XX S WASHTENAW AVE,THEFT,$500 AND UNDER,STREET,false,false,831,8,17,66,06,41.771406266,-87.690759105,2023
13001881,JG175507,2023-03-06 00:40:00.000000 UTC,032XX W 66TH ST,THEFT,$500 AND UNDER,STREET,false,false,831,8,17,66,06,41.773496128,-87.703910204,2023
12941574,JG103708,2023-01-04 04:09:00.000000 UTC,070XX S TALMAN AVE,CRIMINAL DAMAGE,TO PROPERTY,APARTMENT,false,true,831,8,17,66,14,41.765849661,-87.689395978,2023
12944965,JG107611,2023-01-02 12:29:00.000000 UTC,071XX S SAWYER AVE,CRIMINAL DAMAGE,TO PROPERTY,APARTMENT,false,false,831,8,17,66,14,41.763886203,-87.704022462,2023
13134373,JG333696,2023-07-08 21:30:00.000000 UTC,072XX S SACRAMENTO AVE,CRIMINAL DAMAGE,TO PROPERTY,RESIDENCE - GARAGE,false,false,831,8,18,66,14,41.761772019,-87.697845033,2023
13306788,JG539717,2023-12-13 15:56:00.000000 UTC,070XX S CAMPBELL AVE,ROBBERY,STRONG ARM - NO WEAPON,STREET,false,false,832,8,17,66,03,41.766023872,-87.685724992,2023
13034711,JG214511,2023-04-07 11:00:00.000000 UTC,068XX S ARTESIAN AVE,BATTERY,DOMESTIC BATTERY SIMPLE,RESIDENCE,true,true,832,8,17,66,08B,41.769626279,-87.684600022,2023
13074023,JG261970,2023-05-15 19:00:00.000000 UTC,023XX W 72ND ST,BATTERY,DOMESTIC BATTERY SIMPLE,APARTMENT,false,true,832,8,18,66,08B,41.762893018,-87.682395302,2023
13235612,JG454181,2023-10-06 20:00:00.000000 UTC,024XX W 71ST ST,BATTERY,AGGRAVATED DOMESTIC BATTERY - OTHER DANGEROUS WEAPON,APARTMENT,false,true,832,8,17,66,04B,41.764688064,-87.683898342,2023
13059074,JG243648,2023-04-30 20:30:00.000000 UTC,025XX W 65TH ST,ASSAULT,AGGRAVATED - OTHER FIREARM,APARTMENT,false,true,832,8,16,66,04A,41.775557376,-87.687641794,2023
13250735,JG471168,2023-10-20 10:32:00.000000 UTC,023XX W MARQUETTE RD,ASSAULT,SIMPLE,STREET,false,false,832,8,16,66,08A,41.771979642,-87.68243908,2023
13268215,JG493701,2023-11-05 09:20:00.000000 UTC,024XX W LITHUANIAN PLAZA CT,THEFT,$500 AND UNDER,OTHER (SPECIFY),false,false,832,8,16,66,06,41.768310932,-87.684939523,2023
12955375,JG119438,2023-01-17 11:00:00.000000 UTC,067XX S BELL AVE,THEFT,$500 AND UNDER,RESIDENCE,false,false,832,8,16,66,06,41.771327226,-87.679666938,2023
13209921,JG422113,2023-09-13 06:09:00.000000 UTC,070XX S WESTERN AVE,CRIMINAL DAMAGE,TO PROPERTY,RESTAURANT,false,false,832,8,17,66,14,41.765784983,-87.683271465,2023
13287318,JG516244,2023-11-24 17:30:00.000000 UTC,065XX S CLAREMONT AVE,CRIMINAL DAMAGE,TO PROPERTY,RESIDENCE,false,true,832,8,16,66,14,41.774607115,-87.682163222,2023
13105939,JG298645,2023-06-12 20:15:00.000000 UTC,072XX S OAKLEY AVE,CRIMINAL DAMAGE,TO PROPERTY,RESIDENCE,false,false,832,8,18,66,14,41.762229827,-87.680624304,2023
13149136,JG351395,2023-07-20 00:00:00.000000 UTC,069XX S CAMPBELL AVE,CRIMINAL DAMAGE,TO PROPERTY,STREET,false,false,832,8,16,66,14,41.767379748,-87.685759009,2023
12985718,JG156010,2023-02-17 11:00:00.000000 UTC,065XX S OAKLEY AVE,CRIMINAL DAMAGE,TO VEHICLE,VEHICLE - COMMERCIAL,true,false,832,8,16,66,14,41.774624928,-87.680949573,2023
13195448,JG406136,2023-08-31 23:12:00.000000 UTC,067XX S PULASKI RD,ROBBERY,ARMED - HANDGUN,GAS STATION,false,false,833,8,23,65,03,41.771113236,-87.722567122,2023
12943674,JG106086,2023-01-06 03:30:00.000000 UTC,072XX S MILLARD AVE,BATTERY,DOMESTIC BATTERY SIMPLE,RESIDENCE,false,true,833,8,13,65,08B,41.761738118,-87.713745599,2023
13134444,JG333758,2023-07-09 09:38:00.000000 UTC,037XX W 76TH ST,BATTERY,DOMESTIC BATTERY SIMPLE,RESIDENCE,true,true,833,8,18,70,08B,41.755022091,-87.71718562,2023
13052338,JG235315,2023-04-24 10:30:00.000000 UTC,036XX W 68TH ST,BATTERY,AGGRAVATED DOMESTIC BATTERY - OTHER DANGEROUS WEAPON,RESIDENCE,false,true,833,8,23,65,04B,41.769690259,-87.713588436,2023
13216861,JG431699,2023-09-20 11:45:00.000000 UTC,076XX S CICERO AVE,THEFT,$500 AND UNDER,RESTAURANT,false,false,833,8,18,65,06,41.754592961,-87.741528537,2023
12947469,JG110348,2023-01-09 18:20:00.000000 UTC,076XX S CICERO AVE,THEFT,$500 AND UNDER,SMALL RETAIL STORE,false,false,833,8,18,65,06,41.754592961,-87.741528537,2023
12954824,JG119052,2023-01-17 00:00:00.000000 UTC,072XX S AVERS AVE,THEFT,$500 AND UNDER,STREET,false,false,833,8,13,65,06,41.761358206,-87.718631454,2023
13113287,JG308758,2023-06-20 14:16:00.000000 UTC,076XX S CICERO AVE,THEFT,RETAIL THEFT,SMALL RETAIL STORE,false,false,833,8,18,65,06,41.754592961,-87.741528537,2023
13260022,JG483517,2023-10-29 15:00:00.000000 UTC,076XX S CICERO AVE,CRIMINAL DAMAGE,TO VEHICLE,PARKING LOT / GARAGE (NON RESIDENTIAL),false,false,833,8,18,65,14,41.754592961,-87.741528537,2023
13025184,JG203198,2023-03-29 09:31:00.000000 UTC,067XX S KOLIN AVE,CRIMINAL DAMAGE,TO VEHICLE,RESIDENCE,false,false,833,8,13,65,14,41.770573663,-87.731084324,2023
13197327,JG408411,2023-09-02 16:54:00.000000 UTC,046XX W 84TH PL,BATTERY,AGGRAVATED - HANDGUN,SIDEWALK,false,false,834,8,18,70,04B,41.738709087,-87.737321525,2023
13319601,JG555334,2023-12-21 14:15:00.000000 UTC,082XX S CHRISTIANA AVE,BATTERY,SIMPLE,SCHOOL - PUBLIC BUILDING,false,false,834,8,18,70,08B,41.743379854,-87.705868008,2023
13076113,JG264653,2023-05-15 00:00:00.000000 UTC,038XX W 81ST ST,BATTERY,SIMPLE,SCHOOL - PUBLIC BUILDING,false,false,834,8,18,70,08B,41.745907946,-87.717642878,2023
12972432,JG140143,2023-02-04 04:40:00.000000 UTC,080XX S KENTON AVE,BATTERY,DOMESTIC BATTERY SIMPLE,RESIDENCE,false,true,834,8,18,70,08B,41.745421503,-87.735702074,2023
13003986,JG178049,2023-03-08 07:00:00.000000 UTC,035XX W 79TH ST,BATTERY,DOMESTIC BATTERY SIMPLE,APARTMENT,false,true,834,8,18,70,08B,41.749606709,-87.710915891,2023
13207917,JG420974,2023-09-06 14:30:00.000000 UTC,039XX W 79TH ST,THEFT,OVER $500,SCHOOL - PUBLIC BUILDING,false,false,834,8,18,70,06,41.749460005,-87.72089612,2023
13312866,JG547142,2023-12-17 16:00:00.000000 UTC,086XX S KOLIN AVE,THEFT,$500 AND UNDER,APARTMENT,false,false,834,8,18,70,06,41.73573975,-87.729962637,2023
13046372,JG228611,2023-04-18 06:30:00.000000 UTC,086XX S KENNETH AVE,THEFT,$500 AND UNDER,STREET,false,false,834,8,18,70,06,41.73575246,-87.732387994,2023
13248282,JG469414,2023-10-19 00:05:00.000000 UTC,035XX W 79TH ST,CRIMINAL DAMAGE,TO VEHICLE,DRIVEWAY - RESIDENTIAL,false,true,834,8,18,70,14,41.749606709,-87.710915891,2023
13005755,JG180135,2023-03-09 23:50:00.000000 UTC,085XX S CICERO AVE,CRIMINAL DAMAGE,TO VEHICLE,PARKING LOT / GARAGE (NON RESIDENTIAL),false,true,834,8,18,70,14,41.737709752,-87.740958098,2023
13113586,JG308825,2023-06-20 07:00:00.000000 UTC,080XX S WESTERN AVE,BATTERY,SIMPLE,NURSING / RETIREMENT HOME,false,false,835,8,18,70,08B,41.74806235,-87.682801662,2023
13168951,JG374802,2023-08-08 15:00:00.000000 UTC,028XX W COLUMBUS AVE,BATTERY,SIMPLE,PARKING LOT / GARAGE (NON RESIDENTIAL),false,false,835,8,18,70,08B,41.754169124,-87.694170838,2023
13172150,JG378287,2023-08-11 10:00:00.000000 UTC,074XX S WESTERN AVE,BATTERY,SIMPLE,AUTO / BOAT / RV DEALERSHIP,false,false,835,8,18,66,08B,41.758722825,-87.683082516,2023
13190847,JG400570,2023-08-28 03:57:00.000000 UTC,079XX S WESTERN AVE,BATTERY,SIMPLE,STREET,false,false,835,8,18,70,08B,41.749876545,-87.682838316,2023
13252381,JG474340,2023-10-22 20:30:00.000000 UTC,035XX W 77TH ST,BATTERY,DOMESTIC BATTERY SIMPLE,RESIDENCE,false,true,835,8,18,70,08B,41.753322686,-87.710949624,2023
13318178,JG553402,2023-12-24 14:00:00.000000 UTC,079XX S WHIPPLE ST,BATTERY,DOMESTIC BATTERY SIMPLE,RESIDENCE,false,true,835,8,18,70,08B,41.7492518,-87.698712449,2023
12994009,JG165156,2023-02-25 05:24:00.000000 UTC,078XX S CHRISTIANA AVE,BATTERY,DOMESTIC BATTERY SIMPLE,RESIDENCE,false,true,835,8,18,70,08B,41.750897682,-87.706080648,2023
13150657,JG353030,2023-07-23 17:05:00.000000 UTC,078XX S HOMAN AVE,BATTERY,DOMESTIC BATTERY SIMPLE,SIDEWALK,true,true,835,8,18,70,08B,41.750838537,-87.707312569,2023
12995016,JG166523,2023-02-26 07:00:00.000000 UTC,081XX S WESTERN AVE,THEFT,OVER $500,ALLEY,false,false,835,8,18,70,06,41.746130093,-87.682755208,2023
13004591,JG178797,2023-03-08 18:10:00.000000 UTC,079XX S FRANCISCO AVE,THEFT,OVER $500,RESIDENCE - GARAGE,false,false,835,8,18,70,06,41.749011929,-87.695042871,2023
13070333,JG257472,2023-05-10 01:00:00.000000 UTC,035XX W 73RD PL,THEFT,OVER $500,STREET,false,false,835,8,17,66,06,41.759700259,-87.71091366,2023
13177588,JG384856,2023-08-15 17:45:00.000000 UTC,074XX S MAPLEWOOD AVE,THEFT,OVER $500,STREET,false,false,835,8,18,66,06,41.7587106,-87.686751467,2023
13282876,JG510984,2023-11-19 22:31:00.000000 UTC,025XX W 80TH PL,THEFT,$500 AND UNDER,STREET,false,false,835,8,18,70,06,41.747309515,-87.687019789,2023
13018301,JG195326,2023-03-22 18:50:00.000000 UTC,081XX S KEDZIE AVE,THEFT,FROM BUILDING,RESIDENCE,false,false,835,8,18,70,06,41.745434858,-87.702271536,2023
13023594,JG201537,2023-03-27 22:40:00.000000 UTC,080XX S MOZART ST,CRIMINAL DAMAGE,TO PROPERTY,STREET,false,true,835,8,18,70,14,41.747229306,-87.693774285,2023
13283322,JG511536,2023-11-20 12:15:00.000000 UTC,078XX S HOMAN AVE,CRIMINAL DAMAGE,TO VEHICLE,STREET,false,false,835,8,18,70,14,41.75053662,-87.707304508,2023
13007483,JG180819,2023-03-05 19:30:00.000000 UTC,073XX S KEDZIE AVE,CRIMINAL DAMAGE,TO VEHICLE,ALLEY,false,false,835,8,18,66,14,41.76038441,-87.702509938,2023
13110705,JG305553,2023-06-18 05:00:00.000000 UTC,026XX W 80TH ST,CRIMINAL DAMAGE,TO VEHICLE,RESIDENCE - YARD (FRONT / BACK),false,true,835,8,18,70,14,41.748199929,-87.688220164,2023
13266128,JG491176,2023-11-03 15:00:00.000000 UTC,037XX S KEDZIE AVE,BATTERY,SIMPLE,APARTMENT,false,false,911,9,12,58,08B,41.825036879,-87.704469635,2023
13004120,JG177006,2023-03-07 11:00:00.000000 UTC,037XX S ST LOUIS AVE,BATTERY,SIMPLE,VEHICLE NON-COMMERCIAL,false,false,911,9,12,58,08B,41.825156476,-87.711821045,2023
12995610,JG167718,2023-02-27 12:15:00.000000 UTC,027XX W 37TH PL,BATTERY,DOMESTIC BATTERY SIMPLE,APARTMENT,false,true,911,9,12,58,08B,41.8255582,-87.69302834,2023
13084074,JG273836,2023-05-24 19:45:00.000000 UTC,038XX S KEDZIE AVE,BATTERY,DOMESTIC BATTERY SIMPLE,RESIDENCE,false,true,911,9,12,58,08B,41.823088127,-87.704411659,2023
13320759,JG556636,2023-12-27 10:30:00.000000 UTC,037XX S ARCHER AVE,ASSAULT,SIMPLE,GROCERY FOOD STORE,false,true,911,9,12,59,08A,41.825516608,-87.685610095,2023
13107816,JG302065,2023-06-15 12:27:00.000000 UTC,037XX S ARCHER AVE,ASSAULT,SIMPLE,GAS STATION,false,false,911,9,12,59,08A,41.825516608,-87.685610095,2023
13222946,JG439090,2023-09-24 01:00:00.000000 UTC,032XX S WESTERN AVE,CRIMINAL DAMAGE,TO VEHICLE,STREET,false,false,911,9,12,59,14,41.835108416,-87.685227168,2023
13269847,JG495773,2023-11-07 22:48:00.000000 UTC,016XX W 35TH ST,ROBBERY,ARMED - HANDGUN,SIDEWALK,false,false,912,9,11,59,03,41.83048051,-87.66729084,2023
12963886,JG129682,2023-01-24 17:00:00.000000 UTC,032XX S HOYNE AVE,BATTERY,DOMESTIC BATTERY SIMPLE,VEHICLE NON-COMMERCIAL,false,true,912,9,12,59,08B,41.835151756,-87.67787301,2023
13250005,JG471461,2023-10-18 06:50:00.000000 UTC,036XX S HERMITAGE AVE,ASSAULT,AGGRAVATED - HANDGUN,APARTMENT,false,false,912,9,12,59,04A,41.827897721,-87.669111806,2023
13182162,JG390296,2023-08-20 12:00:00.000000 UTC,033XX S OAKLEY AVE,ASSAULT,AGGRAVATED - KNIFE / CUTTING INSTRUMENT,APARTMENT,false,true,912,9,12,59,04A,41.833230705,-87.682688531,2023
13009806,JG184925,2023-03-13 09:00:00.000000 UTC,037XX S HERMITAGE AVE,THEFT,OVER $500,RESIDENCE,false,true,912,9,12,59,06,41.82580901,-87.669056347,2023
13030410,JG209641,2023-04-03 14:00:00.000000 UTC,031XX S ASHLAND AVE,THEFT,$500 AND UNDER,PARKING LOT / GARAGE (NON RESIDENTIAL),false,false,912,9,12,59,06,41.836385231,-87.66571041,2023
13051593,JG234657,2023-04-23 15:19:00.000000 UTC,019XX W 33RD ST,THEFT,RETAIL THEFT,DEPARTMENT STORE,false,false,912,9,12,59,06,41.834042232,-87.674368991,2023
13252816,JG475041,2023-10-23 10:30:00.000000 UTC,019XX W 33RD ST,CRIMINAL DAMAGE,TO VEHICLE,PARKING LOT / GARAGE (NON RESIDENTIAL),false,false,912,9,12,59,14,41.834042232,-87.674368991,2023
13239592,JG457527,2023-10-09 23:58:00.000000 UTC,030XX S ASHLAND AVE,ROBBERY,ARMED - HANDGUN,SIDEWALK,false,false,913,9,12,31,03,41.838896637,-87.66577972,2023
13221439,JG437131,2023-09-24 11:20:00.000000 UTC,008XX W 31ST ST,BATTERY,AGGRAVATED - OTHER DANGEROUS WEAPON,SMALL RETAIL STORE,true,false,913,9,11,60,04B,41.838044411,-87.646442003,2023
13109983,JG304585,2023-06-17 11:30:00.000000 UTC,032XX S GREEN ST,BATTERY,SIMPLE,STREET,false,false,913,9,11,60,08B,41.835889199,-87.647198961,2023
13193279,JG403485,2023-08-30 08:09:00.000000 UTC,031XX S HALSTED ST,BATTERY,SIMPLE,SIDEWALK,false,false,913,9,11,60,08B,41.837489008,-87.646264459,2023
13306811,JG539941,2023-12-13 17:45:00.000000 UTC,029XX S ARCHER AVE,BATTERY,DOMESTIC BATTERY SIMPLE,RESIDENCE,false,true,913,9,11,60,08B,41.841519864,-87.658218185,2023
13033863,JG213512,2023-04-06 16:45:00.000000 UTC,027XX S BONFIELD ST,BATTERY,DOMESTIC BATTERY SIMPLE,APARTMENT,false,true,913,9,11,60,08B,41.843953983,-87.658210946,2023
13069251,JG256048,2023-05-11 01:24:00.000000 UTC,034XX S HALSTED ST,BATTERY,DOMESTIC BATTERY SIMPLE,VEHICLE NON-COMMERCIAL,false,true,913,9,11,60,08B,41.83227965,-87.646140375,2023
13113773,JG308846,2023-06-20 16:16:00.000000 UTC,008XX W 31ST ST,ASSAULT,SIMPLE,ALLEY,false,false,913,9,11,60,08A,41.838042874,-87.646643852,2023
13106767,JG300907,2023-06-09 22:00:00.000000 UTC,030XX S BROAD ST,THEFT,OVER $500,STREET,false,false,913,9,11,60,06,41.838764176,-87.661417793,2023
12996710,JG168807,2023-02-27 17:00:00.000000 UTC,033XX S MORGAN ST,THEFT,$500 AND UNDER,SMALL RETAIL STORE,false,false,913,9,11,60,06,41.834638848,-87.65105794,2023
13177518,JG384773,2023-08-16 00:30:00.000000 UTC,028XX S ARCHER AVE,THEFT,$500 AND UNDER,APARTMENT,false,false,913,9,11,60,06,41.842192281,-87.656831226,2023
13307414,JG540575,2023-12-14 10:20:00.000000 UTC,011XX W 31ST ST,CRIMINAL DAMAGE,TO PROPERTY,CLEANING STORE,false,false,913,9,11,60,14,41.837945351,-87.653778748,2023
12975188,JG143457,2023-02-06 22:00:00.000000 UTC,030XX S BONFIELD ST,CRIMINAL DAMAGE,TO PROPERTY,RESIDENCE - GARAGE,false,true,913,9,11,60,14,41.839140082,-87.653479868,2023
13147771,JG349736,2023-07-21 03:30:00.000000 UTC,033XX S CARPENTER ST,CRIMINAL DAMAGE,TO VEHICLE,STREET,false,false,913,9,11,60,14,41.833575663,-87.652250787,2023
12996359,JG168921,2023-02-28 12:01:00.000000 UTC,025XX S ARCHER AVE,CRIMINAL DAMAGE,TO CITY OF CHICAGO PROPERTY,CTA TRAIN,false,false,913,9,11,60,14,41.846820192,-87.647298713,2023
13068726,JG255571,2023-05-10 15:00:00.000000 UTC,002XX W CERMAK RD,ROBBERY,STRONG ARM - NO WEAPON,STREET,false,false,914,9,11,34,03,41.852837101,-87.632996441,2023
13225349,JG441390,2023-09-27 15:58:00.000000 UTC,003XX W CERMAK RD,THEFT,RETAIL THEFT,SMALL RETAIL STORE,true,false,914,9,11,34,06,41.852882701,-87.635528609,2023
13279645,JG507194,2023-11-16 20:21:00.000000 UTC,021XX S ARCHER AVE,THEFT,RETAIL THEFT,RESTAURANT,false,false,914,9,11,34,06,41.853891756,-87.632687618,2023
12961058,JG126284,2023-01-23 09:24:00.000000 UTC,003XX W CERMAK RD,THEFT,RETAIL THEFT,DRUG STORE,false,false,914,9,25,34,06,41.852882701,-87.635528609,2023
13039990,JG220708,2023-04-12 16:11:00.000000 UTC,021XX S ARCHER AVE,CRIMINAL DAMAGE,TO PROPERTY,RESTAURANT,false,false,914,9,11,34,14,41.853951387,-87.632565837,2023
13269170,JG495163,2023-11-06 20:00:00.000000 UTC,024XX S ARCHER AVE,CRIMINAL DAMAGE,TO VEHICLE,PARKING LOT / GARAGE (NON RESIDENTIAL),false,false,914,9,11,60,14,41.848012963,-87.644841581,2023
13101042,JG293950,2023-06-09 03:16:00.000000 UTC,021XX S CHINA PL,CRIMINAL DAMAGE,TO VEHICLE,STREET,false,false,914,9,11,34,14,41.854001835,-87.634540066,2023
13312615,JG545557,2023-12-17 17:00:00.000000 UTC,002XX W 37TH PL,BATTERY,AGGRAVATED - OTHER DANGEROUS WEAPON,APARTMENT,false,false,915,9,3,34,04B,41.826365604,-87.632940133,2023
13047619,JG230064,2023-04-19 20:05:00.000000 UTC,037XX S WENTWORTH AVE,BATTERY,DOMESTIC BATTERY SIMPLE,RESIDENCE,false,true,915,9,3,34,08B,41.826671835,-87.631406808,2023
13321479,JG557511,2023-12-28 15:17:00.000000 UTC,002XX W 37TH PL,ASSAULT,SIMPLE,CHA PARKING LOT / GROUNDS,false,false,915,9,3,34,08A,41.826370734,-87.632881373,2023
13070495,JG257572,2023-05-12 08:14:00.000000 UTC,009XX W PERSHING RD,ASSAULT,SIMPLE,GAS STATION,false,false,915,9,11,60,08A,41.823404728,-87.649827084,2023
13228015,JG444916,2023-09-26 00:00:00.000000 UTC,005XX W 37TH ST,THEFT,OVER $500,STREET,false,false,915,9,11,60,06,41.827176864,-87.640460205,2023
13319161,JG554005,2023-12-22 17:00:00.000000 UTC,009XX W PERSHING RD,THEFT,OVER $500,PARKING LOT / GARAGE (NON RESIDENTIAL),false,false,915,9,11,60,06,41.823404728,-87.649827084,2023
13023866,JG201790,2023-03-28 07:10:00.000000 UTC,032XX S SHIELDS AVE,THEFT,OVER $500,STREET,false,false,915,9,11,34,06,41.835855692,-87.635262247,2023
13197349,JG408369,2023-09-01 16:58:00.000000 UTC,005XX W 33RD ST,THEFT,FROM BUILDING,RESIDENCE - PORCH / HALLWAY,false,false,915,9,11,60,06,41.834491445,-87.639280474,2023
13253604,JG475808,2023-10-23 23:20:00.000000 UTC,037XX S PRINCETON AVE,CRIMINAL DAMAGE,TO VEHICLE,STREET,false,true,915,9,3,34,14,41.826790971,-87.633841749,2023
13056086,JG240107,2023-04-28 02:15:00.000000 UTC,037XX S WELLS ST,CRIMINAL DAMAGE,TO STATE SUPPORTED PROPERTY,CHA APARTMENT,true,true,915,9,3,34,14,41.82671713,-87.632532707,2023
12950109,JG113470,2023-01-11 00:00:00.000000 UTC,036XX S WELLS ST,CRIMINAL DAMAGE,TO CITY OF CHICAGO PROPERTY,STREET,false,false,915,9,11,34,14,41.828347945,-87.632650679,2023
13059136,JG243629,2023-04-30 22:00:00.000000 UTC,040XX S ALBANY AVE,BATTERY,SIMPLE,STREET,false,false,921,9,12,58,08B,41.819531773,-87.701951789,2023
12973334,JG141221,2023-02-04 17:00:00.000000 UTC,042XX S WASHTENAW AVE,THEFT,OVER $500,STREET,false,false,921,9,15,58,06,41.816446981,-87.692003894,2023
13052986,JG236458,2023-04-24 22:00:00.000000 UTC,041XX S RICHMOND ST,THEFT,OVER $500,STREET,false,false,921,9,12,58,06,41.818625096,-87.698273774,2023
13129306,JG327616,2023-07-04 17:45:00.000000 UTC,025XX W PERSHING RD,THEFT,RETAIL THEFT,SMALL RETAIL STORE,false,false,921,9,12,58,06,41.822916971,-87.687903628,2023
12978746,JG147656,2023-02-09 20:00:00.000000 UTC,042XX S SACRAMENTO AVE,CRIMINAL DAMAGE,TO PROPERTY,RESIDENCE - GARAGE,false,false,921,9,15,58,14,41.81636164,-87.699370991,2023
13188599,JG397946,2023-08-25 23:30:00.000000 UTC,044XX S ALBANY AVE,ROBBERY,ARMED - HANDGUN,SIDEWALK,false,false,922,9,12,58,03,41.812622903,-87.70167483,2023
12971436,JG138880,2023-02-03 00:12:00.000000 UTC,029XX W POPE JOHN PAUL II DR,BATTERY,SIMPLE,APARTMENT,false,false,922,9,15,58,08B,41.815481665,-87.698546943,2023
12974109,JG141378,2023-02-05 00:01:00.000000 UTC,025XX W 45TH ST,BATTERY,SIMPLE,RESIDENCE - YARD (FRONT / BACK),false,true,922,9,15,58,08B,41.812021304,-87.687745244,2023
13042969,JG223083,2023-04-14 12:00:00.000000 UTC,047XX S KEDZIE AVE,BATTERY,SIMPLE,PARKING LOT / GARAGE (NON RESIDENTIAL),false,false,922,9,14,58,08B,41.807734183,-87.703963978,2023
13042433,JG223750,2023-04-14 20:30:00.000000 UTC,046XX S CALIFORNIA AVE,BATTERY,DOMESTIC BATTERY SIMPLE,RESIDENCE,false,true,922,9,12,58,08B,41.809412147,-87.694241886,2023
13198802,JG410116,2023-09-04 02:00:00.000000 UTC,045XX S RICHMOND ST,BATTERY,DOMESTIC BATTERY SIMPLE,APARTMENT,false,true,922,9,12,58,08B,41.810898205,-87.69795761,2023
13216088,JG430983,2023-09-19 18:07:00.000000 UTC,045XX S ALBANY AVE,ASSAULT,AGGRAVATED - HANDGUN,ALLEY,false,false,922,9,12,58,04A,41.811118776,-87.701627249,2023
13225223,JG441684,2023-09-27 17:50:00.000000 UTC,043XX S ARCHER AVE,ASSAULT,AGGRAVATED - HANDGUN,RESTAURANT,false,false,922,9,12,58,04A,41.814417866,-87.703711463,2023
13084038,JG265972,2023-05-08 20:04:00.000000 UTC,044XX S RICHMOND ST,ASSAULT,AGGRAVATED - HANDGUN,APARTMENT,false,true,922,9,12,58,04A,41.813143451,-87.698034464,2023
13023969,JG201890,2023-03-28 09:00:00.000000 UTC,047XX S RICHMOND ST,ASSAULT,SIMPLE,STREET,false,true,922,9,14,58,08A,41.80773896,-87.697853114,2023
13175666,JG382498,2023-08-14 14:40:00.000000 UTC,047XX S WESTERN AVE,ASSAULT,SIMPLE,DRUG STORE,false,false,922,9,15,58,08A,41.808028819,-87.684414463,2023
13014786,JG191051,2023-03-17 18:00:00.000000 UTC,045XX S ALBANY AVE,THEFT,OVER $500,STREET,false,false,922,9,15,58,06,41.810932135,-87.701621746,2023
13161984,JG366216,2023-07-28 12:00:00.000000 UTC,047XX S KEDZIE AVE,THEFT,$500 AND UNDER,PARKING LOT / GARAGE (NON RESIDENTIAL),false,false,922,9,14,58,06,41.807761625,-87.703963709,2023
12986144,JG156596,2023-02-17 19:33:00.000000 UTC,047XX S WESTERN AVE,THEFT,RETAIL THEFT,SMALL RETAIL STORE,true,false,922,9,15,58,06,41.808028819,-87.684414463,2023
13015246,JG191611,2023-03-19 20:45:00.000000 UTC,047XX S WESTERN AVE,THEFT,RETAIL THEFT,SMALL RETAIL STORE,false,false,922,9,15,58,06,41.808028819,-87.684414463,2023
13059818,JG244612,2023-05-01 21:14:00.000000 UTC,031XX W 54TH PL,BATTERY,AGGRAVATED - HANDGUN,ALLEY,false,false,923,9,14,63,04B,41.794450832,-87.702278684,2023
12995509,JG167883,2023-02-26 22:00:00.000000 UTC,054XX S KEDZIE AVE,BATTERY,DOMESTIC BATTERY SIMPLE,PARKING LOT / GARAGE (NON RESIDENTIAL),false,true,923,9,14,63,08B,41.794172544,-87.70357593,2023
13188604,JG397895,2023-08-25 23:20:00.000000 UTC,031XX W 53RD ST,ASSAULT,AGGRAVATED - HANDGUN,STREET,false,false,923,9,14,63,04A,41.797201956,-87.701525559,2023
13286781,JG515452,2023-11-24 00:33:00.000000 UTC,049XX S WESTERN AVE,ASSAULT,AGGRAVATED POLICE OFFICER - OTHER FIREARM,STREET,true,false,923,9,15,63,04A,41.804565278,-87.684368723,2023
13075337,JG263571,2023-05-17 01:58:00.000000 UTC,029XX W 53RD ST,ASSAULT,SIMPLE,APARTMENT,false,true,923,9,14,63,08A,41.797265452,-87.698110623,2023
13010769,JG186203,2023-03-15 00:01:00.000000 UTC,051XX S WESTERN AVE,THEFT,OVER $500,STREET,false,false,923,9,14,63,06,41.800398533,-87.684205384,2023
13198197,JG409424,2023-09-02 01:00:00.000000 UTC,025XX W 55TH ST,THEFT,OVER $500,APARTMENT,false,false,923,9,15,63,06,41.79381249,-87.687168901,2023
13054811,JG238174,2023-04-24 00:01:00.000000 UTC,052XX S TALMAN AVE,THEFT,$500 AND UNDER,STREET,false,false,923,9,14,63,06,41.798583002,-87.690271306,2023
13193056,JG403277,2023-08-30 02:02:00.000000 UTC,028XX W 55TH ST,THEFT,RETAIL THEFT,SMALL RETAIL STORE,false,false,923,9,14,63,06,41.793686636,-87.694104755,2023
13253891,JG475990,2023-10-24 06:13:00.000000 UTC,041XX S ASHLAND AVE,ROBBERY,ARMED - HANDGUN,SIDEWALK,false,false,924,9,11,61,03,41.818865668,-87.665213724,2023
13020976,JG198255,2023-03-25 06:26:00.000000 UTC,045XX S ASHLAND AVE,ROBBERY,ARMED - HANDGUN,SIDEWALK,false,false,924,9,15,61,03,41.811570415,-87.665047441,2023
13137577,JG337460,2023-07-11 23:00:00.000000 UTC,019XX W 47TH ST,ROBBERY,VEHICULAR HIJACKING,STREET,false,false,924,9,15,61,03,41.808512326,-87.674381272,2023
13262255,JG486275,2023-10-31 17:35:00.000000 UTC,045XX S ASHLAND AVE,BATTERY,SIMPLE,PARKING LOT / GARAGE (NON RESIDENTIAL),false,false,924,9,15,61,08B,41.811551206,-87.665047641,2023
13233303,JG451323,2023-10-05 00:13:00.000000 UTC,043XX S WOLCOTT AVE,BATTERY,DOMESTIC BATTERY SIMPLE,APARTMENT,false,true,924,9,15,61,08B,41.8152246,-87.672430592,2023
13257149,JG479990,2023-10-26 20:10:00.000000 UTC,046XX S ASHLAND AVE,BATTERY,DOMESTIC BATTERY SIMPLE,STREET,false,true,924,9,15,61,08B,41.809994975,-87.665008795,2023
13111702,JG305910,2023-06-17 18:00:00.000000 UTC,017XX W 47TH ST,BATTERY,DOMESTIC BATTERY SIMPLE,STREET,false,true,924,9,15,61,08B,41.808578073,-87.667697497,2023
13274016,JG500422,2023-11-11 02:30:00.000000 UTC,016XX W 43RD ST,ASSAULT,AGGRAVATED - HANDGUN,STREET,false,false,924,9,15,61,04A,41.815864003,-87.66578418,2023
13039984,JG220783,2023-04-12 17:01:00.000000 UTC,046XX S HERMITAGE AVE,ASSAULT,SIMPLE,ALLEY,false,false,924,9,15,61,08A,41.809598939,-87.668644292,2023
13016978,JG193562,2023-03-21 12:41:00.000000 UTC,016XX W 47TH ST,THEFT,RETAIL THEFT,SMALL RETAIL STORE,true,false,924,9,15,61,06,41.80859321,-87.665577234,2023
13031797,JG210662,2023-04-02 10:56:00.000000 UTC,016XX W 47TH ST,THEFT,RETAIL THEFT,DRUG STORE,false,false,924,9,15,61,06,41.80859321,-87.665577234,2023
13037549,JG217989,2023-04-10 16:00:00.000000 UTC,043XX S ASHLAND AVE,THEFT,RETAIL THEFT,APPLIANCE STORE,false,false,924,9,11,61,06,41.815344336,-87.665140272,2023
13143312,JG344214,2023-07-17 07:30:00.000000 UTC,043XX S PACKERS AVE,CRIMINAL DAMAGE,TO VEHICLE,PARKING LOT / GARAGE (NON RESIDENTIAL),false,true,924,9,11,61,14,41.815726254,-87.658646885,2023
13016509,JG193056,2023-03-21 00:07:00.000000 UTC,002XX W 47TH ST,ROBBERY,STRONG ARM - NO WEAPON,CTA PLATFORM,false,false,925,9,3,37,03,41.809125265,-87.631906508,2023
13291491,JG519916,2023-11-27 20:58:00.000000 UTC,003XX W 43RD ST,BATTERY,AGGRAVATED - OTHER DANGEROUS WEAPON,RESIDENCE,false,true,925,9,3,37,04B,41.816351876,-87.63566485,2023
13215615,JG430276,2023-09-19 09:10:00.000000 UTC,046XX S EMERALD AVE,BATTERY,SIMPLE,OTHER (SPECIFY),false,false,925,9,15,61,08B,41.809730216,-87.644349324,2023
13236556,JG455336,2023-10-07 21:00:00.000000 UTC,003XX W SWANN ST,BATTERY,SIMPLE,RESIDENCE,false,false,925,9,3,37,08B,41.809840032,-87.633912482,2023
13039050,JG219677,2023-04-11 21:00:00.000000 UTC,006XX W 46TH PL,ASSAULT,AGGRAVATED - HANDGUN,STREET,false,false,925,9,15,61,04A,41.809852815,-87.641461237,2023
13089314,JG279833,2023-05-29 16:37:00.000000 UTC,043XX S WENTWORTH AVE,ASSAULT,SIMPLE,STREET,false,false,925,9,20,37,08A,41.816321863,-87.631189677,2023
13204086,JG416397,2023-07-13 00:00:00.000000 UTC,004XX W PERSHING RD,THEFT,OVER $500,COMMERCIAL / BUSINESS OFFICE,false,false,925,9,11,61,06,41.823559787,-87.637714542,2023
13262004,JG485966,2023-10-27 08:00:00.000000 UTC,046XX S HALSTED ST,THEFT,OVER $500,CURRENCY EXCHANGE,false,false,925,9,15,61,06,41.809767677,-87.645563053,2023
13057344,JG241618,2023-04-27 14:30:00.000000 UTC,004XX W 47TH ST,THEFT,OVER $500,STREET,false,false,925,9,15,61,06,41.809016524,-87.637490428,2023
13099951,JG291751,2023-06-07 12:30:00.000000 UTC,009XX W 45TH ST,THEFT,OVER $500,STREET,false,false,925,9,15,61,06,41.812456531,-87.64868896,2023
13292465,JG522148,2023-11-29 16:23:00.000000 UTC,046XX S HALSTED ST,THEFT,$500 AND UNDER,SMALL RETAIL STORE,false,false,925,9,15,61,06,41.809803372,-87.64556634,2023
13125692,JG323393,2023-07-01 01:00:00.000000 UTC,042XX S EMERALD AVE,THEFT,$500 AND UNDER,STREET,false,false,925,9,11,61,06,41.81716833,-87.644537404,2023
12975787,JG144124,2023-02-07 13:30:00.000000 UTC,046XX S HALSTED ST,THEFT,RETAIL THEFT,SMALL RETAIL STORE,false,false,925,9,11,61,06,41.809803372,-87.64556634,2023
13057104,JG240608,2023-04-28 13:15:00.000000 UTC,046XX S HALSTED ST,THEFT,RETAIL THEFT,CONVENIENCE STORE,false,false,925,9,15,61,06,41.809803372,-87.64556634,2023
13127887,JG326024,2023-07-03 00:00:00.000000 UTC,002XX W 47TH ST,THEFT,PURSE-SNATCHING,CTA TRAIN,false,false,925,9,20,37,06,41.809125265,-87.631906508,2023
13139840,JG340063,2023-07-13 23:10:00.000000 UTC,005XX W 43RD PL,CRIMINAL DAMAGE,TO VEHICLE,STREET,false,false,925,9,11,61,14,41.815382986,-87.638808169,2023
13172007,JG378266,2023-08-10 17:30:00.000000 UTC,042XX S PRINCETON AVE,CRIMINAL DAMAGE,TO VEHICLE,OTHER (SPECIFY),false,false,925,9,20,37,14,41.81691816,-87.633567673,2023
13001019,JG174455,2023-03-05 04:10:00.000000 UTC,017XX W 48TH ST,ROBBERY,ARMED - HANDGUN,SIDEWALK,false,false,931,9,15,61,03,41.806742201,-87.669128642,2023
13299195,JG530554,2023-12-06 08:45:00.000000 UTC,049XX S HERMITAGE AVE,ASSAULT,SIMPLE,SIDEWALK,false,false,931,9,20,61,08A,41.804246767,-87.668501555,2023
13156881,JG360395,2023-07-29 04:56:00.000000 UTC,049XX S DAMEN AVE,ASSAULT,SIMPLE,APARTMENT,true,true,931,9,15,61,08A,41.803894814,-87.674575297,2023
13187762,JG396978,2023-08-25 05:00:00.000000 UTC,047XX S HOYNE AVE,THEFT,OVER $500,RESIDENCE - YARD (FRONT / BACK),false,false,931,9,15,61,06,41.807891228,-87.67710193,2023
12992681,JG164394,2023-02-24 10:00:00.000000 UTC,048XX S ASHLAND AVE,CRIMINAL DAMAGE,TO PROPERTY,RESIDENCE,false,true,931,9,20,61,14,41.805883397,-87.664897479,2023
13007803,JG182723,2023-03-11 23:00:00.000000 UTC,022XX W 50TH ST,CRIMINAL DAMAGE,TO VEHICLE,DRIVEWAY - RESIDENTIAL,false,false,931,9,15,63,14,41.802991846,-87.680808607,2023
13044216,JG225965,2023-04-16 15:00:00.000000 UTC,048XX S PAULINA ST,CRIMINAL DAMAGE,TO VEHICLE,PARKING LOT / GARAGE (NON RESIDENTIAL),false,false,931,9,15,61,14,41.806303735,-87.667339581,2023
13259701,JG483100,2023-10-28 01:40:00.000000 UTC,053XX S WINCHESTER AVE,ROBBERY,ARMED - HANDGUN,SIDEWALK,false,false,932,9,16,61,03,41.797155083,-87.67318105,2023
13309645,JG542969,2023-12-16 07:30:00.000000 UTC,054XX S HONORE ST,ASSAULT,SIMPLE,STREET,false,true,932,9,16,61,08A,41.795126435,-87.670689811,2023
13150009,JG350792,2023-07-20 19:30:00.000000 UTC,051XX S DAMEN AVE,ASSAULT,SIMPLE,RESIDENCE,false,true,932,9,16,61,08A,41.800603961,-87.674495309,2023
12985432,JG155747,2023-02-16 19:00:00.000000 UTC,054XX S SEELEY AVE,THEFT,$500 AND UNDER,APARTMENT,false,false,932,9,16,61,06,41.795283396,-87.675558296,2023
13007342,JG182207,2023-03-11 18:00:00.000000 UTC,017XX W 51ST ST,CRIMINAL DAMAGE,TO PROPERTY,OTHER (SPECIFY),false,false,932,9,16,61,14,41.801282942,-87.668975971,2023
12945832,JG108554,2023-01-08 11:37:00.000000 UTC,021XX W 54TH PL,CRIMINAL DAMAGE,TO VEHICLE,STREET,false,true,932,9,16,61,14,41.794800607,-87.677514192,2023
13173999,JG380547,2023-08-13 01:39:00.000000 UTC,050XX S JUSTINE ST,BATTERY,AGGRAVATED - HANDGUN,SIDEWALK,false,false,933,9,20,61,04B,41.802494829,-87.663590337,2023
13318928,JG554482,2023-12-25 22:17:00.000000 UTC,048XX S JUSTINE ST,BATTERY,DOMESTIC BATTERY SIMPLE,RESIDENCE,true,true,933,9,20,61,08B,41.80595314,-87.663679027,2023
13085620,JG275384,2023-05-25 21:00:00.000000 UTC,015XX W 47TH ST,BATTERY,DOMESTIC BATTERY SIMPLE,HOTEL / MOTEL,false,true,933,9,20,61,08B,41.808614751,-87.664091468,2023
13128449,JG326636,2023-07-03 22:00:00.000000 UTC,048XX S LAFLIN ST,BATTERY,DOMESTIC BATTERY SIMPLE,APARTMENT,false,true,933,9,20,61,08B,41.806357759,-87.662475418,2023
13242992,JG462865,2023-10-14 03:00:00.000000 UTC,014XX W 49TH PL,THEFT,OVER $500,STREET,false,false,933,9,20,61,06,41.804103232,-87.660815441,2023
12971687,JG139269,2023-02-02 11:00:00.000000 UTC,015XX W 47TH ST,THEFT,RETAIL THEFT,PAWN SHOP,false,false,933,9,20,61,06,41.808612861,-87.664238208,2023
13321638,JG557765,2023-12-28 17:10:00.000000 UTC,050XX S LAFLIN ST,CRIMINAL DAMAGE,TO VEHICLE,PARKING LOT / GARAGE (NON RESIDENTIAL),false,false,933,9,20,61,14,41.802306591,-87.662370972,2023
13026336,JG204690,2023-03-30 13:00:00.000000 UTC,048XX S THROOP ST,CRIMINAL DAMAGE,TO VEHICLE,STREET,false,false,933,9,20,61,14,41.80620026,-87.657609802,2023
13027693,JG206422,2023-03-31 18:42:00.000000 UTC,013XX W 48TH ST,CRIMINAL DAMAGE,TO VEHICLE,STREET,false,false,933,9,20,61,14,41.806868474,-87.658307018,2023
13119560,JG316100,2023-06-26 01:58:00.000000 UTC,009XX W 53RD ST,BATTERY,AGGRAVATED - HANDGUN,RESIDENCE - YARD (FRONT / BACK),false,false,934,9,16,61,04B,41.797783589,-87.649270574,2023
13251970,JG470299,2023-10-19 15:15:00.000000 UTC,053XX S RACINE AVE,BATTERY,"AGGRAVATED - HANDS, FISTS, FEET, SERIOUS INJURY",STREET,true,false,934,9,20,61,04B,41.79735622,-87.654948527,2023
13064419,JG250090,2023-05-06 08:00:00.000000 UTC,053XX S BISHOP ST,BATTERY,DOMESTIC BATTERY SIMPLE,RESIDENCE,false,true,934,9,16,61,08B,41.797084559,-87.66102085,2023
13133321,JG332439,2023-07-08 08:21:00.000000 UTC,054XX S CARPENTER ST,BATTERY,DOMESTIC BATTERY SIMPLE,ALLEY,true,true,934,9,16,61,08B,41.795438151,-87.651272165,2023
13156922,JG360433,2023-07-29 05:59:00.000000 UTC,051XX S MAY ST,BATTERY,DOMESTIC BATTERY SIMPLE,STREET,false,true,934,9,20,61,08B,41.801007749,-87.653831748,2023
13248796,JG469915,2023-10-19 11:31:00.000000 UTC,052XX S SANGAMON ST,ASSAULT,SIMPLE,APARTMENT,false,true,934,9,20,61,08A,41.799123492,-87.648926253,2023
13533823,JH352091,2023-11-20 12:00:00.000000 UTC,051XX S LOOMIS BLVD,THEFT,OVER $500,RESIDENCE,false,false,934,9,20,61,06,41.800236613,-87.659891313,2023
13174916,JG381643,2023-08-10 05:42:00.000000 UTC,052XX S LAFLIN ST,THEFT,OVER $500,STREET,false,false,934,9,16,61,06,41.798796096,-87.662275564,2023
13093256,JG284566,2023-06-01 20:50:00.000000 UTC,047XX S PRINCETON AVE,BATTERY,AGGRAVATED - HANDGUN,STREET,false,false,935,9,20,37,04B,41.80860717,-87.633350017,2023
13176381,JG383244,2023-08-14 18:00:00.000000 UTC,053XX S SHIELDS AVE,ASSAULT,AGGRAVATED - HANDGUN,RESIDENCE,false,false,935,9,20,37,04A,41.797462903,-87.634292793,2023
13191310,JG401102,2023-08-28 11:30:00.000000 UTC,041XX W ROOSEVELT RD,ROBBERY,ARMED - HANDGUN,SMALL RETAIL STORE,false,false,1011,10,24,29,03,41.866130518,-87.728158115,2023
13288933,JG517982,2023-11-26 10:32:00.000000 UTC,012XX S KEELER AVE,BATTERY,AGGRAVATED - KNIFE / CUTTING INSTRUMENT,APARTMENT,false,true,1011,10,24,29,04B,41.865495558,-87.730047459,2023
13049002,JG230694,2023-04-19 15:45:00.000000 UTC,039XX W 14TH ST,BATTERY,AGGRAVATED - OTHER DANGEROUS WEAPON,STREET,false,false,1011,10,24,29,04B,41.862531403,-87.724260317,2023
13242608,JG462706,2023-10-13 23:30:00.000000 UTC,014XX S KENNETH AVE,BATTERY,SIMPLE,RESIDENCE - PORCH / HALLWAY,false,false,1011,10,24,29,08B,41.86179475,-87.736051372,2023
13303990,JG536333,2023-12-10 20:30:00.000000 UTC,012XX S INDEPENDENCE BLVD,BATTERY,DOMESTIC BATTERY SIMPLE,ALLEY,true,true,1011,10,24,29,08B,41.865601613,-87.71950626,2023
12989992,JG160976,2023-02-21 16:30:00.000000 UTC,013XX S LAWNDALE AVE,BATTERY,DOMESTIC BATTERY SIMPLE,APARTMENT,false,true,1011,10,24,29,08B,41.863528686,-87.717778622,2023
13173067,JG379527,2023-08-12 07:29:00.000000 UTC,013XX S LAWNDALE AVE,BATTERY,DOMESTIC BATTERY SIMPLE,APARTMENT,false,true,1011,10,24,29,08B,41.863580844,-87.717781792,2023
13034456,JG214148,2023-04-07 11:00:00.000000 UTC,012XX S INDEPENDENCE BLVD,BATTERY,AGGRAVATED DOMESTIC BATTERY - OTHER DANGEROUS WEAPON,APARTMENT,false,true,1011,10,24,29,04B,41.865453392,-87.719500335,2023
13304953,JG537251,2023-12-11 15:58:00.000000 UTC,038XX W ROOSEVELT RD,ASSAULT,SIMPLE,TAVERN / LIQUOR STORE,false,false,1011,10,24,29,08A,41.866229446,-87.720935733,2023
13097379,JG289703,2023-06-05 22:27:00.000000 UTC,013XX S TRIPP AVE,ASSAULT,SIMPLE,APARTMENT,false,true,1011,10,24,29,08A,41.863278754,-87.731199007,2023
13170749,JG375593,2023-08-09 08:28:00.000000 UTC,014XX S MILLARD AVE,ASSAULT,SIMPLE,ALLEY,false,true,1011,10,24,29,08A,41.861628294,-87.716500973,2023
13265420,JG489534,2023-10-27 11:00:00.000000 UTC,012XX S LAWNDALE AVE,THEFT,OVER $500,RESIDENCE - PORCH / HALLWAY,false,false,1011,10,24,29,06,41.865493866,-87.717833196,2023
13222032,JG437923,2023-09-25 00:01:00.000000 UTC,036XX W DOUGLAS BLVD,THEFT,$500 AND UNDER,APARTMENT,false,true,1011,10,24,29,06,41.862848461,-87.715799077,2023
13254775,JG477065,2023-10-24 18:40:00.000000 UTC,013XX S LAWNDALE AVE,CRIMINAL DAMAGE,TO PROPERTY,APARTMENT,false,false,1011,10,24,29,14,41.86393215,-87.717789436,2023
13008125,JG183120,2023-03-05 16:00:00.000000 UTC,041XX W 21ST ST,BATTERY,"AGG. DOMESTIC BATTERY - HANDS, FISTS, FEET, SERIOUS INJURY",APARTMENT,false,true,1012,10,24,29,04B,41.853449659,-87.72822628,2023
13011454,JG186183,2023-03-13 17:02:00.000000 UTC,015XX S KARLOV AVE,THEFT,$500 AND UNDER,RESIDENCE,false,false,1012,10,24,29,06,41.860111303,-87.727436631,2023
13217314,JG432345,2023-09-20 19:28:00.000000 UTC,040XX W CULLERTON ST,CRIMINAL DAMAGE,TO PROPERTY,RESIDENCE,false,false,1012,10,24,29,14,41.854390634,-87.726088448,2023
13289497,JG518745,2023-11-27 01:55:00.000000 UTC,018XX S KEELER AVE,CRIMINAL DAMAGE,TO VEHICLE,STREET,false,false,1012,10,24,29,14,41.855938517,-87.729755531,2023
13051763,JG234971,2023-04-23 20:00:00.000000 UTC,043XX W 21ST PL,CRIMINAL DAMAGE,TO VEHICLE,STREET,false,false,1012,10,24,29,14,41.852477256,-87.732753849,2023
13068631,JG255351,2023-05-09 08:00:00.000000 UTC,018XX S KARLOV AVE,CRIMINAL DAMAGE,TO VEHICLE,STREET,false,false,1012,10,24,29,14,41.856084649,-87.727280091,2023
13040524,JG221349,2023-04-13 06:22:00.000000 UTC,025XX S RIDGEWAY AVE,ROBBERY,VEHICULAR HIJACKING,RESIDENCE - YARD (FRONT / BACK),false,false,1013,10,22,30,03,41.845398375,-87.718480938,2023
13214679,JG429229,2023-09-16 12:34:00.000000 UTC,043XX W 26TH ST,ROBBERY,ATTEMPT ARMED - HANDGUN,RESTAURANT,false,false,1013,10,22,30,03,41.844143697,-87.732376706,2023
12996425,JG168962,2023-02-28 11:49:00.000000 UTC,040XX W 25TH PL,BATTERY,SIMPLE,RESIDENCE - YARD (FRONT / BACK),true,false,1013,10,22,30,08B,41.845159563,-87.72517014,2023
13098252,JG290749,2023-06-05 01:00:00.000000 UTC,039XX W OGDEN AVE,BATTERY,SIMPLE,GAS STATION,false,false,1013,10,22,29,08B,41.851393305,-87.723903515,2023
13191367,JG400357,2023-08-27 21:43:00.000000 UTC,022XX S KEELER AVE,BATTERY,DOMESTIC BATTERY SIMPLE,APARTMENT,false,true,1013,10,22,29,08B,41.850575241,-87.729567376,2023
13080981,JG270308,2023-05-22 11:28:00.000000 UTC,025XX S HARDING AVE,ASSAULT,SIMPLE,RESIDENCE,false,true,1013,10,22,30,08A,41.845309108,-87.723355692,2023
12957262,JG121898,2023-01-18 18:23:00.000000 UTC,044XX W CERMAK RD,THEFT,OVER $500,OTHER (SPECIFY),false,false,1013,10,22,29,06,41.851393594,-87.734918542,2023
13119964,JG316662,2023-06-23 18:00:00.000000 UTC,025XX S HAMLIN AVE,THEFT,OVER $500,STREET,false,false,1013,10,22,30,06,41.84525122,-87.719700821,2023
13225035,JG441449,2023-09-27 16:21:00.000000 UTC,045XX W OGDEN AVE,CRIMINAL DAMAGE,TO PROPERTY,COMMERCIAL / BUSINESS OFFICE,false,false,1013,10,22,29,14,41.846555612,-87.737587806,2023
13109495,JG304029,2023-06-16 21:10:00.000000 UTC,022XX S AVERS AVE,CRIMINAL DAMAGE,TO VEHICLE,APARTMENT,false,true,1013,10,22,30,14,41.850903502,-87.721074597,2023
13144299,JG345418,2023-07-16 23:30:00.000000 UTC,022XX S KOLIN AVE,CRIMINAL DAMAGE,TO VEHICLE,VEHICLE NON-COMMERCIAL,false,false,1013,10,22,29,14,41.850820147,-87.732310547,2023
13184121,JG392647,2023-08-21 18:00:00.000000 UTC,024XX S HARDING AVE,CRIMINAL DAMAGE,TO VEHICLE,STREET,false,false,1013,10,22,30,14,41.847213883,-87.723403662,2023
13322233,JG558355,2023-12-29 10:00:00.000000 UTC,015XX S LAWNDALE AVE,BATTERY,DOMESTIC BATTERY SIMPLE,APARTMENT,false,true,1014,10,24,29,08B,41.860059396,-87.71767607,2023
12940274,JG102194,2023-01-02 18:30:00.000000 UTC,015XX S CENTRAL PARK AVE,BATTERY,DOMESTIC BATTERY SIMPLE,APARTMENT,false,true,1014,10,24,29,08B,41.86029057,-87.715243677,2023
13073104,JG260899,2023-05-15 04:00:00.000000 UTC,015XX S MILLARD AVE,BATTERY,DOMESTIC BATTERY SIMPLE,VEHICLE NON-COMMERCIAL,false,true,1014,10,24,29,08B,41.859976001,-87.716454446,2023
13136377,JG336125,2023-07-11 01:07:00.000000 UTC,018XX S AVERS AVE,BATTERY,DOMESTIC BATTERY SIMPLE,APARTMENT,false,true,1014,10,24,29,08B,41.855958702,-87.721125493,2023
13067273,JG253710,2023-05-08 09:00:00.000000 UTC,036XX W CERMAK RD,ASSAULT,SIMPLE,APARTMENT,false,false,1014,10,24,29,08A,41.851640652,-87.716773122,2023
12945504,JG108203,2023-01-08 00:10:00.000000 UTC,018XX S HAMLIN AVE,THEFT,$500 AND UNDER,APARTMENT,false,false,1014,10,24,29,06,41.856581054,-87.719985296,2023
13019585,JG196753,2023-03-23 08:45:00.000000 UTC,018XX S SPRINGFIELD AVE,THEFT,$500 AND UNDER,STREET,false,false,1014,10,24,29,06,41.855888512,-87.722374204,2023
13118969,JG315354,2023-06-25 12:45:00.000000 UTC,019XX S HARDING AVE,THEFT,$500 AND UNDER,VEHICLE NON-COMMERCIAL,false,false,1014,10,24,29,06,41.854572204,-87.723583358,2023
13133525,JG331681,2023-07-05 09:00:00.000000 UTC,018XX S HARDING AVE,THEFT,$500 AND UNDER,APARTMENT,false,false,1014,10,24,29,06,41.856057106,-87.723631656,2023
12983475,JG153279,2023-02-14 23:00:00.000000 UTC,016XX S MILLARD AVE,CRIMINAL DAMAGE,TO PROPERTY,RESIDENCE,false,false,1014,10,24,29,14,41.858414284,-87.716410722,2023
13002687,JG176483,2023-03-06 19:50:00.000000 UTC,018XX S AVERS AVE,CRIMINAL DAMAGE,TO PROPERTY,APARTMENT,false,true,1014,10,24,29,14,41.856008096,-87.721125022,2023
13077306,JG265849,2023-05-11 19:00:00.000000 UTC,016XX S SPRINGFIELD AVE,CRIMINAL DAMAGE,TO PROPERTY,APARTMENT,false,false,1014,10,24,29,14,41.858141884,-87.722437185,2023
13159138,JG363089,2023-06-15 12:00:00.000000 UTC,016XX S CENTRAL PARK AVE,ROBBERY,ARMED - HANDGUN,APARTMENT,false,false,1021,10,24,29,03,41.858388522,-87.715192247,2023
13111022,JG305887,2023-06-18 13:40:00.000000 UTC,016XX S HOMAN AVE,BATTERY,AGGRAVATED - OTHER DANGEROUS WEAPON,SIDEWALK,false,false,1021,10,24,29,04B,41.858568011,-87.710319284,2023
12976139,JG144418,2023-02-07 15:30:00.000000 UTC,035XX W DOUGLAS BLVD,BATTERY,SIMPLE,SCHOOL - PUBLIC GROUNDS,false,false,1021,10,24,29,08B,41.862871696,-87.713489726,2023
12976772,JG145214,2023-02-08 11:15:00.000000 UTC,016XX S CHRISTIANA AVE,BATTERY,SIMPLE,SCHOOL - PRIVATE GROUNDS,false,false,1021,10,24,29,08B,41.85826495,-87.709088822,2023
13105295,JG299058,2023-06-12 14:00:00.000000 UTC,033XX W OGDEN AVE,BATTERY,SIMPLE,SCHOOL - PUBLIC GROUNDS,false,false,1021,10,24,29,08B,41.856884052,-87.708485563,2023
13050822,JG233885,2023-04-23 00:36:00.000000 UTC,033XX W OGDEN AVE,BATTERY,DOMESTIC BATTERY SIMPLE,STREET,true,true,1021,10,24,29,08B,41.856586889,-87.709351081,2023
13115157,JG303948,2023-06-16 19:45:00.000000 UTC,014XX S TRUMBULL AVE,BATTERY,DOMESTIC BATTERY SIMPLE,RESIDENCE,false,true,1021,10,24,29,08B,41.861846274,-87.711631066,2023
12951689,JG115410,2023-01-13 23:30:00.000000 UTC,015XX S HOMAN AVE,BATTERY,AGGRAVATED DOMESTIC BATTERY - KNIFE / CUTTING INSTRUMENT,APARTMENT,false,true,1021,10,24,29,04B,41.859954107,-87.710364565,2023
13005768,JG180089,2023-03-09 22:40:00.000000 UTC,014XX S ST LOUIS AVE,ASSAULT,AGGRAVATED - KNIFE / CUTTING INSTRUMENT,APARTMENT,false,true,1021,10,24,29,04A,41.861767778,-87.712846942,2023
13130147,JG328611,2023-07-05 13:00:00.000000 UTC,015XX S HOMAN AVE,ASSAULT,AGGRAVATED - KNIFE / CUTTING INSTRUMENT,STREET,false,true,1021,10,24,29,04A,41.860253255,-87.710369003,2023
13301022,JG532800,2023-12-07 22:00:00.000000 UTC,015XX S DRAKE AVE,ASSAULT,SIMPLE,APARTMENT,true,true,1021,10,24,29,08A,41.860116574,-87.714019255,2023
12988342,JG154724,2023-02-14 12:00:00.000000 UTC,033XX W OGDEN AVE,ASSAULT,SIMPLE,SCHOOL - PUBLIC GROUNDS,false,false,1021,10,24,29,08A,41.856884052,-87.708485563,2023
13023092,JG200873,2023-03-19 23:00:00.000000 UTC,015XX S ST LOUIS AVE,ASSAULT,SIMPLE,RESIDENCE,false,false,1021,10,24,29,08A,41.860280171,-87.712806259,2023
13062823,JG248323,2023-05-04 20:12:00.000000 UTC,014XX S TRUMBULL AVE,ASSAULT,SIMPLE,RESIDENCE - YARD (FRONT / BACK),false,false,1021,10,24,29,08A,41.861731002,-87.711628512,2023
13117650,JG313751,2023-06-24 00:00:00.000000 UTC,034XX W ROOSEVELT RD,THEFT,$500 AND UNDER,GROCERY FOOD STORE,false,false,1021,10,24,29,06,41.866341527,-87.711154301,2023
12952285,JG116209,2023-01-14 16:22:00.000000 UTC,034XX W ROOSEVELT RD,THEFT,RETAIL THEFT,SMALL RETAIL STORE,false,false,1021,10,24,29,06,41.866341527,-87.711154301,2023
13179780,JG387290,2023-08-18 08:15:00.000000 UTC,034XX W ROOSEVELT RD,THEFT,RETAIL THEFT,DRUG STORE,true,false,1021,10,24,29,06,41.866341527,-87.711154301,2023
13207844,JG420869,2023-09-10 10:00:00.000000 UTC,014XX S DRAKE AVE,CRIMINAL DAMAGE,TO VEHICLE,STREET,false,false,1021,10,24,29,14,41.86188416,-87.714071948,2023
13010710,JG186085,2023-03-14 22:00:00.000000 UTC,012XX S HOMAN AVE,CRIMINAL DAMAGE,TO VEHICLE,STREET,false,false,1021,10,24,29,14,41.864386744,-87.710486741,2023
13126703,JG324569,2023-07-01 23:00:00.000000 UTC,012XX S HOMAN AVE,CRIMINAL DAMAGE,TO VEHICLE,STREET,false,false,1021,10,24,29,14,41.864386744,-87.710486741,2023
13166870,JG372231,2023-08-06 21:52:00.000000 UTC,014XX S KEDZIE AVE,BATTERY,AGGRAVATED - HANDGUN,STREET,false,false,1022,10,24,29,04B,41.86120107,-87.70552141,2023
12942859,JG105065,2023-01-05 08:10:00.000000 UTC,013XX S SPAULDING AVE,BATTERY,SIMPLE,APARTMENT,false,false,1022,10,24,29,08B,41.863948042,-87.708031315,2023
13131410,JG330116,2023-07-06 12:52:00.000000 UTC,018XX S KEDZIE AVE,THEFT,OVER $500,STREET,false,false,1022,10,24,29,06,41.856337502,-87.705385442,2023
13215079,JG428760,2023-09-16 20:50:00.000000 UTC,014XX S SACRAMENTO DR,THEFT,POCKET-PICKING,PARK PROPERTY,false,false,1022,10,24,29,06,41.862842099,-87.702010464,2023
13215083,JG428893,2023-09-16 17:45:00.000000 UTC,014XX S SACRAMENTO DR,THEFT,POCKET-PICKING,PARK PROPERTY,false,false,1022,10,24,29,06,41.862842099,-87.702010464,2023
13039254,JG219915,2023-04-12 02:00:00.000000 UTC,021XX S SPAULDING AVE,CRIMINAL DAMAGE,TO VEHICLE,ALLEY,false,false,1022,10,24,30,14,41.852895242,-87.70772421,2023
13108588,JG302944,2023-06-16 02:10:00.000000 UTC,031XX W 19TH ST,CRIMINAL DAMAGE,TO VEHICLE,STREET,false,true,1022,10,24,29,14,41.855437166,-87.703841551,2023
13119510,JG315976,2023-06-25 22:40:00.000000 UTC,012XX S ALBANY AVE,CRIMINAL DAMAGE,TO VEHICLE,DRIVEWAY - RESIDENTIAL,false,false,1022,10,24,29,14,41.865619997,-87.703139583,2023
13147911,JG349898,2023-07-21 08:20:00.000000 UTC,018XX S CALIFORNIA AVE,CRIMINAL DAMAGE,TO VEHICLE,STREET,false,false,1022,10,24,29,14,41.856547057,-87.695604526,2023
13200181,JG411913,2023-09-04 19:50:00.000000 UTC,021XX S MARSHALL BLVD,CRIMINAL DAMAGE,TO VEHICLE,PARKING LOT / GARAGE (NON RESIDENTIAL),false,false,1022,10,24,30,14,41.853468388,-87.699144174,2023
13191939,JG401962,2023-08-29 00:00:00.000000 UTC,015XX S FAIRFIELD AVE,BATTERY,SIMPLE,SIDEWALK,false,false,1023,10,28,29,08B,41.861359279,-87.694400341,2023
13166873,JG372254,2023-08-06 22:30:00.000000 UTC,026XX W 21ST PL,BATTERY,DOMESTIC BATTERY SIMPLE,RESIDENCE,false,true,1023,10,25,30,08B,41.852871362,-87.691460302,2023
13271345,JG497031,2023-11-08 20:54:00.000000 UTC,012XX S FAIRFIELD AVE,BATTERY,AGGRAVATED DOMESTIC BATTERY - KNIFE / CUTTING INSTRUMENT,APARTMENT,true,true,1023,10,28,29,04B,41.865136492,-87.694601364,2023
13236413,JG455194,2023-10-08 00:40:00.000000 UTC,026XX W 13TH ST,ASSAULT,AGGRAVATED - HANDGUN,APARTMENT,false,true,1023,10,28,29,04A,41.864960415,-87.692550901,2023
13215744,JG430426,2023-09-19 10:57:00.000000 UTC,026XX W 21ST PL,ASSAULT,SIMPLE,ALLEY,false,false,1023,10,25,30,08A,41.852869459,-87.691610812,2023
13224303,JG440667,2023-09-27 01:19:00.000000 UTC,015XX S FAIRFIELD AVE,ASSAULT,SIMPLE,HOSPITAL BUILDING / GROUNDS,false,false,1023,10,28,29,08A,41.861359279,-87.694400341,2023
13232837,JG442945,2023-09-27 01:00:00.000000 UTC,012XX S FAIRFIELD AVE,THEFT,OVER $500,DRIVEWAY - RESIDENTIAL,false,false,1023,10,28,29,06,41.865136492,-87.694601364,2023
13118757,JG315271,2023-06-24 18:19:00.000000 UTC,021XX S FAIRFIELD AVE,CRIMINAL DAMAGE,TO VEHICLE,STREET,false,false,1023,10,25,30,14,41.85275516,-87.694243724,2023
13238308,JG457293,2023-10-09 15:45:00.000000 UTC,019XX S DRAKE AVE,ROBBERY,ARMED - OTHER DANGEROUS WEAPON,STREET,false,false,1024,10,24,29,03,41.854310729,-87.713697194,2023
13077424,JG265823,2023-05-18 17:45:00.000000 UTC,022XX S SAWYER AVE,BATTERY,AGGRAVATED - HANDGUN,STREET,false,false,1024,10,24,30,04B,41.851167658,-87.70645272,2023
13057150,JG241377,2023-04-29 02:25:00.000000 UTC,033XX W 19TH ST,BATTERY,SIMPLE,STREET,false,false,1024,10,24,29,08B,41.855379804,-87.709928099,2023
13187918,JG397091,2023-08-25 12:00:00.000000 UTC,022XX S TRUMBULL AVE,BATTERY,AGGRAVATED OF A SENIOR CITIZEN,APARTMENT,true,true,1024,10,22,30,04B,41.850897713,-87.711314996,2023
13093430,JG284778,2023-06-02 08:00:00.000000 UTC,034XX W 23RD ST,ASSAULT,AGGRAVATED - HANDGUN,APARTMENT,false,false,1024,10,22,30,04A,41.849868508,-87.711802114,2023
12956705,JG120274,2023-01-18 05:02:00.000000 UTC,024XX S TRUMBULL AVE,ASSAULT,AGGRAVATED - KNIFE / CUTTING INSTRUMENT,APARTMENT,false,true,1024,10,22,30,04A,41.847203354,-87.711207646,2023
13109709,JG304281,2023-06-17 03:45:00.000000 UTC,024XX S ST LOUIS AVE,ASSAULT,"AGGRAVATED POLICE OFFICER - HANDS, FISTS, FEET, NO INJURY",STREET,true,false,1024,10,22,30,08A,41.847599712,-87.712440675,2023
13216452,JG430604,2023-09-19 13:03:00.000000 UTC,034XX W OGDEN AVE,ASSAULT,SIMPLE,TAVERN / LIQUOR STORE,false,false,1024,10,24,29,08A,41.855574302,-87.71189003,2023
13114174,JG309581,2023-06-21 09:00:00.000000 UTC,035XX W 24TH ST,THEFT,OVER $500,STREET,false,false,1024,10,22,30,06,41.848039534,-87.71410272,2023
13288934,JG518017,2023-11-25 12:36:00.000000 UTC,024XX S HOMAN AVE,THEFT,$500 AND UNDER,RESIDENCE - PORCH / HALLWAY,false,false,1024,10,25,30,06,41.847419081,-87.709998052,2023
13222546,JG438653,2023-09-25 13:30:00.000000 UTC,023XX S TRUMBULL AVE,THEFT,FROM BUILDING,RESIDENCE,false,false,1024,10,22,30,06,41.849272857,-87.711268342,2023
13022531,JG200334,2023-03-26 03:01:00.000000 UTC,032XX W CERMAK RD,CRIMINAL DAMAGE,TO STATE SUPPORTED PROPERTY,STREET,false,false,1024,10,12,30,14,41.851744341,-87.707027024,2023
13177714,JG384948,2023-08-16 12:30:00.000000 UTC,032XX W 26TH ST,CRIMINAL DAMAGE,TO STATE SUPPORTED PROPERTY,STREET,false,false,1024,10,25,30,14,41.844494987,-87.706705034,2023
12959728,JG124770,2023-01-21 20:37:00.000000 UTC,038XX W 26TH ST,ROBBERY,ARMED - KNIFE / CUTTING INSTRUMENT,STREET,false,false,1031,10,22,30,03,41.844291629,-87.721412892,2023
13172809,JG379156,2023-08-11 22:20:00.000000 UTC,027XX S AVERS AVE,BATTERY,SIMPLE,SIDEWALK,false,false,1031,10,22,30,08B,41.841459109,-87.720815999,2023
13316418,JG551458,2023-12-22 22:30:00.000000 UTC,037XX W 26TH ST,BATTERY,DOMESTIC BATTERY SIMPLE,BAR OR TAVERN,false,true,1031,10,22,30,08B,41.84432476,-87.718880243,2023
13007800,JG182627,2023-03-12 05:20:00.000000 UTC,028XX S HARDING AVE,BATTERY,DOMESTIC BATTERY SIMPLE,RESIDENCE - GARAGE,false,true,1031,10,22,30,08B,41.839880171,-87.723209084,2023
13206633,JG419411,2023-09-11 02:45:00.000000 UTC,027XX S PULASKI RD,ASSAULT,SIMPLE,APARTMENT,false,true,1031,10,22,30,08A,41.841703619,-87.724479896,2023
13221150,JG436880,2023-09-24 08:04:00.000000 UTC,032XX S PULASKI RD,ASSAULT,SIMPLE,ALLEY,false,false,1031,10,22,30,08A,41.834438582,-87.724299231,2023
13046016,JG227934,2023-04-18 09:30:00.000000 UTC,041XX W 26TH ST,ASSAULT,SIMPLE,STREET,false,false,1031,10,22,30,08A,41.844217942,-87.7271829,2023
13248212,JG469385,2023-10-18 22:00:00.000000 UTC,038XX W 31ST ST,CRIMINAL DAMAGE,TO VEHICLE,STREET,false,false,1031,10,22,30,14,41.836940527,-87.721046239,2023
13276555,JG503360,2023-11-13 20:30:00.000000 UTC,026XX S KOSTNER AVE,CRIMINAL DAMAGE,TO VEHICLE,STREET,false,false,1031,10,22,30,14,41.843470224,-87.734262048,2023
12953880,JG117871,2023-01-16 04:00:00.000000 UTC,039XX W 30TH ST,CRIMINAL DAMAGE,TO VEHICLE,STREET,false,false,1031,10,22,30,14,41.838737369,-87.723502508,2023
12998309,JG171202,2023-03-02 02:30:00.000000 UTC,026XX S KOMENSKY AVE,CRIMINAL DAMAGE,TO VEHICLE,STREET,false,false,1031,10,22,30,14,41.843587405,-87.725746539,2023
13226338,JG442845,2023-09-28 18:25:00.000000 UTC,027XX S HOMAN AVE,BATTERY,SIMPLE,STREET,false,false,1032,10,22,30,08B,41.84216576,-87.709850866,2023
12949655,JG113030,2023-01-12 04:10:00.000000 UTC,032XX W 26TH ST,BATTERY,SIMPLE,SIDEWALK,false,false,1032,10,12,30,08B,41.844514992,-87.705343247,2023
13025171,JG203244,2023-03-24 14:50:00.000000 UTC,032XX W 28TH ST,BATTERY,"PROTECTED EMPLOYEE - HANDS, FISTS, FEET, NO / MINOR INJURY",SIDEWALK,false,false,1032,10,22,30,08B,41.840870261,-87.7052798,2023
12938600,JG100403,2023-01-01 08:30:00.000000 UTC,027XX S SPAULDING AVE,BATTERY,DOMESTIC BATTERY SIMPLE,STREET,false,true,1032,10,22,30,08B,41.841792927,-87.70739932,2023
13212102,JG426088,2023-09-16 01:30:00.000000 UTC,027XX S SAWYER AVE,ASSAULT,AGGRAVATED POLICE OFFICER - OTHER DANGEROUS WEAPON,SCHOOL - PUBLIC GROUNDS,true,false,1032,10,22,30,04A,41.842112872,-87.706185128,2023
13029848,JG208921,2023-04-02 09:40:00.000000 UTC,026XX S TRUMBULL AVE,CRIMINAL DAMAGE,TO PROPERTY,RESIDENCE,false,false,1032,10,22,30,14,41.843509013,-87.711103975,2023
13123759,JG320127,2023-06-28 20:45:00.000000 UTC,027XX S CHRISTIANA AVE,CRIMINAL DAMAGE,TO PROPERTY,RESIDENCE - PORCH / HALLWAY,false,true,1032,10,22,30,14,41.84164587,-87.708615489,2023
12979051,JG148113,2023-02-10 16:00:00.000000 UTC,026XX S HOMAN AVE,CRIMINAL DAMAGE,TO VEHICLE,STREET,false,false,1032,10,12,30,14,41.843752181,-87.709894184,2023
13063598,JG249381,2023-04-29 20:00:00.000000 UTC,031XX S KEDZIE AVE,ROBBERY,ARMED - HANDGUN,SIDEWALK,false,false,1033,10,25,30,03,41.836743058,-87.704810078,2023
12947388,JG110334,2023-01-09 21:00:00.000000 UTC,023XX S MARSHALL BLVD,BATTERY,"AGG. DOMESTIC BATTERY - HANDS, FISTS, FEET, SERIOUS INJURY",APARTMENT,false,true,1033,10,12,30,04B,41.849417168,-87.699019025,2023
13117087,JG313067,2023-06-23 15:30:00.000000 UTC,025XX S CALIFORNIA AVE,ASSAULT,SIMPLE,RESTAURANT,false,false,1033,10,24,30,08A,41.845820509,-87.695248627,2023
13205409,JG417733,2023-09-09 15:27:00.000000 UTC,030XX W 26TH ST,THEFT,RETAIL THEFT,DRUG STORE,false,false,1033,10,25,30,06,41.844580682,-87.701808336,2023
13078420,JG267182,2023-05-19 18:40:00.000000 UTC,022XX S SACRAMENTO AVE,CRIMINAL DAMAGE,TO PROPERTY,APARTMENT,false,false,1033,10,24,30,14,41.851010575,-87.700328308,2023
13030063,JG209123,2023-04-03 07:00:00.000000 UTC,030XX W 24TH ST,CRIMINAL DAMAGE,TO VEHICLE,STREET,false,false,1033,10,12,30,14,41.848182051,-87.701971111,2023
13078621,JG267470,2023-05-20 02:20:00.000000 UTC,023XX S ROCKWELL ST,BATTERY,AGGRAVATED - HANDGUN,STREET,false,false,1034,10,25,30,04B,41.849567239,-87.690472978,2023
12939348,JG101221,2023-01-01 23:24:00.000000 UTC,023XX S LEAVITT ST,BATTERY,"AGGRAVATED P.O. - HANDS, FISTS, FEET, NO / MINOR INJURY",VEHICLE NON-COMMERCIAL,true,false,1034,10,25,31,08B,41.84912495,-87.680659301,2023
13207021,JG419833,2023-09-11 11:20:00.000000 UTC,027XX W 24TH PL,BATTERY,SIMPLE,RESIDENCE - PORCH / HALLWAY,false,false,1034,10,24,30,08B,41.847384418,-87.693218135,2023
12945774,JG108434,2023-01-08 08:51:00.000000 UTC,027XX S WESTERN AVE,BATTERY,SIMPLE,STREET,false,false,1034,10,25,31,08B,41.842416891,-87.685314897,2023
13202900,JG414693,2023-09-07 09:42:00.000000 UTC,022XX W 23RD PL,ASSAULT,AGGRAVATED - HANDGUN,APARTMENT,false,false,1034,10,25,31,04A,41.849364159,-87.681706584,2023
13262374,JG486299,2023-10-31 18:00:00.000000 UTC,025XX W CERMAK RD,ASSAULT,SIMPLE,GROCERY FOOD STORE,false,false,1034,10,28,31,08A,41.851997246,-87.688752882,2023
13020460,JG197475,2023-03-24 13:30:00.000000 UTC,023XX S WESTERN AVE,ASSAULT,SIMPLE,SCHOOL - PUBLIC GROUNDS,false,false,1034,10,25,31,08A,41.849064835,-87.685552443,2023
13166421,JG371713,2023-08-05 01:00:00.000000 UTC,027XX W 24TH ST,ASSAULT,SIMPLE,APARTMENT,false,true,1034,10,25,30,08A,41.848288886,-87.693506411,2023
13107522,JG301692,2023-06-04 12:00:00.000000 UTC,021XX W 23RD ST,THEFT,$500 AND UNDER,STREET,false,false,1034,10,25,31,06,41.850314495,-87.67895516,2023
13200645,JG412631,2023-09-01 18:00:00.000000 UTC,024XX S OAKLEY AVE,THEFT,FROM BUILDING,APARTMENT,false,false,1034,10,25,31,06,41.847245029,-87.683060377,2023
12942518,JG104684,2023-01-04 19:51:00.000000 UTC,040XX W CHICAGO AVE,ROBBERY,ARMED - HANDGUN,GAS STATION,false,false,1111,11,37,23,03,41.895361374,-87.726431415,2023
12979802,JG148214,2023-02-10 16:30:00.000000 UTC,041XX W AUGUSTA BLVD,ROBBERY,STRONG ARM - NO WEAPON,SIDEWALK,false,false,1111,11,37,23,03,41.898972647,-87.729005178,2023
13301689,JG533658,2023-12-08 13:00:00.000000 UTC,010XX N KEELER AVE,BATTERY,AGGRAVATED - KNIFE / CUTTING INSTRUMENT,SCHOOL - PRIVATE GROUNDS,false,false,1111,11,37,23,04B,41.900155706,-87.731150217,2023
13316375,JG551288,2023-12-22 19:18:00.000000 UTC,047XX W RACE AVE,BATTERY,SIMPLE,APARTMENT,false,true,1111,11,28,25,08B,41.890503978,-87.744334024,2023
12996314,JG164207,2023-02-24 12:40:00.000000 UTC,007XX N PULASKI RD,BATTERY,SIMPLE,SCHOOL - PUBLIC BUILDING,false,false,1111,11,37,23,08B,41.894272651,-87.726052394,2023
13113813,JG309291,2023-06-20 21:00:00.000000 UTC,010XX N KILDARE AVE,BATTERY,SIMPLE,SIDEWALK,true,true,1111,11,37,23,08B,41.899122889,-87.733584223,2023
13282790,JG510947,2023-11-19 03:15:00.000000 UTC,042XX W HADDON AVE,BATTERY,DOMESTIC BATTERY SIMPLE,RESIDENCE,false,true,1111,11,37,23,08B,41.90166891,-87.731889032,2023
13025479,JG203750,2023-03-29 15:30:00.000000 UTC,007XX N PULASKI RD,ASSAULT,SIMPLE,CTA BUS,false,false,1111,11,37,23,08A,41.894272651,-87.726052394,2023
13028001,JG206697,2023-03-31 23:00:00.000000 UTC,046XX W ERIE ST,THEFT,OVER $500,RESIDENCE,false,true,1111,11,28,25,06,41.892327179,-87.742396402,2023
13005810,JG180102,2023-03-09 22:11:00.000000 UTC,008XX N KILDARE AVE,CRIMINAL DAMAGE,TO PROPERTY,RESIDENCE,false,false,1111,11,37,23,14,41.896397473,-87.733510552,2023
13082096,JG271748,2023-05-23 10:55:00.000000 UTC,041XX W CHICAGO AVE,CRIMINAL DAMAGE,TO PROPERTY,GOVERNMENT BUILDING / PROPERTY,false,false,1111,11,37,23,14,41.895316997,-87.728944145,2023
13274553,JG498791,2023-11-10 10:57:00.000000 UTC,009XX N LAWNDALE AVE,BATTERY,DOMESTIC BATTERY SIMPLE,APARTMENT,false,true,1112,11,27,23,08B,41.898013081,-87.718836006,2023
13305008,JG537646,2023-12-11 20:50:00.000000 UTC,010XX N HAMLIN AVE,BATTERY,DOMESTIC BATTERY SIMPLE,APARTMENT,false,true,1112,11,27,23,08B,41.899760788,-87.721335407,2023
13053955,JG237529,2023-04-26 03:56:00.000000 UTC,009XX N LAWNDALE AVE,BATTERY,DOMESTIC BATTERY SIMPLE,RESIDENCE,true,true,1112,11,27,23,08B,41.897900553,-87.718833412,2023
13121841,JG318358,2023-06-27 15:41:00.000000 UTC,038XX W AUGUSTA BLVD,BATTERY,DOMESTIC BATTERY SIMPLE,SIDEWALK,false,true,1112,11,37,23,08B,41.899049791,-87.72283718,2023
13160045,JG364175,2023-07-31 23:00:00.000000 UTC,011XX N RIDGEWAY AVE,BATTERY,DOMESTIC BATTERY SIMPLE,APARTMENT,false,true,1112,11,27,23,08B,41.901236449,-87.720167898,2023
13272977,JG497078,2023-11-08 21:53:00.000000 UTC,007XX N CENTRAL PARK AVE,ASSAULT,AGGRAVATED - HANDGUN,ALLEY,false,false,1112,11,27,23,04A,41.895002778,-87.716301146,2023
13206433,JG418971,2023-09-10 14:36:00.000000 UTC,008XX N LAWNDALE AVE,THEFT,$500 AND UNDER,APARTMENT,false,false,1112,11,27,23,06,41.896097267,-87.718773566,2023
13094327,JG285884,2023-06-02 23:50:00.000000 UTC,039XX W CHICAGO AVE,CRIMINAL DAMAGE,TO PROPERTY,RESTAURANT,false,false,1112,11,37,23,14,41.895372185,-87.725362479,2023
13125439,JG323080,2023-07-01 00:30:00.000000 UTC,039XX W CHICAGO AVE,CRIMINAL DAMAGE,TO PROPERTY,RESIDENCE - GARAGE,false,false,1112,11,37,23,14,41.895389368,-87.723944549,2023
13004463,JG178567,2023-03-08 15:36:00.000000 UTC,036XX W HURON ST,CRIMINAL DAMAGE,TO VEHICLE,SIDEWALK,false,false,1112,11,27,23,14,41.893606982,-87.718026137,2023
13061212,JG246127,2023-05-03 08:00:00.000000 UTC,007XX N SPRINGFIELD AVE,CRIMINAL DAMAGE,TO VEHICLE,STREET,false,true,1112,11,37,23,14,41.89440789,-87.723608625,2023
12948529,JG111609,2023-01-10 22:45:00.000000 UTC,044XX W WASHINGTON BLVD,ROBBERY,ARMED - HANDGUN,SIDEWALK,false,false,1113,11,28,26,03,41.881913657,-87.73673068,2023
13128973,JG327264,2023-07-04 04:15:00.000000 UTC,047XX W MAYPOLE AVE,ROBBERY,ATTEMPT AGGRAVATED,VEHICLE NON-COMMERCIAL,false,false,1113,11,28,25,03,41.884468215,-87.744106693,2023
12980108,JG145774,2023-02-08 20:35:00.000000 UTC,044XX W MAYPOLE AVE,BATTERY,DOMESTIC BATTERY SIMPLE,SIDEWALK,false,true,1113,11,28,26,08B,41.88454759,-87.737154204,2023
12980214,JG149404,2023-02-11 23:58:00.000000 UTC,044XX W JACKSON BLVD,BATTERY,DOMESTIC BATTERY SIMPLE,APARTMENT,false,true,1113,11,28,26,08B,41.876954977,-87.736237031,2023
13157362,JG360884,2023-07-28 22:15:00.000000 UTC,044XX W MAYPOLE AVE,BATTERY,DOMESTIC BATTERY SIMPLE,STREET,false,true,1113,11,28,26,08B,41.884545475,-87.737275411,2023
13108813,JG303120,2023-06-16 08:30:00.000000 UTC,001XX S KOSTNER AVE,ASSAULT,AGGRAVATED - HANDGUN,STREET,false,false,1113,11,28,26,04A,41.879250459,-87.735429844,2023
13296830,JG527657,2023-12-03 22:37:00.000000 UTC,047XX W WASHINGTON BLVD,ASSAULT,SIMPLE,STREET,false,true,1113,11,28,25,08A,41.881835003,-87.74381875,2023
12969754,JG136900,2023-02-01 10:23:00.000000 UTC,045XX W ADAMS ST,ASSAULT,SIMPLE,APARTMENT,false,true,1113,11,28,26,08A,41.877823507,-87.738612052,2023
13010786,JG186238,2023-03-12 14:00:00.000000 UTC,047XX W WEST END AVE,THEFT,OVER $500,RESIDENCE,false,true,1113,11,28,25,06,41.883142372,-87.744034413,2023
12944020,JG106442,2023-01-03 16:20:00.000000 UTC,047XX W WEST END AVE,CRIMINAL DAMAGE,TO PROPERTY,RESIDENCE,false,false,1113,11,28,25,14,41.883148173,-87.743560636,2023
13026329,JG204432,2023-03-30 08:50:00.000000 UTC,041XX W ADAMS ST,BATTERY,"PROTECTED EMPLOYEE - HANDS, FISTS, FEET, NO / MINOR INJURY",STREET,true,false,1115,11,28,26,08B,41.877931689,-87.729368696,2023
13103741,JG297040,2023-06-11 16:09:00.000000 UTC,043XX W WILCOX ST,BATTERY,DOMESTIC BATTERY SIMPLE,APARTMENT,false,true,1115,11,28,26,08B,41.878770604,-87.733925117,2023
13056028,JG240079,2023-04-28 01:23:00.000000 UTC,040XX W MADISON ST,ASSAULT,"PROTECTED EMPLOYEE - HANDS, FISTS, FEET, NO / MINOR INJURY",STREET,false,false,1115,11,28,26,08A,41.880713521,-87.726606764,2023
13148133,JG350085,2023-07-21 11:23:00.000000 UTC,043XX W JACKSON BLVD,ASSAULT,SIMPLE,APARTMENT,false,false,1115,11,28,26,08A,41.876988081,-87.733637005,2023
13052830,JG236188,2023-04-24 08:00:00.000000 UTC,043XX W ADAMS ST,THEFT,OVER $500,ALLEY,false,false,1115,11,28,26,06,41.877880513,-87.733742492,2023
13030856,JG210051,2023-03-19 10:00:00.000000 UTC,041XX W WILCOX ST,CRIMINAL DAMAGE,TO VEHICLE,RESIDENCE,false,false,1115,11,28,26,14,41.878827643,-87.729099546,2023
12978471,JG147201,2023-02-10 07:26:00.000000 UTC,006XX N ST LOUIS AVE,ROBBERY,ARMED - HANDGUN,STREET,false,false,1121,11,27,23,03,41.892631953,-87.713789724,2023
13121199,JG318037,2023-06-25 20:00:00.000000 UTC,010XX N HOMAN AVE,ROBBERY,ARMED - HANDGUN,SIDEWALK,false,false,1121,11,36,23,03,41.89930488,-87.711561716,2023
13254871,JG477275,2023-10-24 21:22:00.000000 UTC,034XX W CHICAGO AVE,ROBBERY,ATTEMPT ARMED - HANDGUN,ALLEY,false,false,1121,11,27,23,03,41.895501245,-87.712046714,2023
13229213,JG446175,2023-10-01 11:21:00.000000 UTC,007XX N SPAULDING AVE,BATTERY,"AGGRAVATED P.O. - HANDS, FISTS, FEET, NO / MINOR INJURY",STREET,true,true,1121,11,27,23,08B,41.894699721,-87.708972894,2023
13037735,JG218151,2023-04-10 17:10:00.000000 UTC,008XX N KEDZIE AVE,BATTERY,SIMPLE,SMALL RETAIL STORE,true,false,1121,11,27,23,08B,41.895877613,-87.706566627,2023
13303981,JG536421,2023-12-11 00:42:00.000000 UTC,010XX N TRUMBULL AVE,BATTERY,DOMESTIC BATTERY SIMPLE,APARTMENT,true,true,1121,11,36,23,08B,41.899934525,-87.712800833,2023
12997312,JG169880,2023-03-01 07:15:00.000000 UTC,007XX N SPAULDING AVE,BATTERY,DOMESTIC BATTERY SIMPLE,STREET,false,true,1121,11,27,23,08B,41.894567964,-87.708966831,2023
13088785,JG279030,2023-05-28 23:02:00.000000 UTC,033XX W OHIO ST,BATTERY,DOMESTIC BATTERY SIMPLE,RESIDENCE,false,true,1121,11,27,23,08B,41.891851273,-87.710502796,2023
13190553,JG400254,2023-08-27 19:30:00.000000 UTC,010XX N CENTRAL PARK AVE,BATTERY,DOMESTIC BATTERY SIMPLE,RESIDENCE,false,true,1121,11,27,23,08B,41.899786826,-87.716457119,2023
13071913,JG259531,2023-05-13 19:12:00.000000 UTC,032XX W CHICAGO AVE,ASSAULT,AGGRAVATED - HANDGUN,STREET,false,false,1121,11,27,23,04A,41.895535757,-87.708292596,2023
13209568,JG422985,2023-09-13 17:30:00.000000 UTC,006XX N KEDZIE AVE,ASSAULT,SIMPLE,STREET,true,true,1121,11,27,23,08A,41.892688273,-87.70646926,2023
13020248,JG197691,2023-03-17 14:00:00.000000 UTC,033XX W CHICAGO AVE,THEFT,OVER $500,GROCERY FOOD STORE,false,false,1121,11,27,23,06,41.895513591,-87.710779417,2023
13066370,JG252747,2023-05-08 14:00:00.000000 UTC,010XX N ST LOUIS AVE,THEFT,OVER $500,STREET,false,false,1121,11,36,23,06,41.899584317,-87.71401271,2023
13183410,JG391676,2023-08-21 10:30:00.000000 UTC,008XX N KEDZIE AVE,THEFT,$500 AND UNDER,CONVENIENCE STORE,false,false,1121,11,27,23,06,41.895877613,-87.706566627,2023
13161836,JG366140,2023-08-02 03:00:00.000000 UTC,035XX W CHICAGO AVE,THEFT,POCKET-PICKING,CTA BUS STOP,false,false,1121,11,27,23,06,41.895479821,-87.714177247,2023
13281699,JG509606,2023-11-18 17:00:00.000000 UTC,008XX N ST LOUIS AVE,CRIMINAL DAMAGE,TO VEHICLE,STREET,false,false,1121,11,27,23,14,41.895939304,-87.713889988,2023
13038150,JG218575,2023-04-11 02:25:00.000000 UTC,006XX N MONTICELLO AVE,BATTERY,AGGRAVATED - OTHER DANGEROUS WEAPON,ALLEY,false,false,1122,11,27,23,04B,41.892272884,-87.717440276,2023
13314844,JG549473,2023-12-21 11:50:00.000000 UTC,0000X N HAMLIN BLVD,BATTERY,SIMPLE,RESIDENCE,false,false,1122,11,28,26,08B,41.881088655,-87.720764494,2023
13081981,JG270054,2023-05-20 06:00:00.000000 UTC,005XX N HAMLIN AVE,BATTERY,SIMPLE,STREET,false,false,1122,11,27,23,08B,41.890362987,-87.721050506,2023
13239535,JG457509,2023-10-09 22:20:00.000000 UTC,0000X N HAMLIN BLVD,BATTERY,DOMESTIC BATTERY SIMPLE,APARTMENT,true,true,1122,11,28,26,08B,41.881088655,-87.720764494,2023
12990218,JG161326,2023-02-21 22:30:00.000000 UTC,039XX W WASHINGTON BLVD,BATTERY,DOMESTIC BATTERY SIMPLE,SIDEWALK,false,true,1122,11,28,26,08B,41.881854367,-87.724388981,2023
13191816,JG401690,2023-08-28 19:04:00.000000 UTC,039XX W WILCOX ST,BATTERY,"AGG. DOMESTIC BATTERY - HANDS, FISTS, FEET, SERIOUS INJURY",APARTMENT,false,true,1122,11,28,26,04B,41.878892943,-87.723800197,2023
13090166,JG280749,2023-05-30 01:00:00.000000 UTC,001XX S HAMLIN BLVD,ASSAULT,AGGRAVATED - HANDGUN,PARK PROPERTY,false,true,1122,11,28,26,04A,41.878645771,-87.72067032,2023
13197395,JG408537,2023-09-02 16:04:00.000000 UTC,038XX W OHIO ST,ASSAULT,AGGRAVATED - HANDGUN,STREET,true,false,1122,11,27,23,04A,41.891742661,-87.721437661,2023
13215993,JG430826,2023-09-19 15:20:00.000000 UTC,006XX N LAWNDALE AVE,ASSAULT,SIMPLE,SCHOOL - PUBLIC GROUNDS,false,false,1122,11,27,23,08A,41.892655438,-87.718670666,2023
13278819,JG506170,2023-11-16 07:45:00.000000 UTC,036XX W FRANKLIN BLVD,ASSAULT,SIMPLE,APARTMENT,false,false,1122,11,27,23,08A,41.889954403,-87.716492966,2023
12992309,JG163968,2023-02-10 15:30:00.000000 UTC,004XX N CENTRAL PARK BLVD,THEFT,OVER $500,STREET,false,false,1122,11,27,23,06,41.888695234,-87.716574859,2023
13032924,JG212396,2023-04-05 15:00:00.000000 UTC,038XX W Washington Blvd,THEFT,OVER $500,PARKING LOT / GARAGE (NON RESIDENTIAL),false,false,1122,11,28,26,06,41.881891614,-87.721586741,2023
13079289,JG267621,2023-05-19 03:00:00.000000 UTC,038XX W WEST END AVE,THEFT,OVER $500,STREET,false,false,1122,11,28,26,06,41.882981155,-87.72211617,2023
13031942,JG211338,2023-04-04 22:13:00.000000 UTC,037XX W WEST END DR,THEFT,$500 AND UNDER,STREET,false,false,1122,11,28,27,06,41.883047928,-87.720742107,2023
13096558,JG288620,2023-06-02 12:30:00.000000 UTC,001XX S PULASKI RD,THEFT,$500 AND UNDER,OTHER (SPECIFY),false,false,1122,11,28,26,06,41.878570402,-87.725595202,2023
13000730,JG173700,2023-03-04 08:45:00.000000 UTC,003XX N HAMLIN AVE,THEFT,FROM BUILDING,OTHER (SPECIFY),false,false,1122,11,37,26,06,41.886292657,-87.72093513,2023
13317638,JG553038,2023-12-24 01:00:00.000000 UTC,036XX W FRANKLIN BLVD,CRIMINAL DAMAGE,TO VEHICLE,PARKING LOT / GARAGE (NON RESIDENTIAL),false,false,1122,11,27,23,14,41.889951935,-87.716544407,2023
13187438,JG396465,2023-08-24 21:45:00.000000 UTC,035XX W CARROLL AVE,BATTERY,AGGRAVATED - OTHER DANGEROUS WEAPON,STREET,false,false,1123,11,28,27,04B,41.887417616,-87.714247757,2023
13227389,JG443756,2023-09-29 14:36:00.000000 UTC,034XX W MADISON ST,BATTERY,SIMPLE,SIDEWALK,false,false,1123,11,28,27,08B,41.880908579,-87.711765797,2023
13062818,JG248273,2023-05-02 16:00:00.000000 UTC,032XX W CARROLL AVE,BATTERY,SIMPLE,OTHER (SPECIFY),false,false,1123,11,28,27,08B,41.887511065,-87.707188274,2023
13061873,JG247177,2023-05-03 23:12:00.000000 UTC,035XX W ADAMS ST,ASSAULT,AGGRAVATED - HANDGUN,APARTMENT,true,true,1123,11,28,27,04A,41.87828717,-87.714185338,2023
13189246,JG398659,2023-08-26 13:00:00.000000 UTC,0000X S HOMAN AVE,ASSAULT,AGGRAVATED - HANDGUN,APARTMENT,false,true,1123,11,28,27,04A,41.880490003,-87.710991365,2023
13303988,JG536393,2023-12-10 23:08:00.000000 UTC,032XX W WARREN BLVD,ASSAULT,AGGRAVATED - OTHER DANGEROUS WEAPON,STREET,false,true,1123,11,28,27,04A,41.881859702,-87.707515194,2023
12967566,JG130915,2023-01-26 22:30:00.000000 UTC,033XX W CARROLL AVE,ASSAULT,SIMPLE,OTHER (SPECIFY),false,false,1123,11,28,27,08A,41.887475918,-87.709807121,2023
13060719,JG245576,2023-05-02 17:17:00.000000 UTC,002XX N HOMAN AVE,ASSAULT,SIMPLE,STREET,false,false,1123,11,28,27,08A,41.884810136,-87.711118369,2023
13179113,JG386352,2023-08-12 13:30:00.000000 UTC,032XX W WARREN BLVD,ASSAULT,SIMPLE,RESIDENCE,false,true,1123,11,28,27,08A,41.881867355,-87.706905535,2023
13221429,JG437221,2023-09-24 13:00:00.000000 UTC,033XX W FULTON BLVD,THEFT,$500 AND UNDER,ALLEY,false,false,1123,11,28,27,06,41.886368478,-87.710034565,2023
13242421,JG461628,2023-10-11 15:30:00.000000 UTC,032XX W Warren Blvd,THEFT,$500 AND UNDER,RESIDENCE,false,false,1123,11,28,27,06,41.881859121,-87.707408706,2023
12941870,JG103983,2023-01-04 10:20:00.000000 UTC,035XX W MONROE ST,THEFT,$500 AND UNDER,RESIDENCE - YARD (FRONT / BACK),false,false,1123,11,28,27,06,41.879550508,-87.714367762,2023
13042833,JG224161,2023-04-14 20:00:00.000000 UTC,033XX W MAYPOLE AVE,CRIMINAL DAMAGE,TO VEHICLE,CHA PARKING LOT / GROUNDS,false,true,1123,11,28,27,14,41.883579906,-87.709452068,2023
13154441,JG357136,2023-07-26 17:04:00.000000 UTC,028XX W JACKSON BLVD,ROBBERY,ARMED - OTHER DANGEROUS WEAPON,SIDEWALK,false,false,1124,11,27,27,03,41.877427291,-87.696946533,2023
13165183,JG368688,2023-08-04 07:45:00.000000 UTC,030XX W JACKSON BLVD,ROBBERY,STRONG ARM - NO WEAPON,APARTMENT,false,true,1124,11,28,27,03,41.877369643,-87.701415852,2023
13178012,JG384315,2023-08-15 21:05:00.000000 UTC,002XX S SACRAMENTO BLVD,BATTERY,AGGRAVATED - OTHER DANGEROUS WEAPON,OTHER (SPECIFY),false,false,1124,11,28,27,04B,41.878056836,-87.701122668,2023
12959985,JG125086,2023-01-22 05:00:00.000000 UTC,030XX W JACKSON BLVD,BATTERY,SIMPLE,APARTMENT,false,false,1124,11,28,27,08B,41.877361575,-87.70194469,2023
13264053,JG488509,2023-11-02 11:15:00.000000 UTC,032XX W MONROE ST,BATTERY,"PROTECTED EMPLOYEE - HANDS, FISTS, FEET, NO / MINOR INJURY",SCHOOL - PUBLIC GROUNDS,false,false,1124,11,28,27,08B,41.879633871,-87.707973888,2023
13316934,JG552144,2023-12-23 13:14:00.000000 UTC,028XX W MONROE ST,BATTERY,DOMESTIC BATTERY SIMPLE,STREET,false,true,1124,11,27,27,08B,41.880160168,-87.696875353,2023
13199934,JG411335,2023-09-05 00:25:00.000000 UTC,001XX S KEDZIE AVE,BATTERY,DOMESTIC BATTERY SIMPLE,STREET,false,true,1124,11,28,27,08B,41.879329859,-87.706071059,2023
13240365,JG460018,2023-10-11 15:30:00.000000 UTC,0000X S ALBANY AVE,BATTERY,AGGRAVATED DOMESTIC BATTERY - OTHER DANGEROUS WEAPON,VACANT LOT / LAND,false,true,1124,11,28,27,04B,41.880333655,-87.702954639,2023
13227227,JG443926,2023-09-27 08:45:00.000000 UTC,032XX W ADAMS ST,ASSAULT,SIMPLE,SCHOOL - PUBLIC GROUNDS,false,false,1124,11,28,27,08A,41.878370307,-87.707248137,2023
13053228,JG236756,2023-04-24 00:00:00.000000 UTC,030XX W JACKSON BLVD,THEFT,OVER $500,APARTMENT,false,false,1124,11,28,27,06,41.877352918,-87.702866432,2023
12982577,JG152165,2023-02-06 07:00:00.000000 UTC,002XX S CALIFORNIA AVE,THEFT,$500 AND UNDER,SIDEWALK,false,false,1124,11,27,27,06,41.878117517,-87.696212633,2023
13052288,JG235574,2023-04-21 16:00:00.000000 UTC,003XX S KEDZIE AVE,CRIMINAL DAMAGE,TO PROPERTY,OTHER (SPECIFY),false,false,1124,11,28,27,14,41.876920037,-87.706002827,2023
13102054,JG294439,2023-06-09 13:08:00.000000 UTC,028XX W JACKSON BLVD,CRIMINAL DAMAGE,TO VEHICLE,STREET,false,false,1124,11,27,27,14,41.877427291,-87.696946533,2023
13129522,JG327845,2023-07-04 20:30:00.000000 UTC,002XX S CAMPBELL AVE,BATTERY,AGGRAVATED - HANDGUN,STREET,false,false,1125,11,27,28,04B,41.878163858,-87.688780082,2023
13038806,JG219220,2023-04-11 05:00:00.000000 UTC,024XX W VAN BUREN ST,THEFT,$500 AND UNDER,STREET,false,false,1125,11,27,28,06,41.876074835,-87.686711784,2023
12968605,JG135491,2023-01-30 21:00:00.000000 UTC,027XX W JACKSON BLVD,CRIMINAL DAMAGE,TO VEHICLE,STREET,false,false,1125,11,27,27,14,41.877446799,-87.695022243,2023
13178979,JG386340,2023-08-17 12:22:00.000000 UTC,003XX S CICERO AVE,ROBBERY,ARMED - HANDGUN,PARKING LOT / GARAGE (NON RESIDENTIAL),false,false,1131,11,28,25,03,41.87616378,-87.745111964,2023
13280133,JG507563,2023-11-17 07:10:00.000000 UTC,047XX W VAN BUREN ST,BATTERY,DOMESTIC BATTERY SIMPLE,APARTMENT,true,true,1131,11,24,25,08B,41.875043276,-87.743341412,2023
12956366,JG115609,2023-01-14 06:00:00.000000 UTC,003XX S KILBOURN AVE,BATTERY,DOMESTIC BATTERY SIMPLE,RESIDENCE,false,true,1131,11,28,26,08B,41.876463555,-87.737783798,2023
13097967,JG290065,2023-06-06 08:40:00.000000 UTC,043XX W FLOURNOY ST,BATTERY,DOMESTIC BATTERY SIMPLE,APARTMENT,false,true,1131,11,24,26,08B,41.872461305,-87.733348872,2023
12951021,JG113086,2023-01-12 06:30:00.000000 UTC,044XX W JACKSON BLVD,BATTERY,"AGG. DOMESTIC BATTERY - HANDS, FISTS, FEET, SERIOUS INJURY",APARTMENT,false,true,1131,11,28,26,04B,41.876954843,-87.736211329,2023
13310268,JG539254,2023-12-13 09:00:00.000000 UTC,045XX W FIFTH AVE,THEFT,$500 AND UNDER,STREET,false,false,1131,11,24,26,06,41.869583263,-87.737697134,2023
13142238,JG342987,2023-07-16 04:00:00.000000 UTC,045XX W VAN BUREN ST,CRIMINAL DAMAGE,TO VEHICLE,RESIDENCE,false,true,1131,11,28,26,14,41.875101834,-87.738732752,2023
13179704,JG387332,2023-08-17 20:00:00.000000 UTC,043XX W FLOURNOY ST,CRIMINAL DAMAGE,TO VEHICLE,VEHICLE NON-COMMERCIAL,false,false,1131,11,24,26,14,41.872461439,-87.733374572,2023
13204249,JG414955,2023-09-07 12:13:00.000000 UTC,005XX S PULASKI RD,BATTERY,SIMPLE,CTA TRACKS - RIGHT OF WAY,false,false,1132,11,24,26,08B,41.873907046,-87.725430093,2023
13175995,JG382931,2023-08-14 20:25:00.000000 UTC,007XX S KARLOV AVE,BATTERY,SIMPLE,SIDEWALK,false,true,1132,11,24,26,08B,41.87113142,-87.727802533,2023
13259582,JG483035,2023-10-29 07:53:00.000000 UTC,040XX W GRENSHAW ST,BATTERY,DOMESTIC BATTERY SIMPLE,APARTMENT,true,true,1132,11,24,29,08B,41.867072031,-87.72612265,2023
13265613,JG490239,2023-11-03 03:46:00.000000 UTC,039XX W VAN BUREN ST,BATTERY,DOMESTIC BATTERY SIMPLE,APARTMENT,false,true,1132,11,28,26,08B,41.875290002,-87.72384912,2023
13036283,JG216401,2023-04-09 01:00:00.000000 UTC,007XX S PULASKI RD,BATTERY,DOMESTIC BATTERY SIMPLE,VACANT LOT / LAND,false,true,1132,11,24,26,08B,41.87229051,-87.725397679,2023
13161920,JG366306,2023-08-02 13:24:00.000000 UTC,042XX W VAN BUREN ST,BATTERY,AGGRAVATED DOMESTIC BATTERY - KNIFE / CUTTING INSTRUMENT,ALLEY,false,true,1132,11,28,26,04B,41.875196386,-87.731072469,2023
13214370,JG428812,2023-09-18 05:45:00.000000 UTC,005XX S PULASKI RD,ASSAULT,AGGRAVATED - HANDGUN,STREET,false,false,1132,11,28,26,04A,41.874288556,-87.725441164,2023
13260141,JG483553,2023-10-29 16:07:00.000000 UTC,039XX W VAN BUREN ST,ASSAULT,SIMPLE,APARTMENT,true,false,1132,11,28,26,08A,41.875292084,-87.723724259,2023
13269003,JG494808,2023-11-02 17:45:00.000000 UTC,007XX S KILDARE AVE,ASSAULT,SIMPLE,SCHOOL - PUBLIC GROUNDS,false,false,1132,11,24,26,08A,41.872027197,-87.732725082,2023
12955793,JG119302,2023-01-06 09:20:00.000000 UTC,006XX S PULASKI RD,THEFT,$500 AND UNDER,SIDEWALK,false,false,1132,11,24,26,06,41.872842136,-87.725403467,2023
13105234,JG298961,2023-06-12 14:15:00.000000 UTC,007XX S KILDARE AVE,THEFT,$500 AND UNDER,SCHOOL - PUBLIC GROUNDS,false,false,1132,11,24,26,06,41.872027197,-87.732725082,2023
13150418,JG352799,2023-07-22 00:34:00.000000 UTC,040XX W HARRISON ST,CRIMINAL DAMAGE,TO VEHICLE,STREET,false,false,1132,11,24,26,14,41.873439137,-87.726205586,2023
13145793,JG347227,2023-07-17 18:17:00.000000 UTC,038XX W VAN BUREN ST,ROBBERY,ARMED - HANDGUN,SIDEWALK,false,false,1133,11,28,26,03,41.875314745,-87.721792665,2023
13219598,JG434880,2023-09-22 17:20:00.000000 UTC,036XX W FIFTH AVE,BATTERY,AGGRAVATED - HANDGUN,SIDEWALK,false,false,1133,11,28,27,04B,41.875397535,-87.716746788,2023
12965707,JG131739,2023-01-27 16:19:00.000000 UTC,035XX W FIFTH AVE,ASSAULT,AGGRAVATED - KNIFE / CUTTING INSTRUMENT,APARTMENT,false,true,1133,11,28,27,04A,41.876065157,-87.714338972,2023
13247932,JG469145,2023-10-18 17:50:00.000000 UTC,035XX W CONGRESS PKWY,ASSAULT,SIMPLE,APARTMENT,false,true,1133,11,28,27,08A,41.874501166,-87.713873061,2023
13211298,JG425077,2023-09-14 06:30:00.000000 UTC,036XX W GRENSHAW ST,THEFT,$500 AND UNDER,STREET,false,false,1133,11,24,29,06,41.867187988,-87.716469559,2023
13046448,JG228727,2023-04-03 15:00:00.000000 UTC,008XX S INDEPENDENCE BLVD,THEFT,$500 AND UNDER,RESIDENCE,false,false,1133,11,24,27,06,41.870509207,-87.719668588,2023
13107123,JG301290,2023-06-14 16:30:00.000000 UTC,035XX W LEXINGTON ST,THEFT,$500 AND UNDER,ALLEY,false,false,1133,11,24,27,06,41.871775205,-87.71421147,2023
13164282,JG369066,2023-08-03 18:30:00.000000 UTC,035XX W LEXINGTON ST,CRIMINAL DAMAGE,TO PROPERTY,APARTMENT,false,false,1133,11,24,27,14,41.871779228,-87.713939731,2023
13291259,JG520852,2023-11-28 14:22:00.000000 UTC,009XX S HOMAN AVE,BATTERY,SIMPLE,SCHOOL - PRIVATE GROUNDS,false,false,1134,11,24,29,08B,41.869491903,-87.710642788,2023
13007200,JG182030,2023-03-11 16:15:00.000000 UTC,004XX S HOMAN AVE,BATTERY,DOMESTIC BATTERY SIMPLE,RESIDENCE - PORCH / HALLWAY,false,true,1134,11,28,27,08B,41.875132297,-87.710819365,2023
13159681,JG363627,2023-07-30 21:00:00.000000 UTC,032XX W ROOSEVELT RD,BATTERY,DOMESTIC BATTERY SIMPLE,STREET,false,true,1134,11,24,29,08B,41.86640116,-87.705973505,2023
13296377,JG527194,2023-12-02 02:00:00.000000 UTC,033XX W ARTHINGTON ST,THEFT,OVER $500,APARTMENT,false,false,1134,11,24,29,06,41.870028132,-87.708823855,2023
13314641,JG549329,2023-12-21 08:00:00.000000 UTC,006XX S ALBANY AVE,THEFT,OVER $500,SIDEWALK,false,false,1134,11,24,27,06,41.873486777,-87.703458857,2023
13074484,JG262478,2023-05-14 06:00:00.000000 UTC,030XX W LEXINGTON ST,THEFT,OVER $500,OTHER (SPECIFY),false,false,1134,11,28,27,06,41.871904486,-87.702167293,2023
12993534,JG165486,2023-02-25 01:00:00.000000 UTC,011XX S SACRAMENTO BLVD,THEFT,$500 AND UNDER,STREET,false,false,1134,11,28,29,06,41.867451362,-87.700815978,2023
13088112,JG278350,2023-05-28 02:45:00.000000 UTC,031XX W LEXINGTON ST,CRIMINAL DAMAGE,TO PROPERTY,APARTMENT,false,true,1134,11,24,27,14,41.871883079,-87.704267672,2023
13233545,JG446960,2023-10-02 00:30:00.000000 UTC,032XX W POLK ST,CRIMINAL DAMAGE,TO VEHICLE,STREET,false,true,1134,11,24,27,14,41.870955278,-87.70673305,2023
13289662,JG518997,2023-11-22 08:40:00.000000 UTC,033XX W JACKSON BLVD,CRIMINAL DAMAGE,TO VEHICLE,STREET,false,false,1134,11,28,27,14,41.877298067,-87.708899957,2023
13316750,JG551859,2023-12-23 09:47:00.000000 UTC,027XX W HARRISON ST,BATTERY,SIMPLE,OTHER (SPECIFY),false,false,1135,11,28,27,08B,41.873807522,-87.69445629,2023
13085187,JG274988,2023-05-25 17:12:00.000000 UTC,029XX W LEXINGTON ST,BATTERY,DOMESTIC BATTERY SIMPLE,APARTMENT,true,true,1135,11,28,27,08B,41.871936415,-87.699494036,2023
13130270,JG328853,2023-07-05 15:15:00.000000 UTC,008XX S WESTERN AVE,ASSAULT,SIMPLE,STREET,false,false,1135,11,28,28,08A,41.870876833,-87.686154695,2023
13050152,JG233100,2023-04-20 09:00:00.000000 UTC,028XX W HARRISON ST,THEFT,OVER $500,PARKING LOT / GARAGE (NON RESIDENTIAL),false,false,1135,11,28,27,06,41.873785386,-87.697390224,2023
13238536,JG457796,2023-10-10 00:01:00.000000 UTC,029XX W HARRISON ST,THEFT,$500 AND UNDER,STREET,false,false,1135,11,28,27,06,41.873759572,-87.699670624,2023
13120421,JG317336,2023-06-26 09:00:00.000000 UTC,028XX W POLK ST,THEFT,$500 AND UNDER,STREET,false,false,1135,11,28,27,06,41.871051266,-87.697237419,2023
13249175,JG470497,2023-10-19 18:07:00.000000 UTC,024XX W TAYLOR ST,CRIMINAL DAMAGE,TO VEHICLE,STREET,true,false,1135,11,28,28,14,41.869330268,-87.687341495,2023
13040700,JG221391,2023-04-13 07:25:00.000000 UTC,007XX S WASHTENAW AVE,CRIMINAL DAMAGE,TO VEHICLE,STREET,false,false,1135,11,28,27,14,41.87153595,-87.693590383,2023
13072547,JG260093,2023-05-13 21:30:00.000000 UTC,027XX W POLK ST,CRIMINAL DAMAGE,TO VEHICLE,STREET,false,false,1135,11,28,27,14,41.871077184,-87.694490823,2023
12988114,JG158915,2023-02-19 21:07:00.000000 UTC,010XX N FRANCISCO AVE,BATTERY,SIMPLE,HOSPITAL BUILDING / GROUNDS,true,false,1211,12,26,24,08B,41.900505589,-87.699285044,2023
13065041,JG250925,2023-05-07 02:20:00.000000 UTC,010XX N CALIFORNIA AVE,BATTERY,SIMPLE,SIDEWALK,true,false,1211,12,26,24,08B,41.899512132,-87.696797092,2023
13097061,JG289414,2023-06-04 05:00:00.000000 UTC,008XX N CALIFORNIA AVE,BATTERY,SIMPLE,STREET,false,false,1211,12,36,24,08B,41.896106068,-87.69671338,2023
13007723,JG182515,2023-03-12 03:10:00.000000 UTC,029XX W DIVISION ST,BATTERY,DOMESTIC BATTERY SIMPLE,VEHICLE NON-COMMERCIAL,false,true,1211,12,26,24,08B,41.902898629,-87.699794011,2023
13264534,JG488876,2023-11-02 16:55:00.000000 UTC,027XX W CORTEZ ST,ASSAULT,SIMPLE,STREET,false,false,1211,12,36,24,08A,41.900211381,-87.695217999,2023
13019611,JG196751,2023-03-23 22:25:00.000000 UTC,010XX N FRANCISCO AVE,ASSAULT,SIMPLE,HOSPITAL BUILDING / GROUNDS,false,false,1211,12,26,24,08A,41.900505589,-87.699285044,2023
13144209,JG345402,2023-07-17 20:30:00.000000 UTC,027XX W HADDON AVE,THEFT,$500 AND UNDER,STREET,false,false,1211,12,36,24,06,41.902010439,-87.695009072,2023
13002449,JG176175,2023-03-06 14:00:00.000000 UTC,027XX W HADDON AVE,THEFT,ATTEMPT THEFT,APARTMENT,false,false,1211,12,1,24,06,41.902009226,-87.695284585,2023
13268545,JG494352,2023-11-06 21:30:00.000000 UTC,031XX W WALTON ST,CRIMINAL DAMAGE,TO VEHICLE,STREET,false,false,1211,12,36,23,14,41.898319336,-87.704941263,2023
13306001,JG538556,2023-12-12 14:30:00.000000 UTC,011XX N WESTERN AVE,BATTERY,"PROTECTED EMPLOYEE - HANDS, FISTS, FEET, NO / MINOR INJURY",SCHOOL - PUBLIC BUILDING,false,false,1212,12,1,24,08B,41.902437713,-87.687011559,2023
13023972,JG201990,2023-03-28 11:00:00.000000 UTC,010XX N HOYNE AVE,THEFT,OVER $500,STREET,false,false,1212,12,2,24,06,41.90069453,-87.679634842,2023
13038813,JG219496,2023-04-10 07:10:00.000000 UTC,009XX N LEAVITT ST,THEFT,OVER $500,STREET,false,false,1212,12,2,24,06,41.89888871,-87.682029799,2023
13082119,JG271620,2023-05-08 00:00:00.000000 UTC,011XX N WESTERN AVE,THEFT,$500 AND UNDER,SCHOOL - PUBLIC BUILDING,false,false,1212,12,1,24,06,41.902437713,-87.687011559,2023
13207836,JG420860,2023-09-11 12:00:00.000000 UTC,008XX N OAKLEY BLVD,CRIMINAL DAMAGE,TO VEHICLE,ALLEY,false,false,1212,12,36,24,14,41.897019745,-87.684428933,2023
12994625,JG166968,2023-02-25 19:00:00.000000 UTC,020XX W WALTON ST,CRIMINAL DAMAGE,TO VEHICLE,RESIDENCE - YARD (FRONT / BACK),false,false,1212,12,2,24,14,41.898625523,-87.678216068,2023
13194295,JG404697,2023-08-31 01:15:00.000000 UTC,016XX W DIVISION ST,ROBBERY,ARMED - HANDGUN,TAVERN / LIQUOR STORE,false,false,1213,12,1,24,03,41.90331846,-87.669190255,2023
13265620,JG490093,2023-11-03 15:52:00.000000 UTC,008XX N GREENVIEW AVE,BATTERY,AGGRAVATED - OTHER DANGEROUS WEAPON,CHA HALLWAY / STAIRWELL / ELEVATOR,false,false,1213,12,27,24,04B,41.897401921,-87.664939363,2023
12994930,JG167208,2023-02-26 22:20:00.000000 UTC,016XX W DIVISION ST,BATTERY,SIMPLE,RESTAURANT,false,false,1213,12,1,24,08B,41.903335161,-87.668282746,2023
12957237,JG121844,2023-01-19 11:33:00.000000 UTC,013XX W CHICAGO AVE,THEFT,OVER $500,PARK PROPERTY,false,false,1213,12,27,24,06,41.896176088,-87.660853065,2023
12995021,JG167365,2023-02-22 07:30:00.000000 UTC,010XX N WOOD ST,THEFT,OVER $500,STREET,false,false,1213,12,1,24,06,41.900567537,-87.672311649,2023
13020505,JG196897,2023-03-22 10:34:00.000000 UTC,008XX N MILWAUKEE AVE,THEFT,OVER $500,APARTMENT,false,false,1213,12,27,24,06,41.897915694,-87.658006519,2023
13144193,JG345365,2023-07-16 07:30:00.000000 UTC,009XX W FRY ST,THEFT,OVER $500,STREET,false,false,1213,12,27,24,06,41.897391383,-87.651477634,2023
13211363,JG425112,2023-09-08 09:00:00.000000 UTC,011XX N MILWAUKEE AVE,THEFT,$500 AND UNDER,APARTMENT,false,false,1213,12,1,24,06,41.902476988,-87.665106838,2023
13308006,JG540328,2023-12-08 08:00:00.000000 UTC,011XX N PAULINA ST,THEFT,$500 AND UNDER,APARTMENT,false,false,1213,12,1,24,06,41.902502165,-87.669922369,2023
13223934,JG440222,2023-09-19 13:00:00.000000 UTC,015XX W DIVISION ST,CRIMINAL DAMAGE,TO PROPERTY,MOVIE HOUSE / THEATER,false,false,1213,12,1,24,14,41.903356763,-87.666802133,2023
12955873,JG120266,2023-01-18 03:50:00.000000 UTC,014XX W CHICAGO AVE,CRIMINAL DAMAGE,TO PROPERTY,BAR OR TAVERN,false,false,1213,12,1,24,14,41.896135162,-87.66324095,2023
13108133,JG302622,2023-06-15 18:30:00.000000 UTC,008XX N ELIZABETH ST,CRIMINAL DAMAGE,TO VEHICLE,DRIVEWAY - RESIDENTIAL,false,false,1213,12,27,24,14,41.896417867,-87.65996533,2023
13190514,JG400017,2023-08-27 16:03:00.000000 UTC,004XX N CARPENTER ST,ROBBERY,ARMED - HANDGUN,STREET,false,false,1214,12,27,24,03,41.890405232,-87.653443367,2023
13062505,JG247938,2023-04-30 16:40:00.000000 UTC,010XX W LAKE ST,ROBBERY,ATTEMPT ARMED - HANDGUN,DRUG STORE,false,false,1214,12,27,28,03,41.885557376,-87.65364901,2023
13078624,JG267430,2023-05-20 00:23:00.000000 UTC,005XX N MILWAUKEE AVE,BATTERY,SIMPLE,CTA TRAIN,false,false,1214,12,27,24,08B,41.891412551,-87.647934597,2023
12951746,JG115478,2023-01-14 00:30:00.000000 UTC,002XX N GREEN ST,BATTERY,SIMPLE,HOTEL / MOTEL,false,false,1214,12,27,28,08B,41.885974991,-87.648650084,2023
13055946,JG239934,2023-04-27 20:41:00.000000 UTC,008XX W FULTON MARKET,BATTERY,DOMESTIC BATTERY SIMPLE,APARTMENT,false,true,1214,12,27,28,08B,41.88677625,-87.649100588,2023
13089194,JG279461,2023-05-29 09:00:00.000000 UTC,003XX N HALSTED ST,BATTERY,DOMESTIC BATTERY SIMPLE,APARTMENT,false,true,1214,12,34,28,08B,41.888701814,-87.647570608,2023
13208584,JG420933,2023-09-11 20:00:00.000000 UTC,007XX W LAKE ST,THEFT,OVER $500,PARKING LOT / GARAGE (NON RESIDENTIAL),false,false,1214,12,27,28,06,41.885675573,-87.646761991,2023
13226244,JG442022,2023-09-27 16:15:00.000000 UTC,003XX N Desplaines St,THEFT,OVER $500,GROCERY FOOD STORE,false,false,1214,12,34,28,06,41.888525948,-87.644322264,2023
13233128,JG451226,2023-10-04 18:45:00.000000 UTC,006XX W HUBBARD ST,THEFT,OVER $500,STREET,false,false,1214,12,27,24,06,41.890119429,-87.645083744,2023
13274410,JG500706,2023-11-11 18:00:00.000000 UTC,007XX W LAKE ST,THEFT,OVER $500,PARKING LOT / GARAGE (NON RESIDENTIAL),false,false,1214,12,27,28,06,41.885675573,-87.646761991,2023
13297694,JG527972,2023-11-30 13:25:00.000000 UTC,007XX N ABERDEEN ST,THEFT,OVER $500,APARTMENT,false,false,1214,12,27,24,06,41.895002616,-87.654503837,2023
13024464,JG202655,2023-03-27 19:30:00.000000 UTC,003XX N CARPENTER ST,THEFT,OVER $500,STREET,false,false,1214,12,27,28,06,41.88717198,-87.653352786,2023
13057718,JG242168,2023-04-29 17:50:00.000000 UTC,002XX N HALSTED ST,THEFT,OVER $500,STREET,false,false,1214,12,27,28,06,41.88603939,-87.647485237,2023
13098486,JG291030,2023-06-06 17:39:00.000000 UTC,004XX N UNION AVE,THEFT,OVER $500,STREET,false,false,1214,12,27,24,06,41.890379005,-87.64581182,2023
13152455,JG355167,2023-07-22 00:45:00.000000 UTC,002XX N CARPENTER ST,THEFT,OVER $500,STREET,false,false,1214,12,27,28,06,41.885958797,-87.653314236,2023
13167554,JG373143,2023-08-06 19:00:00.000000 UTC,006XX W HUBBARD ST,THEFT,OVER $500,STREET,false,false,1214,12,27,24,06,41.890123156,-87.644789891,2023
13278130,JG498243,2023-11-09 18:40:00.000000 UTC,007XX W FULTON MARKET,THEFT,$500 AND UNDER,PARKING LOT / GARAGE (NON RESIDENTIAL),false,false,1214,12,27,28,06,41.886799279,-87.646981325,2023
13177005,JG383694,2023-08-13 22:00:00.000000 UTC,003XX N MORGAN ST,THEFT,$500 AND UNDER,SIDEWALK,false,false,1214,12,27,28,06,41.887154083,-87.652185122,2023
13246042,JG466718,2023-10-17 07:10:00.000000 UTC,010XX W LAKE ST,THEFT,RETAIL THEFT,SMALL RETAIL STORE,false,false,1214,12,27,28,06,41.885557376,-87.65364901,2023
13291268,JG521014,2023-11-28 17:40:00.000000 UTC,011XX W FULTON MARKET,THEFT,RETAIL THEFT,SMALL RETAIL STORE,false,false,1214,12,27,28,06,41.886686562,-87.65479754,2023
13017488,JG194091,2023-03-21 18:45:00.000000 UTC,010XX W LAKE ST,THEFT,RETAIL THEFT,DRUG STORE,false,false,1214,12,27,28,06,41.885557376,-87.65364901,2023
13054023,JG237665,2023-04-19 13:20:00.000000 UTC,010XX W LAKE ST,THEFT,RETAIL THEFT,CONVENIENCE STORE,false,false,1214,12,27,28,06,41.885557376,-87.65364901,2023
13279513,JG506052,2023-11-14 14:00:00.000000 UTC,007XX N MORGAN ST,THEFT,FROM BUILDING,RESIDENCE,false,false,1214,12,27,24,06,41.895740636,-87.652619127,2023
13309918,JG542922,2023-12-15 20:01:00.000000 UTC,009XX W FULTON MARKET,THEFT,FROM BUILDING,RESTAURANT,false,false,1214,12,27,28,06,41.886763688,-87.650217153,2023
13229842,JG447192,2023-10-01 21:00:00.000000 UTC,007XX W OHIO ST,CRIMINAL DAMAGE,TO VEHICLE,STREET,false,false,1214,12,27,24,14,41.892257156,-87.646911879,2023
13108524,JG302823,2023-06-15 23:00:00.000000 UTC,017XX W ERIE ST,ROBBERY,ARMED - HANDGUN,SIDEWALK,false,false,1215,12,1,24,03,41.893284149,-87.670851505,2023
13077393,JG265527,2023-05-18 02:45:00.000000 UTC,016XX W LAKE ST,BATTERY,AGGRAVATED - OTHER DANGEROUS WEAPON,CTA TRAIN,false,false,1215,12,27,28,04B,41.885312381,-87.667573631,2023
12976963,JG145505,2023-02-07 15:30:00.000000 UTC,014XX W SUPERIOR ST,BATTERY,SIMPLE,SCHOOL - PUBLIC GROUNDS,false,false,1215,12,27,24,08B,41.895199124,-87.664609728,2023
13056929,JG241145,2023-04-28 19:30:00.000000 UTC,013XX W ERIE ST,ASSAULT,SIMPLE,APARTMENT,false,false,1215,12,27,24,08A,41.893433954,-87.661212387,2023
13076905,JG265352,2023-05-16 18:00:00.000000 UTC,005XX N NOBLE ST,THEFT,OVER $500,STREET,false,false,1215,12,1,24,06,41.891527458,-87.662279107,2023
13079575,JG268640,2023-05-20 23:00:00.000000 UTC,012XX W CARROLL AVE,THEFT,OVER $500,STREET,false,false,1215,12,27,28,06,41.887696049,-87.657522888,2023
13178098,JG385526,2023-08-16 16:00:00.000000 UTC,012XX W FULTON MARKET,THEFT,OVER $500,STREET,false,false,1215,12,27,28,06,41.886665056,-87.657665963,2023
13210253,JG423516,2023-09-14 07:05:00.000000 UTC,016XX W CHICAGO AVE,THEFT,$500 AND UNDER,APARTMENT,false,false,1215,12,1,24,06,41.89604714,-87.668872585,2023
13237781,JG456866,2023-10-09 10:00:00.000000 UTC,007XX N ADA ST,THEFT,$500 AND UNDER,APARTMENT,false,false,1215,12,27,24,06,41.89458743,-87.661365575,2023
13098584,JG291143,2023-06-06 19:30:00.000000 UTC,014XX W FULTON ST,THEFT,$500 AND UNDER,STREET,false,false,1215,12,27,28,06,41.886576101,-87.663091125,2023
13265093,JG487453,2023-10-15 07:00:00.000000 UTC,016XX W GRAND AVE,CRIMINAL DAMAGE,TO PROPERTY,COMMERCIAL / BUSINESS OFFICE,false,false,1215,12,27,24,14,41.890976283,-87.667536856,2023
13289579,JG518871,2023-11-26 12:30:00.000000 UTC,006XX N NOBLE ST,CRIMINAL DAMAGE,TO VEHICLE,STREET,false,false,1215,12,1,24,14,41.892828426,-87.662313236,2023
13127280,JG325040,2023-07-02 00:00:00.000000 UTC,006XX N NOBLE ST,CRIMINAL DAMAGE,TO VEHICLE,STREET,false,false,1215,12,27,24,14,41.89402512,-87.662348457,2023
13239356,JG458652,2023-10-10 19:12:00.000000 UTC,023XX W GRAND AVE,ROBBERY,ARMED - HANDGUN,CAR WASH,false,false,1221,12,36,24,03,41.890697731,-87.684555359,2023
13288768,JG517795,2023-11-26 05:15:00.000000 UTC,022XX W HURON ST,ROBBERY,ARMED - HANDGUN,STREET,false,false,1221,12,36,24,03,41.894001902,-87.682634056,2023
13168348,JG373977,2023-08-08 01:00:00.000000 UTC,020XX W SUPERIOR ST,ROBBERY,ARMED - HANDGUN,STREET,false,false,1221,12,36,24,03,41.894791373,-87.677656564,2023
13272236,JG497940,2023-11-09 14:25:00.000000 UTC,005XX N TROY ST,BATTERY,SIMPLE,RESIDENCE,false,true,1221,12,27,23,08B,41.89102648,-87.705185365,2023
13276828,JG503662,2023-11-14 09:50:00.000000 UTC,004XX N TROY ST,BATTERY,SIMPLE,SCHOOL - PUBLIC BUILDING,false,false,1221,12,27,23,08B,41.889096979,-87.705130816,2023
13307964,JG541130,2023-12-14 17:17:00.000000 UTC,024XX W CHICAGO AVE,BATTERY,SIMPLE,SMALL RETAIL STORE,false,false,1221,12,36,24,08B,41.895732399,-87.687784384,2023
13177131,JG384289,2023-08-15 20:45:00.000000 UTC,024XX W ERIE ST,BATTERY,"AGGRAVATED - HANDS, FISTS, FEET, SERIOUS INJURY",PARK PROPERTY,false,false,1221,12,36,24,04B,41.893000859,-87.688579512,2023
13283321,JG511541,2023-11-17 06:00:00.000000 UTC,018XX W ERIE ST,THEFT,OVER $500,STREET,false,false,1221,12,36,24,06,41.893244238,-87.672974821,2023
13305172,JG537863,2023-12-11 15:00:00.000000 UTC,005XX N TROY ST,THEFT,OVER $500,STREET,false,false,1221,12,27,23,06,41.890993551,-87.705185688,2023
13069934,JG256988,2023-05-11 11:50:00.000000 UTC,005XX N SACRAMENTO BLVD,THEFT,OVER $500,STREET,false,false,1221,12,27,23,06,41.89110478,-87.701948929,2023
13143645,JG344628,2023-07-17 09:45:00.000000 UTC,018XX W GRAND AVE,THEFT,OVER $500,STREET,false,false,1221,12,27,24,06,41.890893195,-87.672631766,2023
13176153,JG383100,2023-08-15 01:30:00.000000 UTC,021XX W CHICAGO AVE,CRIMINAL DAMAGE,TO PROPERTY,BAR OR TAVERN,false,false,1221,12,36,24,14,41.895846815,-87.6808376,2023
13038413,JG218845,2023-03-01 01:00:00.000000 UTC,007XX N SACRAMENTO BLVD,CRIMINAL DAMAGE,TO VEHICLE,PARKING LOT / GARAGE (NON RESIDENTIAL),false,false,1221,12,27,23,14,41.893990113,-87.702155577,2023
13113869,JG309294,2023-06-21 00:05:00.000000 UTC,005XX N TROY ST,CRIMINAL DAMAGE,TO VEHICLE,STREET,false,false,1221,12,27,23,14,41.890993551,-87.705185688,2023
13144929,JG346258,2023-07-17 18:30:00.000000 UTC,031XX W FRANKLIN BLVD,CRIMINAL DAMAGE,TO VEHICLE,STREET,false,false,1221,12,27,23,14,41.890086774,-87.704970539,2023
12974696,JG142919,2023-02-06 13:20:00.000000 UTC,030XX W CARROLL AVE,BATTERY,SIMPLE,STREET,false,false,1222,12,27,27,08B,41.887577285,-87.701741278,2023
13042548,JG223656,2023-04-14 18:45:00.000000 UTC,029XX W LAKE ST,BATTERY,SIMPLE,STREET,false,false,1222,12,27,27,08B,41.88411748,-87.69987309,2023
13051634,JG234816,2023-04-23 20:05:00.000000 UTC,030XX W WASHINGTON BLVD,BATTERY,SIMPLE,RESIDENCE - YARD (FRONT / BACK),false,false,1222,12,27,27,08B,41.882837586,-87.702169872,2023
13321310,JG557138,2023-12-28 10:20:00.000000 UTC,031XX W MADISON ST,ASSAULT,AGGRAVATED - KNIFE / CUTTING INSTRUMENT,SMALL RETAIL STORE,false,false,1222,12,28,27,04A,41.880988964,-87.704854042,2023
13102716,JG296095,2023-06-10 13:30:00.000000 UTC,026XX W MAYPOLE AVE,THEFT,OVER $500,STREET,false,false,1222,12,27,28,06,41.883694646,-87.691923068,2023
13232298,JG450130,2023-10-04 04:50:00.000000 UTC,003XX N SACRAMENTO BLVD,THEFT,$500 AND UNDER,STREET,false,false,1222,12,27,23,06,41.887825139,-87.701400963,2023
13200636,JG412217,2023-09-04 22:00:00.000000 UTC,031XX W MADISON ST,THEFT,$500 AND UNDER,STREET,false,false,1222,12,28,27,06,41.88099198,-87.704402338,2023
13154700,JG356771,2023-07-16 03:00:00.000000 UTC,030XX W WARREN BLVD,CRIMINAL DAMAGE,TO VEHICLE,STREET,false,false,1222,12,27,27,14,41.881930481,-87.702395459,2023
13250246,JG471507,2023-10-20 14:14:00.000000 UTC,022XX W WALNUT ST,ROBBERY,ARMED - HANDGUN,SIDEWALK,false,false,1223,12,27,28,03,41.885768923,-87.682589072,2023
13019508,JG196597,2023-03-23 19:40:00.000000 UTC,018XX W MAYPOLE AVE,ROBBERY,ARMED - HANDGUN,STREET,false,false,1223,12,27,28,03,41.88416317,-87.672433029,2023
13314415,JG548910,2023-12-20 21:45:00.000000 UTC,018XX W WARREN BLVD,ROBBERY,STRONG ARM - NO WEAPON,STREET,false,false,1223,12,27,28,03,41.882299537,-87.672382462,2023
13023881,JG201783,2023-03-28 06:50:00.000000 UTC,023XX W MONROE ST,ROBBERY,STRONG ARM - NO WEAPON,STREET,false,false,1223,12,27,28,03,41.879876067,-87.684844767,2023
13016612,JG192323,2023-03-20 12:35:00.000000 UTC,021XX W FULTON ST,ROBBERY,ATTEMPT ARMED - OTHER DANGEROUS WEAPON,ALLEY,false,false,1223,12,27,28,03,41.886719423,-87.680346563,2023
13039117,JG219753,2023-04-11 22:00:00.000000 UTC,001XX S WESTERN AVE,BATTERY,SIMPLE,STREET,false,false,1223,12,27,28,08B,41.879086132,-87.686376648,2023
13194760,JG405249,2023-08-31 11:30:00.000000 UTC,0000X N WESTERN AVE,BATTERY,SIMPLE,COMMERCIAL / BUSINESS OFFICE,false,false,1223,12,27,28,08B,41.881756669,-87.686445186,2023
13300009,JG531537,2023-12-06 23:25:00.000000 UTC,021XX W WARREN BLVD,BATTERY,DOMESTIC BATTERY SIMPLE,APARTMENT,false,true,1223,12,27,28,08B,41.882179244,-87.680135738,2023
13010630,JG186006,2023-03-14 21:30:00.000000 UTC,021XX W WASHINGTON BLVD,BATTERY,DOMESTIC BATTERY SIMPLE,ALLEY,false,true,1223,12,27,28,08B,41.883091959,-87.679939156,2023
13021321,JG198869,2023-03-24 00:30:00.000000 UTC,023XX W WARREN BLVD,BATTERY,DOMESTIC BATTERY SIMPLE,RESIDENCE,false,true,1223,12,27,28,08B,41.882103874,-87.684752469,2023
13264418,JG488707,2023-10-31 18:50:00.000000 UTC,019XX W MADISON ST,THEFT,$500 AND UNDER,SPORTS ARENA / STADIUM,false,false,1223,12,27,28,06,41.881348623,-87.674525788,2023
13267726,JG493322,2023-11-04 04:00:00.000000 UTC,0000X S OAKLEY BLVD,THEFT,$500 AND UNDER,STREET,false,false,1223,12,27,28,06,41.880804078,-87.683954072,2023
13150234,JG352722,2023-07-23 00:00:00.000000 UTC,021XX W MONROE ST,THEFT,$500 AND UNDER,STREET,false,false,1223,12,27,28,06,41.879958317,-87.679989441,2023
13211563,JG425466,2023-08-17 14:30:00.000000 UTC,021XX W WARREN BLVD,THEFT,FROM BUILDING,APARTMENT,false,false,1223,12,27,28,06,41.882185345,-87.67976111,2023
13183488,JG392035,2023-08-21 14:05:00.000000 UTC,020XX W WASHINGTON BLVD,THEFT,FROM BUILDING,RESIDENCE,false,false,1223,12,27,28,06,41.883137718,-87.677375449,2023
13224213,JG440557,2023-09-26 22:25:00.000000 UTC,023XX W MADISON ST,CRIMINAL DAMAGE,TO VEHICLE,STREET,false,false,1223,12,27,28,14,41.881183104,-87.68498211,2023
13183656,JG387446,2023-08-18 10:37:00.000000 UTC,011XX W RANDOLPH ST,ROBBERY,ARMED - HANDGUN,STREET,false,false,1224,12,27,28,03,41.884146504,-87.655915096,2023
12943464,JG105862,2023-01-05 19:20:00.000000 UTC,0000X S LAFLIN ST,ROBBERY,ARMED - OTHER FIREARM,ALLEY,false,false,1224,12,28,28,03,41.880944347,-87.664405854,2023
13293859,JG523929,2023-11-30 22:15:00.000000 UTC,009XX W RANDOLPH ST,BATTERY,SIMPLE,RESTAURANT,false,false,1224,12,27,28,08B,41.884226965,-87.651426664,2023
13305693,JG538687,2023-12-12 13:30:00.000000 UTC,007XX W RANDOLPH ST,BATTERY,SIMPLE,RESTAURANT,false,false,1224,12,27,28,08B,41.884534151,-87.646792573,2023
13162655,JG366329,2023-08-02 02:30:00.000000 UTC,013XX W MONROE ST,BATTERY,DOMESTIC BATTERY SIMPLE,STREET,false,true,1224,12,27,28,08B,41.880280001,-87.660138458,2023
13288663,JG517752,2023-11-26 04:33:00.000000 UTC,014XX W LAKE ST,ASSAULT,AGGRAVATED - HANDGUN,STREET,true,false,1224,12,27,28,04A,41.885393253,-87.663547848,2023
13260437,JG482858,2023-10-29 01:00:00.000000 UTC,012XX W RANDOLPH ST,THEFT,OVER $500,STREET,false,false,1224,12,27,28,06,41.884335316,-87.658153224,2023
13293807,JG523869,2023-11-26 16:00:00.000000 UTC,0000X N BISHOP ST,THEFT,OVER $500,STREET,false,false,1224,12,27,28,06,41.88196112,-87.663704876,2023
12966651,JG133166,2023-01-28 19:56:00.000000 UTC,001XX N GREEN ST,THEFT,OVER $500,VEHICLE - COMMERCIAL,false,false,1224,12,27,28,06,41.883831371,-87.648588508,2023
13004067,JG178068,2023-03-02 20:00:00.000000 UTC,007XX W RANDOLPH ST,THEFT,OVER $500,OTHER (SPECIFY),false,false,1224,12,27,28,06,41.884533998,-87.646766869,2023
13096573,JG288667,2023-06-04 18:30:00.000000 UTC,0000X N BISHOP ST,THEFT,OVER $500,RESIDENCE - GARAGE,false,false,1224,12,27,28,06,41.881848592,-87.663702378,2023
13107823,JG302124,2023-06-12 06:00:00.000000 UTC,001XX S ASHLAND AVE,THEFT,OVER $500,CONSTRUCTION SITE,false,false,1224,12,34,28,06,41.87964349,-87.666751182,2023
12967401,JG133776,2023-01-28 23:16:00.000000 UTC,001XX N MORGAN ST,THEFT,POCKET-PICKING,BAR OR TAVERN,false,false,1224,12,27,28,06,41.885106529,-87.65212608,2023
13197938,JG409249,2023-09-02 21:45:00.000000 UTC,015XX W RANDOLPH ST,THEFT,POCKET-PICKING,PARK PROPERTY,false,false,1224,12,27,28,06,41.884932988,-87.664621314,2023
13039947,JG220903,2023-04-08 16:00:00.000000 UTC,009XX W WASHINGTON BLVD,THEFT,FROM BUILDING,APARTMENT,false,false,1224,12,34,28,06,41.883078984,-87.651277292,2023
13114216,JG309792,2023-06-04 00:00:00.000000 UTC,016XX W MADISON ST,THEFT,FROM BUILDING,APARTMENT,false,false,1224,12,27,28,06,41.881441785,-87.667837814,2023
13133070,JG332190,2023-07-08 00:20:00.000000 UTC,015XX W WARREN BLVD,CRIMINAL DAMAGE,TO PROPERTY,APARTMENT,false,true,1224,12,27,28,14,41.882380888,-87.666517086,2023
13184817,JG391761,2023-08-21 09:30:00.000000 UTC,013XX W RANDOLPH ST,CRIMINAL DAMAGE,TO VEHICLE,STREET,false,false,1224,12,27,28,14,41.884090949,-87.659532917,2023
13051619,JG234820,2023-04-23 00:00:00.000000 UTC,016XX W LAKE ST,CRIMINAL DAMAGE,TO CITY OF CHICAGO PROPERTY,CTA TRAIN,false,false,1224,12,27,28,14,41.885312381,-87.667573631,2023
13156872,JG360276,2023-07-29 00:45:00.000000 UTC,003XX S DAMEN AVE,ROBBERY,AGGRAVATED VEHICULAR HIJACKING,STREET,false,false,1225,12,27,28,03,41.877018753,-87.676538407,2023
13200744,JG412680,2023-09-05 17:08:00.000000 UTC,020XX W ADAMS ST,BATTERY,AGGRAVATED - OTHER DANGEROUS WEAPON,SIDEWALK,false,false,1225,12,27,28,04B,41.878746862,-87.676884241,2023
13242363,JG462291,2023-10-13 15:30:00.000000 UTC,018XX W JACKSON BLVD,BATTERY,SIMPLE,APARTMENT,false,false,1225,12,27,28,08B,41.877532811,-87.672387519,2023
13268189,JG494032,2023-11-06 16:30:00.000000 UTC,023XX W ROOSEVELT RD,BATTERY,SIMPLE,PARKING LOT / GARAGE (NON RESIDENTIAL),false,true,1225,12,28,28,08B,41.866637346,-87.684277353,2023
12966679,JG133124,2023-01-28 20:02:00.000000 UTC,018XX W JACKSON BLVD,BATTERY,DOMESTIC BATTERY SIMPLE,APARTMENT,false,true,1225,12,27,28,08B,41.877532811,-87.672387519,2023
13091672,JG282162,2023-05-31 04:00:00.000000 UTC,020XX W OGDEN AVE,BATTERY,DOMESTIC BATTERY SIMPLE,APARTMENT,false,true,1225,12,28,28,08B,41.871764127,-87.677605569,2023
13149370,JG343768,2023-07-16 19:35:00.000000 UTC,018XX W JACKSON BLVD,ASSAULT,SIMPLE,APARTMENT,false,true,1225,12,27,28,08A,41.877532811,-87.672387519,2023
13275119,JG500972,2023-11-08 17:00:00.000000 UTC,023XX W HARRISON ST,THEFT,$500 AND UNDER,RESIDENCE - YARD (FRONT / BACK),false,false,1225,12,28,28,06,41.873900215,-87.685529374,2023
12988713,JG159633,2023-02-07 12:00:00.000000 UTC,010XX S OAKLEY BLVD,THEFT,$500 AND UNDER,APARTMENT,false,false,1225,12,28,28,06,41.868406524,-87.683638987,2023
13170313,JG376143,2023-08-05 17:30:00.000000 UTC,023XX W HARRISON ST,THEFT,FROM BUILDING,APARTMENT,false,false,1225,12,28,28,06,41.873915991,-87.684435036,2023
13214609,JG428813,2023-09-17 21:30:00.000000 UTC,020XX W JACKSON BLVD,CRIMINAL DAMAGE,TO VEHICLE,PARKING LOT / GARAGE (NON RESIDENTIAL),false,false,1225,12,27,28,14,41.877481507,-87.677319464,2023
13009994,JG185261,2023-03-14 09:00:00.000000 UTC,022XX W HARRISON ST,CRIMINAL DAMAGE,TO VEHICLE,STREET,false,false,1225,12,28,28,14,41.873956822,-87.681952527,2023
13069569,JG256478,2023-05-11 11:35:00.000000 UTC,005XX S CLAREMONT AVE,CRIMINAL DAMAGE,TO VEHICLE,STREET,false,true,1225,12,28,28,14,41.874709669,-87.685025509,2023
13139111,JG339373,2023-07-13 04:00:00.000000 UTC,020XX W JACKSON BLVD,CRIMINAL DAMAGE,TO VEHICLE,STREET,false,false,1225,12,27,28,14,41.877470199,-87.678222877,2023
13083676,JG270583,2023-05-22 14:13:00.000000 UTC,012XX W VAN BUREN ST,ROBBERY,ARMED - HANDGUN,STREET,false,false,1231,12,34,28,03,41.876518701,-87.657049487,2023
13118998,JG315349,2023-06-24 23:15:00.000000 UTC,002XX S ASHLAND AVE,BATTERY,SIMPLE,SIDEWALK,false,false,1231,12,34,28,08B,41.878578638,-87.666736544,2023
13229656,JG445844,2023-10-01 03:15:00.000000 UTC,011XX S LAFLIN ST,BATTERY,DOMESTIC BATTERY SIMPLE,APARTMENT,false,true,1231,12,28,28,08B,41.868219921,-87.664046556,2023
13299565,JG531058,2023-12-06 14:15:00.000000 UTC,018XX W HARRISON ST,BATTERY,DOMESTIC BATTERY SIMPLE,HOTEL / MOTEL,false,true,1231,12,27,28,08B,41.874089619,-87.673487801,2023
12984593,JG154599,2023-02-16 09:59:00.000000 UTC,016XX W POLK ST,BATTERY,DOMESTIC BATTERY SIMPLE,HOSPITAL BUILDING / GROUNDS,true,true,1231,12,27,28,08B,41.871602761,-87.668156508,2023
13272711,JG498898,2023-11-10 00:01:00.000000 UTC,012XX W FLOURNOY ST,THEFT,OVER $500,STREET,false,false,1231,12,34,28,06,41.873201104,-87.658949683,2023
13217798,JG432794,2023-09-21 00:00:00.000000 UTC,016XX W HARRISON ST,THEFT,$500 AND UNDER,STREET,false,false,1231,12,27,28,06,41.874196404,-87.666793098,2023
13298535,JG529885,2023-12-05 08:00:00.000000 UTC,009XX S LOOMIS ST,THEFT,$500 AND UNDER,STREET,false,false,1231,12,28,28,06,41.869973286,-87.661660142,2023
13038848,JG219531,2023-04-11 18:30:00.000000 UTC,014XX W FLOURNOY ST,THEFT,$500 AND UNDER,ALLEY,false,false,1231,12,28,28,06,41.87333166,-87.662968825,2023
13176839,JG383889,2023-08-15 15:41:00.000000 UTC,015XX W JACKSON BLVD,THEFT,RETAIL THEFT,GAS STATION,false,false,1231,12,34,28,06,41.877648776,-87.66539493,2023
12966585,JG132345,2023-01-27 11:06:00.000000 UTC,013XX W TAYLOR ST,THEFT,FROM BUILDING,APARTMENT,false,false,1231,12,28,28,06,41.869352917,-87.660693695,2023
13155455,JG358154,2023-07-26 16:55:00.000000 UTC,017XX W HARRISON ST,THEFT,FROM BUILDING,HOSPITAL BUILDING / GROUNDS,false,false,1231,12,27,28,06,41.874133594,-87.670164416,2023
13095896,JG287726,2023-06-04 12:49:00.000000 UTC,010XX W 14TH PL,BATTERY,AGGRAVATED - HANDGUN,STREET,false,false,1232,12,28,28,04B,41.862541286,-87.651781949,2023
12950569,JG113739,2023-01-12 15:30:00.000000 UTC,010XX W ADAMS ST,BATTERY,SIMPLE,PARKING LOT / GARAGE (NON RESIDENTIAL),false,false,1232,12,25,28,08B,41.879123755,-87.652997472,2023
13062663,JG248227,2023-05-04 17:45:00.000000 UTC,014XX S EMERALD AVE,ASSAULT,AGGRAVATED - HANDGUN,STREET,false,false,1232,12,25,28,04A,41.8631523,-87.645637349,2023
13238717,JG457815,2023-10-06 15:02:00.000000 UTC,010XX W 13TH ST,ASSAULT,SIMPLE,SCHOOL - PUBLIC GROUNDS,false,false,1232,12,28,28,08A,41.865500587,-87.65380275,2023
13026638,JG205174,2023-03-30 18:00:00.000000 UTC,0000X S HALSTED ST,ASSAULT,SIMPLE,GROCERY FOOD STORE,false,false,1232,12,27,28,08A,41.881203182,-87.647342333,2023
13235608,JG454072,2023-10-06 14:00:00.000000 UTC,007XX W TAYLOR ST,THEFT,OVER $500,PARKING LOT / GARAGE (NON RESIDENTIAL),false,false,1232,12,28,28,06,41.869653235,-87.646063326,2023
13262712,JG486944,2023-10-31 10:00:00.000000 UTC,009XX W MADISON ST,THEFT,OVER $500,APARTMENT,false,false,1232,12,34,28,06,41.881714876,-87.651240388,2023
13302404,JG533208,2023-12-07 19:00:00.000000 UTC,011XX W ADAMS ST,THEFT,OVER $500,CHURCH / SYNAGOGUE / PLACE OF WORSHIP,false,false,1232,12,34,28,06,41.879074742,-87.655847488,2023
13127781,JG319649,2023-06-28 10:00:00.000000 UTC,002XX S SANGAMON ST,THEFT,OVER $500,PARKING LOT / GARAGE (NON RESIDENTIAL),false,false,1232,12,34,28,06,41.878827891,-87.650771696,2023
13258695,JG481981,2023-10-27 20:00:00.000000 UTC,007XX W 15TH ST,THEFT,$500 AND UNDER,STREET,false,false,1232,12,25,28,06,41.861753015,-87.645226502,2023
13303318,JG535699,2023-12-08 13:00:00.000000 UTC,001XX S GREEN ST,THEFT,$500 AND UNDER,STREET,false,false,1232,12,34,28,06,41.880139723,-87.648481039,2023
12981864,JG151226,2023-02-13 07:00:00.000000 UTC,004XX S MORGAN ST,THEFT,$500 AND UNDER,APARTMENT,false,false,1232,12,25,28,06,41.876265763,-87.651863802,2023
13310945,JG544468,2023-12-12 10:56:00.000000 UTC,011XX W JACKSON BLVD,THEFT,RETAIL THEFT,DEPARTMENT STORE,false,false,1232,12,34,28,06,41.877822179,-87.655181405,2023
12950727,JG114055,2023-01-12 19:22:00.000000 UTC,011XX W JACKSON BLVD,THEFT,RETAIL THEFT,DEPARTMENT STORE,true,false,1232,12,25,28,06,41.877822179,-87.655181405,2023
13017580,JG194283,2023-03-21 20:30:00.000000 UTC,0000X S MORGAN ST,THEFT,RETAIL THEFT,COMMERCIAL / BUSINESS OFFICE,false,false,1232,12,25,28,06,41.881055345,-87.652011209,2023
13073811,JG261810,2023-05-15 17:26:00.000000 UTC,011XX W JACKSON BLVD,THEFT,RETAIL THEFT,DEPARTMENT STORE,false,false,1232,12,34,28,06,41.877822179,-87.655181405,2023
13290934,JG520564,2023-11-28 00:33:00.000000 UTC,014XX S BLUE ISLAND AVE,CRIMINAL DAMAGE,TO PROPERTY,CHA APARTMENT,false,false,1232,12,28,28,14,41.863375747,-87.656457451,2023
13068392,JG255112,2023-05-09 23:30:00.000000 UTC,009XX W ADAMS ST,CRIMINAL DAMAGE,TO VEHICLE,STREET,false,false,1232,12,34,28,14,41.879174022,-87.649908756,2023
13195878,JG406653,2023-08-31 23:00:00.000000 UTC,012XX S UNION AVE,CRIMINAL DAMAGE,TO VEHICLE,STREET,false,false,1232,12,28,28,14,41.865819053,-87.645069093,2023
13221010,JG436742,2023-09-24 04:02:00.000000 UTC,016XX S BLUE ISLAND AVE,ROBBERY,ARMED - HANDGUN,STREET,false,false,1233,12,25,31,03,41.859255273,-87.659962562,2023
13192060,JG401988,2023-08-29 04:20:00.000000 UTC,018XX S ALLPORT ST,ROBBERY,ARMED - HANDGUN,STREET,false,false,1233,12,25,31,03,41.856906151,-87.657619564,2023
13133178,JG332264,2023-07-08 03:05:00.000000 UTC,012XX S THROOP ST,ROBBERY,STRONG ARM - NO WEAPON,STREET,false,false,1233,12,28,28,03,41.866744886,-87.659120337,2023
13131834,JG330630,2023-07-06 15:30:00.000000 UTC,012XX S ASHLAND AVE,ROBBERY,ATTEMPT STRONG ARM - NO WEAPON,PARKING LOT / GARAGE (NON RESIDENTIAL),false,false,1233,12,28,28,03,41.866331725,-87.666379171,2023
13299919,JG531267,2023-12-06 17:57:00.000000 UTC,016XX S BLUE ISLAND AVE,BATTERY,AGGRAVATED - HANDGUN,ALLEY,false,false,1233,12,25,31,04B,41.85916812,-87.66618931,2023
13260109,JG483716,2023-10-29 19:40:00.000000 UTC,014XX S BLUE ISLAND AVE,BATTERY,SIMPLE,SIDEWALK,false,false,1233,12,28,28,08B,41.862906101,-87.656858884,2023
13028759,JG207649,2023-04-01 20:20:00.000000 UTC,016XX S BLUE ISLAND AVE,BATTERY,SIMPLE,RESTAURANT,true,false,1233,12,25,31,08B,41.858389699,-87.660705812,2023
13117681,JG313800,2023-06-23 15:00:00.000000 UTC,013XX W HASTINGS ST,BATTERY,SIMPLE,STREET,false,false,1233,12,28,28,08B,41.864278228,-87.659660218,2023
12998247,JG171084,2023-03-01 10:00:00.000000 UTC,013XX S LOOMIS ST,BATTERY,DOMESTIC BATTERY SIMPLE,CHA APARTMENT,false,true,1233,12,25,28,08B,41.863934907,-87.66148472,2023
13006487,JG180783,2023-03-10 10:00:00.000000 UTC,016XX S THROOP ST,ASSAULT,AGGRAVATED - HANDGUN,APARTMENT,false,true,1233,12,25,31,04A,41.858917014,-87.658905227,2023
13181733,JG389723,2023-08-20 00:54:00.000000 UTC,018XX S THROOP ST,ASSAULT,AGGRAVATED - HANDGUN,STREET,false,false,1233,12,25,31,04A,41.856592212,-87.658834214,2023
13244859,JG465373,2023-10-15 22:00:00.000000 UTC,014XX W WASHBURNE AVE,THEFT,$500 AND UNDER,CHA PARKING LOT / GROUNDS,false,false,1233,12,28,28,06,41.866065307,-87.662101219,2023
12964149,JG130026,2023-01-25 09:00:00.000000 UTC,013XX S THROOP ST,THEFT,$500 AND UNDER,RESIDENCE,false,false,1233,12,25,28,06,41.863980949,-87.659039241,2023
12982988,JG152510,2023-02-14 13:28:00.000000 UTC,013XX W HASTINGS ST,THEFT,$500 AND UNDER,STREET,true,false,1233,12,25,28,06,41.864276345,-87.659807086,2023
13215292,JG427341,2023-09-17 01:55:00.000000 UTC,015XX S RACINE AVE,THEFT,PURSE-SNATCHING,STREET,false,false,1233,12,25,28,06,41.861424986,-87.656525749,2023
13209466,JG422743,2023-09-13 00:00:00.000000 UTC,013XX W 15TH ST,CRIMINAL DAMAGE,TO VEHICLE,STREET,false,true,1233,12,28,28,14,41.861559271,-87.65976218,2023
12954111,JG116823,2023-01-15 07:57:00.000000 UTC,021XX W 18TH ST,ROBBERY,ARMED - HANDGUN,SIDEWALK,false,false,1234,12,25,31,03,41.857613255,-87.680231613,2023
12981641,JG150957,2023-02-11 23:50:00.000000 UTC,018XX S ASHLAND AVE,ROBBERY,AGGRAVATED VEHICULAR HIJACKING,ALLEY,false,false,1234,12,25,31,03,41.857567911,-87.666136197,2023
13043222,JG224584,2023-04-15 04:00:00.000000 UTC,021XX S WOLCOTT AVE,ROBBERY,ATTEMPT STRONG ARM - NO WEAPON,ALLEY,false,false,1234,12,25,31,03,41.85381752,-87.673435596,2023
13138466,JG338514,2023-07-12 18:55:00.000000 UTC,020XX W 17TH ST,BATTERY,SIMPLE,SIDEWALK,false,false,1234,12,25,31,08B,41.858543208,-87.676800912,2023
13241804,JG460701,2023-10-12 11:07:00.000000 UTC,020XX W 19TH ST,BATTERY,AGGRAVATED DOMESTIC BATTERY - OTHER DANGEROUS WEAPON,APARTMENT,false,true,1234,12,25,31,04B,41.855821526,-87.676909504,2023
12987927,JG158328,2023-02-17 20:30:00.000000 UTC,018XX W 21ST ST,ASSAULT,SIMPLE,SIDEWALK,false,false,1234,12,25,31,08A,41.854064508,-87.672005194,2023
13020550,JG197811,2023-03-24 18:15:00.000000 UTC,022XX W CULLERTON ST,ASSAULT,SIMPLE,APARTMENT,false,false,1234,12,25,31,08A,41.854846831,-87.681643593,2023
13057072,JG241325,2023-04-28 23:45:00.000000 UTC,021XX S WESTERN AVE,ASSAULT,SIMPLE,STREET,false,true,1234,12,25,31,08A,41.852668651,-87.685659232,2023
13203821,JG416048,2023-09-06 00:00:00.000000 UTC,017XX W 18TH ST,THEFT,$500 AND UNDER,CTA TRAIN,false,false,1234,12,25,31,06,41.857744741,-87.669658337,2023
13209666,JG422076,2023-09-11 11:40:00.000000 UTC,020XX W CULLERTON ST,THEFT,$500 AND UNDER,RESIDENCE - YARD (FRONT / BACK),false,false,1234,12,25,31,06,41.854910695,-87.676955524,2023
13315439,JG550071,2023-12-21 21:20:00.000000 UTC,017XX W 18TH ST,THEFT,RETAIL THEFT,SMALL RETAIL STORE,false,false,1234,12,25,31,06,41.85775341,-87.668784595,2023
12999819,JG173010,2023-03-01 12:52:00.000000 UTC,016XX W 19TH ST,THEFT,FROM BUILDING,RESIDENCE,false,false,1234,12,25,31,06,41.855945675,-87.667489196,2023
13284870,JG513444,2023-11-22 02:45:00.000000 UTC,021XX S WESTERN AVE,CRIMINAL DAMAGE,TO PROPERTY,GAS STATION,false,false,1234,12,25,31,14,41.85354693,-87.685679736,2023
13124365,JG321641,2023-06-30 01:30:00.000000 UTC,020XX W 18TH PL,CRIMINAL DAMAGE,TO PROPERTY,APARTMENT,false,false,1234,12,25,31,14,41.856741717,-87.676580738,2023
13210416,JG423554,2023-09-14 08:27:00.000000 UTC,019XX W 19TH ST,CRIMINAL DAMAGE,TO VEHICLE,STREET,false,false,1234,12,25,31,14,41.855852991,-87.674736126,2023
13255232,JG477770,2023-10-24 22:00:00.000000 UTC,022XX W 18TH PL,CRIMINAL DAMAGE,TO VEHICLE,STREET,false,false,1234,12,25,31,14,41.856687169,-87.681940594,2023
12980533,JG149825,2023-02-11 19:30:00.000000 UTC,018XX S PAULINA ST,CRIMINAL DAMAGE,TO VEHICLE,STREET,false,false,1234,12,25,31,14,41.857349157,-87.668638277,2023
13099118,JG288642,2023-06-05 07:50:00.000000 UTC,018XX W 21ST ST,CRIMINAL DAMAGE,TO VEHICLE,APARTMENT,false,true,1234,12,25,31,14,41.854062483,-87.672130015,2023
13259653,JG483003,2023-10-29 06:25:00.000000 UTC,010XX W 18TH ST,ROBBERY,ARMED - HANDGUN,STREET,false,false,1235,12,25,31,03,41.858000042,-87.65325445,2023
12958284,JG122942,2023-01-20 10:00:00.000000 UTC,008XX W CULLERTON ST,BATTERY,SIMPLE,SIDEWALK,false,false,1235,12,11,31,08B,41.85534584,-87.646712066,2023
13072803,JG260522,2023-05-14 17:21:00.000000 UTC,021XX S ALLPORT ST,BATTERY,SIMPLE,STREET,true,false,1235,12,25,31,08B,41.85384576,-87.657526977,2023
13216597,JG431489,2023-09-20 08:00:00.000000 UTC,019XX S DESPLAINES ST,BATTERY,DOMESTIC BATTERY SIMPLE,APARTMENT,false,true,1235,12,25,31,08B,41.855733905,-87.642780273,2023
13318987,JG554594,2023-12-26 02:25:00.000000 UTC,011XX W 18TH ST,BATTERY,DOMESTIC BATTERY SIMPLE,APARTMENT,true,true,1235,12,25,31,08B,41.857992498,-87.65383452,2023
13029945,JG208920,2023-04-02 23:15:00.000000 UTC,011XX W 18TH ST,BATTERY,DOMESTIC BATTERY SIMPLE,STREET,false,true,1235,12,25,31,08B,41.857987652,-87.65440722,2023
12985376,JG154720,2023-02-02 13:00:00.000000 UTC,010XX W CERMAK RD,ASSAULT,SIMPLE,CTA BUS STOP,false,false,1235,12,25,31,08A,41.852568899,-87.651821758,2023
12998258,JG171181,2023-03-01 15:34:00.000000 UTC,016XX S HALSTED ST,ASSAULT,SIMPLE,COMMERCIAL / BUSINESS OFFICE,false,false,1235,12,11,31,08A,41.859681682,-87.646698723,2023
13210675,JG424374,2023-09-13 13:00:00.000000 UTC,018XX S CARPENTER ST,THEFT,OVER $500,DRIVEWAY - RESIDENTIAL,false,false,1235,12,25,31,06,41.85708855,-87.653187021,2023
12975630,JG143870,2023-02-07 11:00:00.000000 UTC,005XX W CERMAK RD,THEFT,OVER $500,PARKING LOT / GARAGE (NON RESIDENTIAL),false,false,1235,12,25,31,06,41.852750046,-87.640815604,2023
13094302,JG285956,2023-06-02 23:45:00.000000 UTC,010XX W 18TH ST,THEFT,OVER $500,VEHICLE NON-COMMERCIAL,false,false,1235,12,25,31,06,41.858007147,-87.652600968,2023
13141819,JG342572,2023-07-14 21:00:00.000000 UTC,014XX W 21ST ST,THEFT,OVER $500,STREET,false,false,1235,12,25,31,06,41.854218441,-87.663054662,2023
13188301,JG397567,2023-08-24 22:00:00.000000 UTC,016XX S JEFFERSON ST,THEFT,OVER $500,STREET,false,false,1235,12,25,31,06,41.859666796,-87.641930358,2023
13322490,JG558684,2023-12-29 06:37:00.000000 UTC,020XX S MORGAN ST,THEFT,$500 AND UNDER,APARTMENT,false,false,1235,12,25,31,06,41.854855548,-87.651474466,2023
13033722,JG213113,2023-03-31 13:00:00.000000 UTC,016XX S CARPENTER ST,THEFT,$500 AND UNDER,RESIDENCE - PORCH / HALLWAY,false,false,1235,12,25,31,06,41.859491187,-87.653425867,2023
13279562,JG506626,2023-11-08 14:30:00.000000 UTC,011XX W 18TH ST,THEFT,FROM BUILDING,APARTMENT,false,false,1235,12,25,31,06,41.857969178,-87.655460942,2023
13292549,JG522000,2023-11-17 15:00:00.000000 UTC,011XX W 18TH ST,THEFT,FROM BUILDING,APARTMENT,false,false,1235,12,25,31,06,41.857969178,-87.655460942,2023
13194061,JG404316,2023-08-30 17:40:00.000000 UTC,009XX W 21ST ST,CRIMINAL DAMAGE,TO VEHICLE,STREET,false,false,1235,12,25,31,14,41.853897981,-87.650119177,2023
13176974,JG384245,2023-08-15 17:30:00.000000 UTC,018XX S RACINE AVE,CRIMINAL DAMAGE,TO VEHICLE,ALLEY,false,false,1235,12,25,31,14,41.857406738,-87.656413946,2023
12973229,JG141120,2023-02-05 02:09:00.000000 UTC,026XX W LOGAN BLVD,BATTERY,DOMESTIC BATTERY SIMPLE,APARTMENT,true,true,1411,14,32,22,08B,41.928501778,-87.693267742,2023
13057026,JG241298,2023-04-29 00:00:00.000000 UTC,029XX N WHIPPLE ST,BATTERY,DOMESTIC BATTERY SIMPLE,APARTMENT,true,true,1411,14,35,21,08B,41.934633105,-87.703824151,2023
13066369,JG252733,2023-05-08 12:00:00.000000 UTC,030XX N CALIFORNIA AVE,ASSAULT,SIMPLE,RESIDENCE,false,true,1411,14,35,21,08A,41.936924028,-87.697755668,2023
12997082,JG168925,2023-02-28 10:12:00.000000 UTC,027XX N CALIFORNIA AVE,THEFT,OVER $500,PARKING LOT / GARAGE (NON RESIDENTIAL),false,false,1411,14,32,22,06,41.930896787,-87.697587655,2023
13040891,JG221815,2023-04-13 10:45:00.000000 UTC,027XX N CALIFORNIA AVE,THEFT,OVER $500,PARKING LOT / GARAGE (NON RESIDENTIAL),false,false,1411,14,1,22,06,41.930896787,-87.697587655,2023
13055833,JG239133,2023-04-19 14:08:00.000000 UTC,026XX N SACRAMENTO AVE,THEFT,$500 AND UNDER,RESIDENCE - PORCH / HALLWAY,false,false,1411,14,1,22,06,41.929172742,-87.702440951,2023
12968200,JG135036,2023-01-26 09:00:00.000000 UTC,027XX N FAIRFIELD AVE,THEFT,FROM BUILDING,SCHOOL - PUBLIC BUILDING,false,false,1411,14,32,22,06,41.930838072,-87.696401213,2023
12978732,JG147554,2023-02-10 12:00:00.000000 UTC,028XX N SACRAMENTO AVE,CRIMINAL DAMAGE,TO VEHICLE,STREET,false,false,1411,14,33,21,14,41.93260903,-87.702535717,2023
13033060,JG210107,2023-04-03 17:50:00.000000 UTC,026XX N ROCKWELL ST,CRIMINAL DAMAGE,TO VEHICLE,STREET,false,false,1411,14,32,22,14,41.929239459,-87.692683407,2023
13173583,JG379836,2023-08-11 23:05:00.000000 UTC,026XX W LOGAN BLVD,CRIMINAL DAMAGE,TO VEHICLE,STREET,false,false,1411,14,1,22,14,41.928494463,-87.694418049,2023
13268954,JG494710,2023-11-07 07:00:00.000000 UTC,027XX N KEDZIE AVE,ASSAULT,AGGRAVATED - OTHER DANGEROUS WEAPON,RESIDENCE,true,true,1412,14,35,22,04A,41.93098088,-87.707399098,2023
13271667,JG497549,2023-09-24 11:00:00.000000 UTC,027XX N MILWAUKEE AVE,THEFT,OVER $500,OTHER (SPECIFY),false,false,1412,14,35,22,06,41.930693524,-87.710066278,2023
13049725,JG232116,2023-04-18 12:35:00.000000 UTC,027XX N MILWAUKEE AVE,THEFT,FROM BUILDING,APARTMENT,false,false,1412,14,35,22,06,41.931574051,-87.711516699,2023
13220149,JG435702,2023-09-23 00:15:00.000000 UTC,023XX N KEDZIE BLVD,ROBBERY,ARMED - OTHER DANGEROUS WEAPON,SIDEWALK,false,false,1413,14,35,22,03,41.923869468,-87.707193016,2023
13299070,JG530433,2023-12-06 06:12:00.000000 UTC,035XX W MEDILL AVE,ROBBERY,ARMED - HANDGUN,STREET,false,false,1413,14,35,22,03,41.92372166,-87.714348897,2023
13307209,JG540275,2023-12-14 02:10:00.000000 UTC,032XX W FULLERTON AVE,ROBBERY,ARMED - HANDGUN,SIDEWALK,false,false,1413,14,35,22,03,41.92470619,-87.708151268,2023
13043139,JG224582,2023-04-15 14:00:00.000000 UTC,021XX N CENTRAL PARK AVE,ASSAULT,SIMPLE,APARTMENT,false,true,1413,14,35,22,08A,41.919624223,-87.71684297,2023
13178957,JG386427,2023-08-11 19:00:00.000000 UTC,024XX N KEDZIE BLVD,ASSAULT,SIMPLE,RESIDENCE,false,true,1413,14,35,22,08A,41.925809934,-87.707247537,2023
13073436,JG261298,2023-05-12 04:00:00.000000 UTC,020XX N KEDZIE AVE,THEFT,$500 AND UNDER,RESIDENCE,false,false,1413,14,26,22,06,41.91787493,-87.706983398,2023
13012081,JG187897,2023-03-16 13:00:00.000000 UTC,021XX N SAWYER AVE,THEFT,FROM BUILDING,APARTMENT,false,false,1413,14,26,22,06,41.91992491,-87.709006304,2023
13210611,JG424254,2023-09-14 15:00:00.000000 UTC,034XX W SHAKESPEARE AVE,CRIMINAL DAMAGE,TO PROPERTY,RESIDENCE - PORCH / HALLWAY,false,false,1413,14,35,22,14,41.920070023,-87.712488206,2023
13272424,JG498531,2023-11-09 16:30:00.000000 UTC,024XX N ST LOUIS AVE,CRIMINAL DAMAGE,TO VEHICLE,STREET,false,false,1413,14,35,22,14,41.92551211,-87.71457412,2023
13266200,JG491423,2023-11-03 19:27:00.000000 UTC,034XX W ARMITAGE AVE,CRIMINAL DAMAGE,TO CITY OF CHICAGO PROPERTY,PARKING LOT / GARAGE (NON RESIDENTIAL),false,false,1413,14,26,22,14,41.917336159,-87.712375085,2023
13050860,JG233867,2023-04-23 00:00:00.000000 UTC,029XX W MC LEAN AVE,ROBBERY,ARMED - HANDGUN,SIDEWALK,false,false,1414,14,1,22,03,41.918509537,-87.700602291,2023
13158221,JG361234,2023-07-29 19:05:00.000000 UTC,031XX W ARMITAGE AVE,ROBBERY,ATTEMPT STRONG ARM - NO WEAPON,DRUG STORE,false,false,1414,14,1,22,03,41.917407385,-87.70579017,2023
13303056,JG535354,2023-12-10 01:28:00.000000 UTC,024XX N MILWAUKEE AVE,BATTERY,SIMPLE,STREET,true,false,1414,14,1,22,08B,41.925283003,-87.701229882,2023
12972331,JG140022,2023-02-04 00:22:00.000000 UTC,022XX N CALIFORNIA AVE,BATTERY,SIMPLE,RESTAURANT,true,false,1414,14,1,22,08B,41.921973868,-87.697327162,2023
13135307,JG334862,2023-07-10 08:05:00.000000 UTC,024XX N LINDEN PL,ASSAULT,SIMPLE,SIDEWALK,false,false,1414,14,35,22,08A,41.925704369,-87.703500367,2023
13264580,JG489162,2023-11-02 19:17:00.000000 UTC,025XX N KEDZIE BLVD,THEFT,OVER $500,STREET,false,false,1414,14,35,22,06,41.927259128,-87.707292164,2023
13190314,JG400129,2023-08-27 17:20:00.000000 UTC,029XX W ALTGELD ST,THEFT,OVER $500,STREET,false,false,1414,14,1,22,06,41.926586429,-87.702212875,2023
12973931,JG141485,2023-01-19 23:53:00.000000 UTC,024XX N SACRAMENTO AVE,THEFT,RETAIL THEFT,SMALL RETAIL STORE,false,false,1414,14,32,22,06,41.925843451,-87.702341464,2023
13272237,JG498297,2023-11-09 19:45:00.000000 UTC,025XX N KEDZIE BLVD,CRIMINAL DAMAGE,TO VEHICLE,PARKING LOT / GARAGE (NON RESIDENTIAL),false,false,1414,14,35,22,14,41.927667856,-87.707262444,2023
13243155,JG463299,2023-10-14 12:46:00.000000 UTC,016XX N RICHMOND ST,ROBBERY,ARMED - HANDGUN,STREET,false,false,1421,14,26,24,03,41.910766154,-87.700256276,2023
13268913,JG489601,2023-11-03 09:30:00.000000 UTC,026XX W CORTLAND ST,BATTERY,DOMESTIC BATTERY SIMPLE,APARTMENT,false,true,1421,14,1,22,08B,41.915713183,-87.692686435,2023
12995632,JG167739,2023-02-26 18:20:00.000000 UTC,018XX N KEDZIE AVE,ASSAULT,SIMPLE,APARTMENT,false,false,1421,14,1,22,08A,41.915020482,-87.706901086,2023
13284227,JG512574,2023-11-20 21:00:00.000000 UTC,018XX N CALIFORNIA AVE,THEFT,OVER $500,VEHICLE NON-COMMERCIAL,false,false,1421,14,1,22,06,41.91469775,-87.697116503,2023
13152415,JG355131,2023-07-24 18:00:00.000000 UTC,019XX N FAIRFIELD AVE,THEFT,OVER $500,OTHER (SPECIFY),false,false,1421,14,1,22,06,41.916529906,-87.695948287,2023
13189129,JG398695,2023-08-25 17:00:00.000000 UTC,017XX N HUMBOLDT BLVD,THEFT,OVER $500,STREET,false,false,1421,14,26,23,06,41.912600335,-87.701939193,2023
13226248,JG442017,2023-05-09 12:00:00.000000 UTC,019XX N FAIRFIELD AVE,THEFT,$500 AND UNDER,APARTMENT,false,false,1421,14,1,22,06,41.916658898,-87.695950678,2023
13304306,JG534415,2023-12-08 09:30:00.000000 UTC,019XX N RICHMOND ST,THEFT,$500 AND UNDER,STREET,false,false,1421,14,26,22,06,41.916263786,-87.700426069,2023
13310939,JG544546,2023-12-16 17:00:00.000000 UTC,029XX W NORTH AVE,THEFT,FROM BUILDING,RESIDENCE - GARAGE,false,false,1421,14,26,24,06,41.910179456,-87.700857231,2023
13257586,JG480639,2023-10-27 10:47:00.000000 UTC,017XX N KEDZIE AVE,CRIMINAL DAMAGE,TO PROPERTY,RESIDENCE,false,true,1421,14,26,23,14,41.912904271,-87.706826256,2023
13161448,JG363409,2023-07-31 12:33:00.000000 UTC,017XX N RICHMOND ST,CRIMINAL DAMAGE,TO PROPERTY,APARTMENT,false,false,1421,14,26,24,14,41.912706667,-87.700317927,2023
13090030,JG280625,2023-05-28 10:13:00.000000 UTC,018XX N KIMBALL AVE,BATTERY,SIMPLE,APARTMENT,false,false,1422,14,26,22,08B,41.914273321,-87.711816926,2023
12960466,JG125707,2023-01-22 17:11:00.000000 UTC,032XX W HIRSCH ST,BATTERY,DOMESTIC BATTERY SIMPLE,SIDEWALK,true,true,1422,14,26,23,08B,41.9064658,-87.707741486,2023
13029035,JG207053,2023-04-01 10:56:00.000000 UTC,015XX N KEDZIE AVE,BATTERY,"AGG. DOMESTIC BATTERY - HANDS, FISTS, FEET, SERIOUS INJURY",APARTMENT,false,true,1422,14,26,23,04B,41.909436507,-87.706999769,2023
13222617,JG438735,2023-09-15 21:54:00.000000 UTC,012XX N KEDZIE AVE,ASSAULT,AGGRAVATED - HANDGUN,VEHICLE NON-COMMERCIAL,false,false,1422,14,26,23,04A,41.903063269,-87.706793901,2023
12999809,JG172263,2023-03-02 18:00:00.000000 UTC,032XX W WABANSIA AVE,THEFT,OVER $500,STREET,false,false,1422,14,26,23,06,41.911910574,-87.709293823,2023
13028372,JG207081,2023-03-30 11:41:00.000000 UTC,033XX W POTOMAC AVE,THEFT,OVER $500,RESIDENCE,false,false,1422,14,26,23,06,41.904623485,-87.710599086,2023
13196211,JG407255,2023-08-23 16:00:00.000000 UTC,035XX W PIERCE AVE,THEFT,$500 AND UNDER,APARTMENT,false,false,1422,14,26,23,06,41.909092597,-87.714938442,2023
12959559,JG124374,2023-01-16 23:00:00.000000 UTC,035XX W NORTH AVE,THEFT,FROM BUILDING,RESIDENCE,false,false,1422,14,26,23,06,41.910007135,-87.715579879,2023
13300019,JG531369,2023-12-06 19:18:00.000000 UTC,019XX N KIMBALL AVE,CRIMINAL DAMAGE,TO VEHICLE,RESIDENCE,true,false,1422,14,26,22,14,41.916252266,-87.711882231,2023
13019583,JG196746,2023-03-22 15:00:00.000000 UTC,032XX W LE MOYNE ST,CRIMINAL DAMAGE,TO VEHICLE,STREET,false,false,1422,14,26,23,14,41.908275635,-87.70799567,2023
13064214,JG250019,2023-05-05 16:00:00.000000 UTC,034XX W POTOMAC AVE,CRIMINAL DAMAGE,TO VEHICLE,STREET,false,false,1422,14,26,23,14,41.904598353,-87.712546284,2023
13202319,JG414308,2023-09-06 23:26:00.000000 UTC,025XX W NORTH AVE,ROBBERY,ARMED - HANDGUN,TAVERN / LIQUOR STORE,false,false,1423,14,1,24,03,41.910291883,-87.689974258,2023
13258072,JG481092,2023-10-27 16:00:00.000000 UTC,012XX N WASHTENAW AVE,BATTERY,SIMPLE,SCHOOL - PRIVATE GROUNDS,false,false,1423,14,26,24,08B,41.903417753,-87.694429347,2023
13005518,JG179628,2023-03-09 15:18:00.000000 UTC,013XX N ROCKWELL ST,BATTERY,SIMPLE,ALLEY,false,false,1423,14,26,24,08B,41.905253873,-87.692008549,2023
13015098,JG191397,2023-03-09 12:00:00.000000 UTC,014XX N WASHTENAW AVE,BATTERY,SIMPLE,SCHOOL - PUBLIC GROUNDS,false,false,1423,14,1,24,08B,41.907092509,-87.694469854,2023
12944341,JG106847,2023-01-06 09:00:00.000000 UTC,027XX W HIRSCH ST,THEFT,$500 AND UNDER,RESIDENCE,false,true,1423,14,26,24,06,41.906593937,-87.69512138,2023
13033647,JG213352,2023-04-01 12:00:00.000000 UTC,013XX N MAPLEWOOD AVE,THEFT,FROM BUILDING,APARTMENT,false,false,1423,14,26,24,06,41.905617506,-87.69078529,2023
13187646,JG396832,2023-08-25 08:00:00.000000 UTC,015XX N CALIFORNIA AVE,CRIMINAL DAMAGE,TO VEHICLE,STREET,false,false,1423,14,26,24,14,41.908871232,-87.697023738,2023
13250368,JG471929,2023-10-20 19:30:00.000000 UTC,014XX N HONORE ST,ROBBERY,ARMED - HANDGUN,STREET,false,false,1424,14,1,24,03,41.908420185,-87.675900683,2023
13150996,JG353426,2023-07-24 00:30:00.000000 UTC,014XX N WICKER PARK AVE,ROBBERY,ARMED - HANDGUN,STREET,false,false,1424,14,1,24,03,41.907529642,-87.675175088,2023
13298886,JG530057,2023-12-05 17:34:00.000000 UTC,015XX N DAMEN AVE,BATTERY,AGGRAVATED - OTHER DANGEROUS WEAPON,CTA STATION,false,false,1424,14,1,24,04B,41.910116718,-87.677444645,2023
13246721,JG467539,2023-10-17 15:30:00.000000 UTC,021XX W DIVISION ST,BATTERY,DOMESTIC BATTERY SIMPLE,RESIDENCE,false,true,1424,14,1,24,08B,41.903133353,-87.680458524,2023
13064130,JG249862,2023-05-06 03:30:00.000000 UTC,015XX N MILWAUKEE AVE,BATTERY,AGGRAVATED DOMESTIC BATTERY - OTHER DANGEROUS WEAPON,STREET,true,true,1424,14,1,24,04B,41.909408388,-87.675949324,2023
13080530,JG269711,2023-05-21 23:20:00.000000 UTC,015XX N HONORE ST,THEFT,OVER $500,STREET,false,false,1424,14,1,24,06,41.908846443,-87.674621522,2023
13125184,JG321726,2023-06-28 22:00:00.000000 UTC,019XX W SCHILLER ST,THEFT,OVER $500,STREET,false,false,1424,14,1,24,06,41.907176983,-87.67541015,2023
13220632,JG436222,2023-09-23 16:54:00.000000 UTC,015XX N MILWAUKEE AVE,THEFT,$500 AND UNDER,APARTMENT,false,false,1424,14,1,24,06,41.909635441,-87.676303351,2023
13266406,JG490822,2023-11-02 07:37:00.000000 UTC,016XX W DIVISION ST,THEFT,RETAIL THEFT,DEPARTMENT STORE,false,false,1424,14,1,24,06,41.903304304,-87.670064675,2023
13307083,JG540189,2023-12-13 22:30:00.000000 UTC,013XX N MILWAUKEE AVE,CRIMINAL DAMAGE,TO VEHICLE,STREET,false,false,1424,14,1,24,14,41.905376422,-87.669628118,2023
12950975,JG114532,2023-01-12 19:35:00.000000 UTC,016XX W DIVISION ST,CRIMINAL DAMAGE,TO VEHICLE,STREET,false,false,1424,14,1,24,14,41.903314246,-87.669410703,2023
12973698,JG141726,2023-02-04 21:00:00.000000 UTC,014XX N LEAVITT ST,CRIMINAL DAMAGE,TO VEHICLE,STREET,false,false,1424,14,2,24,14,41.907751251,-87.682277701,2023
12979720,JG148840,2023-02-11 02:00:00.000000 UTC,015XX N HONORE ST,CRIMINAL DAMAGE,TO VEHICLE,STREET,false,false,1424,14,1,24,14,41.908903711,-87.67455848,2023
13087469,JG277293,2023-05-26 23:00:00.000000 UTC,020XX W CRYSTAL ST,CRIMINAL DAMAGE,TO VEHICLE,ALLEY,false,false,1424,14,1,24,14,41.904107516,-87.678042478,2023
13248957,JG470008,2023-10-19 12:40:00.000000 UTC,023XX N WESTERN AVE,ROBBERY,ARMED - HANDGUN,BANK,false,false,1431,14,1,22,03,41.923338311,-87.687594371,2023
13170677,JG376721,2023-08-10 02:20:00.000000 UTC,021XX N MILWAUKEE AVE,ROBBERY,STRONG ARM - NO WEAPON,STREET,false,false,1431,14,1,22,03,41.920569748,-87.693541763,2023
13294684,JG524071,2023-11-20 16:45:00.000000 UTC,022XX N CAMPBELL AVE,THEFT,OVER $500,RESIDENCE - YARD (FRONT / BACK),false,false,1431,14,1,22,06,41.922719638,-87.689331315,2023
13106254,JG300149,2023-06-13 19:37:00.000000 UTC,026XX W ATTRILL ST,THEFT,OVER $500,STREET,false,false,1431,14,1,22,06,41.92049928,-87.694192838,2023
13275438,JG501541,2023-11-12 14:09:00.000000 UTC,020XX N MILWAUKEE AVE,THEFT,$500 AND UNDER,DEPARTMENT STORE,false,false,1431,14,1,22,06,41.917656022,-87.688750258,2023
13263665,JG488009,2023-11-01 03:41:00.000000 UTC,020XX N CAMPBELL AVE,CRIMINAL DAMAGE,TO VEHICLE,STREET,false,false,1431,14,1,22,14,41.919200892,-87.689216049,2023
13024130,JG202157,2023-03-28 13:24:00.000000 UTC,023XX W ARMITAGE AVE,ASSAULT,SIMPLE,STREET,true,false,1432,14,32,22,08A,41.917593954,-87.686009899,2023
13101295,JG294186,2023-06-02 09:00:00.000000 UTC,022XX N ELSTON AVE,THEFT,OVER $500,COMMERCIAL / BUSINESS OFFICE,false,false,1432,14,32,22,06,41.92280678,-87.674220732,2023
13286195,JG515019,2023-11-23 10:15:00.000000 UTC,023XX W LOGAN BLVD,THEFT,$500 AND UNDER,PARKING LOT / GARAGE (NON RESIDENTIAL),false,false,1432,14,32,22,06,41.930049492,-87.685920733,2023
13278422,JG505090,2023-11-12 00:00:00.000000 UTC,023XX N SEELEY AVE,THEFT,$500 AND UNDER,APARTMENT,false,false,1432,14,32,22,06,41.924311056,-87.679096176,2023
13317979,JG553352,2023-12-24 14:43:00.000000 UTC,026XX N ELSTON AVE,THEFT,RETAIL THEFT,DEPARTMENT STORE,true,false,1432,14,32,22,06,41.929743818,-87.684273777,2023
12947266,JG109320,2023-01-07 21:58:00.000000 UTC,026XX N ELSTON AVE,THEFT,RETAIL THEFT,DEPARTMENT STORE,false,false,1432,14,1,22,06,41.929743818,-87.684273777,2023
13084856,JG274717,2023-05-25 15:02:00.000000 UTC,026XX N ELSTON AVE,THEFT,RETAIL THEFT,DEPARTMENT STORE,true,false,1432,14,32,22,06,41.929743818,-87.684273777,2023
13105946,JG298896,2023-06-12 14:45:00.000000 UTC,025XX N ELSTON AVE,THEFT,RETAIL THEFT,DEPARTMENT STORE,false,false,1432,14,32,22,06,41.928235818,-87.682084152,2023
13120875,JG317653,2023-06-27 03:28:00.000000 UTC,020XX N DAMEN AVE,THEFT,RETAIL THEFT,SMALL RETAIL STORE,false,false,1432,14,32,22,06,41.918106256,-87.677634735,2023
13271174,JG495902,2023-11-07 19:30:00.000000 UTC,021XX N WESTERN AVE,CRIMINAL DAMAGE,TO VEHICLE,STREET,false,false,1432,14,32,22,14,41.920206582,-87.687493669,2023
13117433,JG313461,2023-06-24 00:07:00.000000 UTC,013XX N PAULINA ST,ROBBERY,ARMED - HANDGUN,STREET,false,false,1433,14,1,24,03,41.906232078,-87.670008656,2023
13024076,JG201961,2023-03-26 23:20:00.000000 UTC,017XX N ASHLAND AVE,ROBBERY,VEHICULAR HIJACKING,PARKING LOT / GARAGE (NON RESIDENTIAL),true,true,1433,14,32,24,03,41.913063175,-87.66775926,2023
13220721,JG436186,2023-09-23 17:00:00.000000 UTC,013XX N PAULINA ST,ASSAULT,AGGRAVATED - OTHER DANGEROUS WEAPON,GROCERY FOOD STORE,false,false,1433,14,1,24,04A,41.906276004,-87.670011875,2023
12947105,JG109936,2023-01-07 00:00:00.000000 UTC,013XX N ASHLAND AVE,THEFT,OVER $500,STREET,false,false,1433,14,1,24,06,41.906132875,-87.667566751,2023
13041414,JG222504,2023-04-13 17:00:00.000000 UTC,017XX N HERMITAGE AVE,THEFT,OVER $500,PARKING LOT / GARAGE (NON RESIDENTIAL),false,false,1433,14,32,24,06,41.913350543,-87.671422923,2023
13045688,JG227701,2023-04-17 18:45:00.000000 UTC,016XX N HERMITAGE AVE,THEFT,OVER $500,STREET,false,false,1433,14,32,24,06,41.911034084,-87.671366031,2023
13215468,JG430275,2023-09-18 18:00:00.000000 UTC,017XX N PAULINA ST,THEFT,$500 AND UNDER,STREET,false,false,1433,14,32,24,06,41.912989478,-87.670199546,2023
13216758,JG431622,2023-09-18 14:10:00.000000 UTC,013XX N ELSTON AVE,THEFT,$500 AND UNDER,STREET,false,false,1433,14,27,24,06,41.90558169,-87.659637609,2023
13225584,JG442089,2023-09-27 18:00:00.000000 UTC,014XX W WILLOW ST,THEFT,$500 AND UNDER,STREET,false,false,1433,14,32,24,06,41.914171263,-87.663412377,2023
13142612,JG343417,2023-07-16 01:30:00.000000 UTC,016XX W NORTH AVE,THEFT,$500 AND UNDER,RESTAURANT,false,false,1433,14,32,24,06,41.910625425,-87.668082166,2023
13207484,JG419545,2023-09-10 16:52:00.000000 UTC,013XX N ASHLAND AVE,THEFT,RETAIL THEFT,DEPARTMENT STORE,false,false,1433,14,1,24,06,41.906132875,-87.667566751,2023
13074893,JG263145,2023-05-16 13:20:00.000000 UTC,013XX N ASHLAND AVE,THEFT,RETAIL THEFT,DEPARTMENT STORE,false,false,1433,14,1,24,06,41.906132875,-87.667566751,2023
13234549,JG452885,2023-10-05 18:30:00.000000 UTC,017XX N HERMITAGE AVE,CRIMINAL DAMAGE,TO VEHICLE,STREET,false,false,1433,14,32,24,14,41.913528949,-87.671428427,2023
13013111,JG189044,2023-03-17 14:30:00.000000 UTC,013XX N DEAN ST,CRIMINAL DAMAGE,TO VEHICLE,STREET,false,false,1433,14,2,24,14,41.906981625,-87.670548268,2023
13161450,JG364487,2023-08-01 08:40:00.000000 UTC,016XX N BOSWORTH AVE,CRIMINAL DAMAGE,TO VEHICLE,STREET,false,false,1433,14,32,24,14,41.911596299,-87.666562114,2023
13285927,JG514728,2023-11-23 03:35:00.000000 UTC,014XX W NORTH AVE,CRIMINAL DAMAGE,TO STATE SUPPORTED PROPERTY,STREET,false,false,1433,14,27,24,14,41.910699488,-87.662886582,2023
12976166,JG144451,2023-02-07 18:58:00.000000 UTC,016XX N CLAREMONT AVE,ROBBERY,ARMED - HANDGUN,SIDEWALK,false,false,1434,14,32,24,03,41.911243898,-87.686026302,2023
13215257,JG429936,2023-09-18 19:20:00.000000 UTC,018XX W NORTH AVE,THEFT,OVER $500,STREET,false,false,1434,14,32,24,06,41.910536878,-87.67414124,2023
13241435,JG460330,2023-10-05 16:50:00.000000 UTC,018XX N MILWAUKEE AVE,THEFT,OVER $500,STREET,false,false,1434,14,32,22,06,41.914790533,-87.68427467,2023
13250318,JG470894,2023-10-16 10:10:00.000000 UTC,019XX N CAMPBELL AVE,THEFT,OVER $500,RESIDENCE - GARAGE,false,false,1434,14,1,22,06,41.917017244,-87.689840578,2023
13126238,JG323475,2023-06-28 06:47:00.000000 UTC,017XX N WESTERN AVE,THEFT,OVER $500,RESIDENCE - GARAGE,false,false,1434,14,1,24,06,41.913251611,-87.687299262,2023
13183985,JG392497,2023-08-19 22:30:00.000000 UTC,023XX W ST PAUL AVE,THEFT,$500 AND UNDER,OTHER (SPECIFY),false,false,1434,14,32,24,06,41.913499486,-87.685996164,2023
13175908,JG382331,2023-08-13 17:15:00.000000 UTC,024XX W NORTH AVE,THEFT,RETAIL THEFT,SMALL RETAIL STORE,false,false,1434,14,1,24,06,41.910302064,-87.68885364,2023
13281213,JG509017,2023-11-17 19:00:00.000000 UTC,019XX W ARMITAGE AVE,THEFT,FROM BUILDING,APARTMENT,false,false,1434,14,32,22,06,41.917800368,-87.675492103,2023
13096090,JG287879,2023-06-04 12:30:00.000000 UTC,018XX N Honore St,THEFT,FROM BUILDING,RESIDENCE - GARAGE,false,false,1434,14,32,22,06,41.914964728,-87.673908299,2023
13046211,JG228387,2023-04-17 02:00:00.000000 UTC,023XX W ST PAUL AVE,CRIMINAL DAMAGE,TO PROPERTY,APARTMENT,false,false,1434,14,32,24,14,41.913499486,-87.685996164,2023
13117039,JG312855,2023-06-23 05:00:00.000000 UTC,010XX N CENTRAL AVE,ROBBERY,STRONG ARM - NO WEAPON,STREET,false,false,1511,15,29,25,03,41.899021903,-87.765541841,2023
13182678,JG390841,2023-08-20 19:36:00.000000 UTC,059XX W CHICAGO AVE,BATTERY,AGGRAVATED - HANDGUN,SIDEWALK,false,true,1511,15,29,25,04B,41.894736149,-87.773520691,2023
12975121,JG143338,2023-02-06 20:27:00.000000 UTC,011XX N MONITOR AVE,BATTERY,DOMESTIC BATTERY SIMPLE,APARTMENT,true,true,1511,15,29,25,08B,41.901170711,-87.771693958,2023
13014450,JG190651,2023-03-18 21:22:00.000000 UTC,009XX N MENARD AVE,BATTERY,DOMESTIC BATTERY SIMPLE,APARTMENT,false,true,1511,15,29,25,08B,41.89708887,-87.77033763,2023
13178677,JG386081,2023-08-17 08:30:00.000000 UTC,009XX N PARKSIDE AVE,BATTERY,DOMESTIC BATTERY SIMPLE,APARTMENT,false,true,1511,15,29,25,08B,41.897504593,-87.76670496,2023
13187218,JG396166,2023-08-24 17:30:00.000000 UTC,009XX N WALLER AVE,ASSAULT,SIMPLE,RESIDENCE,false,false,1511,15,29,25,08A,41.897244333,-87.767908358,2023
13099978,JG292699,2023-05-31 00:00:00.000000 UTC,007XX N PARKSIDE AVE,THEFT,OVER $500,VEHICLE - COMMERCIAL,false,false,1511,15,29,25,06,41.893393279,-87.766616423,2023
13104952,JG298701,2023-06-09 20:30:00.000000 UTC,007XX N MENARD AVE,THEFT,$500 AND UNDER,STREET,false,false,1511,15,29,25,06,41.894211838,-87.770120485,2023
13163426,JG368131,2023-04-01 09:00:00.000000 UTC,009XX N MASSASOIT AVE,THEFT,$500 AND UNDER,DRIVEWAY - RESIDENTIAL,false,false,1511,15,29,25,06,41.897096624,-87.769121775,2023
13051636,JG234818,2023-04-23 20:27:00.000000 UTC,011XX N PARKSIDE AVE,CRIMINAL DAMAGE,TO VEHICLE,ALLEY,false,false,1511,15,29,25,14,41.901072713,-87.766827694,2023
13301091,JG532734,2023-12-07 22:16:00.000000 UTC,001XX N PARKSIDE AVE,BATTERY,AGGRAVATED - HANDGUN,SIDEWALK,false,false,1512,15,29,25,04B,41.883203863,-87.766610995,2023
13253167,JG475319,2023-10-23 15:45:00.000000 UTC,001XX N MAYFIELD AVE,BATTERY,DOMESTIC BATTERY SIMPLE,VEHICLE NON-COMMERCIAL,false,true,1512,15,29,25,08B,41.882631454,-87.771871033,2023
13097019,JG289170,2023-06-05 14:53:00.000000 UTC,001XX N WALLER AVE,BATTERY,DOMESTIC BATTERY SIMPLE,APARTMENT,false,true,1512,15,29,25,08B,41.883137698,-87.768220034,2023
13277479,JG504199,2023-11-14 17:27:00.000000 UTC,004XX N AUSTIN BLVD,ASSAULT,SIMPLE,RESTAURANT,false,false,1512,15,29,25,08A,41.88786856,-87.774906441,2023
12992976,JG164342,2023-02-23 15:00:00.000000 UTC,003XX N PARKSIDE AVE,THEFT,OVER $500,STREET,false,false,1512,15,29,25,06,41.886330151,-87.766730264,2023
13108959,JG303422,2023-06-16 13:00:00.000000 UTC,001XX N PARKSIDE AVE,THEFT,OVER $500,APARTMENT,false,true,1512,15,29,25,06,41.88285803,-87.766599362,2023
13193650,JG403958,2023-08-30 00:00:00.000000 UTC,057XX W OHIO ST,THEFT,OVER $500,STREET,false,false,1512,15,29,25,06,41.891064187,-87.768443992,2023
13300465,JG532075,2023-12-06 19:00:00.000000 UTC,059XX W FULTON ST,THEFT,$500 AND UNDER,RESIDENCE,false,false,1512,15,29,25,06,41.885607905,-87.772777766,2023
13318723,JG554220,2023-12-24 01:30:00.000000 UTC,005XX N CENTRAL AVE,THEFT,$500 AND UNDER,CHURCH / SYNAGOGUE / PLACE OF WORSHIP,false,false,1512,15,29,25,06,41.889761122,-87.765197831,2023
13185205,JG393815,2023-08-22 22:43:00.000000 UTC,003XX N CENTRAL AVE,THEFT,$500 AND UNDER,APARTMENT,false,true,1512,15,29,25,06,41.886275336,-87.765078145,2023
13238079,JG457244,2023-10-09 17:15:00.000000 UTC,003XX N CENTRAL AVE,THEFT,PURSE-SNATCHING,CTA PARKING LOT / GARAGE / OTHER PROPERTY,false,false,1512,15,29,25,06,41.886843497,-87.765098817,2023
13003808,JG177812,2023-03-07 22:32:00.000000 UTC,005XX S CENTRAL AVE,BATTERY,"PROTECTED EMPLOYEE - HANDS, FISTS, FEET, NO / MINOR INJURY",OTHER (SPECIFY),false,false,1513,15,29,25,08B,41.873075866,-87.764600261,2023
13227357,JG444053,2023-09-29 16:51:00.000000 UTC,001XX S CENTRAL AVE,BATTERY,DOMESTIC BATTERY SIMPLE,APARTMENT,false,true,1513,15,29,25,08B,41.878631263,-87.764808046,2023
12946352,JG109081,2023-01-08 19:38:00.000000 UTC,010XX S MASON AVE,BATTERY,DOMESTIC BATTERY SIMPLE,RESIDENCE,false,true,1513,15,29,25,08B,41.868677036,-87.773017489,2023
13042710,JG224014,2023-04-15 03:50:00.000000 UTC,010XX S MAYFIELD AVE,BATTERY,DOMESTIC BATTERY SIMPLE,RESIDENCE,false,true,1513,15,29,25,08B,41.86848988,-87.77178185,2023
13064161,JG249892,2023-05-06 04:00:00.000000 UTC,0000X N AUSTIN BLVD,BATTERY,DOMESTIC BATTERY SIMPLE,STREET,false,true,1513,15,29,25,08B,41.880836698,-87.774681244,2023
13126032,JG323802,2023-07-01 16:00:00.000000 UTC,0000X N MAYFIELD AVE,BATTERY,DOMESTIC BATTERY SIMPLE,APARTMENT,false,true,1513,15,29,25,08B,41.880762322,-87.771810281,2023
13078658,JG267548,2023-05-20 05:15:00.000000 UTC,010XX S MAYFIELD AVE,CRIMINAL DAMAGE,TO PROPERTY,APARTMENT,false,false,1513,15,29,25,14,41.868190697,-87.771769783,2023
13062979,JG248413,2023-05-04 21:57:00.000000 UTC,0000X N MAYFIELD AVE,CRIMINAL DAMAGE,TO VEHICLE,STREET,false,false,1513,15,29,25,14,41.880762322,-87.771810281,2023
13134863,JG334229,2023-07-09 17:17:00.000000 UTC,052XX W MADISON ST,ROBBERY,ARMED - OTHER DANGEROUS WEAPON,STREET,false,false,1522,15,37,25,03,41.880346476,-87.757110785,2023
13274046,JG500507,2023-11-11 17:48:00.000000 UTC,053XX W ADAMS ST,BATTERY,DOMESTIC BATTERY SIMPLE,STREET,false,true,1522,15,29,25,08B,41.878433338,-87.758126757,2023
13277588,JG504636,2023-11-15 00:00:00.000000 UTC,054XX W WASHINGTON BLVD,BATTERY,DOMESTIC BATTERY SIMPLE,APARTMENT,true,true,1522,15,29,25,08B,41.882281393,-87.76209864,2023
12950738,JG114258,2023-01-13 02:15:00.000000 UTC,0000X N CENTRAL AVE,BATTERY,DOMESTIC BATTERY SIMPLE,VEHICLE NON-COMMERCIAL,true,true,1522,15,29,25,08B,41.880744662,-87.764873772,2023
12992703,JG164463,2023-02-23 20:00:00.000000 UTC,055XX W QUINCY ST,BATTERY,DOMESTIC BATTERY SIMPLE,APARTMENT,false,true,1522,15,29,25,08B,41.877470052,-87.762516028,2023
13155135,JG358198,2023-07-04 22:00:00.000000 UTC,005XX S CENTRAL AVE,BATTERY,DOMESTIC BATTERY SIMPLE,PARK PROPERTY,false,true,1522,15,29,25,08B,41.873578134,-87.764614167,2023
13187718,JG396691,2023-08-25 07:28:00.000000 UTC,052XX W ADAMS ST,BATTERY,DOMESTIC BATTERY SIMPLE,APARTMENT,false,true,1522,15,29,25,08B,41.878460552,-87.755893934,2023
13012577,JG187965,2023-03-16 14:00:00.000000 UTC,053XX W MADISON ST,ASSAULT,AGGRAVATED - HANDGUN,COMMERCIAL / BUSINESS OFFICE,false,false,1522,15,29,25,04A,41.880321047,-87.759156379,2023
12969691,JG136699,2023-02-01 07:30:00.000000 UTC,055XX W MADISON ST,ASSAULT,AGGRAVATED - KNIFE / CUTTING INSTRUMENT,CTA BUS STOP,false,false,1522,15,29,25,04A,41.880257347,-87.764000458,2023
13294132,JG524150,2023-11-30 19:00:00.000000 UTC,0000X N CENTRAL AVE,ASSAULT,SIMPLE,APARTMENT,true,true,1522,15,29,25,08A,41.881153628,-87.764888508,2023
13038802,JG219263,2023-04-11 15:50:00.000000 UTC,054XX W MADISON ST,ASSAULT,SIMPLE,COMMERCIAL / BUSINESS OFFICE,false,false,1522,15,29,25,08A,41.880287347,-87.761752861,2023
13071120,JG258481,2023-05-12 08:45:00.000000 UTC,055XX W WASHINGTON BLVD,ASSAULT,SIMPLE,APARTMENT,true,true,1522,15,29,25,08A,41.882254892,-87.763946003,2023
13188722,JG397120,2023-08-25 12:49:00.000000 UTC,053XX W JACKSON BLVD,ASSAULT,SIMPLE,APARTMENT,false,true,1522,15,29,25,08A,41.876617074,-87.75821281,2023
12997983,JG170876,2023-03-02 00:25:00.000000 UTC,052XX W ADAMS ST,CRIMINAL DAMAGE,TO PROPERTY,APARTMENT,false,true,1522,15,29,25,14,41.878461088,-87.756000418,2023
13165041,JG370041,2023-08-05 03:30:00.000000 UTC,053XX W JACKSON BLVD,CRIMINAL DAMAGE,TO PROPERTY,APARTMENT,false,false,1522,15,29,25,14,41.876610404,-87.758524981,2023
13302318,JG534426,2023-12-09 07:00:00.000000 UTC,054XX W WASHINGTON BLVD,CRIMINAL DAMAGE,TO VEHICLE,STREET,false,false,1522,15,37,25,14,41.882301097,-87.760545114,2023
12971327,JG138689,2023-02-02 18:40:00.000000 UTC,054XX W HARRISON ST,CRIMINAL DAMAGE,TO VEHICLE,PARKING LOT / GARAGE (NON RESIDENTIAL),false,false,1522,15,29,25,14,41.872868829,-87.761040563,2023
13128033,JG326203,2023-07-03 16:30:00.000000 UTC,055XX W WASHINGTON BLVD,CRIMINAL DAMAGE,TO VEHICLE,STREET,false,false,1522,15,29,25,14,41.882259032,-87.763674222,2023
13190938,JG400731,2023-08-26 19:00:00.000000 UTC,003XX S LOTUS AVE,CRIMINAL DAMAGE,TO VEHICLE,STREET,false,false,1522,15,29,25,14,41.875418511,-87.7616457,2023
13288258,JG517185,2023-11-25 15:54:00.000000 UTC,001XX N CENTRAL AVE,BATTERY,SIMPLE,STREET,false,false,1523,15,37,25,08B,41.882742824,-87.764944195,2023
13302626,JG534833,2023-12-09 12:00:00.000000 UTC,003XX N CENTRAL AVE,BATTERY,SIMPLE,RESIDENCE,false,false,1523,15,37,25,08B,41.886393351,-87.765080772,2023
13157091,JG360608,2023-07-29 09:55:00.000000 UTC,003XX N CENTRAL AVE,BATTERY,SIMPLE,NURSING / RETIREMENT HOME,false,false,1523,15,37,25,08B,41.886393351,-87.765080772,2023
13265842,JG490817,2023-11-04 05:46:00.000000 UTC,005XX N LONG AVE,THEFT,OVER $500,RESIDENCE,false,false,1523,15,37,25,06,41.890596643,-87.760482027,2023
13088056,JG278322,2023-05-27 22:00:00.000000 UTC,003XX N LOCKWOOD AVE,THEFT,$500 AND UNDER,STREET,false,false,1523,15,37,25,06,41.886131682,-87.757723514,2023
13258468,JG480807,2023-10-27 12:30:00.000000 UTC,054XX W CHICAGO AVE,ROBBERY,ARMED - HANDGUN,SIDEWALK,false,false,1524,15,37,25,03,41.894885819,-87.761016679,2023
13291304,JG521012,2023-11-27 22:30:00.000000 UTC,054XX W AUGUSTA BLVD,ROBBERY,ARMED - HANDGUN,STREET,false,false,1524,15,37,25,03,41.898526056,-87.762394668,2023
13197869,JG409098,2023-09-02 19:00:00.000000 UTC,007XX N CENTRAL AVE,BATTERY,AGGRAVATED - OTHER DANGEROUS WEAPON,STREET,false,false,1524,15,37,25,04B,41.893820645,-87.765356519,2023
13322565,JG558761,2023-12-29 14:00:00.000000 UTC,007XX N CENTRAL AVE,BATTERY,DOMESTIC BATTERY SIMPLE,APARTMENT,true,true,1524,15,37,25,08B,41.893763001,-87.765353356,2023
12942833,JG105040,2023-01-05 07:43:00.000000 UTC,007XX N PINE AVE,ASSAULT,AGGRAVATED - HANDGUN,STREET,false,true,1524,15,37,25,04A,41.893657859,-87.763517851,2023
13199326,JG410786,2023-09-04 13:00:00.000000 UTC,006XX N LOREL AVE,ASSAULT,SIMPLE,RESIDENCE,false,true,1524,15,37,25,08A,41.891819793,-87.759226029,2023
13253930,JG476345,2023-10-06 12:50:00.000000 UTC,007XX N LOTUS AVE,THEFT,OVER $500,RESIDENCE - PORCH / HALLWAY,false,false,1524,15,37,25,06,41.893785241,-87.76209164,2023
13279544,JG506067,2023-11-07 07:45:00.000000 UTC,006XX N LATROBE AVE,THEFT,OVER $500,STREET,false,false,1524,15,37,25,06,41.892043238,-87.756719192,2023
13283038,JG511176,2023-11-19 16:00:00.000000 UTC,010XX N CENTRAL AVE,CRIMINAL DAMAGE,TO VEHICLE,STREET,false,false,1524,15,37,25,14,41.899666917,-87.765565513,2023
13152870,JG355604,2023-07-25 14:30:00.000000 UTC,054XX W DIVISION ST,CRIMINAL DAMAGE,TO VEHICLE,STREET,false,false,1524,15,37,25,14,41.902184245,-87.761866176,2023
13022599,JG199762,2023-03-26 13:18:00.000000 UTC,050XX W DIVISION ST,ROBBERY,AGGRAVATED,SMALL RETAIL STORE,false,false,1531,15,37,25,03,41.902283375,-87.752634117,2023
13249258,JG469144,2023-10-18 18:55:00.000000 UTC,049XX W CORTEZ ST,ROBBERY,ATTEMPT STRONG ARM - NO WEAPON,RESIDENCE,false,false,1531,15,37,25,03,41.899559664,-87.749646761,2023
13088436,JG278893,2023-05-28 13:00:00.000000 UTC,009XX N LAVERGNE AVE,BATTERY,DOMESTIC BATTERY SIMPLE,APARTMENT,false,true,1531,15,37,25,08B,41.897293095,-87.750761979,2023
13022463,JG200207,2023-03-26 20:37:00.000000 UTC,049XX W RICE ST,ASSAULT,AGGRAVATED - HANDGUN,APARTMENT,false,false,1531,15,37,25,04A,41.89592582,-87.749015037,2023
13116494,JG312374,2023-06-23 09:41:00.000000 UTC,009XX N LAVERGNE AVE,ASSAULT,AGGRAVATED - HANDGUN,STREET,false,true,1531,15,37,25,04A,41.898105465,-87.750776635,2023
13147783,JG349699,2023-07-21 01:40:00.000000 UTC,048XX W SUPERIOR ST,ASSAULT,SIMPLE,APARTMENT,false,true,1531,15,37,25,08A,41.894047236,-87.746563974,2023
13218484,JG433780,2023-09-21 20:00:00.000000 UTC,008XX N LAWLER AVE,THEFT,$500 AND UNDER,STREET,false,false,1531,15,37,25,06,41.895578454,-87.751945571,2023
13318664,JG554153,2023-12-24 19:00:00.000000 UTC,010XX N LAWLER AVE,THEFT,$500 AND UNDER,STREET,false,false,1531,15,37,25,06,41.899472986,-87.752035135,2023
13033874,JG213392,2023-04-06 14:20:00.000000 UTC,050XX W THOMAS ST,CRIMINAL DAMAGE,TO PROPERTY,APARTMENT,false,true,1531,15,37,25,14,41.900449991,-87.752588283,2023
12953550,JG117629,2023-01-15 17:00:00.000000 UTC,011XX N LEAMINGTON AVE,CRIMINAL DAMAGE,TO VEHICLE,RESIDENCE - YARD (FRONT / BACK),false,false,1531,15,37,25,14,41.900945454,-87.754515945,2023
13324405,JG560905,2023-12-31 07:00:00.000000 UTC,001XX N LA CROSSE AVE,ROBBERY,STRONG ARM - NO WEAPON,SIDEWALK,false,false,1532,15,28,25,03,41.883841714,-87.746627983,2023
13103653,JG297001,2023-06-11 15:47:00.000000 UTC,048XX W FERDINAND ST,BATTERY,AGGRAVATED - HANDGUN,SIDEWALK,false,false,1532,15,37,25,04B,41.889554831,-87.747086204,2023
13142706,JG343429,2023-07-16 14:04:00.000000 UTC,048XX W FULTON ST,BATTERY,AGGRAVATED - HANDGUN,STREET,false,false,1532,15,28,25,04B,41.885721036,-87.747069841,2023
13323893,JG560189,2023-12-29 19:00:00.000000 UTC,051XX W LAKE ST,BATTERY,SIMPLE,STREET,false,false,1532,15,28,25,08B,41.887108517,-87.753880657,2023
13139086,JG339255,2023-07-13 12:12:00.000000 UTC,050XX W LAKE ST,BATTERY,SIMPLE,SIDEWALK,false,false,1532,15,28,25,08B,41.88699405,-87.751865493,2023
12972181,JG139826,2023-02-02 21:30:00.000000 UTC,050XX W WASHINGTON BLVD,BATTERY,DOMESTIC BATTERY SIMPLE,STREET,false,true,1532,15,28,25,08B,41.881744562,-87.750833465,2023
13109468,JG304016,2023-06-16 20:42:00.000000 UTC,049XX W OHIO ST,BATTERY,DOMESTIC BATTERY SIMPLE,STREET,false,true,1532,15,37,25,08B,41.891351564,-87.749093455,2023
13139740,JG340067,2023-07-13 22:38:00.000000 UTC,002XX N LEAMINGTON AVE,BATTERY,DOMESTIC BATTERY SIMPLE,RESIDENCE,true,true,1532,15,28,25,08B,41.884883608,-87.754014605,2023
13221937,JG437775,2023-09-24 22:30:00.000000 UTC,050XX W WASHINGTON BLVD,BATTERY,AGGRAVATED DOMESTIC BATTERY - KNIFE / CUTTING INSTRUMENT,RESIDENCE,false,true,1532,15,28,25,04B,41.881738489,-87.751259495,2023
13289147,JG518376,2023-11-26 12:00:00.000000 UTC,048XX W WEST END AVE,THEFT,OVER $500,VACANT LOT / LAND,false,false,1532,15,28,25,06,41.883128849,-87.745679714,2023
13298575,JG529949,2023-11-22 10:00:00.000000 UTC,005XX N LAVERGNE AVE,THEFT,$500 AND UNDER,APARTMENT,false,false,1532,15,37,25,06,41.889865949,-87.750520965,2023
13184769,JG393553,2023-08-22 17:15:00.000000 UTC,048XX W OHIO ST,THEFT,$500 AND UNDER,STREET,false,false,1532,15,37,25,06,41.891372662,-87.74677209,2023
13229474,JG446773,2023-10-01 19:45:00.000000 UTC,051XX W LAKE ST,CRIMINAL DAMAGE,TO PROPERTY,CTA TRAIN,false,false,1532,15,28,25,14,41.887123664,-87.754163303,2023
13138929,JG339074,2023-07-13 10:20:00.000000 UTC,001XX N LEAMINGTON AVE,CRIMINAL DAMAGE,TO PROPERTY,APARTMENT,false,true,1532,15,28,25,14,41.883656689,-87.753966932,2023
13246597,JG467651,2023-10-17 17:55:00.000000 UTC,002XX N LAVERGNE AVE,CRIMINAL DAMAGE,TO VEHICLE,STREET,false,false,1532,15,28,25,14,41.884807342,-87.75033191,2023
13305316,JG538088,2023-12-11 21:00:00.000000 UTC,049XX W WASHINGTON BLVD,CRIMINAL DAMAGE,TO VEHICLE,STREET,false,false,1532,15,28,25,14,41.881768743,-87.749110988,2023
13113891,JG308574,2023-06-20 13:43:00.000000 UTC,050XX W ADAMS ST,ROBBERY,ARMED - HANDGUN,STREET,false,false,1533,15,28,25,03,41.87852961,-87.750550542,2023
13152877,JG355557,2023-07-25 13:00:00.000000 UTC,006XX S CICERO AVE,ROBBERY,ATTEMPT AGGRAVATED,AUTO / BOAT / RV DEALERSHIP,false,false,1533,15,29,25,03,41.87223036,-87.744935073,2023
13072187,JG259759,2023-05-13 23:51:00.000000 UTC,051XX W ROOSEVELT RD,BATTERY,AGGRAVATED - HANDGUN,STREET,false,false,1533,15,24,25,04B,41.865752772,-87.754429651,2023
13090828,JG281303,2023-05-30 18:19:00.000000 UTC,051XX W MADISON ST,BATTERY,AGGRAVATED - HANDGUN,GAS STATION,false,false,1533,15,28,25,04B,41.880399914,-87.753008553,2023
13318257,JG553714,2023-12-24 22:30:00.000000 UTC,050XX W GLADYS AVE,BATTERY,AGGRAVATED - KNIFE / CUTTING INSTRUMENT,VEHICLE NON-COMMERCIAL,false,false,1533,15,29,25,04B,41.875812087,-87.750409998,2023
13041819,JG222729,2023-04-14 05:20:00.000000 UTC,009XX S CICERO AVE,BATTERY,SIMPLE,STREET,false,false,1533,15,29,25,08B,41.869145417,-87.744856892,2023
13110645,JG305450,2023-06-18 02:30:00.000000 UTC,0000X S LAVERGNE AVE,BATTERY,SIMPLE,SIDEWALK,false,false,1533,15,28,25,08B,41.88012367,-87.74940138,2023
13179715,JG387226,2023-08-18 06:52:00.000000 UTC,050XX W MONROE ST,BATTERY,DOMESTIC BATTERY SIMPLE,APARTMENT,false,true,1533,15,28,25,08B,41.879416066,-87.75218757,2023
12996384,JG164171,2023-02-24 12:25:00.000000 UTC,050XX W QUINCY ST,BATTERY,AGGRAVATED DOMESTIC BATTERY - OTHER DANGEROUS WEAPON,STREET,false,true,1533,15,28,25,04B,41.877615642,-87.751065576,2023
12973002,JG140800,2023-02-04 17:57:00.000000 UTC,051XX W LEXINGTON ST,ASSAULT,AGGRAVATED - HANDGUN,STREET,false,false,1533,15,29,25,04A,41.871061891,-87.753684149,2023
13039090,JG219563,2023-04-11 18:44:00.000000 UTC,001XX S CICERO AVE,ASSAULT,AGGRAVATED - KNIFE / CUTTING INSTRUMENT,STREET,false,false,1533,15,28,25,04A,41.879043079,-87.745225096,2023
13296540,JG527326,2023-12-03 16:05:00.000000 UTC,049XX W VAN BUREN ST,ASSAULT,AGGRAVATED - OTHER DANGEROUS WEAPON,APARTMENT,false,false,1533,15,29,25,04A,41.874940532,-87.747932108,2023
13270553,JG496008,2023-11-07 03:00:00.000000 UTC,050XX W CONGRESS PKWY,THEFT,$500 AND UNDER,STREET,false,false,1533,15,29,25,06,41.87398921,-87.751355514,2023
13272804,JG499038,2023-11-10 00:30:00.000000 UTC,049XX W MADISON ST,THEFT,$500 AND UNDER,STREET,false,false,1533,15,28,25,06,41.880443314,-87.74965919,2023
13261253,JG484360,2023-10-24 10:40:00.000000 UTC,050XX W JACKSON BLVD,THEFT,FROM BUILDING,SCHOOL - PUBLIC GROUNDS,false,false,1533,15,28,25,06,41.876693689,-87.752171843,2023
13061095,JG246282,2023-05-02 18:00:00.000000 UTC,048XX W ADAMS ST,CRIMINAL DAMAGE,TO VEHICLE,VACANT LOT / LAND,false,false,1533,15,28,25,14,41.878588343,-87.745919604,2023
13122469,JG319499,2023-06-24 20:30:00.000000 UTC,048XX W MADISON ST,CRIMINAL DAMAGE,TO VEHICLE,STREET,false,true,1533,15,28,25,14,41.880487595,-87.745964635,2023
13212464,JG426484,2023-09-15 03:19:00.000000 UTC,064XX N SAYRE AVE,THEFT,OVER $500,STREET,false,false,1611,16,41,10,06,41.998656861,-87.801184862,2023
13214509,JG428786,2023-09-18 06:30:00.000000 UTC,067XX W SCHREIBER AVE,THEFT,OVER $500,STREET,false,false,1611,16,41,10,06,41.998114375,-87.796068384,2023
13020594,JG197970,2023-03-24 00:01:00.000000 UTC,065XX N ONARGA AVE,THEFT,OVER $500,STREET,false,false,1611,16,41,9,06,41.999178088,-87.8076996,2023
13050812,JG233870,2023-04-22 16:00:00.000000 UTC,067XX N NORTHWEST HWY,THEFT,OVER $500,SIDEWALK,false,false,1611,16,41,9,06,42.003275954,-87.816941075,2023
12978970,JG147926,2023-02-01 23:50:00.000000 UTC,066XX W DEVON AVE,THEFT,$500 AND UNDER,RESIDENCE - GARAGE,false,false,1611,16,41,10,06,41.997316922,-87.794548377,2023
13263228,JG487521,2023-11-01 05:30:00.000000 UTC,075XX N OVERHILL AVE,THEFT,FROM BUILDING,RESIDENCE,false,true,1611,16,41,9,06,42.017197258,-87.818778853,2023
13014514,JG190707,2023-03-18 21:00:00.000000 UTC,069XX W HOBART AVE,BATTERY,DOMESTIC BATTERY SIMPLE,RESIDENCE,true,true,1612,16,41,10,08B,41.984804755,-87.802502974,2023
13023631,JG201583,2023-02-23 18:00:00.000000 UTC,077XX W HIGGINS AVE,ASSAULT,SIMPLE,RESIDENCE,false,true,1612,16,41,10,08A,41.984154475,-87.820637605,2023
13024435,JG202569,2023-03-23 23:00:00.000000 UTC,059XX N NEVA AVE,THEFT,OVER $500,STREET,false,false,1612,16,41,10,06,41.988960317,-87.805661259,2023
13076196,JG263623,2023-04-04 16:00:00.000000 UTC,066XX N OLMSTED AVE,THEFT,OVER $500,STREET,false,false,1612,16,41,9,06,42.001860012,-87.816345473,2023
13182914,JG391168,2023-08-20 20:00:00.000000 UTC,058XX N OKETO AVE,THEFT,$500 AND UNDER,STREET,false,false,1612,16,41,10,06,41.986126424,-87.811856661,2023
13254119,JG476532,2023-10-24 12:40:00.000000 UTC,057XX N NAGLE AVE,THEFT,RETAIL THEFT,GAS STATION,false,false,1612,16,41,10,06,41.985435056,-87.787685839,2023
12980619,JG149883,2023-02-11 03:04:00.000000 UTC,071XX W HIGGINS AVE,BATTERY,SIMPLE,BAR OR TAVERN,false,false,1613,16,41,10,08B,41.980778822,-87.80543826,2023
13102825,JG296146,2023-06-10 19:45:00.000000 UTC,050XX N NORMANDY AVE,BATTERY,DOMESTIC BATTERY SIMPLE,RESIDENCE,false,true,1613,16,41,10,08B,41.972545139,-87.793992297,2023
13089213,JG279667,2023-05-17 00:00:00.000000 UTC,051XX N SAYRE AVE,THEFT,OVER $500,STREET,false,false,1613,16,41,10,06,41.974442172,-87.801217319,2023
13007998,JG182954,2023-03-12 14:15:00.000000 UTC,053XX N HARLEM AVE,CRIMINAL DAMAGE,TO PROPERTY,RESTAURANT,false,false,1613,16,41,10,14,41.978543949,-87.806994019,2023
13202387,JG414391,2023-09-07 02:21:00.000000 UTC,053XX N CUMBERLAND AVE,BATTERY,SIMPLE,PARKING LOT / GARAGE (NON RESIDENTIAL),false,false,1614,16,41,76,08B,41.976661683,-87.836614553,2023
13239213,JG458653,2023-10-10 13:00:00.000000 UTC,084XX W CATHERINE AVE,BATTERY,SIMPLE,PARKING LOT / GARAGE (NON RESIDENTIAL),false,false,1614,16,41,76,08B,41.977464942,-87.837700585,2023
13303608,JG536033,2023-12-08 19:00:00.000000 UTC,084XX W CATHERINE AVE,BATTERY,SIMPLE,PARKING LOT / GARAGE (NON RESIDENTIAL),false,false,1614,16,41,76,08B,41.977464624,-87.837627034,2023
13026266,JG204402,2023-03-30 08:47:00.000000 UTC,084XX W BERWYN AVE,BATTERY,SIMPLE,RESIDENCE,false,false,1614,16,41,76,08B,41.975209119,-87.837681301,2023
13250064,JG471539,2023-10-20 14:17:00.000000 UTC,085XX W GREGORY ST,BATTERY,DOMESTIC BATTERY SIMPLE,RESIDENCE,false,true,1614,16,41,76,08B,41.980158114,-87.83986802,2023
13059009,JG243694,2023-05-01 00:01:00.000000 UTC,054XX N EAST RIVER RD,THEFT,$500 AND UNDER,PARKING LOT / GARAGE (NON RESIDENTIAL),false,false,1614,16,41,76,06,41.977848233,-87.84646896,2023
13063407,JG249080,2023-05-05 08:30:00.000000 UTC,084XX W BRYN MAWR AVE,THEFT,$500 AND UNDER,STREET,false,false,1614,16,41,76,06,41.981104464,-87.837863613,2023
13165294,JG370468,2023-08-03 16:00:00.000000 UTC,086XX W BERWYN AVE,THEFT,FROM BUILDING,RESIDENCE - PORCH / HALLWAY,false,false,1614,16,41,76,06,41.975141996,-87.841855849,2023
13203580,JG415717,2023-09-08 00:55:00.000000 UTC,081XX W HIGGINS RD,CRIMINAL DAMAGE,TO VEHICLE,PARKING LOT / GARAGE (NON RESIDENTIAL),false,false,1614,16,41,10,14,41.985316737,-87.829021801,2023
13261018,JG482649,2023-10-28 22:00:00.000000 UTC,055XX N PITTSBURGH AVE,CRIMINAL DAMAGE,TO VEHICLE,DRIVEWAY - RESIDENTIAL,false,false,1614,16,41,10,14,41.979600306,-87.832726334,2023
13309528,JG541947,2023-12-15 11:10:00.000000 UTC,085XX W CATALPA AVE,CRIMINAL DAMAGE,TO VEHICLE,ALLEY,false,false,1614,16,41,76,14,41.979249906,-87.839897098,2023
13009653,JG184863,2023-03-10 19:00:00.000000 UTC,054XX N EAST RIVER RD,CRIMINAL DAMAGE,TO VEHICLE,STREET,false,false,1614,16,41,76,14,41.977968974,-87.846468041,2023
13078305,JG266718,2023-05-17 11:20:00.000000 UTC,087XX W HIGGINS RD,CRIMINAL DAMAGE,TO VEHICLE,PARKING LOT / GARAGE (NON RESIDENTIAL),false,false,1614,16,41,76,14,41.987404624,-87.843494002,2023
13153125,JG355653,2023-07-03 02:55:00.000000 UTC,054XX N LAPORTE AVE,THEFT,OVER $500,STREET,false,false,1621,16,39,12,06,41.98087765,-87.752049281,2023
13289049,JG518271,2023-11-23 13:00:00.000000 UTC,066XX N CHICORA AVE,THEFT,$500 AND UNDER,STREET,false,false,1621,16,45,12,06,42.001912844,-87.76984495,2023
13321145,JG557066,2023-12-27 23:00:00.000000 UTC,063XX W ESTES AVE,THEFT,$500 AND UNDER,STREET,false,false,1621,16,45,12,06,42.010141262,-87.785425221,2023
13021644,JG199156,2023-03-25 22:49:00.000000 UTC,056XX N MILWAUKEE AVE,ROBBERY,ARMED - KNIFE / CUTTING INSTRUMENT,ATM (AUTOMATIC TELLER MACHINE),false,false,1622,16,45,11,03,41.984676203,-87.77595917,2023
13205678,JG418223,2023-09-10 00:51:00.000000 UTC,049XX N AUSTIN AVE,BATTERY,SIMPLE,APARTMENT,false,true,1622,16,45,11,08B,41.970842909,-87.778275137,2023
13055315,JG238961,2023-04-27 07:50:00.000000 UTC,056XX N MC VICKER AVE,BATTERY,SIMPLE,SCHOOL - PUBLIC GROUNDS,true,false,1622,16,45,10,08B,41.983588891,-87.779234753,2023
13190850,JG400574,2023-08-28 04:00:00.000000 UTC,049XX N MELVINA AVE,BATTERY,SIMPLE,RESIDENCE,false,false,1622,16,45,11,08B,41.970836089,-87.783129241,2023
13049871,JG232714,2023-04-21 22:30:00.000000 UTC,058XX N MARMORA AVE,BATTERY,DOMESTIC BATTERY SIMPLE,APARTMENT,true,true,1622,16,45,11,08B,41.98652633,-87.774376115,2023
13161342,JG365618,2023-08-02 00:25:00.000000 UTC,056XX N MANGO AVE,BATTERY,DOMESTIC BATTERY SIMPLE,RESIDENCE,true,true,1622,16,45,11,08B,41.983660584,-87.771962639,2023
13007307,JG182194,2023-03-11 18:08:00.000000 UTC,063XX W MONTROSE AVE,ASSAULT,SIMPLE,STREET,false,false,1622,16,38,15,08A,41.960230099,-87.786080959,2023
13121302,JG318152,2023-06-25 12:00:00.000000 UTC,048XX N MOBILE AVE,ASSAULT,SIMPLE,RESIDENCE - YARD (FRONT / BACK),false,false,1622,16,45,11,08A,41.969162854,-87.785577953,2023
13253797,JG476117,2023-10-23 21:00:00.000000 UTC,049XX N MOODY AVE,THEFT,OVER $500,STREET,false,false,1622,16,45,11,06,41.97123634,-87.781901245,2023
13321264,JG557023,2023-12-28 02:14:00.000000 UTC,053XX N NORTHWEST HWY,THEFT,OVER $500,VEHICLE - COMMERCIAL,false,false,1622,16,45,11,06,41.977502807,-87.772568377,2023
13159937,JG363959,2023-07-31 19:38:00.000000 UTC,058XX N MERRIMAC AVE,THEFT,OVER $500,STREET,false,false,1622,16,45,10,06,41.987579962,-87.784011322,2023
13080525,JG269699,2023-05-21 22:32:00.000000 UTC,050XX N MENARD AVE,THEFT,ATTEMPT THEFT,STREET,false,false,1622,16,45,11,06,41.972449275,-87.773395992,2023
13251836,JG473617,2023-10-18 10:00:00.000000 UTC,053XX N NORTHWEST HWY,THEFT,FROM BUILDING,COMMERCIAL / BUSINESS OFFICE,false,false,1622,16,45,11,06,41.978098009,-87.773633372,2023
13022354,JG199356,2023-03-25 16:00:00.000000 UTC,057XX N MANGO AVE,CRIMINAL DAMAGE,TO VEHICLE,STREET,false,false,1622,16,45,11,14,41.985773384,-87.771914653,2023
13149384,JG351524,2023-07-22 12:25:00.000000 UTC,048XX W STRONG ST,BATTERY,AGGRAVATED - HANDGUN,ALLEY,true,false,1623,16,45,12,04B,41.970752206,-87.748938422,2023
13315875,JG550666,2023-12-22 11:57:00.000000 UTC,049XX W MONTROSE AVE,BATTERY,DOMESTIC BATTERY SIMPLE,APARTMENT,false,true,1623,16,45,15,08B,41.960688211,-87.75036504,2023
12977593,JG146155,2023-02-09 09:05:00.000000 UTC,056XX W GOODMAN ST,BATTERY,DOMESTIC BATTERY SIMPLE,APARTMENT,false,true,1623,16,45,11,08B,41.971345985,-87.7672167,2023
13230135,JG447571,2023-10-02 08:03:00.000000 UTC,052XX N LUDLAM AVE,ASSAULT,SIMPLE,RESIDENCE,false,false,1623,16,45,11,08A,41.976919898,-87.765082106,2023
13312616,JG546916,2023-12-18 16:00:00.000000 UTC,052XX W GIDDINGS ST,THEFT,OVER $500,STREET,false,false,1623,16,45,15,06,41.966842474,-87.758328635,2023
13137868,JG337588,2023-07-11 17:00:00.000000 UTC,052XX N LUNA AVE,THEFT,OVER $500,STREET,false,false,1623,16,45,11,06,41.977073201,-87.767228499,2023
13157226,JG360896,2023-07-29 06:11:00.000000 UTC,052XX N LONG AVE,THEFT,OVER $500,STREET,false,false,1623,16,45,11,06,41.975492478,-87.762781602,2023
13191014,JG400796,2023-08-28 04:53:00.000000 UTC,052XX N LUDLAM AVE,THEFT,OVER $500,STREET,false,false,1623,16,45,11,06,41.976919898,-87.765082106,2023
13228112,JG445068,2023-09-30 13:00:00.000000 UTC,050XX W WINNEMAC AVE,THEFT,$500 AND UNDER,STREET,false,false,1623,16,45,12,06,41.972525901,-87.753452768,2023
13346316,JH124713,2023-11-22 14:15:00.000000 UTC,053XX N ELSTON AVE,THEFT,$500 AND UNDER,COMMERCIAL / BUSINESS OFFICE,false,false,1623,16,45,11,06,41.978283058,-87.756684755,2023
13073660,JG261630,2023-05-14 12:00:00.000000 UTC,047XX N LARAMIE AVE,THEFT,FROM BUILDING,APARTMENT,false,false,1623,16,45,15,06,41.967349667,-87.757684257,2023
13246765,JG467483,2023-10-14 12:00:00.000000 UTC,048XX W AINSLIE ST,CRIMINAL DAMAGE,TO PROPERTY,APARTMENT,false,true,1623,16,45,12,14,41.969842081,-87.748586371,2023
13002111,JG175879,2023-03-05 18:00:00.000000 UTC,053XX W GIDDINGS ST,CRIMINAL DAMAGE,TO PROPERTY,CHURCH / SYNAGOGUE / PLACE OF WORSHIP,false,false,1623,16,45,15,14,41.966350912,-87.760454711,2023
13126980,JG324907,2023-07-02 00:01:00.000000 UTC,048XX W AINSLIE ST,CRIMINAL DAMAGE,TO PROPERTY,APARTMENT,false,true,1623,16,45,12,14,41.969842081,-87.748586371,2023
13142502,JG343173,2023-07-15 15:00:00.000000 UTC,056XX N ELSTON AVE,CRIMINAL DAMAGE,TO PROPERTY,RESTAURANT,false,false,1623,16,45,11,14,41.983884421,-87.766138309,2023
13186238,JG395179,2023-08-23 23:30:00.000000 UTC,045XX N MILWAUKEE AVE,CRIMINAL DAMAGE,TO VEHICLE,PARKING LOT / GARAGE (NON RESIDENTIAL),false,false,1623,16,45,15,14,41.96408297,-87.757467311,2023
13277565,JG504628,2023-11-15 02:05:00.000000 UTC,040XX N MENARD AVE,BATTERY,SIMPLE,SIDEWALK,false,false,1624,16,38,15,08B,41.953613963,-87.771906541,2023
13295916,JG526625,2023-12-03 01:20:00.000000 UTC,048XX W HUTCHINSON ST,BATTERY,SIMPLE,RESIDENCE - PORCH / HALLWAY,false,false,1624,16,45,15,08B,41.957968062,-87.748621405,2023
13176115,JG383049,2023-08-14 20:15:00.000000 UTC,041XX N NARRAGANSETT AVE,BATTERY,AGGRAVATED DOMESTIC BATTERY - OTHER DANGEROUS WEAPON,APARTMENT,false,true,1624,16,38,15,04B,41.955553908,-87.786646695,2023
13121308,JG318159,2023-06-27 02:55:00.000000 UTC,052XX W PENSACOLA AVE,THEFT,OVER $500,VEHICLE NON-COMMERCIAL,false,false,1624,16,45,15,06,41.959679926,-87.758297439,2023
12967385,JG133448,2023-01-26 14:55:00.000000 UTC,053XX W CULLOM AVE,THEFT,$500 AND UNDER,RESIDENCE - PORCH / HALLWAY,false,false,1624,16,45,15,06,41.958732521,-87.760912672,2023
13122947,JG319931,2023-06-28 17:54:00.000000 UTC,040XX N CICERO AVE,THEFT,RETAIL THEFT,DRUG STORE,false,false,1624,16,45,15,06,41.954698652,-87.747338823,2023
13289383,JG518644,2023-11-26 22:00:00.000000 UTC,035XX N OLCOTT AVE,BATTERY,DOMESTIC BATTERY SIMPLE,RESIDENCE,false,true,1631,16,38,17,08B,41.944016567,-87.814298809,2023
13278423,JG504676,2023-11-02 18:04:00.000000 UTC,033XX N Oriole Ave,THEFT,OVER $500,APARTMENT,false,false,1631,16,38,17,06,41.940495175,-87.816609892,2023
13167898,JG372742,2023-08-01 22:00:00.000000 UTC,039XX N OCTAVIA AVE,THEFT,OVER $500,STREET,false,false,1631,16,38,17,06,41.951489893,-87.809642939,2023
13002979,JG176809,2023-03-07 08:29:00.000000 UTC,035XX N PONTIAC AVE,THEFT,$500 AND UNDER,DRIVEWAY - RESIDENTIAL,false,false,1631,16,38,17,06,41.943598082,-87.835051775,2023
12974945,JG142752,2023-02-06 13:30:00.000000 UTC,074XX W ADDISON ST,CRIMINAL DAMAGE,CRIMINAL DEFACEMENT,OTHER (SPECIFY),false,false,1631,16,38,17,14,41.945164879,-87.812146484,2023
13067038,JG237853,2023-04-25 14:00:00.000000 UTC,032XX N PONTIAC AVE,CRIMINAL DAMAGE,TO PROPERTY,APARTMENT,false,false,1631,16,38,17,14,41.938045457,-87.834808319,2023
13218029,JG433127,2023-07-20 00:00:00.000000 UTC,072XX W BELMONT AVE,CRIMINAL DAMAGE,TO VEHICLE,ALLEY,false,false,1631,16,29,17,14,41.937988085,-87.808389839,2023
12941534,JG103667,2023-01-04 01:40:00.000000 UTC,036XX N PARIS AVE,CRIMINAL DAMAGE,TO VEHICLE,STREET,false,false,1631,16,38,17,14,41.945772871,-87.830329728,2023
12990494,JG161214,2023-02-17 23:00:00.000000 UTC,037XX N HARLEM AVE,BATTERY,AGGRAVATED - OTHER DANGEROUS WEAPON,APARTMENT,false,false,1632,16,38,17,04B,41.947757071,-87.807092952,2023
13060206,JG230535,2023-04-18 11:30:00.000000 UTC,038XX N NEW ENGLAND AVE,BATTERY,SIMPLE,SCHOOL - PUBLIC BUILDING,false,false,1632,16,38,17,08B,41.949517926,-87.798575692,2023
13127275,JG325156,2023-07-02 18:50:00.000000 UTC,064XX W BERTEAU AVE,BATTERY,SIMPLE,APARTMENT,false,false,1632,16,38,17,08B,41.956565191,-87.786943201,2023
13065275,JG251325,2023-05-07 12:40:00.000000 UTC,068XX W IRVING PARK RD,ASSAULT,SIMPLE,STREET,false,false,1632,16,38,17,08A,41.952743442,-87.797037785,2023
13219392,JG435017,2023-09-21 23:00:00.000000 UTC,035XX N NAGLE AVE,THEFT,OVER $500,STREET,false,false,1632,16,38,17,06,41.944433004,-87.787520977,2023
13244758,JG465292,2023-10-16 00:56:00.000000 UTC,035XX N NEWCASTLE AVE,THEFT,OVER $500,APARTMENT,false,false,1632,16,38,17,06,41.944547035,-87.797161617,2023
13093906,JG285581,2023-06-02 18:30:00.000000 UTC,064XX W IRVING PARK RD,THEFT,RETAIL THEFT,SMALL RETAIL STORE,false,false,1632,16,38,17,06,41.952899941,-87.787735495,2023
13290631,JG520160,2023-11-27 19:00:00.000000 UTC,036XX N NEWLAND AVE,CRIMINAL DAMAGE,TO VEHICLE,STREET,false,false,1632,16,38,17,14,41.946010334,-87.799652631,2023
13322772,JG558172,2023-12-28 20:20:00.000000 UTC,065XX W IRVING PARK RD,CRIMINAL DAMAGE,TO VEHICLE,PARKING LOT / GARAGE (NON RESIDENTIAL),false,false,1632,16,38,17,14,41.952866977,-87.789463625,2023
13173824,JG380380,2023-08-12 22:20:00.000000 UTC,054XX W IRVING PARK RD,BATTERY,SIMPLE,COMMERCIAL / BUSINESS OFFICE,false,false,1633,16,30,15,08B,41.953231861,-87.762866213,2023
12974102,JG142132,2023-02-06 00:27:00.000000 UTC,055XX W SCHOOL ST,BATTERY,DOMESTIC BATTERY SIMPLE,APARTMENT,true,true,1633,16,30,15,08B,41.940423951,-87.764950486,2023
13072479,JG260119,2023-05-14 09:54:00.000000 UTC,057XX W ROSCOE ST,BATTERY,DOMESTIC BATTERY SIMPLE,RESIDENCE,false,true,1633,16,30,15,08B,41.942190533,-87.769819748,2023
13189319,JG398910,2023-08-26 14:00:00.000000 UTC,055XX W SCHOOL ST,BATTERY,DOMESTIC BATTERY SIMPLE,RESIDENCE,false,true,1633,16,30,15,08B,41.940423441,-87.764847575,2023
13096847,JG288964,2023-06-05 10:45:00.000000 UTC,055XX W SCHOOL ST,ASSAULT,AGGRAVATED - OTHER DANGEROUS WEAPON,RESIDENCE,false,false,1633,16,30,15,04A,41.940423951,-87.764950486,2023
13099869,JG292621,2023-06-08 02:35:00.000000 UTC,060XX W ADDISON ST,ASSAULT,SIMPLE,SIDEWALK,false,false,1633,16,30,17,08A,41.945752827,-87.778331086,2023
13199044,JG410194,2023-09-04 02:04:00.000000 UTC,056XX W BELMONT AVE,ASSAULT,SIMPLE,BAR OR TAVERN,false,false,1633,16,30,15,08A,41.938572513,-87.766800977,2023
13269014,JG494868,2023-11-06 08:30:00.000000 UTC,032XX N CENTRAL AVE,THEFT,OVER $500,PARKING LOT / GARAGE (NON RESIDENTIAL),false,false,1633,16,30,15,06,41.939012917,-87.766514067,2023
12991285,JG162593,2023-02-22 17:00:00.000000 UTC,055XX W CORNELIA AVE,THEFT,OVER $500,STREET,false,false,1633,16,36,15,06,41.944067646,-87.765377595,2023
13088204,JG278404,2023-05-26 20:00:00.000000 UTC,062XX W MELROSE ST,THEFT,OVER $500,STREET,false,false,1633,16,30,17,06,41.939287178,-87.7822648,2023
13092641,JG283848,2023-06-01 05:00:00.000000 UTC,057XX W HENDERSON ST,THEFT,OVER $500,STREET,false,false,1633,16,30,15,06,41.941269759,-87.770081472,2023
13147031,JG348636,2023-07-19 18:00:00.000000 UTC,056XX W HENDERSON ST,THEFT,OVER $500,VEHICLE NON-COMMERCIAL,false,false,1633,16,30,15,06,41.941297445,-87.767897917,2023
13096514,JG288566,2023-06-02 19:30:00.000000 UTC,059XX W GRACE ST,THEFT,$500 AND UNDER,STREET,false,false,1633,16,38,15,06,41.94943094,-87.775112025,2023
13105220,JG298940,2023-06-13 05:30:00.000000 UTC,060XX W BELMONT AVE,THEFT,PURSE-SNATCHING,CTA BUS STOP,false,false,1633,16,30,17,06,41.9384404,-87.776821406,2023
13213276,JG427500,2023-09-17 05:50:00.000000 UTC,035XX N CENTRAL AVE,CRIMINAL DAMAGE,TO PROPERTY,SMALL RETAIL STORE,false,false,1633,16,30,15,14,41.945361403,-87.766737201,2023
13116181,JG310656,2023-06-22 01:36:00.000000 UTC,057XX W ADDISON ST,CRIMINAL DAMAGE,TO PROPERTY,APARTMENT,false,false,1633,16,30,15,14,41.94584324,-87.769850072,2023
13181121,JG389066,2023-08-18 20:00:00.000000 UTC,060XX W GRACE ST,CRIMINAL DAMAGE,TO PROPERTY,RESIDENCE - GARAGE,false,false,1633,16,38,17,14,41.949397448,-87.777825259,2023
13073148,JG260938,2023-05-15 05:15:00.000000 UTC,057XX W GRACE ST,CRIMINAL DAMAGE,TO VEHICLE,STREET,false,false,1633,16,38,15,14,41.949485289,-87.770505424,2023
13239969,JG458744,2023-10-10 15:10:00.000000 UTC,032XX N LECLAIRE AVE,BATTERY,SIMPLE,STREET,false,false,1634,16,31,15,08B,41.939898633,-87.754281422,2023
13294289,JG524375,2023-12-01 11:10:00.000000 UTC,038XX N LARAMIE AVE,BATTERY,DOMESTIC BATTERY SIMPLE,STREET,true,true,1634,16,30,15,08B,41.950919751,-87.757074821,2023
12945976,JG108719,2023-01-08 14:25:00.000000 UTC,035XX N CICERO AVE,BATTERY,DOMESTIC BATTERY SIMPLE,APARTMENT,true,true,1634,16,31,15,08B,41.944875533,-87.747031797,2023
13264990,JG489825,2023-11-02 20:00:00.000000 UTC,053XX W SCHOOL ST,THEFT,OVER $500,STREET,false,false,1634,16,31,15,06,41.940480254,-87.760267322,2023
13320741,JG555809,2023-12-14 21:00:00.000000 UTC,051XX W ROSCOE ST,THEFT,OVER $500,ALLEY,false,false,1634,16,31,15,06,41.94237028,-87.755192678,2023
13085793,JG275674,2023-05-25 15:30:00.000000 UTC,033XX N LAMON AVE,THEFT,$500 AND UNDER,STREET,false,false,1634,16,31,15,06,41.940944166,-87.74940181,2023
13141378,JG341964,2023-07-14 01:00:00.000000 UTC,051XX W BELMONT AVE,THEFT,$500 AND UNDER,PARKING LOT / GARAGE (NON RESIDENTIAL),false,false,1634,16,31,15,06,41.938722006,-87.754953649,2023
13021039,JG197337,2023-03-15 12:30:00.000000 UTC,048XX W BERENICE AVE,CRIMINAL DAMAGE,TO PROPERTY,RESIDENCE,false,false,1634,16,30,15,14,41.950653984,-87.748475037,2023
13177377,JG383455,2023-08-14 13:00:00.000000 UTC,100XX W BALMORAL AVE,THEFT,OVER $500,AIRPORT EXTERIOR - NON-SECURE AREA,false,false,1650,16,41,76,06,41.976182125,-87.876421145,2023
13122828,JG320006,2023-06-28 18:54:00.000000 UTC,0000X W TERMINAL ST,BATTERY,SIMPLE,AIRPORT TERMINAL UPPER LEVEL - SECURE AREA,true,false,1651,16,41,76,08B,41.979006297,-87.906463155,2023
13175416,JG381299,2023-08-13 15:22:00.000000 UTC,0000X W TERMINAL ST,BATTERY,SIMPLE,AIRPORT TERMINAL LOWER LEVEL - NON-SECURE AREA,false,false,1651,16,41,76,08B,41.979006297,-87.906463155,2023
13215549,JG430320,2023-08-01 17:00:00.000000 UTC,100XX W OHARE ST,THEFT,OVER $500,AIRPORT TRANSPORTATION SYSTEM (ATS),false,false,1651,16,41,76,06,41.976290414,-87.905227221,2023
13052018,JG235258,2023-04-07 17:15:00.000000 UTC,100XX W OHARE ST,THEFT,OVER $500,AIRPORT TERMINAL UPPER LEVEL - SECURE AREA,false,false,1651,16,41,76,06,41.976290414,-87.905227221,2023
13260266,JG483719,2023-10-29 18:00:00.000000 UTC,0000X W TERMINAL ST,BATTERY,SIMPLE,AIRCRAFT,false,false,1653,16,41,76,08B,41.976762981,-87.900983721,2023
13318617,JG554127,2023-12-25 12:15:00.000000 UTC,0000X W TERMINAL ST,BATTERY,SIMPLE,AIRPORT TERMINAL UPPER LEVEL - NON-SECURE AREA,false,false,1653,16,41,76,08B,41.976762981,-87.900983721,2023
13195671,JG406401,2023-08-31 12:00:00.000000 UTC,0000X W TERMINAL ST,THEFT,OVER $500,AIRPORT TERMINAL UPPER LEVEL - SECURE AREA,false,false,1653,16,41,76,06,41.976762981,-87.900983721,2023
13076801,JG264648,2023-05-17 18:20:00.000000 UTC,0000X W TERMINAL ST,THEFT,$500 AND UNDER,AIRPORT TERMINAL LOWER LEVEL - SECURE AREA,false,false,1653,16,41,76,06,41.976762981,-87.900983721,2023
13282219,JG509715,2023-11-18 18:20:00.000000 UTC,0000X W OHARE ST,BATTERY,SIMPLE,AIRPORT TERMINAL UPPER LEVEL - SECURE AREA,false,false,1654,16,41,76,08B,41.985157942,-87.893868581,2023
13196490,JG407115,2023-09-01 16:58:00.000000 UTC,005XX W OHARE ST,BATTERY,SIMPLE,AIRPORT PARKING LOT,false,false,1654,16,41,76,08B,41.980435794,-87.886920464,2023
13049902,JG232770,2023-04-21 23:37:00.000000 UTC,0000X W TERMINAL ST,BATTERY,AGGRAVATED - OTHER DANGEROUS WEAPON,AIRPORT TERMINAL UPPER LEVEL - SECURE AREA,false,false,1655,16,41,76,04B,41.974861952,-87.890372151,2023
13031861,JG208822,2023-04-02 20:30:00.000000 UTC,0000X W TERMINAL ST,BATTERY,SIMPLE,AIRPORT TERMINAL UPPER LEVEL - NON-SECURE AREA,false,false,1655,16,41,76,08B,41.974861952,-87.890372151,2023
12986299,JG155958,2023-02-17 11:43:00.000000 UTC,0000X W TERMINAL ST,ASSAULT,"PROTECTED EMPLOYEE - HANDS, FISTS, FEET, NO / MINOR INJURY",AIRPORT TERMINAL LOWER LEVEL - NON-SECURE AREA,false,false,1655,16,41,76,08A,41.974861952,-87.890372151,2023
13215339,JG429123,2023-09-18 07:30:00.000000 UTC,0000X W TERMINAL ST,THEFT,RETAIL THEFT,AIRPORT BUILDING NON-TERMINAL - NON-SECURE AREA,false,false,1655,16,41,76,06,41.974861952,-87.890372151,2023
13265340,JG490006,2023-11-03 14:47:00.000000 UTC,061XX N LINCOLN AVE,BATTERY,SIMPLE,SMALL RETAIL STORE,false,false,1711,17,50,13,08B,41.994019837,-87.713281946,2023
13170736,JG376744,2023-08-10 03:30:00.000000 UTC,056XX N CHRISTIANA AVE,BATTERY,SIMPLE,APARTMENT,false,false,1711,17,39,13,08B,41.983810253,-87.712557135,2023
13274436,JG500216,2023-11-11 13:34:00.000000 UTC,056XX N ST LOUIS AVE,BATTERY,DOMESTIC BATTERY SIMPLE,APARTMENT,false,true,1711,17,39,13,08B,41.983648896,-87.716222029,2023
13011493,JG186669,2023-03-15 13:45:00.000000 UTC,058XX N ROGERS AVE,BATTERY,DOMESTIC BATTERY SIMPLE,RESIDENCE,false,true,1711,17,39,13,08B,41.986537802,-87.737906581,2023
13043416,JG224868,2023-04-15 18:15:00.000000 UTC,056XX N ST LOUIS AVE,BATTERY,DOMESTIC BATTERY SIMPLE,APARTMENT,false,true,1711,17,39,13,08B,41.983648896,-87.716222029,2023
13081357,JG270760,2023-05-22 16:37:00.000000 UTC,056XX N ST LOUIS AVE,BATTERY,DOMESTIC BATTERY SIMPLE,APARTMENT,false,true,1711,17,39,13,08B,41.983648896,-87.716222029,2023
13201497,JG413398,2023-09-06 11:15:00.000000 UTC,059XX N CENTRAL PARK AVE,BATTERY,DOMESTIC BATTERY SIMPLE,RESIDENCE,false,true,1711,17,39,13,08B,41.988956425,-87.718826534,2023
13254311,JG476742,2023-10-24 14:59:00.000000 UTC,056XX N PULASKI RD,ASSAULT,AGGRAVATED - HANDGUN,STREET,false,false,1711,17,39,13,04A,41.983200765,-87.72844104,2023
13211620,JG425538,2023-09-13 05:30:00.000000 UTC,060XX N KIRKWOOD AVE,THEFT,OVER $500,STREET,false,false,1711,17,39,12,06,41.991499288,-87.742682846,2023
13289732,JG519170,2023-11-21 22:00:00.000000 UTC,043XX W DEVON AVE,THEFT,OVER $500,RESIDENCE,false,false,1711,17,39,12,06,41.997193307,-87.737866123,2023
12959590,JG124396,2023-01-21 03:00:00.000000 UTC,061XX N KIMBALL AVE,THEFT,OVER $500,STREET,false,false,1711,17,50,13,06,41.992520188,-87.714054283,2023
13033093,JG212580,2023-04-05 22:50:00.000000 UTC,061XX N LINCOLN AVE,THEFT,RETAIL THEFT,DEPARTMENT STORE,false,false,1711,17,50,13,06,41.99313112,-87.711833853,2023
13283524,JG511686,2023-11-20 14:23:00.000000 UTC,055XX N KEDZIE AVE,ROBBERY,ARMED - HANDGUN,ALLEY,false,false,1712,17,39,13,03,41.981767559,-87.708829166,2023
13189774,JG399277,2023-08-27 00:56:00.000000 UTC,035XX W LAWRENCE AVE,BATTERY,AGGRAVATED - KNIFE / CUTTING INSTRUMENT,STREET,false,false,1712,17,33,14,04B,41.968359643,-87.717513213,2023
13324064,JG560509,2023-12-31 04:37:00.000000 UTC,039XX W LAWRENCE AVE,BATTERY,SIMPLE,SIDEWALK,false,false,1712,17,33,14,08B,41.968249403,-87.72722196,2023
12940389,JG102411,2023-01-03 01:00:00.000000 UTC,048XX N MONTICELLO AVE,BATTERY,SIMPLE,RESIDENCE,false,false,1712,17,35,14,08B,41.969050825,-87.719495921,2023
12999881,JG172914,2023-03-03 15:00:00.000000 UTC,035XX W LAWRENCE AVE,BATTERY,SIMPLE,SMALL RETAIL STORE,false,false,1712,17,33,14,08B,41.968359071,-87.717406581,2023
13076487,JG264722,2023-05-17 20:19:00.000000 UTC,048XX N AVERS AVE,BATTERY,SIMPLE,ALLEY,false,false,1712,17,39,14,08B,41.969241747,-87.724428905,2023
13170137,JG375909,2023-08-09 12:30:00.000000 UTC,050XX N HARDING AVE,ASSAULT,AGGRAVATED - KNIFE / CUTTING INSTRUMENT,STREET,false,false,1712,17,39,14,04A,41.972452015,-87.726935732,2023
13248685,JG469841,2023-10-19 10:36:00.000000 UTC,031XX W FOSTER AVE,ASSAULT,SIMPLE,RESTAURANT,true,false,1712,17,39,13,08A,41.975753134,-87.707979566,2023
13262046,JG485982,2023-10-30 15:00:00.000000 UTC,049XX N PULASKI RD,ASSAULT,SIMPLE,SMALL RETAIL STORE,false,false,1712,17,39,14,08A,41.97070461,-87.728099622,2023
13202495,JG414497,2023-09-07 06:35:00.000000 UTC,049XX N MONTICELLO AVE,THEFT,OVER $500,ALLEY,false,false,1712,17,33,14,06,41.97090893,-87.71954795,2023
13202725,JG414792,2023-09-07 09:35:00.000000 UTC,047XX W FOSTER AVE,THEFT,OVER $500,PARKING LOT / GARAGE (NON RESIDENTIAL),false,false,1712,17,39,14,06,41.975368932,-87.74590268,2023
13295713,JG525844,2023-12-01 20:00:00.000000 UTC,048XX N KOSTNER AVE,THEFT,OVER $500,STREET,false,false,1712,17,39,14,06,41.968587997,-87.737911972,2023
13114535,JG310196,2023-06-21 16:00:00.000000 UTC,040XX W FOSTER AVE,THEFT,OVER $500,PARKING LOT / GARAGE (NON RESIDENTIAL),false,false,1712,17,39,13,06,41.97551745,-87.729569215,2023
13199868,JG411472,2023-09-01 09:00:00.000000 UTC,049XX N LAWNDALE AVE,THEFT,OVER $500,STREET,false,false,1712,17,33,14,06,41.970841341,-87.720765786,2023
13225029,JG441347,2023-09-27 14:19:00.000000 UTC,050XX N KOLMAR AVE,THEFT,$500 AND UNDER,RESIDENCE - YARD (FRONT / BACK),false,false,1712,17,39,14,06,41.972044657,-87.743024424,2023
13256553,JG479256,2023-10-26 10:30:00.000000 UTC,048XX N KARLOV AVE,THEFT,$500 AND UNDER,STREET,false,false,1712,17,39,14,06,41.968667365,-87.730509072,2023
13267961,JG493671,2023-11-06 10:35:00.000000 UTC,047XX W FOSTER AVE,THEFT,$500 AND UNDER,PARKING LOT / GARAGE (NON RESIDENTIAL),false,false,1712,17,39,14,06,41.975368669,-87.745851197,2023
13070376,JG257509,2023-05-11 11:00:00.000000 UTC,055XX N CHRISTIANA AVE,THEFT,$500 AND UNDER,SCHOOL - PUBLIC BUILDING,false,false,1712,17,39,13,06,41.981757163,-87.712477774,2023
13058776,JG243408,2023-05-01 00:15:00.000000 UTC,040XX W LAWRENCE AVE,THEFT,RETAIL THEFT,SMALL RETAIL STORE,false,false,1712,17,39,14,06,41.968234567,-87.728571616,2023
13124706,JG322125,2023-06-30 11:10:00.000000 UTC,040XX W LAWRENCE AVE,THEFT,RETAIL THEFT,CONVENIENCE STORE,false,false,1712,17,39,14,06,41.968234567,-87.728571616,2023
13127043,JG324996,2023-07-02 16:07:00.000000 UTC,046XX W FOSTER AVE,THEFT,RETAIL THEFT,CONVENIENCE STORE,false,false,1712,17,39,14,06,41.975370278,-87.744023432,2023
12994594,JG166950,2023-02-25 22:30:00.000000 UTC,054XX N BERNARD ST,CRIMINAL DAMAGE,TO PROPERTY,RESIDENCE,false,false,1712,17,39,13,14,41.980156482,-87.714869207,2023
12997846,JG170712,2023-03-01 05:30:00.000000 UTC,050XX N TRIPP AVE,CRIMINAL DAMAGE,TO VEHICLE,STREET,false,false,1712,17,39,14,14,41.972625258,-87.734321997,2023
13164873,JG369832,2023-08-04 21:56:00.000000 UTC,046XX N KEDZIE AVE,ROBBERY,ARMED - HANDGUN,CONVENIENCE STORE,false,false,1713,17,33,14,03,41.965876265,-87.708396068,2023
13138018,JG338028,2023-07-12 13:53:00.000000 UTC,028XX W EASTWOOD AVE,ROBBERY,ATTEMPT ARMED - HANDGUN,STREET,false,false,1713,17,40,14,03,41.965653411,-87.699282956,2023
13288528,JG517605,2023-11-26 00:06:00.000000 UTC,031XX W EASTWOOD AVE,BATTERY,DOMESTIC BATTERY SIMPLE,APARTMENT,false,true,1713,17,33,14,08B,41.965595468,-87.707225849,2023
13280078,JG507643,2023-11-17 09:15:00.000000 UTC,032XX W LAWRENCE AVE,ASSAULT,SIMPLE,STREET,false,false,1713,17,33,14,08A,41.968445442,-87.709010784,2023
13226616,JG443296,2023-09-28 19:30:00.000000 UTC,029XX W WILSON AVE,THEFT,OVER $500,STREET,false,false,1713,17,40,14,06,41.964753595,-87.701325232,2023
13243950,JG464315,2023-10-13 11:09:00.000000 UTC,029XX W LAWRENCE AVE,THEFT,OVER $500,COMMERCIAL / BUSINESS OFFICE,false,false,1713,17,40,14,06,41.968498586,-87.703167247,2023
13045465,JG227010,2023-04-17 04:00:00.000000 UTC,030XX W WILSON AVE,THEFT,OVER $500,STREET,false,false,1713,17,33,14,06,41.964735794,-87.704079443,2023
13176292,JG383204,2023-08-14 18:00:00.000000 UTC,033XX W WILSON AVE,THEFT,$500 AND UNDER,STREET,false,false,1713,17,33,14,06,41.964666662,-87.712551808,2023
13238521,JG457703,2023-10-09 17:00:00.000000 UTC,030XX W LAWRENCE AVE,CRIMINAL DAMAGE,TO PROPERTY,AUTO / BOAT / RV DEALERSHIP,false,false,1713,17,33,14,14,41.968482309,-87.705204557,2023
13238543,JG457842,2023-10-10 01:00:00.000000 UTC,046XX N MANOR AVE,CRIMINAL DAMAGE,TO PROPERTY,RESIDENCE,false,false,1713,17,40,14,14,41.966399807,-87.701268513,2023
13117245,JG313107,2023-06-23 18:09:00.000000 UTC,046XX W MONTROSE AVE,BATTERY,SIMPLE,CTA STATION,false,false,1722,17,39,16,08B,41.960778173,-87.742731337,2023
13069088,JG255933,2023-05-10 22:00:00.000000 UTC,040XX N PULASKI RD,BATTERY,DOMESTIC BATTERY SIMPLE,SIDEWALK,true,true,1722,17,39,16,08B,41.954217687,-87.727634329,2023
13218641,JG433995,2023-09-22 03:05:00.000000 UTC,044XX W MONTROSE AVE,THEFT,OVER $500,STREET,false,false,1722,17,39,16,06,41.960816004,-87.73942561,2023
13225688,JG442220,2023-09-27 21:00:00.000000 UTC,040XX N KOLMAR AVE,THEFT,OVER $500,STREET,false,false,1722,17,45,16,06,41.954250265,-87.741776936,2023
13301856,JG532895,2023-12-01 20:10:00.000000 UTC,040XX N KEYSTONE AVE,THEFT,OVER $500,APARTMENT,false,false,1722,17,39,16,06,41.954333151,-87.729236125,2023
13184171,JG392676,2023-08-19 09:00:00.000000 UTC,043XX N CICERO AVE,THEFT,OVER $500,PARKING LOT / GARAGE (NON RESIDENTIAL),false,false,1722,17,45,15,06,41.959125819,-87.747485772,2023
13288174,JG517296,2023-11-25 17:42:00.000000 UTC,046XX W IRVING PARK RD,THEFT,RETAIL THEFT,DEPARTMENT STORE,false,false,1722,17,45,15,06,41.95347181,-87.743552438,2023
13299799,JG531332,2023-12-05 17:35:00.000000 UTC,046XX W IRVING PARK RD,THEFT,RETAIL THEFT,SMALL RETAIL STORE,false,false,1722,17,45,15,06,41.95347181,-87.743552438,2023
12990176,JG161301,2023-02-21 21:03:00.000000 UTC,046XX W IRVING PARK RD,THEFT,RETAIL THEFT,GROCERY FOOD STORE,false,false,1722,17,45,15,06,41.953443342,-87.744957048,2023
13101514,JG294627,2023-04-11 19:00:00.000000 UTC,041XX W BELLE PLAINE AVE,THEFT,FROM BUILDING,APARTMENT,false,false,1722,17,39,16,06,41.955451519,-87.730038052,2023
13267742,JG493342,2023-11-06 08:47:00.000000 UTC,042XX N CICERO AVE,CRIMINAL DAMAGE,TO PROPERTY,RESTAURANT,false,false,1722,17,45,15,14,41.958252993,-87.747453324,2023
13105786,JG299830,2023-06-13 14:00:00.000000 UTC,047XX W BELLE PLAINE AVE,CRIMINAL DAMAGE,TO PROPERTY,RESIDENCE,false,false,1722,17,45,15,14,41.955486303,-87.746276475,2023
13324574,JG561175,2023-12-24 12:00:00.000000 UTC,040XX N KILBOURN AVE,CRIMINAL DAMAGE,TO VEHICLE,STREET,false,false,1722,17,45,16,14,41.954364671,-87.740547975,2023
13210415,JG423815,2023-09-13 21:00:00.000000 UTC,035XX W MONTROSE AVE,ROBBERY,ARMED - HANDGUN,STREET,false,false,1723,17,33,16,03,41.961077702,-87.717223015,2023
13161608,JG364699,2023-08-01 11:00:00.000000 UTC,041XX N PULASKI RD,BATTERY,"AGGRAVATED - HANDS, FISTS, FEET, NO / MINOR INJURY",SIDEWALK,false,false,1723,17,39,16,08B,41.956007174,-87.72768356,2023
13143111,JG344099,2023-07-16 01:00:00.000000 UTC,041XX N ELSTON AVE,BATTERY,SIMPLE,APARTMENT,false,true,1723,17,39,16,08B,41.957108143,-87.724154713,2023
13067915,JG254434,2023-05-09 19:01:00.000000 UTC,046XX N LAWNDALE AVE,BATTERY,DOMESTIC BATTERY SIMPLE,APARTMENT,true,true,1723,17,33,14,08B,41.965283468,-87.720605765,2023
13228674,JG445757,2023-09-30 23:00:00.000000 UTC,042XX N BERNARD ST,ASSAULT,AGGRAVATED - HANDGUN,APARTMENT,false,false,1723,17,33,16,04A,41.957952614,-87.71426775,2023
12997023,JG169725,2023-02-28 23:26:00.000000 UTC,044XX N PULASKI RD,ASSAULT,AGGRAVATED - OTHER DANGEROUS WEAPON,SMALL RETAIL STORE,false,false,1723,17,35,14,04A,41.961342741,-87.727838934,2023
12990297,JG161422,2023-02-22 03:15:00.000000 UTC,034XX W CULLOM AVE,ASSAULT,SIMPLE,STREET,false,false,1723,17,35,16,08A,41.959309009,-87.713390612,2023
13021975,JG199539,2023-03-26 10:10:00.000000 UTC,037XX W MONTROSE AVE,ASSAULT,SIMPLE,CONVENIENCE STORE,false,false,1723,17,35,16,08A,41.961016635,-87.722227643,2023
13095483,JG287395,2023-06-04 06:30:00.000000 UTC,037XX W SUNNYSIDE AVE,ASSAULT,SIMPLE,APARTMENT,true,true,1723,17,33,14,08A,41.962849658,-87.721176934,2023
13229933,JG446240,2023-10-01 04:00:00.000000 UTC,037XX W WINDSOR AVE,THEFT,OVER $500,APARTMENT,false,true,1723,17,33,14,06,41.96375171,-87.722058108,2023
13119240,JG315214,2023-06-22 15:30:00.000000 UTC,046XX N MONTICELLO AVE,THEFT,OVER $500,STREET,false,false,1723,17,33,14,06,41.965208326,-87.719382052,2023
13195178,JG405402,2023-08-29 14:50:00.000000 UTC,037XX W SUNNYSIDE AVE,THEFT,OVER $500,RESIDENCE - PORCH / HALLWAY,false,false,1723,17,33,14,06,41.962841876,-87.721776334,2023
12949457,JG112808,2023-01-11 06:00:00.000000 UTC,047XX N PULASKI RD,THEFT,$500 AND UNDER,PARKING LOT / GARAGE (NON RESIDENTIAL),false,false,1723,17,39,14,06,41.967935281,-87.728019199,2023
13046205,JG228319,2023-04-18 14:43:00.000000 UTC,044XX N KIMBALL AVE,THEFT,$500 AND UNDER,RESIDENCE - PORCH / HALLWAY,false,false,1723,17,35,14,06,41.962106905,-87.71316862,2023
13077854,JG266380,2023-05-19 07:45:00.000000 UTC,036XX W WILSON AVE,CRIMINAL DAMAGE,TO VEHICLE,STREET,false,false,1723,17,33,14,14,41.964703407,-87.718872126,2023
13174568,JG381190,2023-08-13 14:18:00.000000 UTC,043XX N SPAULDING AVE,ROBBERY,ARMED - HANDGUN,STREET,false,false,1724,17,33,16,03,41.96053196,-87.710676377,2023
13012411,JG187997,2023-03-16 15:31:00.000000 UTC,043XX N WHIPPLE ST,BATTERY,SIMPLE,STREET,false,false,1724,17,33,16,08B,41.960221407,-87.704550357,2023
13151121,JG353598,2023-07-24 07:20:00.000000 UTC,043XX N TROY ST,BATTERY,SIMPLE,STREET,false,false,1724,17,33,16,08B,41.960289652,-87.706994688,2023
13224087,JG440087,2023-09-26 15:05:00.000000 UTC,031XX W SUNNYSIDE AVE,BATTERY,DOMESTIC BATTERY SIMPLE,APARTMENT,false,true,1724,17,33,14,08B,41.963027538,-87.706339132,2023
12965452,JG131815,2023-01-27 16:30:00.000000 UTC,040XX N KEDZIE AVE,ASSAULT,SIMPLE,SMALL RETAIL STORE,false,false,1724,17,33,16,08A,41.954614809,-87.708035521,2023
13264139,JG488708,2023-11-01 22:00:00.000000 UTC,042XX N FRANCISCO AVE,THEFT,OVER $500,VEHICLE NON-COMMERCIAL,false,false,1724,17,33,16,06,41.958299173,-87.700819142,2023
12945319,JG107726,2023-01-07 12:00:00.000000 UTC,045XX N KEDZIE AVE,THEFT,$500 AND UNDER,APARTMENT,false,false,1724,17,33,14,06,41.963589941,-87.708322812,2023
13033185,JG212732,2023-04-06 03:30:00.000000 UTC,042XX N KEDZIE AVE,CRIMINAL DAMAGE,TO PROPERTY,SMALL RETAIL STORE,false,false,1724,17,33,16,14,41.958429921,-87.708156318,2023
13203769,JG415848,2023-09-08 00:00:00.000000 UTC,032XX N PULASKI RD,BATTERY,AGGRAVATED - OTHER DANGEROUS WEAPON,STREET,false,false,1731,17,30,16,04B,41.93932248,-87.727190905,2023
13075228,JG262805,2023-05-16 13:15:00.000000 UTC,036XX N MILWAUKEE AVE,BATTERY,SIMPLE,SCHOOL - PUBLIC GROUNDS,false,false,1731,17,30,16,08B,41.946542477,-87.736084376,2023
13201513,JG413337,2023-09-06 10:10:00.000000 UTC,035XX N CICERO AVE,BATTERY,SIMPLE,ALLEY,false,false,1731,17,30,15,08B,41.945591853,-87.747047289,2023
13038777,JG219037,2023-04-10 20:30:00.000000 UTC,033XX N KEYSTONE AVE,BATTERY,DOMESTIC BATTERY SIMPLE,ALLEY,false,true,1731,17,30,16,08B,41.94118985,-87.728478057,2023
13201177,JG412944,2023-09-05 23:30:00.000000 UTC,034XX N PULASKI RD,BATTERY,DOMESTIC BATTERY SIMPLE,APARTMENT,false,true,1731,17,30,16,08B,41.944386341,-87.727337759,2023
13071076,JG257485,2023-05-10 19:00:00.000000 UTC,041XX W MELROSE ST,THEFT,OVER $500,STREET,false,false,1731,17,30,16,06,41.93996002,-87.730485491,2023
13014294,JG190496,2023-03-18 17:45:00.000000 UTC,039XX N CICERO AVE,THEFT,RETAIL THEFT,DEPARTMENT STORE,false,false,1731,17,45,15,06,41.952184675,-87.74728465,2023
13310250,JG544096,2023-12-17 04:40:00.000000 UTC,033XX N KEATING AVE,CRIMINAL DAMAGE,TO PROPERTY,APARTMENT,false,false,1731,17,30,15,14,41.941614668,-87.745278993,2023
13055025,JG237931,2023-04-26 11:57:00.000000 UTC,038XX N CICERO AVE,CRIMINAL DAMAGE,TO PROPERTY,RESTAURANT,false,false,1731,17,45,15,14,41.950974288,-87.747247947,2023
13284523,JG513039,2023-11-18 02:00:00.000000 UTC,047XX W ROSCOE ST,CRIMINAL DAMAGE,TO VEHICLE,APARTMENT,false,true,1731,17,30,15,14,41.942492987,-87.745848004,2023
13060046,JG244854,2023-05-02 06:45:00.000000 UTC,033XX N HAMLIN AVE,ROBBERY,STRONG ARM - NO WEAPON,TAXICAB,false,false,1732,17,30,21,03,41.941673414,-87.722368272,2023
13203157,JG415111,2023-09-07 14:40:00.000000 UTC,036XX W CORNELIA AVE,BATTERY,SIMPLE,RESIDENCE,false,false,1732,17,30,21,08B,41.944661492,-87.71921164,2023
13080322,JG269261,2023-05-21 15:13:00.000000 UTC,036XX W ADDISON ST,BATTERY,SIMPLE,CTA BUS,false,false,1732,17,30,16,08B,41.946488939,-87.718661096,2023
13190215,JG399895,2023-08-27 14:30:00.000000 UTC,036XX W ADDISON ST,BATTERY,SIMPLE,CTA TRAIN,false,false,1732,17,30,16,08B,41.946488939,-87.718661096,2023
12992959,JG164761,2023-02-24 21:20:00.000000 UTC,038XX N CENTRAL PARK AVE,BATTERY,DOMESTIC BATTERY SIMPLE,APARTMENT,false,true,1732,17,45,16,08B,41.951006447,-87.717735417,2023
12964557,JG130693,2023-01-26 14:50:00.000000 UTC,034XX W ADDISON ST,ASSAULT,AGGRAVATED - HANDGUN,STREET,false,false,1732,17,35,21,04A,41.946562888,-87.713021546,2023
13221957,JG437758,2023-09-23 19:00:00.000000 UTC,038XX N HAMLIN AVE,ASSAULT,SIMPLE,OTHER RAILROAD PROPERTY / TRAIN DEPOT,false,false,1732,17,30,16,08A,41.950555049,-87.722621669,2023
13244981,JG465614,2023-10-13 12:00:00.000000 UTC,037XX W CORNELIA AVE,THEFT,OVER $500,STREET,false,false,1732,17,30,21,06,41.944640221,-87.720880656,2023
12958545,JG123543,2023-01-20 14:00:00.000000 UTC,039XX N LAWNDALE AVE,THEFT,OVER $500,SCHOOL - PUBLIC GROUNDS,false,false,1732,17,45,16,06,41.952389116,-87.720221957,2023
13083945,JG273719,2023-05-23 21:00:00.000000 UTC,033XX N SPRINGFIELD AVE,THEFT,OVER $500,STREET,false,false,1732,17,30,21,06,41.941494269,-87.724806915,2023
13239971,JG459396,2023-10-11 11:30:00.000000 UTC,032XX N KIMBALL AVE,THEFT,RETAIL THEFT,SMALL RETAIL STORE,false,false,1732,17,35,21,06,41.939765481,-87.712517724,2023
13308007,JG540497,2023-12-14 06:14:00.000000 UTC,035XX N KIMBALL AVE,THEFT,RETAIL THEFT,DEPARTMENT STORE,false,false,1732,17,35,21,06,41.945238279,-87.712670479,2023
13005402,JG179606,2023-03-09 14:30:00.000000 UTC,035XX N KIMBALL AVE,THEFT,RETAIL THEFT,DEPARTMENT STORE,true,false,1732,17,35,21,06,41.945238279,-87.712670479,2023
13180954,JG388771,2023-08-19 08:37:00.000000 UTC,032XX N MILWAUKEE AVE,THEFT,RETAIL THEFT,DEPARTMENT STORE,false,false,1732,17,30,21,06,41.939566852,-87.724623088,2023
13088853,JG279234,2023-05-29 03:56:00.000000 UTC,028XX W BYRON ST,BATTERY,DOMESTIC BATTERY SIMPLE,APARTMENT,false,true,1733,17,33,16,08B,41.952144562,-87.699942558,2023
13300003,JG530954,2023-12-06 13:00:00.000000 UTC,038XX N CALIFORNIA AVE,ASSAULT,SIMPLE,NURSING / RETIREMENT HOME,false,false,1733,17,35,16,08A,41.950781768,-87.698151062,2023
13042915,JG224230,2023-04-14 23:00:00.000000 UTC,039XX N MOZART ST,THEFT,OVER $500,STREET,false,false,1733,17,33,16,06,41.952863471,-87.699431792,2023
13148586,JG349781,2023-07-18 11:22:00.000000 UTC,032XX N ELSTON AVE,THEFT,OVER $500,STREET,false,false,1733,17,33,21,06,41.939897744,-87.699060353,2023
13294033,JG524253,2023-11-29 18:59:00.000000 UTC,033XX N TROY ST,THEFT,$500 AND UNDER,STREET,false,false,1733,17,33,21,06,41.941659111,-87.706478684,2023
13264117,JG488597,2023-11-02 13:50:00.000000 UTC,029XX W ADDISON ST,THEFT,RETAIL THEFT,SMALL RETAIL STORE,false,false,1733,17,33,21,06,41.946653043,-87.700875462,2023
12938483,JG100213,2023-01-01 03:18:00.000000 UTC,031XX W IRVING PARK RD,THEFT,RETAIL THEFT,DRUG STORE,false,false,1733,17,33,16,06,41.953924785,-87.707307,2023
13308396,JG538168,2023-06-01 00:00:00.000000 UTC,033XX N ALBANY AVE,CRIMINAL DAMAGE,TO PROPERTY,APARTMENT,false,false,1733,17,33,21,14,41.941561767,-87.705237278,2023
13035708,JG215575,2023-04-08 15:54:00.000000 UTC,029XX W ADDISON ST,CRIMINAL DAMAGE,TO CITY OF CHICAGO PROPERTY,STREET,false,false,1733,17,33,21,14,41.946655301,-87.700787218,2023
13105761,JG299832,2023-06-10 21:36:00.000000 UTC,022XX N SHEFFIELD AVE,ASSAULT,SIMPLE,SCHOOL - PRIVATE GROUNDS,false,false,1811,18,43,7,08A,41.922655899,-87.653519985,2023
13278472,JG504733,2023-11-10 13:30:00.000000 UTC,020XX N Racine Ave,THEFT,$500 AND UNDER,RESIDENCE - PORCH / HALLWAY,false,false,1811,18,43,7,06,41.918913251,-87.65825181,2023
13281189,JG508954,2023-11-17 22:15:00.000000 UTC,022XX N CLIFTON AVE,THEFT,$500 AND UNDER,RESIDENCE,false,false,1811,18,43,7,06,41.922375467,-87.657149706,2023
12993596,JG165685,2023-02-25 14:30:00.000000 UTC,018XX N CLYBOURN AVE,THEFT,RETAIL THEFT,SMALL RETAIL STORE,false,false,1811,18,2,7,06,41.914035604,-87.653868654,2023
13003737,JG177777,2023-03-07 18:45:00.000000 UTC,014XX W SHAKESPEARE AVE,CRIMINAL DAMAGE,TO VEHICLE,STREET,false,false,1811,18,2,7,14,41.920729648,-87.664299129,2023
12943277,JG105757,2023-01-03 14:54:00.000000 UTC,009XX W FULLERTON AVE,BATTERY,SIMPLE,CTA TRAIN,false,false,1812,18,43,7,08B,41.925398601,-87.652337017,2023
13056026,JG240048,2023-04-27 23:40:00.000000 UTC,009XX W FULLERTON AVE,BATTERY,SIMPLE,CTA TRAIN,false,false,1812,18,43,7,08B,41.925398449,-87.652311296,2023
12982033,JG151635,2023-01-31 19:00:00.000000 UTC,022XX N BISSELL ST,THEFT,OVER $500,STREET,false,false,1812,18,43,7,06,41.922308364,-87.652296388,2023
13262898,JG487074,2023-10-28 16:47:00.000000 UTC,009XX W FULLERTON AVE,THEFT,FROM BUILDING,SCHOOL - PRIVATE GROUNDS,false,false,1812,18,43,7,06,41.925400604,-87.652212057,2023
13288378,JG517446,2023-11-25 19:30:00.000000 UTC,022XX N LINCOLN AVE,THEFT,FROM BUILDING,RESTAURANT,false,false,1812,18,43,7,06,41.922642605,-87.644840892,2023
13094452,JG286125,2023-05-26 20:30:00.000000 UTC,017XX N HUDSON AVE,THEFT,OVER $500,STREET,false,false,1813,18,43,7,06,41.913252147,-87.639871718,2023
13144814,JG346106,2023-07-15 13:00:00.000000 UTC,019XX N DAYTON ST,THEFT,OVER $500,STREET,false,false,1813,18,43,7,06,41.916900429,-87.649682747,2023
13109050,JG303525,2023-06-15 21:20:00.000000 UTC,009XX W WILLOW ST,THEFT,$500 AND UNDER,STREET,false,false,1813,18,43,7,06,41.913785825,-87.651082722,2023
13037467,JG217402,2023-04-09 19:00:00.000000 UTC,017XX N CLYBOURN AVE,CRIMINAL DAMAGE,TO VEHICLE,PARKING LOT / GARAGE (NON RESIDENTIAL),false,false,1813,18,2,7,14,41.912616103,-87.651892427,2023
13307779,JG539985,2023-12-13 18:18:00.000000 UTC,018XX N CLARK ST,ASSAULT,SIMPLE,HOTEL / MOTEL,false,false,1814,18,43,7,08A,41.915259074,-87.634136763,2023
13239656,JG457516,2023-10-09 21:26:00.000000 UTC,002XX W NORTH AVE,THEFT,$500 AND UNDER,ATHLETIC CLUB,false,false,1814,18,2,7,06,41.911151209,-87.63598179,2023
13287062,JG515961,2023-11-21 18:00:00.000000 UTC,003XX W CONCORD PL,THEFT,$500 AND UNDER,STREET,false,false,1814,18,2,7,06,41.912103564,-87.637356493,2023
12940515,JG102530,2023-01-03 07:00:00.000000 UTC,002XX W NORTH AVE,THEFT,$500 AND UNDER,OTHER (SPECIFY),false,false,1814,18,2,7,06,41.911148688,-87.636018557,2023
13225143,JG441646,2023-09-27 18:43:00.000000 UTC,021XX N CLARK ST,THEFT,FROM BUILDING,RESTAURANT,false,false,1814,18,43,7,06,41.920762831,-87.637560029,2023
13093727,JG285224,2023-05-23 12:00:00.000000 UTC,018XX N CLARK ST,THEFT,FROM BUILDING,APARTMENT,false,false,1814,18,43,7,06,41.916002784,-87.634591587,2023
13092581,JG283708,2023-05-30 15:20:00.000000 UTC,014XX N HUDSON AVE,BATTERY,SIMPLE,SCHOOL - PUBLIC BUILDING,false,false,1821,18,27,8,08B,41.908185345,-87.639713484,2023
13188385,JG396497,2023-08-24 22:15:00.000000 UTC,015XX N WELLS ST,BATTERY,SIMPLE,SIDEWALK,false,false,1821,18,2,8,08B,41.909924812,-87.634672572,2023
13221786,JG437459,2023-09-24 03:00:00.000000 UTC,013XX N HUDSON AVE,BATTERY,AGGRAVATED DOMESTIC BATTERY - OTHER DANGEROUS WEAPON,STREET,false,true,1821,18,27,8,04B,41.907153315,-87.639680572,2023
12969315,JG136415,2023-01-31 19:24:00.000000 UTC,014XX N SEDGWICK ST,ASSAULT,SIMPLE,SIDEWALK,false,true,1821,18,27,8,08A,41.908430535,-87.638509526,2023
13102406,JG295645,2023-06-09 13:00:00.000000 UTC,013XX N HUDSON AVE,ASSAULT,SIMPLE,SIDEWALK,false,false,1821,18,27,8,08A,41.907153315,-87.639680572,2023
13290970,JG520588,2023-11-25 16:00:00.000000 UTC,015XX N WELLS ST,THEFT,OVER $500,SIDEWALK,false,false,1821,18,2,8,06,41.910292604,-87.634683257,2023
13297085,JG528106,2023-09-01 18:00:00.000000 UTC,012XX N CLARK ST,THEFT,OVER $500,CTA STATION,false,true,1821,18,2,8,06,41.904370109,-87.631460067,2023
13126061,JG323900,2023-06-30 11:00:00.000000 UTC,012XX N CLYBOURN AVE,THEFT,OVER $500,APARTMENT,false,false,1821,18,27,8,06,41.904579871,-87.640696598,2023
12968728,JG133693,2023-01-28 21:00:00.000000 UTC,001XX W GERMANIA PL,THEFT,$500 AND UNDER,STREET,false,false,1821,18,2,8,06,41.910376821,-87.631842473,2023
13016245,JG191851,2023-02-21 17:00:00.000000 UTC,014XX N CLEVELAND AVE,THEFT,$500 AND UNDER,DRIVEWAY - RESIDENTIAL,false,false,1821,18,27,8,06,41.908321653,-87.640928005,2023
12979719,JG148667,2023-02-11 10:45:00.000000 UTC,004XX W DIVISION ST,THEFT,RETAIL THEFT,GROCERY FOOD STORE,false,false,1821,18,27,8,06,41.903775756,-87.639324074,2023
13264448,JG488395,2023-11-02 06:35:00.000000 UTC,003XX W DIVISION ST,THEFT,FROM BUILDING,APARTMENT,false,false,1821,18,2,8,06,41.903824106,-87.636432547,2023
13254630,JG476219,2023-10-22 12:00:00.000000 UTC,004XX W DIVISION ST,CRIMINAL DAMAGE,TO PROPERTY,GROCERY FOOD STORE,false,false,1821,18,27,8,14,41.903775756,-87.639324074,2023
13128273,JG325660,2023-07-02 21:00:00.000000 UTC,014XX N ORLEANS ST,CRIMINAL DAMAGE,TO VEHICLE,STREET,false,false,1821,18,27,8,14,41.908482332,-87.637546451,2023
12975894,JG144104,2023-02-07 14:55:00.000000 UTC,009XX N KINGSBURY ST,ROBBERY,AGGRAVATED,SIDEWALK,false,false,1822,18,27,8,03,41.898680349,-87.643985382,2023
13278307,JG505628,2023-11-15 11:48:00.000000 UTC,006XX W DIVISION ST,ASSAULT,SIMPLE,APARTMENT,false,true,1822,18,27,8,08A,41.903700111,-87.644078325,2023
13204600,JG416988,2023-09-08 19:20:00.000000 UTC,009XX W WEED ST,THEFT,OVER $500,STREET,false,false,1822,18,27,8,06,41.909804314,-87.651606387,2023
13099007,JG291665,2023-06-07 08:30:00.000000 UTC,014XX N LARRABEE ST,THEFT,OVER $500,STREET,false,false,1822,18,27,8,06,41.907408537,-87.643325746,2023
13042323,JG223552,2023-04-14 11:00:00.000000 UTC,011XX N HOWE ST,THEFT,$500 AND UNDER,STREET,false,false,1822,18,27,8,06,41.903013579,-87.644456722,2023
13228390,JG445091,2023-09-26 18:43:00.000000 UTC,015XX N CLYBOURN AVE,THEFT,RETAIL THEFT,DEPARTMENT STORE,false,false,1822,18,27,8,06,41.909289945,-87.647258453,2023
13290306,JG518793,2023-11-24 19:03:00.000000 UTC,015XX N CLYBOURN AVE,THEFT,RETAIL THEFT,DEPARTMENT STORE,false,false,1822,18,27,8,06,41.909289945,-87.647258453,2023
13007247,JG182118,2023-03-11 17:30:00.000000 UTC,009XX W WEED ST,THEFT,RETAIL THEFT,DEPARTMENT STORE,false,false,1822,18,27,8,06,41.909804314,-87.651606387,2023
13010388,JG184826,2023-03-08 18:09:00.000000 UTC,015XX N KINGSBURY ST,THEFT,RETAIL THEFT,SMALL RETAIL STORE,false,false,1822,18,27,8,06,41.910216533,-87.653556471,2023
13306662,JG539756,2023-12-13 15:00:00.000000 UTC,015XX N CLYBOURN AVE,THEFT,FROM BUILDING,RESTAURANT,false,false,1822,18,27,8,06,41.909289945,-87.647258453,2023
13118192,JG314072,2023-06-17 09:30:00.000000 UTC,009XX W WEED ST,CRIMINAL DAMAGE,CRIMINAL DEFACEMENT,SMALL RETAIL STORE,false,false,1822,18,27,8,14,41.909804314,-87.651606387,2023
12965966,JG132131,2023-01-27 22:00:00.000000 UTC,004XX W DIVISION ST,BATTERY,DOMESTIC BATTERY SIMPLE,CHA APARTMENT,false,true,1823,18,27,8,08B,41.90375986,-87.640327096,2023
13047021,JG229264,2023-04-19 10:00:00.000000 UTC,002XX W HILL ST,BATTERY,DOMESTIC BATTERY SIMPLE,RESIDENCE - GARAGE,false,true,1823,18,27,8,08B,41.902094726,-87.634993034,2023
13112710,JG307907,2023-06-19 17:00:00.000000 UTC,002XX W DIVISION ST,ASSAULT,AGGRAVATED - OTHER DANGEROUS WEAPON,STREET,false,false,1823,18,27,8,04A,41.903850204,-87.634856354,2023
13030919,JG210195,2023-04-04 00:30:00.000000 UTC,003XX W DIVISION ST,THEFT,OVER $500,APARTMENT,false,false,1823,18,27,8,06,41.903827966,-87.636164343,2023
13029092,JG208081,2023-04-01 17:00:00.000000 UTC,008XX N FRANKLIN ST,THEFT,$500 AND UNDER,PARKING LOT / GARAGE (NON RESIDENTIAL),false,false,1823,18,2,8,06,41.897930731,-87.63573262,2023
13278103,JG505372,2023-11-14 12:55:00.000000 UTC,008XX N LARRABEE ST,THEFT,FROM BUILDING,APARTMENT,false,false,1823,18,27,8,06,41.898166741,-87.642999162,2023
13078935,JG267912,2023-05-19 08:20:00.000000 UTC,008XX N LARRABEE ST,THEFT,FROM BUILDING,PARKING LOT / GARAGE (NON RESIDENTIAL),false,false,1823,18,27,8,06,41.896893057,-87.642939419,2023
13220204,JG435672,2023-09-21 00:30:00.000000 UTC,0000X E BELLEVUE PL,ROBBERY,ARMED - HANDGUN,SIDEWALK,false,false,1824,18,42,8,03,41.901583214,-87.626740988,2023
13275457,JG501787,2023-11-12 19:30:00.000000 UTC,010XX N CLARK ST,BATTERY,DOMESTIC BATTERY SIMPLE,STREET,false,true,1824,18,2,8,08B,41.900941961,-87.631361699,2023
13283872,JG512191,2023-11-20 20:05:00.000000 UTC,001XX W MAPLE ST,BATTERY,DOMESTIC BATTERY SIMPLE,APARTMENT,false,true,1824,18,27,8,08B,41.901822321,-87.633071176,2023
13041087,JG221909,2023-04-13 14:23:00.000000 UTC,012XX N DEARBORN ST,ASSAULT,SIMPLE,SIDEWALK,true,false,1824,18,2,8,08A,41.904814044,-87.630011517,2023
13192169,JG379292,2023-08-12 01:45:00.000000 UTC,0000X W ELM ST,ASSAULT,SIMPLE,STREET,false,false,1824,18,2,8,08A,41.90316534,-87.629210442,2023
13211856,JG425831,2023-09-15 17:45:00.000000 UTC,010XX N RUSH ST,THEFT,OVER $500,RESTAURANT,false,false,1824,18,42,8,06,41.90178302,-87.627995064,2023
13257011,JG479344,2023-10-25 20:45:00.000000 UTC,0000X E DIVISION ST,THEFT,OVER $500,STREET,false,false,1824,18,2,8,06,41.903955312,-87.627809523,2023
13338552,JH116050,2023-12-23 23:30:00.000000 UTC,0000X W ELM ST,THEFT,OVER $500,VEHICLE NON-COMMERCIAL,false,false,1824,18,2,8,06,41.90316534,-87.629210442,2023
13010840,JG186264,2023-03-14 20:05:00.000000 UTC,0000X E BANKS ST,THEFT,$500 AND UNDER,STREET,false,false,1824,18,43,8,06,41.906802735,-87.626294031,2023
13152815,JG355628,2023-07-23 00:20:00.000000 UTC,0000X W DIVISION ST,THEFT,$500 AND UNDER,RESTAURANT,false,false,1824,18,2,8,06,41.903931469,-87.629290187,2023
13216188,JG430390,2023-09-18 12:39:00.000000 UTC,011XX N STATE ST,THEFT,RETAIL THEFT,SMALL RETAIL STORE,false,false,1824,18,2,8,06,41.902911508,-87.628540999,2023
13055774,JG239464,2023-04-26 10:30:00.000000 UTC,011XX N CLARK ST,THEFT,RETAIL THEFT,DRUG STORE,false,false,1824,18,2,8,06,41.903478069,-87.631433102,2023
13296562,JG527482,2023-12-03 17:00:00.000000 UTC,010XX N RUSH ST,THEFT,FROM BUILDING,RESTAURANT,false,false,1824,18,42,8,06,41.90136194,-87.627797666,2023
13001422,JG174771,2023-03-05 00:01:00.000000 UTC,0000X W ELM ST,THEFT,FROM BUILDING,BAR OR TAVERN,false,false,1824,18,2,8,06,41.90316534,-87.629210442,2023
12949654,JG113040,2023-01-12 04:50:00.000000 UTC,0000X W DIVISION ST,CRIMINAL DAMAGE,TO PROPERTY,COMMERCIAL / BUSINESS OFFICE,false,false,1824,18,2,8,14,41.903919035,-87.630396032,2023
13068037,JG254587,2023-05-09 11:00:00.000000 UTC,0000X W GRAND AVE,ROBBERY,STRONG ARM - NO WEAPON,CTA TRAIN,false,false,1831,18,42,8,03,41.891662431,-87.628466349,2023
13223115,JG439241,2023-09-26 01:40:00.000000 UTC,0000X W HUBBARD ST,BATTERY,AGGRAVATED - OTHER DANGEROUS WEAPON,BAR OR TAVERN,false,false,1831,18,42,8,04B,41.890057206,-87.628491342,2023
13227611,JG444486,2023-09-30 01:18:00.000000 UTC,004XX N CLARK ST,BATTERY,SIMPLE,SIDEWALK,true,false,1831,18,42,8,08B,41.890265219,-87.631089305,2023
13259983,JG483385,2023-10-29 12:15:00.000000 UTC,006XX N WELLS ST,BATTERY,SIMPLE,STREET,true,false,1831,18,42,8,08B,41.894372751,-87.63414057,2023
13176062,JG383034,2023-08-13 01:38:00.000000 UTC,001XX W HUBBARD ST,BATTERY,"PROTECTED EMPLOYEE - HANDS, FISTS, FEET, NO / MINOR INJURY",STREET,false,false,1831,18,42,8,08B,41.890014944,-87.631448294,2023
13104506,JG297259,2023-06-11 16:00:00.000000 UTC,005XX N KINGSBURY ST,BATTERY,DOMESTIC BATTERY SIMPLE,APARTMENT,false,true,1831,18,42,8,08B,41.891162264,-87.639614884,2023
13309379,JG542964,2023-11-18 17:00:00.000000 UTC,003XX N ORLEANS ST,THEFT,OVER $500,STREET,false,false,1831,18,42,8,06,41.888802545,-87.63694841,2023
12951379,JG114912,2023-01-13 05:30:00.000000 UTC,004XX N ORLEANS ST,THEFT,OVER $500,PARKING LOT / GARAGE (NON RESIDENTIAL),false,false,1831,18,42,8,06,41.890180418,-87.636992207,2023
13064122,JG249848,2023-05-06 00:30:00.000000 UTC,004XX N CLARK ST,THEFT,OVER $500,BAR OR TAVERN,false,false,1831,18,42,8,06,41.889751946,-87.631072891,2023
13126950,JG324833,2023-07-02 00:01:00.000000 UTC,001XX W HUBBARD ST,THEFT,OVER $500,RESTAURANT,false,false,1831,18,42,8,06,41.890014944,-87.631448294,2023
13147767,JG349686,2023-07-21 00:15:00.000000 UTC,0000X W ILLINOIS ST,THEFT,OVER $500,HOTEL / MOTEL,false,true,1831,18,42,8,06,41.890828047,-87.630234746,2023
13165840,JG371099,2023-08-05 13:30:00.000000 UTC,0000X W ILLINOIS ST,THEFT,OVER $500,SIDEWALK,false,false,1831,18,42,8,06,41.890831286,-87.63031551,2023
12953910,JG116682,2023-01-14 00:30:00.000000 UTC,003XX W ONTARIO ST,THEFT,$500 AND UNDER,PARKING LOT / GARAGE (NON RESIDENTIAL),false,false,1831,18,42,8,06,41.893163281,-87.636067309,2023
13244238,JG464801,2023-10-15 02:00:00.000000 UTC,006XX N FRANKLIN ST,THEFT,POCKET-PICKING,BAR OR TAVERN,false,false,1831,18,42,8,06,41.893676531,-87.635628328,2023
13249942,JG471480,2023-10-19 23:00:00.000000 UTC,001XX W HUBBARD ST,THEFT,POCKET-PICKING,BAR OR TAVERN,false,false,1831,18,42,8,06,41.890013524,-87.631664996,2023
12993812,JG165348,2023-02-25 01:00:00.000000 UTC,001XX W HUBBARD ST,THEFT,POCKET-PICKING,BAR OR TAVERN,false,false,1831,18,42,8,06,41.890013524,-87.631664996,2023
13126664,JG324320,2023-07-02 00:11:00.000000 UTC,007XX N WELLS ST,THEFT,POCKET-PICKING,GAS STATION,false,false,1831,18,42,8,06,41.896011332,-87.634185138,2023
13136165,JG334799,2023-07-09 00:35:00.000000 UTC,0000X W HUBBARD ST,THEFT,POCKET-PICKING,BAR OR TAVERN,false,false,1831,18,42,8,06,41.890051565,-87.62891376,2023
13167955,JG373301,2023-08-04 23:25:00.000000 UTC,004XX N CLARK ST,THEFT,POCKET-PICKING,RESTAURANT,false,false,1831,18,42,8,06,41.889617465,-87.631070692,2023
13169199,JG374093,2023-08-06 02:30:00.000000 UTC,001XX W HUBBARD ST,THEFT,POCKET-PICKING,BAR OR TAVERN,false,false,1831,18,42,8,06,41.890013524,-87.631664996,2023
13017382,JG193634,2023-03-18 11:45:00.000000 UTC,003XX N State St,THEFT,FROM BUILDING,RESTAURANT,false,false,1831,18,42,8,06,41.888281593,-87.628029756,2023
13317233,JG552504,2023-12-22 23:30:00.000000 UTC,002XX W OHIO ST,CRIMINAL DAMAGE,TO VEHICLE,PARKING LOT / GARAGE (NON RESIDENTIAL),false,false,1831,18,42,8,14,41.892380796,-87.634650776,2023
13273478,JG499776,2023-11-11 04:20:00.000000 UTC,006XX N CLARK ST,BATTERY,SIMPLE,RESTAURANT,false,false,1832,18,42,8,08B,41.892628411,-87.63115524,2023
13007796,JG182666,2023-03-12 09:15:00.000000 UTC,006XX N CLARK ST,ASSAULT,SIMPLE,SMALL RETAIL STORE,false,false,1832,18,42,8,08A,41.893646656,-87.631177143,2023
13028608,JG207432,2023-04-01 15:00:00.000000 UTC,001XX W ONTARIO ST,THEFT,$500 AND UNDER,RESTAURANT,false,false,1832,18,42,8,06,41.893223483,-87.63153437,2023
13071741,JG259049,2023-05-02 17:00:00.000000 UTC,001XX W DELAWARE PL,THEFT,$500 AND UNDER,STREET,false,false,1832,18,2,8,06,41.899258978,-87.631685006,2023
13193340,JG403673,2023-07-23 13:10:00.000000 UTC,0000X W CHICAGO AVE,THEFT,$500 AND UNDER,SIDEWALK,false,false,1832,18,42,8,06,41.896671699,-87.628635323,2023
13293407,JG523592,2023-11-30 16:37:00.000000 UTC,006XX N CLARK ST,THEFT,RETAIL THEFT,SMALL RETAIL STORE,false,false,1832,18,42,8,06,41.893646656,-87.631177143,2023
12962216,JG127639,2023-01-24 10:35:00.000000 UTC,006XX N LA SALLE DR,THEFT,RETAIL THEFT,DEPARTMENT STORE,false,false,1832,18,42,8,06,41.893469034,-87.632648229,2023
13237118,JG456064,2023-10-08 17:00:00.000000 UTC,001XX W ONTARIO ST,THEFT,POCKET-PICKING,RESTAURANT,false,false,1832,18,42,8,06,41.893223483,-87.63153437,2023
13016953,JG193646,2023-03-21 13:44:00.000000 UTC,001XX W ONTARIO ST,THEFT,PURSE-SNATCHING,RESTAURANT,false,false,1832,18,42,8,06,41.893223483,-87.63153437,2023
13255155,JG477621,2023-10-24 18:31:00.000000 UTC,006XX N CLARK ST,CRIMINAL DAMAGE,TO PROPERTY,COMMERCIAL / BUSINESS OFFICE,false,false,1832,18,42,8,14,41.894376732,-87.631194856,2023
13071468,JG258913,2023-04-29 10:00:00.000000 UTC,008XX N STATE ST,CRIMINAL DAMAGE,TO VEHICLE,PARKING LOT / GARAGE (NON RESIDENTIAL),false,false,1832,18,42,8,14,41.898178604,-87.628240424,2023
13191338,JG401193,2023-08-28 12:09:00.000000 UTC,0000X E CHICAGO AVE,BATTERY,"AGGRAVATED P.O. - HANDS, FISTS, FEET, NO / MINOR INJURY",VEHICLE NON-COMMERCIAL,true,false,1833,18,42,8,08B,41.896682864,-87.627772037,2023
13147014,JG348494,2023-07-20 07:39:00.000000 UTC,007XX N WABASH AVE,BATTERY,SIMPLE,SIDEWALK,false,false,1833,18,42,8,08B,41.896114553,-87.626838003,2023
13119583,JG316004,2023-06-25 23:21:00.000000 UTC,0000X E WALTON ST,BATTERY,DOMESTIC BATTERY SIMPLE,HOTEL / MOTEL,false,true,1833,18,42,8,08B,41.899945921,-87.627798561,2023
13216191,JG430103,2023-09-17 19:24:00.000000 UTC,008XX N MICHIGAN AVE,THEFT,$500 AND UNDER,SIDEWALK,false,false,1833,18,42,8,06,41.897050483,-87.624190432,2023
13290280,JG519238,2023-11-24 11:35:00.000000 UTC,0000X E CHESTNUT ST,THEFT,$500 AND UNDER,RESIDENCE,false,false,1833,18,42,8,06,41.898332998,-87.627463695,2023
13287377,JG516237,2023-11-24 16:10:00.000000 UTC,0000X E OAK ST,THEFT,RETAIL THEFT,SMALL RETAIL STORE,false,false,1833,18,42,8,06,41.900775673,-87.626621327,2023
13154844,JG357800,2023-07-26 18:40:00.000000 UTC,009XX N RUSH ST,THEFT,FROM BUILDING,COMMERCIAL / BUSINESS OFFICE,false,false,1833,18,42,8,06,41.900192266,-87.627248537,2023
13084915,JG274754,2023-05-25 13:40:00.000000 UTC,009XX N MICHIGAN AVE,CRIMINAL DAMAGE,TO VEHICLE,PARKING LOT / GARAGE (NON RESIDENTIAL),false,false,1833,18,42,8,14,41.899410159,-87.624131266,2023
13258509,JG481547,2023-10-28 00:20:00.000000 UTC,006XX E GRAND AVE,BATTERY,AGGRAVATED - HANDGUN,SIDEWALK,false,false,1834,18,42,8,04B,41.891990384,-87.611461502,2023
13205108,JG416858,2023-09-08 20:10:00.000000 UTC,001XX E OHIO ST,BATTERY,SIMPLE,SIDEWALK,false,false,1834,18,42,8,08B,41.892562216,-87.623512866,2023
13271402,JG497181,2023-11-09 01:30:00.000000 UTC,002XX E HURON ST,BATTERY,SIMPLE,HOSPITAL BUILDING / GROUNDS,true,false,1834,18,2,8,08B,41.895003278,-87.62152816,2023
13297330,JG528473,2023-12-04 08:45:00.000000 UTC,005XX N STATE ST,BATTERY,SIMPLE,CTA STATION,false,false,1834,18,42,8,08B,41.891404732,-87.628061509,2023
12972194,JG139700,2023-02-03 17:05:00.000000 UTC,0000X E OHIO ST,BATTERY,SIMPLE,SIDEWALK,false,false,1834,18,42,8,08B,41.892505345,-87.626304822,2023
13066271,JG252503,2023-05-08 11:45:00.000000 UTC,002XX E HURON ST,BATTERY,"PROTECTED EMPLOYEE - HANDS, FISTS, FEET, NO / MINOR INJURY",HOSPITAL BUILDING / GROUNDS,false,false,1834,18,2,8,08B,41.895002822,-87.621454706,2023
12945105,JG107751,2023-01-07 14:42:00.000000 UTC,006XX N ST CLAIR ST,BATTERY,DOMESTIC BATTERY SIMPLE,HOTEL / MOTEL,false,true,1834,18,42,8,08B,41.893652298,-87.622725822,2023
12945264,JG107811,2023-01-07 15:45:00.000000 UTC,0000X E ONTARIO ST,BATTERY,DOMESTIC BATTERY SIMPLE,PARKING LOT / GARAGE (NON RESIDENTIAL),false,true,1834,18,42,8,08B,41.893302982,-87.626152784,2023
13148217,JG350055,2023-07-21 11:20:00.000000 UTC,004XX E ONTARIO ST,ASSAULT,SIMPLE,STREET,false,false,1834,18,2,8,08A,41.893458979,-87.616348222,2023
12962489,JG128012,2023-01-24 14:45:00.000000 UTC,0000X E GRAND AVE,THEFT,OVER $500,DEPARTMENT STORE,false,false,1834,18,42,8,06,41.891694878,-87.626155832,2023
12992870,JG163814,2023-02-23 15:20:00.000000 UTC,0000X E ONTARIO ST,THEFT,OVER $500,APARTMENT,false,false,1834,18,42,8,06,41.893281677,-87.627596446,2023
13022876,JG200599,2023-03-26 17:00:00.000000 UTC,0000X E HUBBARD ST,THEFT,OVER $500,PARKING LOT / GARAGE (NON RESIDENTIAL),false,false,1834,18,42,8,06,41.890081244,-87.62704405,2023
13087328,JG277546,2023-05-26 22:30:00.000000 UTC,004XX N STATE ST,THEFT,OVER $500,STREET,false,false,1834,18,42,8,06,41.889453169,-87.627994833,2023
13119378,JG315877,2023-06-24 20:18:00.000000 UTC,006XX E GRAND AVE,THEFT,OVER $500,PARKING LOT / GARAGE (NON RESIDENTIAL),false,false,1834,18,42,8,06,41.891990384,-87.611461502,2023
13182766,JG390896,2023-08-18 20:00:00.000000 UTC,004XX N STATE ST,THEFT,OVER $500,PARKING LOT / GARAGE (NON RESIDENTIAL),false,false,1834,18,42,8,06,41.889453169,-87.627994833,2023
13234174,JG451739,2023-10-04 12:30:00.000000 UTC,0000X E GRAND AVE,THEFT,$500 AND UNDER,HOTEL / MOTEL,false,false,1834,18,42,8,06,41.891690385,-87.626317482,2023
13248698,JG469940,2023-10-18 11:30:00.000000 UTC,002XX E HURON ST,THEFT,$500 AND UNDER,HOSPITAL BUILDING / GROUNDS,false,false,1834,18,2,8,06,41.895003278,-87.62152816,2023
13071025,JG258195,2023-05-12 16:00:00.000000 UTC,0000X E ONTARIO ST,THEFT,$500 AND UNDER,GROCERY FOOD STORE,false,false,1834,18,42,8,06,41.893301278,-87.626321754,2023
13212803,JG426763,2023-09-16 14:34:00.000000 UTC,007XX N MICHIGAN AVE,THEFT,RETAIL THEFT,DEPARTMENT STORE,true,false,1834,18,2,8,06,41.895140898,-87.624255632,2023
13259103,JG482317,2023-10-28 15:41:00.000000 UTC,007XX N MICHIGAN AVE,THEFT,RETAIL THEFT,DEPARTMENT STORE,true,false,1834,18,2,8,06,41.895140898,-87.624255632,2023
12954183,JG118383,2023-01-16 13:04:00.000000 UTC,0000X E GRAND AVE,THEFT,RETAIL THEFT,DEPARTMENT STORE,true,false,1834,18,42,8,06,41.891694878,-87.626155832,2023
12974967,JG142547,2023-01-31 13:30:00.000000 UTC,006XX N MICHIGAN AVE,THEFT,RETAIL THEFT,SMALL RETAIL STORE,false,false,1834,18,42,8,06,41.892816145,-87.624193198,2023
12988664,JG159496,2023-02-20 12:05:00.000000 UTC,0000X E GRAND AVE,THEFT,RETAIL THEFT,DEPARTMENT STORE,true,false,1834,18,42,8,06,41.891694878,-87.626155832,2023
13008766,JG183907,2023-03-13 10:45:00.000000 UTC,006XX N MICHIGAN AVE,THEFT,RETAIL THEFT,DEPARTMENT STORE,false,false,1834,18,42,8,06,41.892753031,-87.624193896,2023
13045399,JG227345,2023-04-17 16:10:00.000000 UTC,007XX N MICHIGAN AVE,THEFT,RETAIL THEFT,DEPARTMENT STORE,true,false,1834,18,42,8,06,41.895140898,-87.624255632,2023
13059588,JG244430,2023-05-01 17:20:00.000000 UTC,0000X E GRAND AVE,THEFT,RETAIL THEFT,DEPARTMENT STORE,true,false,1834,18,42,8,06,41.891694878,-87.626155832,2023
13062344,JG247687,2023-05-04 12:00:00.000000 UTC,0000X E GRAND AVE,THEFT,RETAIL THEFT,DEPARTMENT STORE,true,false,1834,18,42,8,06,41.891694878,-87.626155832,2023
13111231,JG306182,2023-06-18 17:50:00.000000 UTC,007XX N MICHIGAN AVE,THEFT,RETAIL THEFT,DEPARTMENT STORE,true,false,1834,18,2,8,06,41.895140898,-87.624255632,2023
13136158,JG335802,2023-07-10 16:11:00.000000 UTC,006XX N MICHIGAN AVE,THEFT,RETAIL THEFT,SMALL RETAIL STORE,false,false,1834,18,42,8,06,41.892753031,-87.624193896,2023
13159818,JG362949,2023-07-30 18:49:00.000000 UTC,0000X E GRAND AVE,THEFT,RETAIL THEFT,DEPARTMENT STORE,false,false,1834,18,42,8,06,41.891694878,-87.626155832,2023
13181107,JG388762,2023-08-19 08:15:00.000000 UTC,004XX N MICHIGAN AVE,THEFT,RETAIL THEFT,DRUG STORE,true,false,1834,18,42,8,06,41.889906681,-87.624100509,2023
13188329,JG397553,2023-08-12 15:00:00.000000 UTC,004XX E ILLINOIS ST,THEFT,RETAIL THEFT,DEPARTMENT STORE,false,false,1834,18,42,8,06,41.891062111,-87.617043461,2023
13304409,JG537011,2023-12-05 11:30:00.000000 UTC,006XX N ST CLAIR ST,THEFT,POCKET-PICKING,HOSPITAL BUILDING / GROUNDS,false,false,1834,18,2,8,06,41.894544296,-87.622745318,2023
12987947,JG158188,2023-02-18 15:00:00.000000 UTC,0000X E GRAND AVE,THEFT,POCKET-PICKING,OTHER (SPECIFY),false,false,1834,18,42,8,06,41.891694878,-87.626155832,2023
13064240,JG249980,2023-05-05 03:15:00.000000 UTC,006XX N MICHIGAN AVE,THEFT,POCKET-PICKING,SIDEWALK,false,false,1834,18,42,8,06,41.893140033,-87.624204307,2023
13011936,JG187580,2023-03-11 14:00:00.000000 UTC,005XX N WABASH AVE,THEFT,FROM BUILDING,RESTAURANT,false,false,1834,18,42,8,06,41.891912441,-87.626726383,2023
13016355,JG192813,2023-03-18 14:30:00.000000 UTC,005XX N PESHTIGO CT,THEFT,FROM BUILDING,APARTMENT,false,false,1834,18,42,8,06,41.891352349,-87.615181817,2023
12952253,JG116116,2023-01-14 01:40:00.000000 UTC,0000X E OHIO ST,CRIMINAL DAMAGE,TO PROPERTY,PARKING LOT / GARAGE (NON RESIDENTIAL),false,false,1834,18,42,8,14,41.892507682,-87.626238686,2023
12957346,JG121996,2023-01-14 04:54:00.000000 UTC,002XX E ILLINOIS ST,CRIMINAL DAMAGE,TO PROPERTY,PARKING LOT / GARAGE (NON RESIDENTIAL),false,false,1834,18,42,8,14,41.890961404,-87.622476522,2023
13034210,JG213940,2023-04-06 21:00:00.000000 UTC,0000X E GRAND AVE,CRIMINAL DAMAGE,TO VEHICLE,PARKING LOT / GARAGE (NON RESIDENTIAL),false,false,1834,18,42,8,14,41.891678767,-87.627551654,2023
13124274,JG321625,2023-06-30 01:20:00.000000 UTC,003XX E GRAND AVE,CRIMINAL DAMAGE,TO VEHICLE,STREET,false,false,1834,18,2,8,14,41.891838202,-87.618279855,2023
13282596,JG510749,2023-11-19 17:44:00.000000 UTC,041XX N OAKLEY AVE,BATTERY,SIMPLE,STREET,false,false,1911,19,47,5,08B,41.956707923,-87.686117898,2023
13116971,JG313083,2023-06-23 18:00:00.000000 UTC,046XX N WESTERN AVE,BATTERY,SIMPLE,RESTAURANT,false,false,1911,19,47,4,08B,41.966108362,-87.688828331,2023
13298900,JG530253,2023-12-05 21:28:00.000000 UTC,020XX W IRVING PARK RD,ASSAULT,SIMPLE,SIDEWALK,true,false,1911,19,47,5,08A,41.954134144,-87.680353704,2023
12972125,JG139560,2023-01-30 18:00:00.000000 UTC,022XX W SUNNYSIDE AVE,THEFT,OVER $500,STREET,false,false,1911,19,47,4,06,41.963183394,-87.685478776,2023
13035755,JG215018,2023-04-05 14:00:00.000000 UTC,043XX N CAMPBELL AVE,THEFT,OVER $500,VEHICLE - COMMERCIAL,false,false,1911,19,47,5,06,41.960049174,-87.69177191,2023
13140833,JG341136,2023-07-13 18:00:00.000000 UTC,047XX N TALMAN AVE,THEFT,OVER $500,STREET,false,false,1911,19,40,4,06,41.96760271,-87.69499082,2023
13246946,JG466587,2023-10-17 02:04:00.000000 UTC,025XX W CULLOM AVE,THEFT,$500 AND UNDER,RESIDENCE - GARAGE,false,false,1911,19,47,5,06,41.95946456,-87.692737379,2023
13124526,JG321891,2023-06-30 08:30:00.000000 UTC,043XX N WESTERN AVE,THEFT,$500 AND UNDER,GAS STATION,false,false,1911,19,47,5,06,41.960748011,-87.688665425,2023
13323594,JG559998,2023-12-30 16:14:00.000000 UTC,047XX N LINCOLN AVE,THEFT,RETAIL THEFT,SMALL RETAIL STORE,false,false,1911,19,47,4,06,41.967141559,-87.687608155,2023
13107644,JG301917,2023-06-15 10:25:00.000000 UTC,046XX N LINCOLN AVE,THEFT,RETAIL THEFT,COMMERCIAL / BUSINESS OFFICE,false,false,1911,19,47,4,06,41.965475014,-87.686488794,2023
13269772,JG495717,2023-11-07 21:20:00.000000 UTC,020XX W PENSACOLA AVE,CRIMINAL DAMAGE,TO PROPERTY,RESIDENCE - PORCH / HALLWAY,true,false,1911,19,47,5,14,41.960522042,-87.680244369,2023
12941957,JG103925,2023-01-02 23:30:00.000000 UTC,045XX N RAVENSWOOD AVE,BATTERY,DOMESTIC BATTERY SIMPLE,DAY CARE CENTER,false,true,1912,19,47,3,08B,41.963804332,-87.67404102,2023
13066223,JG252266,2023-05-08 09:02:00.000000 UTC,044XX N CLARK ST,BATTERY,DOMESTIC BATTERY SIMPLE,SIDEWALK,false,true,1912,19,47,3,08B,41.962106197,-87.666057818,2023
13058378,JG242640,2023-04-30 09:30:00.000000 UTC,042XX N DAMEN AVE,ASSAULT,AGGRAVATED - HANDGUN,STREET,false,false,1912,19,47,5,04A,41.959068203,-87.678902541,2023
12951233,JG114748,2023-01-13 13:09:00.000000 UTC,045XX N WOLCOTT AVE,ASSAULT,SIMPLE,APARTMENT,false,false,1912,19,47,4,08A,41.963977889,-87.676072559,2023
13047187,JG228195,2023-04-18 11:30:00.000000 UTC,045XX N ASHLAND AVE,ASSAULT,SIMPLE,APARTMENT,false,false,1912,19,47,3,08A,41.964334229,-87.669325417,2023
13204846,JG417248,2023-09-09 07:00:00.000000 UTC,043XX N HERMITAGE AVE,THEFT,OVER $500,STREET,false,false,1912,19,47,6,06,41.960183382,-87.672376042,2023
13119251,JG315007,2023-06-23 01:05:00.000000 UTC,019XX W CUYLER AVE,THEFT,OVER $500,APARTMENT,false,false,1912,19,47,5,06,41.955111608,-87.677557019,2023
13070847,JG258084,2023-05-11 14:00:00.000000 UTC,045XX N PAULINA ST,THEFT,$500 AND UNDER,STREET,false,false,1912,19,47,3,06,41.963846584,-87.670893161,2023
13066979,JG253307,2023-05-08 23:08:00.000000 UTC,015XX W WILSON AVE,THEFT,RETAIL THEFT,SMALL RETAIL STORE,false,false,1912,19,47,3,06,41.965249692,-87.668187079,2023
13115844,JG310718,2023-06-19 15:30:00.000000 UTC,046XX N DAMEN AVE,THEFT,FROM BUILDING,COIN OPERATED MACHINE,false,false,1912,19,47,4,06,41.965616987,-87.67909659,2023
13286939,JG515808,2023-11-24 04:00:00.000000 UTC,047XX N WINCHESTER AVE,CRIMINAL DAMAGE,TO VEHICLE,STREET,false,false,1912,19,47,4,14,41.967491305,-87.677658049,2023
13026032,JG204285,2023-03-29 19:00:00.000000 UTC,017XX W BERTEAU AVE,CRIMINAL DAMAGE,TO VEHICLE,STREET,false,false,1912,19,47,6,14,41.957889938,-87.672976961,2023
13051165,JG234292,2023-04-22 15:00:00.000000 UTC,014XX W WARNER AVE,CRIMINAL DAMAGE,TO VEHICLE,PARKING LOT / GARAGE (NON RESIDENTIAL),false,false,1912,19,47,6,14,41.957078673,-87.665562469,2023
13295139,JG524350,2023-12-01 10:30:00.000000 UTC,047XX N RACINE AVE,ROBBERY,STRONG ARM - NO WEAPON,SIDEWALK,false,false,1913,19,46,3,03,41.967768543,-87.659659373,2023
13189692,JG399203,2023-08-26 21:00:00.000000 UTC,046XX N BROADWAY,ROBBERY,STRONG ARM - NO WEAPON,SIDEWALK,false,false,1913,19,46,3,03,41.966053999,-87.657890403,2023
13229279,JG446654,2023-10-01 16:00:00.000000 UTC,012XX W LELAND AVE,ASSAULT,SIMPLE,RESIDENCE - PORCH / HALLWAY,false,false,1913,19,46,3,08A,41.967189655,-87.660150847,2023
13272226,JG498289,2023-11-09 14:00:00.000000 UTC,046XX N CLIFTON AVE,ASSAULT,SIMPLE,OTHER (SPECIFY),false,true,1913,19,46,3,08A,41.965911528,-87.65886264,2023
13110411,JG305078,2023-06-17 19:13:00.000000 UTC,045XX N MAGNOLIA AVE,ASSAULT,SIMPLE,APARTMENT,false,true,1913,19,46,3,08A,41.964313223,-87.661001082,2023
13247760,JG468978,2023-10-18 17:00:00.000000 UTC,014XX W LELAND AVE,THEFT,OVER $500,STREET,false,false,1913,19,46,3,06,41.967116247,-87.664964923,2023
13278463,JG505012,2023-11-11 21:15:00.000000 UTC,012XX W Leland Ave,THEFT,OVER $500,STREET,false,false,1913,19,46,3,06,41.967166438,-87.661809458,2023
13239270,JG457964,2023-10-10 08:48:00.000000 UTC,044XX N BROADWAY,THEFT,RETAIL THEFT,DEPARTMENT STORE,false,false,1913,19,46,3,06,41.963070794,-87.655984213,2023
13255308,JG477742,2023-10-25 09:23:00.000000 UTC,044XX N BROADWAY,THEFT,RETAIL THEFT,SMALL RETAIL STORE,true,false,1913,19,46,3,06,41.963070794,-87.655984213,2023
13319860,JG555497,2023-12-26 19:15:00.000000 UTC,044XX N BROADWAY,THEFT,RETAIL THEFT,DEPARTMENT STORE,true,false,1913,19,46,3,06,41.963070794,-87.655984213,2023
13130216,JG328723,2023-07-05 13:27:00.000000 UTC,044XX N BROADWAY,THEFT,RETAIL THEFT,DEPARTMENT STORE,true,false,1913,19,46,3,06,41.963070794,-87.655984213,2023
13202116,JG414129,2023-09-06 18:18:00.000000 UTC,044XX N BROADWAY,THEFT,RETAIL THEFT,SMALL RETAIL STORE,false,false,1913,19,46,3,06,41.963070794,-87.655984213,2023
12983885,JG154014,2023-02-15 18:03:00.000000 UTC,046XX N RACINE AVE,CRIMINAL DAMAGE,TO PROPERTY,APARTMENT,true,true,1913,19,46,3,14,41.966253621,-87.659638563,2023
13021989,JG199589,2023-03-26 10:47:00.000000 UTC,012XX W LELAND AVE,CRIMINAL DAMAGE,TO PROPERTY,RESIDENCE,false,false,1913,19,46,3,14,41.967168171,-87.661636616,2023
13018888,JG195958,2023-03-23 10:20:00.000000 UTC,044XX N BROADWAY,CRIMINAL DAMAGE,TO VEHICLE,STREET,false,false,1913,19,46,3,14,41.962839406,-87.655835913,2023
13121175,JG318012,2023-06-26 22:30:00.000000 UTC,044XX N RACINE AVE,CRIMINAL DAMAGE,TO VEHICLE,DRIVEWAY - RESIDENTIAL,false,false,1913,19,46,3,14,41.963152473,-87.65960505,2023
13304086,JG536368,2023-12-10 22:43:00.000000 UTC,045XX N SHERIDAN RD,ROBBERY,AGGRAVATED,SIDEWALK,true,false,1914,19,46,3,03,41.964235418,-87.654773202,2023
13199694,JG411213,2023-09-04 21:48:00.000000 UTC,046XX N SHERIDAN RD,BATTERY,AGGRAVATED - KNIFE / CUTTING INSTRUMENT,STREET,false,false,1914,19,46,3,04B,41.965725624,-87.654790481,2023
13217292,JG432466,2023-09-20 17:30:00.000000 UTC,046XX N MARINE DR,BATTERY,AGGRAVATED - OTHER DANGEROUS WEAPON,SIDEWALK,false,false,1914,19,46,3,04B,41.966409353,-87.648852157,2023
13069413,JG256163,2023-05-07 09:00:00.000000 UTC,006XX W LAWRENCE DR,BATTERY,SIMPLE,SIDEWALK,true,false,1914,19,46,3,08B,41.969617549,-87.646133437,2023
13304270,JG536730,2023-12-11 09:44:00.000000 UTC,045XX N SHERIDAN RD,BATTERY,DOMESTIC BATTERY SIMPLE,APARTMENT,true,true,1914,19,46,3,08B,41.964106427,-87.654770894,2023
13302909,JG535094,2023-12-09 18:40:00.000000 UTC,046XX N BROADWAY,ASSAULT,AGGRAVATED - HANDGUN,SIDEWALK,false,false,1914,19,46,3,04A,41.966354245,-87.658082115,2023
13018963,JG195183,2023-03-22 16:00:00.000000 UTC,046XX N KENMORE AVE,ASSAULT,AGGRAVATED - OTHER DANGEROUS WEAPON,APARTMENT,false,false,1914,19,46,3,04A,41.966516031,-87.656197758,2023
13313874,JG548365,2023-12-20 08:00:00.000000 UTC,010XX W LELAND AVE,ASSAULT,SIMPLE,STREET,false,false,1914,19,46,3,08A,41.967259531,-87.655237517,2023
12943264,JG105607,2023-01-05 15:16:00.000000 UTC,045XX N CLARENDON AVE,ASSAULT,SIMPLE,APARTMENT,false,false,1914,19,46,3,08A,41.96491786,-87.650000625,2023
13037223,JG217534,2023-04-07 14:30:00.000000 UTC,045XX N CLARENDON AVE,ASSAULT,SIMPLE,APARTMENT,false,false,1914,19,46,3,08A,41.963880376,-87.649971265,2023
13131577,JG330435,2023-07-06 17:45:00.000000 UTC,045XX N SIMONDS DR,THEFT,OVER $500,LAKEFRONT / WATERFRONT / RIVERBANK,false,false,1914,19,46,3,06,41.965559978,-87.640382104,2023
13214584,JG428486,2023-09-14 21:00:00.000000 UTC,047XX N MARINE DR,THEFT,RETAIL THEFT,DRUG STORE,false,false,1914,19,46,3,06,41.967929496,-87.649288171,2023
13289130,JG518245,2023-11-26 14:56:00.000000 UTC,047XX N MARINE DR,THEFT,RETAIL THEFT,SMALL RETAIL STORE,false,false,1914,19,46,3,06,41.967929496,-87.649288171,2023
13180374,JG387971,2023-08-17 23:45:00.000000 UTC,009XX W AGATITE AVE,THEFT,FROM BUILDING,RESIDENCE - PORCH / HALLWAY,false,false,1914,19,46,3,06,41.962707524,-87.653024536,2023
13103542,JG297116,2023-06-11 03:00:00.000000 UTC,045XX N BROADWAY,CRIMINAL DAMAGE,TO PROPERTY,SMALL RETAIL STORE,false,false,1914,19,46,3,14,41.964522471,-87.656913808,2023
13048471,JG231021,2023-04-20 15:32:00.000000 UTC,008XX W BUENA AVE,BATTERY,SIMPLE,APARTMENT,false,false,1915,19,46,3,08B,41.958457273,-87.652187364,2023
13110271,JG305079,2023-06-17 15:30:00.000000 UTC,008XX W BUENA AVE,BATTERY,SIMPLE,RESIDENCE,false,false,1915,19,46,3,08B,41.958457273,-87.652187364,2023
13128343,JG326444,2023-07-03 19:00:00.000000 UTC,040XX N KENMORE AVE,BATTERY,DOMESTIC BATTERY SIMPLE,APARTMENT,false,true,1915,19,46,3,08B,41.955072407,-87.656149793,2023
13182312,JG389590,2023-08-19 17:50:00.000000 UTC,009XX W CUYLER AVE,BATTERY,AGGRAVATED DOMESTIC BATTERY - OTHER DANGEROUS WEAPON,APARTMENT,false,true,1915,19,46,3,04B,41.955445198,-87.652829723,2023
13238472,JG457660,2023-10-09 21:14:00.000000 UTC,008XX W IRVING PARK RD,ASSAULT,SIMPLE,HOSPITAL BUILDING / GROUNDS,false,false,1915,19,46,3,08A,41.954535555,-87.651221802,2023
13221541,JG437455,2023-09-23 15:00:00.000000 UTC,006XX W MONTROSE DR,THEFT,OVER $500,LAKEFRONT / WATERFRONT / RIVERBANK,false,false,1915,19,46,3,06,41.96203391,-87.645898728,2023
13273110,JG498704,2023-11-09 17:45:00.000000 UTC,043XX N SHERIDAN RD,THEFT,OVER $500,OTHER (SPECIFY),false,false,1915,19,46,3,06,41.96137851,-87.65474101,2023
13027324,JG205881,2023-03-29 19:00:00.000000 UTC,040XX N KENMORE AVE,THEFT,OVER $500,STREET,false,false,1915,19,46,3,06,41.955116333,-87.656153005,2023
13150541,JG352994,2023-07-16 19:00:00.000000 UTC,009XX W GORDON TER,THEFT,OVER $500,STREET,false,false,1915,19,46,3,06,41.957414022,-87.653499964,2023
13122852,JG319091,2023-06-25 14:00:00.000000 UTC,008XX W MONTROSE AVE,THEFT,$500 AND UNDER,STREET,false,false,1915,19,46,3,06,41.961830039,-87.650824126,2023
13034499,JG214269,2023-04-03 19:00:00.000000 UTC,042XX N MARINE DR,THEFT,FROM BUILDING,APARTMENT,false,false,1915,19,46,3,06,41.960046783,-87.646762046,2023
13064058,JG249760,2023-05-05 21:30:00.000000 UTC,021XX W BELMONT AVE,BATTERY,"AGGRAVATED - HANDS, FISTS, FEET, SERIOUS INJURY",BAR OR TAVERN,false,false,1921,19,32,5,04B,41.939535294,-87.681384786,2023
13285379,JG514080,2023-11-22 14:22:00.000000 UTC,033XX N LEAVITT ST,ASSAULT,SIMPLE,ALLEY,false,false,1921,19,32,5,08A,41.942180448,-87.683272855,2023
13069248,JG256130,2023-05-11 05:40:00.000000 UTC,036XX N WESTERN AVE,ASSAULT,SIMPLE,RESTAURANT,false,false,1921,19,47,5,08A,41.947554442,-87.688283736,2023
13182991,JG391174,2023-08-21 06:15:00.000000 UTC,033XX N LEAVITT ST,THEFT,OVER $500,STREET,false,false,1921,19,32,5,06,41.942273767,-87.683275583,2023
13245539,JG465738,2023-10-14 11:00:00.000000 UTC,039XX N HOYNE AVE,THEFT,$500 AND UNDER,VEHICLE NON-COMMERCIAL,false,false,1921,19,47,5,06,41.9532194,-87.681157119,2023
12962486,JG128061,2023-01-22 14:00:00.000000 UTC,036XX N WESTERN AVE,THEFT,$500 AND UNDER,RESTAURANT,false,false,1921,19,47,5,06,41.947277209,-87.688271827,2023
13081340,JG270930,2023-05-21 23:00:00.000000 UTC,020XX W MELROSE ST,THEFT,$500 AND UNDER,STREET,false,false,1921,19,32,5,06,41.940473117,-87.679331625,2023
12989519,JG160418,2023-02-21 09:20:00.000000 UTC,033XX N WESTERN AVE,THEFT,RETAIL THEFT,SMALL RETAIL STORE,true,false,1921,19,47,5,06,41.94219754,-87.688249516,2023
12958906,JG123876,2023-01-21 02:40:00.000000 UTC,032XX N SOUTHPORT AVE,ROBBERY,ARMED - HANDGUN,SIDEWALK,false,false,1922,19,44,6,03,41.941089157,-87.663851103,2023
13028197,JG005000,2023-04-01 06:15:00.000000 UTC,036XX N LINCOLN AVE,ROBBERY,ARMED - HANDGUN,SIDEWALK,false,false,1922,19,47,5,03,41.948319777,-87.674696859,2023
13213020,JG426952,2023-09-16 17:30:00.000000 UTC,019XX W MELROSE ST,BATTERY,SIMPLE,NURSING / RETIREMENT HOME,false,false,1922,19,32,5,08B,41.940499266,-87.677181158,2023
13156453,JG359773,2023-07-28 16:26:00.000000 UTC,018XX W LARCHMONT AVE,BATTERY,SIMPLE,RESIDENCE - GARAGE,false,false,1922,19,47,5,08B,41.953268054,-87.67525618,2023
13021280,JG198599,2023-03-23 19:00:00.000000 UTC,015XX W CORNELIA AVE,THEFT,OVER $500,STREET,false,false,1922,19,44,6,06,41.94517794,-87.668083309,2023
13138871,JG338972,2023-07-13 04:15:00.000000 UTC,019XX W BYRON ST,THEFT,OVER $500,STREET,false,false,1922,19,47,5,06,41.952362536,-87.676706579,2023
13304604,JG537332,2023-12-08 19:00:00.000000 UTC,014XX W MELROSE ST,THEFT,$500 AND UNDER,STREET,false,false,1922,19,32,6,06,41.940662193,-87.664987643,2023
13092244,JG283396,2023-05-31 13:12:00.000000 UTC,014XX W ROSCOE ST,THEFT,$500 AND UNDER,RESIDENCE - PORCH / HALLWAY,false,false,1922,19,32,6,06,41.943400647,-87.664940665,2023
13118113,JG314516,2023-06-24 15:00:00.000000 UTC,018XX W ADDISON ST,THEFT,$500 AND UNDER,SIDEWALK,false,false,1922,19,47,5,06,41.94690984,-87.674799594,2023
12974724,JG142802,2023-02-03 17:04:00.000000 UTC,033XX N ASHLAND AVE,THEFT,RETAIL THEFT,DEPARTMENT STORE,false,false,1922,19,47,6,06,41.941748603,-87.668718084,2023
12976009,JG143535,2023-01-20 05:00:00.000000 UTC,018XX W IRVING PARK RD,THEFT,FROM BUILDING,RESIDENCE,false,false,1922,19,47,5,06,41.954201115,-87.675261286,2023
13291427,JG520144,2023-11-23 23:15:00.000000 UTC,019XX W GRACE ST,CRIMINAL DAMAGE,TO VEHICLE,RESIDENCE,false,false,1922,19,47,5,14,41.950527678,-87.677365058,2023
13309487,JG543110,2023-12-10 17:00:00.000000 UTC,015XX W ROSCOE ST,CRIMINAL DAMAGE,TO VEHICLE,STREET,false,false,1922,19,47,6,14,41.94337538,-87.666731004,2023
13014403,JG190565,2023-03-18 19:17:00.000000 UTC,037XX N WOLCOTT AVE,CRIMINAL DAMAGE,TO VEHICLE,STREET,false,false,1922,19,47,5,14,41.949044568,-87.676189224,2023
13076647,JG265036,2023-05-03 20:00:00.000000 UTC,014XX W CORNELIA AVE,CRIMINAL DAMAGE,TO VEHICLE,STREET,false,false,1922,19,47,6,14,41.945212345,-87.665973028,2023
13141231,JG341852,2023-07-14 00:00:00.000000 UTC,009XX W ADDISON ST,ROBBERY,STRONG ARM - NO WEAPON,SIDEWALK,false,false,1923,19,44,6,03,41.947271819,-87.65264096,2023
13319887,JG555503,2023-12-26 19:44:00.000000 UTC,009XX W SHERIDAN RD,BATTERY,SIMPLE,CTA BUS,false,false,1923,19,46,6,08B,41.952681078,-87.6541017,2023
13088566,JG278911,2023-05-28 17:45:00.000000 UTC,036XX N SHEFFIELD AVE,BATTERY,SIMPLE,CTA TRAIN,false,false,1923,19,44,6,08B,41.947786843,-87.654344808,2023
13193417,JG403414,2023-08-11 21:35:00.000000 UTC,010XX W ADDISON ST,BATTERY,SIMPLE,SPORTS ARENA / STADIUM,false,false,1923,19,44,6,08B,41.947225886,-87.655545441,2023
12954147,JG118053,2023-01-16 10:35:00.000000 UTC,039XX N SHERIDAN RD,ASSAULT,SIMPLE,SMALL RETAIL STORE,false,false,1923,19,46,6,08A,41.953962409,-87.654529255,2023
13026736,JG204725,2023-03-10 19:30:00.000000 UTC,011XX W Grace St,THEFT,OVER $500,STREET,false,false,1923,19,44,6,06,41.951080365,-87.657214022,2023
13103168,JG296501,2023-06-10 20:00:00.000000 UTC,010XX W ADDISON ST,THEFT,$500 AND UNDER,SIDEWALK,false,false,1923,19,44,6,06,41.947235655,-87.654876316,2023
13065888,JG252028,2023-05-08 04:30:00.000000 UTC,036XX N SOUTHPORT AVE,THEFT,RETAIL THEFT,DRUG STORE,false,false,1923,19,44,6,06,41.947857457,-87.664033932,2023
13110185,JG304792,2023-06-17 15:20:00.000000 UTC,037XX N HALSTED ST,THEFT,POCKET-PICKING,SIDEWALK,false,false,1923,19,46,6,06,41.950436971,-87.649589188,2023
13121354,JG318257,2023-06-22 00:15:00.000000 UTC,036XX N HALSTED ST,CRIMINAL DAMAGE,TO PROPERTY,COMMERCIAL / BUSINESS OFFICE,false,false,1923,19,44,6,14,41.948279589,-87.649516667,2023
13282017,JG509951,2023-11-19 03:00:00.000000 UTC,035XX N SEMINARY AVE,BATTERY,AGGRAVATED - HANDGUN,SIDEWALK,false,false,1924,19,44,6,04B,41.945690498,-87.65670857,2023
13292643,JG522529,2023-11-29 20:40:00.000000 UTC,012XX W ROSCOE ST,BATTERY,AGGRAVATED - OTHER DANGEROUS WEAPON,SIDEWALK,false,false,1924,19,44,6,04B,41.943478951,-87.660025403,2023
13237369,JG454613,2023-10-07 12:45:00.000000 UTC,011XX W CORNELIA AVE,BATTERY,SIMPLE,APARTMENT,false,false,1924,19,44,6,08B,41.945340739,-87.657429055,2023
13124119,JG321451,2023-06-29 21:04:00.000000 UTC,034XX N SOUTHPORT AVE,BATTERY,SIMPLE,SMALL RETAIL STORE,false,false,1924,19,44,6,08B,41.943776181,-87.663925914,2023
13282674,JG510431,2023-11-15 00:15:00.000000 UTC,033XX N RACINE AVE,THEFT,OVER $500,VEHICLE NON-COMMERCIAL,false,false,1924,19,44,6,06,41.942117504,-87.659036275,2023
13009695,JG184934,2023-03-05 17:00:00.000000 UTC,032XX N KENMORE AVE,THEFT,OVER $500,RESIDENCE,false,false,1924,19,44,6,06,41.940704456,-87.655346193,2023
12950546,JG113889,2023-01-12 17:31:00.000000 UTC,034XX N SOUTHPORT AVE,THEFT,RETAIL THEFT,CTA TRAIN,true,false,1924,19,44,6,06,41.943809131,-87.663929245,2023
12971227,JG138681,2023-02-02 17:53:00.000000 UTC,032XX N Clark St,THEFT,RETAIL THEFT,DEPARTMENT STORE,false,false,1924,19,44,6,06,41.94044868,-87.651081589,2023
13109322,JG303950,2023-06-16 19:55:00.000000 UTC,010XX W ADDISON ST,THEFT,RETAIL THEFT,CONVENIENCE STORE,false,false,1924,19,44,6,06,41.947221417,-87.655718257,2023
13118989,JG315517,2023-06-25 15:30:00.000000 UTC,033XX N HALSTED ST,THEFT,POCKET-PICKING,STREET,false,false,1924,19,44,6,06,41.943028995,-87.64936326,2023
13261247,JG484078,2023-10-28 21:00:00.000000 UTC,010XX W ADDISON ST,THEFT,FROM BUILDING,BAR OR TAVERN,false,false,1924,19,44,6,06,41.9471781,-87.657214823,2023
13318099,JG553383,2023-12-23 15:20:00.000000 UTC,011XX W ROSCOE ST,THEFT,FROM BUILDING,APARTMENT,false,false,1924,19,44,6,06,41.943526726,-87.656948316,2023
13112502,JG306770,2023-06-18 03:45:00.000000 UTC,034XX N HALSTED ST,THEFT,FROM BUILDING,BAR OR TAVERN,false,false,1924,19,44,6,06,41.944953005,-87.649416212,2023
13200764,JG411645,2023-09-04 02:00:00.000000 UTC,033XX N HALSTED ST,THEFT,FROM BUILDING,BAR OR TAVERN,false,false,1924,19,44,6,06,41.943108594,-87.649366085,2023
13244461,JG464374,2023-10-14 18:30:00.000000 UTC,033XX N KENMORE AVE,CRIMINAL DAMAGE,TO VEHICLE,STREET,false,false,1924,19,44,6,14,41.942721827,-87.655409362,2023
13245700,JG466214,2023-10-09 08:00:00.000000 UTC,033XX N LAKEWOOD AVE,CRIMINAL DAMAGE,TO VEHICLE,RESIDENCE,false,false,1924,19,44,6,14,41.942112495,-87.661458579,2023
13290650,JG520165,2023-11-28 06:30:00.000000 UTC,036XX N BROADWAY,BATTERY,SIMPLE,ATHLETIC CLUB,true,false,1925,19,46,6,08B,41.948533921,-87.647988403,2023
13124509,JG319380,2023-06-26 00:00:00.000000 UTC,007XX W ROSCOE ST,BATTERY,SIMPLE,STREET,false,false,1925,19,44,6,08B,41.943636516,-87.648158478,2023
13314365,JG548857,2023-12-20 20:40:00.000000 UTC,039XX N LAKE SHORE DR,BATTERY,DOMESTIC BATTERY SIMPLE,APARTMENT,true,true,1925,19,46,6,08B,41.95386239,-87.64510423,2023
13120698,JG317190,2023-06-26 00:00:00.000000 UTC,007XX W ROSCOE ST,BATTERY,DOMESTIC BATTERY SIMPLE,SIDEWALK,false,true,1925,19,44,6,08B,41.943634474,-87.648276123,2023
13235544,JG451130,2023-10-04 18:00:00.000000 UTC,036XX N BROADWAY,THEFT,OVER $500,STREET,false,false,1925,19,46,6,06,41.948533921,-87.647988403,2023
13258738,JG482016,2023-10-27 20:00:00.000000 UTC,033XX N HALSTED ST,THEFT,OVER $500,BAR OR TAVERN,false,false,1925,19,44,6,06,41.943056436,-87.649362967,2023
12989651,JG160004,2023-02-20 08:00:00.000000 UTC,035XX N LAKE SHORE DR,THEFT,OVER $500,STREET,false,false,1925,19,46,6,06,41.947955584,-87.643065107,2023
13162997,JG367179,2023-08-02 17:30:00.000000 UTC,036XX N LAKE SHORE DR,THEFT,OVER $500,STREET,false,false,1925,19,46,6,06,41.949555698,-87.644018328,2023
13188117,JG397543,2023-08-24 15:00:00.000000 UTC,007XX W BUCKINGHAM PL,THEFT,OVER $500,STREET,false,false,1925,19,44,6,06,41.942725166,-87.6481131,2023
13113601,JG308042,2023-06-19 08:35:00.000000 UTC,006XX W PATTERSON AVE,THEFT,$500 AND UNDER,CHA HALLWAY / STAIRWELL / ELEVATOR,false,false,1925,19,46,6,06,41.948677486,-87.646755398,2023
13153770,JG356675,2023-07-26 10:10:00.000000 UTC,036XX N LAKE SHORE DR,THEFT,$500 AND UNDER,STREET,false,false,1925,19,46,6,06,41.949092979,-87.643736581,2023
12975484,JG143138,2023-02-06 17:45:00.000000 UTC,032XX N BROADWAY,THEFT,RETAIL THEFT,SMALL RETAIL STORE,false,false,1925,19,44,6,06,41.940318272,-87.644408194,2023
13152922,JG354779,2023-07-24 23:41:00.000000 UTC,037XX N BROADWAY,THEFT,RETAIL THEFT,SMALL RETAIL STORE,false,false,1925,19,46,6,06,41.94933263,-87.64847244,2023
13201548,JG413511,2023-09-01 20:00:00.000000 UTC,038XX N LAKE SHORE DR,CRIMINAL DAMAGE,TO PROPERTY,RESIDENCE - YARD (FRONT / BACK),false,false,1925,19,46,6,14,41.952853908,-87.645335655,2023
13079795,JG268559,2023-05-20 23:45:00.000000 UTC,007XX W ADDISON ST,CRIMINAL DAMAGE,TO VEHICLE,STREET,false,false,1925,19,46,6,14,41.947310188,-87.648479383,2023
13136128,JG335090,2023-07-06 11:00:00.000000 UTC,036XX N PINE GROVE AVE,CRIMINAL DAMAGE,TO VEHICLE,STREET,false,false,1925,19,46,6,14,41.94924036,-87.646348668,2023
13145625,JG347023,2023-07-18 22:00:00.000000 UTC,035XX N LAKE SHORE DR,CRIMINAL DAMAGE,TO VEHICLE,STREET,false,false,1925,19,46,6,14,41.948068465,-87.643126381,2023
13080383,JG269654,2023-05-21 21:22:00.000000 UTC,029XX N CLYBOURN AVE,ASSAULT,SIMPLE,APARTMENT,false,false,1931,19,32,5,08A,41.933552616,-87.679887451,2023
13309753,JG543567,2023-12-16 13:30:00.000000 UTC,017XX W FULLERTON AVE,THEFT,OVER $500,STREET,false,false,1931,19,32,7,06,41.92510186,-87.671992307,2023
13136160,JG334714,2023-07-07 01:44:00.000000 UTC,021XX W BARRY AVE,THEFT,$500 AND UNDER,RESIDENCE - YARD (FRONT / BACK),false,false,1931,19,32,5,06,41.937699514,-87.682370114,2023
13187169,JG395273,2023-07-22 00:00:00.000000 UTC,022XX W BELMONT AVE,THEFT,$500 AND UNDER,APARTMENT,false,false,1931,19,32,5,06,41.939505532,-87.683880753,2023
13275087,JG501364,2023-11-12 10:21:00.000000 UTC,018XX W FULLERTON AVE,THEFT,RETAIL THEFT,SMALL RETAIL STORE,false,false,1931,19,32,7,06,41.925078949,-87.673734337,2023
13333543,JH109878,2023-11-26 10:00:00.000000 UTC,027XX N CLYBOURN AVE,THEFT,RETAIL THEFT,SMALL RETAIL STORE,true,false,1931,19,32,7,06,41.93121391,-87.676890454,2023
13019396,JG196605,2023-03-23 19:40:00.000000 UTC,017XX W FULLERTON AVE,THEFT,RETAIL THEFT,DEPARTMENT STORE,false,false,1931,19,32,7,06,41.92510186,-87.671992307,2023
13201849,JG413752,2023-09-06 15:32:00.000000 UTC,029XX N ASHLAND AVE,THEFT,RETAIL THEFT,GROCERY FOOD STORE,false,false,1931,19,32,6,06,41.935432921,-87.668504341,2023
13235366,JG453838,2023-10-06 15:33:00.000000 UTC,030XX N Clybourn Ave,THEFT,FROM BUILDING,RESIDENCE,false,false,1931,19,32,5,06,41.936473386,-87.683918869,2023
13005663,JG179692,2023-03-09 15:55:00.000000 UTC,015XX W FULLERTON AVE,ASSAULT,AGGRAVATED - HANDGUN,SMALL RETAIL STORE,false,false,1932,19,32,7,04A,41.925174426,-87.666508943,2023
13131813,JG330671,2023-07-06 21:00:00.000000 UTC,024XX N LINCOLN AVE,ASSAULT,SIMPLE,ATHLETIC CLUB,false,false,1932,19,43,7,08A,41.926237416,-87.649873374,2023
13136169,JG335095,2023-07-09 05:55:00.000000 UTC,024XX N GREENVIEW AVE,THEFT,OVER $500,STREET,false,false,1932,19,32,7,06,41.926451759,-87.665782741,2023
13208868,JG421856,2023-09-12 21:01:00.000000 UTC,028XX N ASHLAND AVE,THEFT,ATTEMPT THEFT,SMALL RETAIL STORE,false,false,1932,19,32,6,06,41.93295438,-87.668416153,2023
13229789,JG447079,2023-10-02 03:52:00.000000 UTC,012XX W LILL AVE,CRIMINAL DAMAGE,TO VEHICLE,RESIDENCE - GARAGE,false,false,1932,19,32,7,14,41.927755949,-87.659323506,2023
13287778,JG516804,2023-11-21 21:00:00.000000 UTC,025XX N SOUTHPORT AVE,CRIMINAL DAMAGE,TO VEHICLE,STREET,false,false,1932,19,32,7,14,41.927648105,-87.663403687,2023
13280048,JG507510,2023-11-17 06:52:00.000000 UTC,009XX W BELMONT AVE,BATTERY,AGGRAVATED - OTHER DANGEROUS WEAPON,CTA TRAIN,true,false,1933,19,44,6,04B,41.93991842,-87.653288878,2023
13173764,JG380242,2023-08-12 19:03:00.000000 UTC,009XX W WOLFRAM ST,BATTERY,AGGRAVATED POLICE OFFICER - OTHER DANGEROUS WEAPON,APARTMENT,false,false,1933,19,44,6,04B,41.933554544,-87.653282982,2023
13235827,JG453379,2023-10-06 09:45:00.000000 UTC,008XX W WELLINGTON AVE,BATTERY,"PROTECTED EMPLOYEE - HANDS, FISTS, FEET, NO / MINOR INJURY",HOSPITAL BUILDING / GROUNDS,false,false,1933,19,44,6,08B,41.936335635,-87.650710119,2023
13086187,JG275008,2023-05-25 17:50:00.000000 UTC,009XX W WELLINGTON AVE,ASSAULT,SIMPLE,STREET,false,false,1933,19,44,6,08A,41.936297697,-87.652640062,2023
13105310,JG299061,2023-06-13 08:55:00.000000 UTC,030XX N HALSTED ST,ASSAULT,SIMPLE,PARKING LOT / GARAGE (NON RESIDENTIAL),false,false,1933,19,44,6,08A,41.93743245,-87.649180491,2023
13239246,JG458174,2023-10-06 00:00:00.000000 UTC,009XX W FLETCHER ST,THEFT,OVER $500,APARTMENT,false,false,1933,19,44,6,06,41.938968415,-87.652740301,2023
13274166,JG500262,2023-11-10 23:30:00.000000 UTC,008XX W OAKDALE AVE,THEFT,OVER $500,SIDEWALK,false,false,1933,19,44,6,06,41.935446062,-87.649712583,2023
13063782,JG249133,2023-05-05 13:50:00.000000 UTC,011XX W GEORGE ST,THEFT,OVER $500,STREET,false,false,1933,19,44,6,06,41.934402535,-87.657004304,2023
13141218,JG341820,2023-07-14 21:30:00.000000 UTC,013XX W FLETCHER ST,THEFT,OVER $500,STREET,false,false,1933,19,32,6,06,41.938876954,-87.66237833,2023
13184907,JG392916,2023-08-14 12:30:00.000000 UTC,031XX N Sheffield Ave,THEFT,$500 AND UNDER,RESIDENCE - YARD (FRONT / BACK),false,false,1933,19,44,6,06,41.938517929,-87.654057223,2023
12954140,JG118156,2023-01-16 11:42:00.000000 UTC,031XX N CLARK ST,THEFT,RETAIL THEFT,SMALL RETAIL STORE,true,false,1933,19,44,6,06,41.93859561,-87.649576033,2023
12984024,JG154055,2023-02-15 18:34:00.000000 UTC,009XX W BELMONT AVE,THEFT,RETAIL THEFT,SMALL RETAIL STORE,true,false,1933,19,44,6,06,41.939939673,-87.652244804,2023
13060281,JG245256,2023-05-02 12:35:00.000000 UTC,031XX N CLARK ST,THEFT,RETAIL THEFT,DEPARTMENT STORE,false,false,1933,19,44,6,06,41.93859561,-87.649576033,2023
13061654,JG246662,2023-04-30 17:30:00.000000 UTC,009XX W BELMONT AVE,THEFT,RETAIL THEFT,SMALL RETAIL STORE,false,false,1933,19,44,6,06,41.939935624,-87.652487431,2023
13173289,JG379860,2023-08-12 13:40:00.000000 UTC,009XX W BELMONT AVE,THEFT,POCKET-PICKING,CTA PLATFORM,false,false,1933,19,44,6,06,41.93991842,-87.653288878,2023
13043747,JG225017,2023-04-15 21:01:00.000000 UTC,010XX W WOLFRAM ST,CRIMINAL DAMAGE,TO PROPERTY,RESIDENCE,false,false,1933,19,44,6,14,41.933528546,-87.654918701,2023
13012121,JG187762,2023-03-16 11:30:00.000000 UTC,030XX N HALSTED ST,CRIMINAL DAMAGE,TO VEHICLE,PARKING LOT / GARAGE (NON RESIDENTIAL),false,false,1933,19,44,6,14,41.93743245,-87.649180491,2023
13013940,JG190082,2023-03-18 00:01:00.000000 UTC,011XX W WOLFRAM ST,CRIMINAL DAMAGE,TO VEHICLE,STREET,false,false,1933,19,44,6,14,41.933488403,-87.657418229,2023
13196757,JG407587,2023-09-02 01:34:00.000000 UTC,029XX N PINE GROVE AVE,ROBBERY,ARMED - OTHER DANGEROUS WEAPON,SIDEWALK,false,false,1934,19,44,6,03,41.93501177,-87.641804435,2023
13181522,JG389571,2023-08-19 21:05:00.000000 UTC,031XX N BROADWAY,ROBBERY,VEHICULAR HIJACKING,STREET,false,false,1934,19,44,6,03,41.939030965,-87.644363243,2023
13269071,JG494305,2023-11-06 18:58:00.000000 UTC,031XX N BROADWAY,BATTERY,SIMPLE,SIDEWALK,false,false,1934,19,44,6,08B,41.939821469,-87.644391489,2023
12940308,JG102301,2023-01-02 22:10:00.000000 UTC,031XX N BROADWAY,BATTERY,SIMPLE,STREET,false,false,1934,19,44,6,08B,41.938127956,-87.644336209,2023
13300294,JG531683,2023-12-07 06:30:00.000000 UTC,028XX N CLARK ST,BATTERY,DOMESTIC BATTERY SIMPLE,APARTMENT,false,true,1934,19,44,6,08B,41.933913293,-87.64578549,2023
13135259,JG334814,2023-07-10 07:00:00.000000 UTC,029XX N SHERIDAN RD,THEFT,OVER $500,STREET,false,false,1934,19,44,6,06,41.93512615,-87.639384889,2023
13160621,JG364863,2023-08-01 12:00:00.000000 UTC,031XX N BROADWAY,THEFT,OVER $500,COMMERCIAL / BUSINESS OFFICE,false,false,1934,19,44,6,06,41.938465561,-87.644347277,2023
13224714,JG441053,2023-07-30 23:00:00.000000 UTC,029XX N COMMONWEALTH AVE,THEFT,$500 AND UNDER,STREET,false,false,1934,19,44,6,06,41.934755599,-87.638010698,2023
13227418,JG442755,2023-09-27 20:00:00.000000 UTC,006XX W WELLINGTON AVE,THEFT,$500 AND UNDER,STREET,false,false,1934,19,44,6,06,41.936497369,-87.644706592,2023
12971048,JG138631,2023-02-02 07:10:00.000000 UTC,031XX N CAMBRIDGE AVE,THEFT,$500 AND UNDER,STREET,false,false,1934,19,44,6,06,41.939309171,-87.643165716,2023
12971640,JG139202,2023-01-26 13:03:00.000000 UTC,005XX W BRIAR PL,THEFT,$500 AND UNDER,RESIDENCE - PORCH / HALLWAY,false,false,1934,19,44,6,06,41.938713675,-87.642709031,2023
12978835,JG147767,2023-02-07 00:00:00.000000 UTC,005XX W BRIAR PL,THEFT,$500 AND UNDER,RESIDENCE,false,false,1934,19,44,6,06,41.938715711,-87.642591394,2023
13091491,JG282482,2023-05-21 10:00:00.000000 UTC,028XX N CLARK ST,THEFT,$500 AND UNDER,STREET,false,false,1934,19,44,6,06,41.933620972,-87.645546069,2023
12998838,JG171864,2023-03-02 19:37:00.000000 UTC,030XX N CLARK ST,THEFT,RETAIL THEFT,SMALL RETAIL STORE,false,false,1934,19,44,6,06,41.936880447,-87.648190373,2023
13140418,JG340920,2023-07-14 15:45:00.000000 UTC,007XX W DIVERSEY PKWY,THEFT,RETAIL THEFT,SMALL RETAIL STORE,false,false,1934,19,44,6,06,41.932738985,-87.648117094,2023
13253902,JG476102,2023-10-24 07:35:00.000000 UTC,027XX N HALSTED ST,BATTERY,SIMPLE,SIDEWALK,false,false,1935,19,43,7,08B,41.931786398,-87.648979902,2023
13079774,JG268825,2023-05-21 01:00:00.000000 UTC,024XX N CLARK ST,BATTERY,SIMPLE,SIDEWALK,false,false,1935,19,43,7,08B,41.925916196,-87.640690015,2023
13249042,JG470470,2023-10-12 20:30:00.000000 UTC,024XX N CANNON DR,THEFT,$500 AND UNDER,PARKING LOT / GARAGE (NON RESIDENTIAL),false,false,1935,19,43,7,06,41.926231713,-87.633888347,2023
12956665,JG120476,2023-01-15 12:46:00.000000 UTC,006XX W WRIGHTWOOD AVE,THEFT,$500 AND UNDER,APARTMENT,false,false,1935,19,43,7,06,41.92933468,-87.644202999,2023
13308086,JG541353,2023-12-14 20:14:00.000000 UTC,024XX N LAKE SHORE DR NB,THEFT,ATTEMPT THEFT,RESTAURANT,false,false,1935,19,43,7,06,41.926558908,-87.631294073,2023
13287756,JG516685,2023-11-25 08:00:00.000000 UTC,027XX N CLARK ST,THEFT,RETAIL THEFT,RESTAURANT,false,false,1935,19,43,7,06,41.932285508,-87.644792324,2023
13112040,JG307279,2023-06-19 13:30:00.000000 UTC,027XX N CLARK ST,THEFT,RETAIL THEFT,SMALL RETAIL STORE,false,false,1935,19,43,7,06,41.932213965,-87.644760018,2023
13137297,JG336531,2023-06-27 13:10:00.000000 UTC,026XX N HALSTED ST,THEFT,RETAIL THEFT,SMALL RETAIL STORE,false,false,1935,19,43,7,06,41.930101116,-87.648924417,2023
13168031,JG373381,2023-08-07 07:30:00.000000 UTC,027XX N LEHMANN CT,THEFT,FROM BUILDING,APARTMENT,false,false,1935,19,43,7,06,41.931956426,-87.643458141,2023
13205561,JG418210,2023-09-10 00:30:00.000000 UTC,025XX W FOSTER AVE,BATTERY,SIMPLE,APARTMENT,false,false,2011,20,40,4,08B,41.975862609,-87.692992317,2023
13220508,JG436218,2023-09-23 17:50:00.000000 UTC,027XX W PETERSON AVE,BATTERY,SIMPLE,VEHICLE NON-COMMERCIAL,false,true,2011,20,40,2,08B,41.990446658,-87.698676476,2023
13072089,JG259669,2023-05-13 22:00:00.000000 UTC,059XX N LINCOLN AVE,BATTERY,SIMPLE,HOTEL / MOTEL,false,false,2011,20,50,2,08B,41.989293402,-87.705537043,2023
13174006,JG380663,2023-08-13 04:40:00.000000 UTC,055XX N LINCOLN AVE,BATTERY,SIMPLE,STREET,false,false,2011,20,40,4,08B,41.981729156,-87.692893082,2023
13004702,JG178896,2023-03-08 20:50:00.000000 UTC,025XX W CATALPA AVE,BATTERY,DOMESTIC BATTERY SIMPLE,APARTMENT,false,true,2011,20,40,4,08B,41.981323205,-87.693419412,2023
13016481,JG193068,2023-03-21 00:34:00.000000 UTC,024XX W FARRAGUT AVE,BATTERY,DOMESTIC BATTERY SIMPLE,RESIDENCE,true,true,2011,20,40,4,08B,41.976786216,-87.689835002,2023
13004873,JG179053,2023-03-09 01:40:00.000000 UTC,024XX W FARRAGUT AVE,ASSAULT,SIMPLE,APARTMENT,true,true,2011,20,40,4,08A,41.976786216,-87.689835002,2023
13110551,JG305370,2023-06-18 00:48:00.000000 UTC,059XX N ROCKWELL ST,ASSAULT,SIMPLE,APARTMENT,false,true,2011,20,40,2,08A,41.989279133,-87.694494741,2023
13189207,JG398776,2023-08-26 16:23:00.000000 UTC,053XX N WESTERN AVE,ASSAULT,SIMPLE,NURSING / RETIREMENT HOME,false,false,2011,20,40,4,08A,41.978495324,-87.689251423,2023
13323799,JG560108,2023-12-29 19:00:00.000000 UTC,026XX W BALMORAL AVE,THEFT,OVER $500,STREET,false,false,2011,20,40,4,06,41.979495628,-87.69490883,2023
12971929,JG139657,2023-02-02 18:00:00.000000 UTC,054XX N CALIFORNIA AVE,THEFT,OVER $500,OTHER (SPECIFY),false,false,2011,20,40,4,06,41.980715212,-87.699078384,2023
13177901,JG385120,2023-08-16 05:00:00.000000 UTC,026XX W BERWYN AVE,THEFT,OVER $500,PARKING LOT / GARAGE (NON RESIDENTIAL),false,false,2011,20,40,4,06,41.97767026,-87.695316898,2023
13197522,JG408678,2023-09-02 12:00:00.000000 UTC,027XX W SUMMERDALE AVE,THEFT,OVER $500,RESIDENCE,false,false,2011,20,40,4,06,41.97856974,-87.69718357,2023
13219341,JG434922,2023-09-22 17:27:00.000000 UTC,052XX N LINCOLN AVE,THEFT,RETAIL THEFT,GROCERY FOOD STORE,true,false,2011,20,40,4,06,41.977017622,-87.692447486,2023
13062825,JG247835,2023-04-26 11:20:00.000000 UTC,058XX N ARTESIAN AVE,THEFT,FROM BUILDING,RESIDENCE,false,false,2011,20,40,2,06,41.987592767,-87.690796555,2023
13205661,JG418321,2023-09-10 03:41:00.000000 UTC,025XX W FARRAGUT AVE,CRIMINAL DAMAGE,TO PROPERTY,APARTMENT,false,false,2011,20,40,4,14,41.9767739,-87.693030997,2023
13310693,JG543677,2023-12-11 08:15:00.000000 UTC,056XX N VIRGINIA AVE,CRIMINAL DAMAGE,TO PROPERTY,RESIDENCE,false,false,2011,20,50,2,14,41.983787108,-87.705274828,2023
13084283,JG274075,2023-05-24 23:00:00.000000 UTC,058XX N LINCOLN AVE,CRIMINAL DAMAGE,TO VEHICLE,ALLEY,false,false,2011,20,50,2,14,41.987210574,-87.702037429,2023
13251489,JG473229,2023-10-21 23:40:00.000000 UTC,059XX N RIDGE AVE,BATTERY,DOMESTIC BATTERY SIMPLE,HOTEL / MOTEL,false,true,2012,20,40,77,08B,41.99060508,-87.671811275,2023
13266664,JG491985,2023-11-05 01:44:00.000000 UTC,059XX N RIDGE AVE,BATTERY,DOMESTIC BATTERY SIMPLE,RESTAURANT,false,true,2012,20,40,77,08B,41.989933196,-87.670460903,2023
13027044,JG205231,2023-03-27 18:00:00.000000 UTC,020XX W BERWYN AVE,BATTERY,DOMESTIC BATTERY SIMPLE,APARTMENT,false,true,2012,20,40,4,08B,41.977835934,-87.680369062,2023
13050373,JG233371,2023-04-21 10:30:00.000000 UTC,057XX N ASHLAND AVE,ASSAULT,SIMPLE,OTHER (SPECIFY),false,true,2012,20,40,77,08A,41.985322251,-87.669865064,2023
13243147,JG463390,2023-10-13 18:30:00.000000 UTC,019XX W FARRAGUT AVE,THEFT,OVER $500,STREET,false,false,2012,20,40,4,06,41.97695719,-87.678336942,2023
13325517,JH100811,2023-12-26 09:51:00.000000 UTC,059XX N RIDGE AVE,THEFT,$500 AND UNDER,CAR WASH,false,false,2012,20,40,77,06,41.989958168,-87.670508463,2023
13049978,JG232853,2023-04-22 02:35:00.000000 UTC,054XX N ASHLAND AVE,THEFT,$500 AND UNDER,APARTMENT,true,false,2012,20,40,77,06,41.980445043,-87.669731805,2023
13168830,JG374549,2023-08-02 21:30:00.000000 UTC,059XX N RIDGE AVE,THEFT,$500 AND UNDER,HOTEL / MOTEL,false,false,2012,20,40,77,06,41.99060508,-87.671811275,2023
13024317,JG202323,2023-03-28 15:14:00.000000 UTC,054XX N CLARK ST,THEFT,RETAIL THEFT,DRUG STORE,false,false,2012,20,40,77,06,41.981051896,-87.668375719,2023
13221554,JG437425,2023-09-24 10:00:00.000000 UTC,021XX W FARRAGUT AVE,THEFT,FROM BUILDING,APARTMENT,false,false,2012,20,40,4,06,41.976895989,-87.682533766,2023
13257994,JG481263,2023-10-25 20:00:00.000000 UTC,021XX W BERWYN AVE,CRIMINAL DAMAGE,TO VEHICLE,STREET,false,false,2012,20,40,4,14,41.977802877,-87.682763582,2023
12966229,JG132497,2023-01-28 09:32:00.000000 UTC,059XX N RIDGE AVE,BATTERY,SIMPLE,STREET,false,false,2013,20,48,77,08B,41.989215158,-87.66919932,2023
13096648,JG288800,2023-05-30 13:00:00.000000 UTC,056XX N RIDGE AVE,THEFT,$500 AND UNDER,APARTMENT,false,false,2013,20,48,77,06,41.984738018,-87.661889658,2023
12948383,JG111517,2023-01-10 08:20:00.000000 UTC,056XX N RIDGE AVE,THEFT,RETAIL THEFT,DRUG STORE,false,false,2013,20,48,77,06,41.984109031,-87.660855375,2023
12964442,JG130206,2023-01-26 12:20:00.000000 UTC,013XX W HOLLYWOOD AVE,THEFT,RETAIL THEFT,SMALL RETAIL STORE,false,false,2013,20,48,77,06,41.985539358,-87.663304679,2023
13138503,JG338543,2023-07-12 20:32:00.000000 UTC,052XX N BROADWAY,THEFT,POCKET-PICKING,PARKING LOT / GARAGE (NON RESIDENTIAL),false,false,2013,20,48,77,06,41.976779033,-87.659877015,2023
13220362,JG436076,2023-09-20 17:00:00.000000 UTC,013XX W ARDMORE AVE,CRIMINAL DAMAGE,TO VEHICLE,STREET,false,false,2013,20,48,77,14,41.988102732,-87.663825864,2023
13103737,JG297258,2023-06-11 14:00:00.000000 UTC,010XX W BRYN MAWR AVE,THEFT,OVER $500,SIDEWALK,false,false,2022,20,48,77,06,41.983670812,-87.657262868,2023
13102244,JG295377,2023-05-31 23:00:00.000000 UTC,058XX N SHERIDAN RD,THEFT,FROM BUILDING,RESIDENCE - GARAGE,false,false,2022,20,48,77,06,41.987819537,-87.655317304,2023
13201048,JG412874,2023-09-05 11:59:00.000000 UTC,010XX W HOLLYWOOD AVE,CRIMINAL DAMAGE,TO PROPERTY,STREET,false,false,2022,20,48,77,14,41.985500167,-87.657089031,2023
13280672,JG508323,2023-11-17 17:15:00.000000 UTC,052XX N SHERIDAN RD,BATTERY,"PROTECTED EMPLOYEE - HANDS, FISTS, FEET, NO / MINOR INJURY",CTA BUS,false,false,2023,20,48,77,08B,41.977318446,-87.655013129,2023
13291581,JG521188,2023-11-28 19:17:00.000000 UTC,052XX N SHERIDAN RD,BATTERY,AGGRAVATED OF A SENIOR CITIZEN,SIDEWALK,false,false,2023,20,48,77,04B,41.9771126,-87.655007959,2023
13207950,JG421007,2023-09-12 09:25:00.000000 UTC,053XX N SHERIDAN RD,ASSAULT,SIMPLE,NURSING / RETIREMENT HOME,false,false,2023,20,48,77,08A,41.97912164,-87.655056515,2023
13189100,JG398561,2023-08-26 13:52:00.000000 UTC,053XX N BROADWAY,THEFT,RETAIL THEFT,GROCERY FOOD STORE,true,false,2023,20,48,77,06,41.978991238,-87.659941972,2023
13290048,JG519635,2023-11-16 12:00:00.000000 UTC,054XX N KENMORE AVE,THEFT,FROM BUILDING,APARTMENT,false,false,2023,20,48,77,06,41.980840024,-87.65653885,2023
12991044,JG161955,2023-02-22 14:35:00.000000 UTC,010XX W ARGYLE ST,ROBBERY,ARMED - HANDGUN,SMALL RETAIL STORE,false,false,2024,20,48,3,03,41.973284901,-87.656946133,2023
13030807,JG209500,2023-04-03 13:43:00.000000 UTC,008XX W FOSTER AVE,BATTERY,AGGRAVATED - OTHER DANGEROUS WEAPON,STREET,false,false,2024,20,48,3,04B,41.976437639,-87.652245874,2023
13322979,JG558125,2023-12-29 01:00:00.000000 UTC,049XX N KENMORE AVE,BATTERY,SIMPLE,OTHER (SPECIFY),false,false,2024,20,48,3,08B,41.972169689,-87.656299683,2023
13079283,JG267502,2023-05-20 03:15:00.000000 UTC,009XX W FOSTER AVE,BATTERY,DOMESTIC BATTERY SIMPLE,APARTMENT,false,true,2024,20,48,3,08B,41.976416368,-87.653750246,2023
13151957,JG352904,2023-07-23 15:00:00.000000 UTC,049XX N SHERIDAN RD,ASSAULT,AGGRAVATED - HANDGUN,STREET,false,false,2024,20,48,3,04A,41.972013219,-87.654896586,2023
13264891,JG489663,2023-11-03 10:35:00.000000 UTC,048XX N MARINE DR,ASSAULT,SIMPLE,STREET,false,false,2024,20,46,3,08A,41.970301796,-87.649968825,2023
13105907,JG299478,2023-06-13 12:46:00.000000 UTC,050XX N SHERIDAN RD,ASSAULT,SIMPLE,APARTMENT,false,false,2024,20,48,3,08A,41.974678235,-87.654963918,2023
13187529,JG395668,2023-08-24 04:46:00.000000 UTC,048XX N SHERIDAN RD,ASSAULT,SIMPLE,STREET,false,false,2024,20,46,3,08A,41.971047103,-87.654870066,2023
13294177,JG524361,2023-11-30 15:00:00.000000 UTC,008XX W GUNNISON ST,THEFT,OVER $500,STREET,false,false,2024,20,46,3,06,41.97007425,-87.651390676,2023
13153015,JG355745,2023-07-04 02:00:00.000000 UTC,009XX W MARGATE TER,THEFT,OVER $500,DRIVEWAY - RESIDENTIAL,false,false,2024,20,48,3,06,41.972445783,-87.653332783,2023
13204390,JG416836,2023-09-07 20:00:00.000000 UTC,048XX N KENMORE AVE,CRIMINAL DAMAGE,TO VEHICLE,PARKING LOT / GARAGE (NON RESIDENTIAL),false,false,2024,20,46,3,14,41.970377425,-87.656248794,2023
13154326,JG356855,2023-07-01 13:00:00.000000 UTC,010XX W AINSLIE ST,CRIMINAL DAMAGE,TO VEHICLE,STREET,false,false,2024,20,46,3,14,41.971552378,-87.656787951,2023
13236421,JG454231,2023-10-06 21:30:00.000000 UTC,050XX N LINCOLN AVE,ROBBERY,STRONG ARM - NO WEAPON,STREET,false,false,2031,20,40,4,03,41.973308145,-87.691587379,2023
13307928,JG541102,2023-12-14 16:57:00.000000 UTC,048XX N LINCOLN AVE,ROBBERY,AGGRAVATED,DRUG STORE,false,false,2031,20,47,4,03,41.968763818,-87.688661831,2023
13225161,JG441653,2023-09-27 17:30:00.000000 UTC,027XX W FOSTER AVE,BATTERY,SIMPLE,HOSPITAL BUILDING / GROUNDS,false,false,2031,20,40,4,08B,41.975827666,-87.697567585,2023
13246570,JG467607,2023-10-14 18:00:00.000000 UTC,050XX N WESTERN AVE,THEFT,OVER $500,STREET,false,false,2031,20,40,4,06,41.972440411,-87.689036625,2023
13086246,JG276246,2023-05-26 09:00:00.000000 UTC,026XX W AINSLIE ST,THEFT,OVER $500,STREET,false,false,2031,20,40,4,06,41.970748451,-87.695643389,2023
13151843,JG353882,2023-07-24 03:40:00.000000 UTC,049XX N MOZART ST,THEFT,OVER $500,STREET,false,false,2031,20,40,4,06,41.971195177,-87.700000236,2023
13264199,JG488820,2023-11-02 09:00:00.000000 UTC,049XX N FRANCISCO AVE,THEFT,$500 AND UNDER,APARTMENT,false,false,2031,20,40,4,06,41.971185441,-87.701221203,2023
13276676,JG503486,2023-08-31 09:00:00.000000 UTC,027XX W GUNNISON ST,THEFT,$500 AND UNDER,STREET,false,false,2031,20,40,4,06,41.969635826,-87.697897597,2023
13304560,JG537311,2023-12-11 14:43:00.000000 UTC,050XX N WESTERN AVE,THEFT,FROM BUILDING,RESIDENCE,false,false,2031,20,40,4,06,41.972544705,-87.689039251,2023
13202528,JG414601,2023-09-07 06:00:00.000000 UTC,049XX N CLAREMONT AVE,CRIMINAL DAMAGE,TO VEHICLE,STREET,false,false,2031,20,40,4,14,41.971105144,-87.687777731,2023
13111924,JG307167,2023-06-18 20:00:00.000000 UTC,048XX N CLAREMONT AVE,CRIMINAL DAMAGE,TO VEHICLE,STREET,false,false,2031,20,47,4,14,41.969548855,-87.6877199,2023
13117927,JG314119,2023-06-24 13:24:00.000000 UTC,048XX N FRANCISCO AVE,CRIMINAL DAMAGE,TO VEHICLE,ALLEY,true,false,2031,20,40,4,14,41.96938944,-87.700488807,2023
13204536,JG416798,2023-09-08 16:30:00.000000 UTC,018XX W LAWRENCE AVE,ROBBERY,STRONG ARM - NO WEAPON,SIDEWALK,false,false,2032,20,47,4,03,41.968815819,-87.674618145,2023
13179538,JG387052,2023-08-18 00:42:00.000000 UTC,019XX W WINONA ST,ROBBERY,VEHICULAR HIJACKING,STREET,false,false,2032,20,40,4,03,41.974741718,-87.676737856,2023
13183536,JG392091,2023-08-16 17:55:00.000000 UTC,050XX N HERMITAGE AVE,ASSAULT,AGGRAVATED - OTHER FIREARM,APARTMENT,false,true,2032,20,47,3,04A,41.972838846,-87.672712245,2023
13023411,JG200408,2023-03-22 20:35:00.000000 UTC,021XX W ARGYLE ST,THEFT,OVER $500,STREET,false,false,2032,20,40,4,06,41.972335233,-87.683521607,2023
13104806,JG298056,2023-06-08 22:00:00.000000 UTC,019XX W Lawrence Ave,THEFT,OVER $500,OTHER (SPECIFY),false,false,2032,20,47,4,06,41.968767774,-87.678211245,2023
13141320,JG341688,2023-07-15 07:06:00.000000 UTC,049XX N HERMITAGE AVE,THEFT,OVER $500,STREET,false,false,2032,20,47,3,06,41.972018188,-87.672687629,2023
13140178,JG340593,2023-07-14 11:05:00.000000 UTC,048XX N CLARK ST,THEFT,RETAIL THEFT,SMALL RETAIL STORE,false,false,2032,20,47,3,06,41.969851141,-87.667613365,2023
13268452,JG493445,2023-11-03 20:50:00.000000 UTC,049XX N WOLCOTT AVE,CRIMINAL DAMAGE,TO VEHICLE,STREET,false,false,2032,20,47,4,14,41.971520203,-87.676289211,2023
13089836,JG280161,2023-05-29 21:50:00.000000 UTC,011XX W ARGYLE ST,BATTERY,AGGRAVATED OF A SENIOR CITIZEN,CTA TRAIN,false,false,2033,20,48,3,04B,41.973265858,-87.65837318,2023
13077779,JG266425,2023-05-18 00:00:00.000000 UTC,050XX N WINTHROP AVE,THEFT,OVER $500,APARTMENT,false,false,2033,20,48,3,06,41.974305063,-87.657762776,2023
13291420,JG520513,2023-11-28 01:00:00.000000 UTC,013XX W Argyle St,THEFT,$500 AND UNDER,RESIDENCE - YARD (FRONT / BACK),false,false,2033,20,47,3,06,41.972617333,-87.663373937,2023
13069573,JG256571,2023-05-07 00:00:00.000000 UTC,050XX N BROADWAY,THEFT,$500 AND UNDER,APARTMENT,false,false,2033,20,47,3,06,41.974031676,-87.659806667,2023
13084012,JG273132,2023-05-23 00:00:00.000000 UTC,013XX W CARMEN AVE,THEFT,$500 AND UNDER,STREET,false,false,2033,20,47,3,06,41.974572003,-87.663040863,2023
13329847,JH105748,2023-12-30 23:15:00.000000 UTC,024XX W 103RD ST,BATTERY,SIMPLE,SMALL RETAIL STORE,false,false,2211,22,19,72,08B,41.706376588,-87.682394407,2023
13307396,JG540387,2023-12-14 04:30:00.000000 UTC,104XX S SPRINGFIELD AVE,THEFT,OVER $500,STREET,false,false,2211,22,19,74,06,41.703352803,-87.718352966,2023
13251544,JG473363,2023-10-22 02:50:00.000000 UTC,024XX W 103RD ST,THEFT,RETAIL THEFT,SMALL RETAIL STORE,false,false,2211,22,19,72,06,41.706376588,-87.682394407,2023
13187661,JG396764,2023-08-25 07:55:00.000000 UTC,031XX W 103RD ST,THEFT,RETAIL THEFT,GROCERY FOOD STORE,true,false,2211,22,19,74,06,41.706204287,-87.699685293,2023
13303562,JG534812,2023-12-09 14:54:00.000000 UTC,114XX S OAKLEY AVE,BATTERY,SIMPLE,NURSING / RETIREMENT HOME,false,false,2212,22,19,75,08B,41.685702753,-87.678875923,2023
12959330,JG118375,2023-01-16 13:00:00.000000 UTC,114XX S OAKLEY AVE,BATTERY,SIMPLE,NURSING / RETIREMENT HOME,false,false,2212,22,19,75,08B,41.685702753,-87.678875923,2023
13235419,JG453901,2023-10-06 19:15:00.000000 UTC,105XX S WALDEN PKWY,BATTERY,DOMESTIC BATTERY SIMPLE,STREET,false,true,2212,22,19,72,08B,41.702412152,-87.669635833,2023
13071896,JG259137,2023-05-05 12:03:00.000000 UTC,017XX W PRYOR AVE,THEFT,FROM BUILDING,SCHOOL - PUBLIC GROUNDS,false,false,2212,22,19,75,06,41.692041778,-87.665923635,2023
12996204,JG168860,2023-02-27 16:00:00.000000 UTC,112XX S HOMEWOOD AVE,CRIMINAL DAMAGE,TO VEHICLE,STREET,false,false,2212,22,19,75,14,41.688923631,-87.670089356,2023
13003930,JG177927,2023-03-08 03:12:00.000000 UTC,105XX S BELL AVE,CRIMINAL DAMAGE,TO VEHICLE,STREET,false,false,2212,22,19,72,14,41.702042075,-87.677835063,2023
13222538,JG438514,2023-09-25 13:20:00.000000 UTC,012XX W 95TH ST,ROBBERY,ARMED - HANDGUN,SMALL RETAIL STORE,false,false,2213,22,21,73,03,41.721326098,-87.653682861,2023
12967296,JG134002,2023-01-29 17:30:00.000000 UTC,100XX S CLAREMONT AVE,ROBBERY,ARMED - HANDGUN,STREET,false,false,2213,22,19,72,03,41.711133054,-87.68055548,2023
13174210,JG380801,2023-08-13 08:06:00.000000 UTC,012XX W 95TH ST,ROBBERY,ARMED - HANDGUN,SMALL RETAIL STORE,false,false,2213,22,21,73,03,41.721326098,-87.653682861,2023
13204203,JG415240,2023-09-05 16:00:00.000000 UTC,095XX S LOOMIS ST,BATTERY,SIMPLE,SCHOOL - PUBLIC GROUNDS,false,false,2213,22,21,73,08B,41.720284826,-87.657671825,2023
13130670,JG329255,2023-07-05 19:49:00.000000 UTC,095XX S WESTERN AVE,ASSAULT,SIMPLE,MEDICAL / DENTAL OFFICE,false,false,2213,22,19,72,08A,41.720480471,-87.682050624,2023
13059645,JG243493,2023-04-24 03:00:00.000000 UTC,098XX S HOYNE AVE,THEFT,OVER $500,STREET,false,false,2213,22,19,72,06,41.715020819,-87.67461923,2023
12990391,JG161538,2023-02-22 01:00:00.000000 UTC,095XX S WINCHESTER AVE,THEFT,$500 AND UNDER,DRIVEWAY - RESIDENTIAL,false,false,2213,22,19,72,06,41.720498155,-87.670742796,2023
13181619,JG389666,2023-08-19 21:00:00.000000 UTC,096XX S RACINE AVE,THEFT,$500 AND UNDER,STREET,false,true,2213,22,21,73,06,41.718936555,-87.652883888,2023
13087001,JG277092,2023-05-27 00:30:00.000000 UTC,098XX S VANDERPOEL AVE,CRIMINAL DAMAGE,TO PROPERTY,RESIDENCE,false,false,2213,22,19,72,14,41.71496833,-87.665525344,2023
13091143,JG281950,2023-05-30 23:00:00.000000 UTC,091XX S ASHLAND AVE,BATTERY,DOMESTIC BATTERY SIMPLE,SIDEWALK,false,true,2221,22,21,73,08B,41.727584721,-87.662826664,2023
13236044,JG454500,2023-10-07 10:55:00.000000 UTC,022XX W 95TH ST,ASSAULT,AGGRAVATED - HANDGUN,STREET,false,false,2221,22,19,72,04A,41.721006321,-87.677521486,2023
13243289,JG463545,2023-10-14 16:10:00.000000 UTC,090XX S HERMITAGE AVE,THEFT,$500 AND UNDER,STREET,false,false,2221,22,21,73,06,41.729546512,-87.667004638,2023
12953442,JG116768,2023-01-14 04:59:00.000000 UTC,093XX S DAMEN AVE,THEFT,$500 AND UNDER,RESIDENCE - PORCH / HALLWAY,false,false,2221,22,19,72,06,41.723896887,-87.672869156,2023
12991895,JG162574,2023-02-16 13:00:00.000000 UTC,089XX S Winchester Ave,THEFT,$500 AND UNDER,RESIDENCE - PORCH / HALLWAY,false,false,2221,22,21,71,06,41.731113482,-87.667472038,2023
13074715,JG262772,2023-05-16 12:50:00.000000 UTC,094XX S ASHLAND AVE,THEFT,$500 AND UNDER,GROCERY FOOD STORE,false,false,2221,22,21,73,06,41.722578383,-87.662706548,2023
13248795,JG469840,2023-10-19 10:40:00.000000 UTC,093XX S ASHLAND AVE,THEFT,RETAIL THEFT,SMALL RETAIL STORE,true,false,2221,22,21,73,06,41.72363784,-87.662732163,2023
12981352,JG150725,2023-02-13 06:30:00.000000 UTC,091XX S ASHLAND AVE,THEFT,FROM BUILDING,RESTAURANT,false,false,2221,22,21,73,06,41.727584721,-87.662826664,2023
13183274,JG389034,2023-08-18 00:30:00.000000 UTC,090XX S LEAVITT ST,CRIMINAL DAMAGE,TO VEHICLE,STREET,false,false,2221,22,19,72,14,41.729282833,-87.677459294,2023
13269892,JG495771,2023-11-07 23:00:00.000000 UTC,089XX S ELIZABETH ST,BATTERY,DOMESTIC BATTERY SIMPLE,RESIDENCE,false,true,2222,22,21,73,08B,41.731544855,-87.654428774,2023
13040042,JG220863,2023-04-12 17:51:00.000000 UTC,087XX S ELIZABETH ST,ASSAULT,AGGRAVATED - HANDGUN,STREET,false,false,2222,22,21,71,04A,41.735198176,-87.654536855,2023
12979102,JG148032,2023-02-08 11:34:00.000000 UTC,087XX S ABERDEEN ST,ASSAULT,SIMPLE,SCHOOL - PUBLIC GROUNDS,false,false,2222,22,21,71,08A,41.735066839,-87.650896405,2023
13173150,JG379618,2023-08-12 10:50:00.000000 UTC,091XX S RACINE AVE,ASSAULT,SIMPLE,RESIDENCE - YARD (FRONT / BACK),false,false,2222,22,21,73,08A,41.727906315,-87.65310796,2023
13021874,JG199548,2023-03-26 10:10:00.000000 UTC,090XX S MORGAN ST,CRIMINAL DAMAGE,TO PROPERTY,RESIDENCE,false,true,2222,22,21,73,14,41.729925111,-87.648316755,2023
13217904,JG432777,2023-09-20 21:30:00.000000 UTC,090XX S ADA ST,CRIMINAL DAMAGE,TO VEHICLE,STREET,false,false,2222,22,21,73,14,41.729459456,-87.656802697,2023
13244947,JG465573,2023-10-15 13:15:00.000000 UTC,090XX S RACINE AVE,CRIMINAL DAMAGE,TO VEHICLE,STREET,false,false,2222,22,21,73,14,41.72984137,-87.653160816,2023
13320237,JG555072,2023-12-26 13:39:00.000000 UTC,096XX S WALLACE ST,BATTERY,DOMESTIC BATTERY SIMPLE,RESIDENCE,false,true,2223,22,9,73,08B,41.718772363,-87.638289008,2023
13009688,JG184891,2023-03-13 02:45:00.000000 UTC,091XX S PARNELL AVE,ASSAULT,AGGRAVATED - HANDGUN,STREET,false,false,2223,22,21,73,04A,41.727927042,-87.637322112,2023
13107348,JG301590,2023-06-15 02:00:00.000000 UTC,092XX S WALLACE ST,ASSAULT,AGGRAVATED - HANDGUN,RESIDENCE,false,true,2223,22,9,73,04A,41.72606518,-87.638481495,2023
13306852,JG540026,2023-12-13 18:00:00.000000 UTC,096XX S HALSTED ST,THEFT,OVER $500,STREET,false,false,2223,22,21,73,06,41.718941587,-87.643144187,2023
13173576,JG379455,2023-07-01 09:35:00.000000 UTC,087XX S HALSTED ST,THEFT,$500 AND UNDER,GOVERNMENT BUILDING / PROPERTY,false,false,2223,22,21,71,06,41.735303166,-87.643595558,2023
12973707,JG141671,2023-02-05 14:21:00.000000 UTC,092XX S HALSTED ST,CRIMINAL DAMAGE,TO PROPERTY,RESIDENCE,false,false,2223,22,21,73,14,41.726390882,-87.643346539,2023
13321760,JG557251,2023-12-28 01:20:00.000000 UTC,096XX S GENOA AVE,CRIMINAL DAMAGE,TO VEHICLE,RESIDENCE,false,false,2223,22,21,73,14,41.718750968,-87.650281532,2023
12956146,JG120639,2023-01-17 01:00:00.000000 UTC,093XX S SANGAMON ST,CRIMINAL DAMAGE,TO VEHICLE,STREET,false,false,2223,22,21,73,14,41.72438984,-87.646939577,2023
13111132,JG305958,2023-06-18 14:00:00.000000 UTC,092XX S PARNELL AVE,CRIMINAL DAMAGE,TO VEHICLE,STREET,false,false,2223,22,9,73,14,41.726307646,-87.637280978,2023
13156862,JG360392,2023-07-29 04:42:00.000000 UTC,095XX S EMERALD AVE,CRIMINAL DAMAGE,TO VEHICLE,STREET,false,false,2223,22,21,73,14,41.72094894,-87.64198351,2023
13169470,JG375330,2023-08-09 02:30:00.000000 UTC,091XX S EMERALD AVE,CRIMINAL DAMAGE,TO VEHICLE,STREET,false,false,2223,22,21,73,14,41.727805368,-87.642170106,2023
13266161,JG491186,2023-11-04 12:11:00.000000 UTC,099XX S MAY ST,ROBBERY,AGGRAVATED VEHICULAR HIJACKING,VEHICLE NON-COMMERCIAL,true,false,2232,22,21,73,03,41.712605327,-87.651481988,2023
13046378,JG228528,2023-04-18 17:05:00.000000 UTC,010XX W 103RD ST,ROBBERY,AGGRAVATED,SIDEWALK,false,false,2232,22,21,73,03,41.706868193,-87.648001252,2023
13144055,JG343650,2023-07-16 16:44:00.000000 UTC,105XX S ABERDEEN ST,BATTERY,AGGRAVATED - HANDGUN,PARKING LOT / GARAGE (NON RESIDENTIAL),false,false,2232,22,21,73,04B,41.702529656,-87.649424223,2023
13056596,JG240808,2023-04-27 15:30:00.000000 UTC,100XX S UNION AVE,BATTERY,"PROTECTED EMPLOYEE - HANDS, FISTS, FEET, NO / MINOR INJURY",SCHOOL - PUBLIC BUILDING,false,false,2232,22,21,73,08B,41.711590312,-87.640534571,2023
13264988,JG489735,2023-11-03 11:06:00.000000 UTC,011XX W 101ST ST,BATTERY,DOMESTIC BATTERY SIMPLE,RESIDENCE,false,true,2232,22,21,73,08B,41.710478292,-87.6505266,2023
13129691,JG328060,2023-07-05 02:20:00.000000 UTC,101XX S ABERDEEN ST,ASSAULT,AGGRAVATED - HANDGUN,RESIDENCE,false,false,2232,22,21,73,04A,41.709971474,-87.650213336,2023
13207716,JG420667,2023-09-11 19:00:00.000000 UTC,103XX S PEORIA ST,ASSAULT,SIMPLE,RESIDENCE,false,true,2232,22,21,73,08A,41.705976221,-87.645234805,2023
12993622,JG165731,2023-02-25 15:00:00.000000 UTC,100XX S ABERDEEN ST,THEFT,OVER $500,RESIDENCE,false,false,2232,22,34,73,06,41.711417947,-87.650249296,2023
12950842,JG111030,2023-01-10 04:00:00.000000 UTC,004XX W 100TH PL,THEFT,$500 AND UNDER,STREET,false,false,2232,22,9,73,06,41.711587565,-87.63464167,2023
13032931,JG212488,2023-04-05 14:40:00.000000 UTC,013XX W 107TH ST,THEFT,$500 AND UNDER,RESIDENCE - PORCH / HALLWAY,false,false,2232,22,34,73,06,41.699481617,-87.656531106,2023
13024146,JG202242,2023-03-27 18:00:00.000000 UTC,011XX W 105TH ST,THEFT,POCKET-PICKING,RESIDENCE,false,false,2232,22,34,73,06,41.703189832,-87.651530204,2023
13062218,JG247344,2023-05-04 06:45:00.000000 UTC,101XX S MORGAN ST,CRIMINAL DAMAGE,TO VEHICLE,VEHICLE - COMMERCIAL,false,false,2232,22,21,73,14,41.709718187,-87.647773213,2023
12977375,JG145239,2023-02-07 21:34:00.000000 UTC,106XX S EMERALD AVE,BATTERY,AGGRAVATED - OTHER DANGEROUS WEAPON,RESIDENCE,false,false,2233,22,34,49,04B,41.700758369,-87.641430828,2023
13150014,JG352290,2023-07-23 00:37:00.000000 UTC,008XX W 105TH ST,BATTERY,"AGGRAVATED P.O. - HANDS, FISTS, FEET, NO / MINOR INJURY",SIDEWALK,false,false,2233,22,21,73,08B,41.703272176,-87.643256855,2023
12974753,JG142946,2023-02-06 15:30:00.000000 UTC,113XX S PARNELL AVE,BATTERY,SIMPLE,RESIDENCE,false,false,2233,22,34,49,08B,41.687913415,-87.636190269,2023
13315868,JG550523,2023-12-22 10:31:00.000000 UTC,006XX W 111TH ST,ASSAULT,AGGRAVATED - HANDGUN,STREET,false,false,2233,22,21,49,04A,41.692393516,-87.639133252,2023
13092729,JG284088,2023-06-01 01:00:00.000000 UTC,105XX S WALLACE ST,THEFT,OVER $500,STREET,false,false,2233,22,21,49,06,41.70228173,-87.63783677,2023
13211271,JG424960,2023-09-07 10:00:00.000000 UTC,007XX W 111TH ST,THEFT,FROM BUILDING,OTHER (SPECIFY),false,false,2233,22,21,49,06,41.692381091,-87.640257433,2023
13066783,JG252882,2023-05-08 00:34:00.000000 UTC,109XX S EMERALD AVE,CRIMINAL DAMAGE,TO PROPERTY,RESIDENCE,false,false,2233,22,21,49,14,41.695222003,-87.64125583,2023
13117992,JG313265,2023-06-23 20:42:00.000000 UTC,110XX S HALSTED ST,CRIMINAL DAMAGE,TO PROPERTY,RESTAURANT,false,false,2233,22,21,75,14,41.693258507,-87.642408263,2023
13084255,JG267863,2023-05-20 11:03:00.000000 UTC,016XX W WASECA PL,BATTERY,DOMESTIC BATTERY SIMPLE,RESIDENCE,false,true,2234,22,21,75,08B,41.688718486,-87.663581876,2023
13214064,JG428461,2023-09-17 20:02:00.000000 UTC,114XX S VINCENNES AVE,ASSAULT,AGGRAVATED - HANDGUN,CHURCH / SYNAGOGUE / PLACE OF WORSHIP,true,true,2234,22,21,75,04A,41.68619909,-87.666869995,2023
13273301,JG499453,2023-11-10 19:30:00.000000 UTC,113XX S PEORIA ST,ASSAULT,SIMPLE,RESIDENCE,false,true,2234,22,21,75,08A,41.687934349,-87.64466924,2023
12992288,JG163846,2023-02-24 07:00:00.000000 UTC,117XX S MARSHFIELD AVE,ASSAULT,SIMPLE,GROCERY FOOD STORE,false,false,2234,22,34,75,08A,41.680418426,-87.662437948,2023
13045444,JG227543,2023-04-17 19:30:00.000000 UTC,113XX S THROOP ST,THEFT,FROM BUILDING,STREET,false,false,2234,22,21,75,06,41.68727589,-87.654385504,2023
13004896,JG179071,2023-03-09 01:36:00.000000 UTC,010XX W 112TH PL,CRIMINAL DAMAGE,TO PROPERTY,RESIDENCE,true,false,2234,22,34,75,14,41.689447895,-87.648120277,2023
13095335,JG287275,2023-03-05 02:30:00.000000 UTC,113XX S ABERDEEN ST,CRIMINAL DAMAGE,TO PROPERTY,RESIDENCE,false,false,2234,22,21,75,14,41.688136349,-87.649543738,2023
13117379,JG313529,2023-06-24 01:30:00.000000 UTC,014XX W 110TH ST,CRIMINAL DAMAGE,TO PROPERTY,RESIDENCE,false,false,2234,22,21,75,14,41.693993536,-87.657562598,2023
13077558,JG266135,2023-05-19 00:06:00.000000 UTC,074XX N WESTERN AVE,BATTERY,SIMPLE,SIDEWALK,true,false,2411,24,50,2,08B,42.016590052,-87.690206666,2023
13134040,JG333357,2023-07-09 00:10:00.000000 UTC,024XX W TOUHY AVE,BATTERY,SIMPLE,ATHLETIC CLUB,false,false,2411,24,50,2,08B,42.012259884,-87.691214368,2023
13241938,JG461693,2023-10-13 07:18:00.000000 UTC,022XX W MORSE AVE,BATTERY,DOMESTIC BATTERY SIMPLE,APARTMENT,false,true,2411,24,40,2,08B,42.007227268,-87.686853386,2023
12958948,JG123701,2023-01-20 14:45:00.000000 UTC,071XX N KEDZIE AVE,BATTERY,DOMESTIC BATTERY SIMPLE,PARKING LOT / GARAGE (NON RESIDENTIAL),false,true,2411,24,50,2,08B,42.010909853,-87.709143958,2023
12960647,JG125848,2023-01-22 20:00:00.000000 UTC,074XX N OAKLEY AVE,BATTERY,DOMESTIC BATTERY SIMPLE,APARTMENT,false,true,2411,24,50,2,08B,42.01627583,-87.687516133,2023
13017138,JG193884,2023-02-05 16:00:00.000000 UTC,026XX W FARGO AVE,BATTERY,DOMESTIC BATTERY SIMPLE,APARTMENT,false,true,2411,24,50,2,08B,42.016692374,-87.695758666,2023
13191088,JG400776,2023-08-28 08:55:00.000000 UTC,025XX W FITCH AVE,ASSAULT,SIMPLE,APARTMENT,false,true,2411,24,50,2,08A,42.011295157,-87.693891803,2023
13301333,JG531880,2023-11-10 13:00:00.000000 UTC,025XX W FITCH AVE,THEFT,$500 AND UNDER,RESIDENCE,false,false,2411,24,50,2,06,42.011299722,-87.693726174,2023
13043415,JG224812,2023-04-14 16:50:00.000000 UTC,071XX N Kedzie Ave,THEFT,$500 AND UNDER,RESIDENCE - GARAGE,false,false,2411,24,50,2,06,42.010909853,-87.709143958,2023
13115313,JG311063,2023-06-21 11:21:00.000000 UTC,026XX W TOUHY AVE,THEFT,$500 AND UNDER,RESIDENCE,false,false,2411,24,50,2,06,42.012147864,-87.696227217,2023
13024027,JG201791,2023-01-01 03:00:00.000000 UTC,023XX W TOUHY AVE,THEFT,FROM BUILDING,APARTMENT,false,false,2411,24,50,2,06,42.012257548,-87.687862198,2023
13150528,JG353037,2023-07-23 02:50:00.000000 UTC,068XX N KEDZIE AVE,CRIMINAL DAMAGE,TO VEHICLE,PARKING LOT / GARAGE (NON RESIDENTIAL),false,false,2411,24,50,2,14,42.005384054,-87.709326751,2023
13063673,JG249214,2023-05-05 15:30:00.000000 UTC,066XX N DAMEN AVE,BATTERY,AGGRAVATED - OTHER DANGEROUS WEAPON,ALLEY,false,false,2412,24,40,2,04B,42.00240696,-87.680283454,2023
13095263,JG287196,2023-06-04 00:54:00.000000 UTC,066XX N CAMPBELL AVE,BATTERY,AGGRAVATED - OTHER DANGEROUS WEAPON,STREET,false,false,2412,24,50,2,04B,42.001816818,-87.692430462,2023
13039054,JG218473,2023-04-10 00:00:00.000000 UTC,065XX N CLAREMONT AVE,BATTERY,SIMPLE,RESIDENCE - YARD (FRONT / BACK),false,false,2412,24,50,2,08B,41.999704955,-87.688717509,2023
13290501,JG520019,2023-11-27 08:20:00.000000 UTC,064XX N OAKLEY AVE,THEFT,$500 AND UNDER,APARTMENT,false,false,2412,24,50,2,06,41.998484978,-87.687464283,2023
12959646,JG124742,2023-01-19 21:00:00.000000 UTC,065XX N ARTESIAN AVE,THEFT,$500 AND UNDER,STREET,false,false,2412,24,50,2,06,42.000517304,-87.691177924,2023
12994658,JG167006,2023-02-26 17:00:00.000000 UTC,066XX N CAMPBELL AVE,THEFT,$500 AND UNDER,STREET,false,false,2412,24,50,2,06,42.002151652,-87.692438139,2023
13297087,JG528112,2023-12-03 10:17:00.000000 UTC,064XX N CLAREMONT AVE,THEFT,FROM BUILDING,APARTMENT,false,false,2412,24,50,2,06,41.998722363,-87.688686958,2023
12954618,JG118758,2023-01-16 15:00:00.000000 UTC,028XX W DEVON AVE,CRIMINAL DAMAGE,TO PROPERTY,SMALL RETAIL STORE,true,false,2412,24,50,2,14,41.997530514,-87.701361543,2023
13227097,JG443935,2023-09-29 16:25:00.000000 UTC,064XX N SEELEY AVE,CRIMINAL DAMAGE,TO VEHICLE,STREET,false,false,2412,24,50,2,14,41.998845786,-87.681386751,2023
13301057,JG532855,2023-12-08 02:27:00.000000 UTC,064XX N ALBANY AVE,CRIMINAL DAMAGE,TO VEHICLE,STREET,false,false,2412,24,50,2,14,41.997978456,-87.706985772,2023
13051383,JG233705,2023-04-21 16:00:00.000000 UTC,063XX N WASHTENAW AVE,BATTERY,SIMPLE,SIDEWALK,false,false,2413,24,50,2,08B,41.996675864,-87.697168823,2023
13213532,JG427841,2023-09-16 18:00:00.000000 UTC,062XX N HOYNE AVE,BATTERY,DOMESTIC BATTERY SIMPLE,APARTMENT,true,true,2413,24,50,2,08B,41.994792978,-87.68241768,2023
13267905,JG493484,2023-11-06 10:10:00.000000 UTC,063XX N WASHTENAW AVE,BATTERY,DOMESTIC BATTERY SIMPLE,APARTMENT,false,true,2413,24,50,2,08B,41.996695073,-87.697168632,2023
13304940,JG537446,2023-12-11 17:40:00.000000 UTC,022XX W THOME AVE,BATTERY,DOMESTIC BATTERY SIMPLE,APARTMENT,true,true,2413,24,50,2,08B,41.995078272,-87.685309905,2023
13039197,JG219824,2023-04-12 00:29:00.000000 UTC,062XX N FRANCISCO AVE,ASSAULT,AGGRAVATED - HANDGUN,STREET,true,true,2413,24,50,2,04A,41.994542644,-87.701961296,2023
13212525,JG426418,2023-09-16 07:17:00.000000 UTC,021XX W DEVON AVE,ASSAULT,AGGRAVATED - OTHER DANGEROUS WEAPON,ALLEY,true,false,2413,24,50,2,04A,41.997824802,-87.684266677,2023
13209384,JG422687,2023-09-13 11:40:00.000000 UTC,060XX N WESTERN AVE,ASSAULT,SIMPLE,SMALL RETAIL STORE,false,false,2413,24,40,2,08A,41.99094269,-87.689685077,2023
13005414,JG179758,2023-03-08 15:24:00.000000 UTC,062XX N MOZART ST,THEFT,OVER $500,RESIDENCE,false,false,2413,24,50,2,06,41.994832399,-87.700759182,2023
13214952,JG429226,2023-09-17 22:00:00.000000 UTC,022XX W GRANVILLE AVE,THEFT,$500 AND UNDER,STREET,false,false,2413,24,50,2,06,41.994149091,-87.686478103,2023
12952010,JG115791,2023-01-14 05:00:00.000000 UTC,063XX N ARTESIAN AVE,THEFT,$500 AND UNDER,STREET,false,false,2413,24,50,2,06,41.996570557,-87.691070452,2023
13023899,JG201970,2023-03-23 18:00:00.000000 UTC,063XX N RICHMOND ST,THEFT,$500 AND UNDER,APARTMENT,false,false,2413,24,50,2,06,41.996454145,-87.70324101,2023
13185519,JG394391,2023-08-23 12:15:00.000000 UTC,063XX N MOZART ST,THEFT,$500 AND UNDER,PARKING LOT / GARAGE (NON RESIDENTIAL),false,false,2413,24,50,2,06,41.996545107,-87.700819475,2023
13170260,JG376323,2023-08-09 17:00:00.000000 UTC,028XX W DEVON AVE,THEFT,RETAIL THEFT,DEPARTMENT STORE,false,false,2413,24,50,2,06,41.997544797,-87.700467444,2023
13207217,JG420191,2023-09-11 14:40:00.000000 UTC,019XX W HOOD AVE,CRIMINAL DAMAGE,TO VEHICLE,PARKING LOT / GARAGE (NON RESIDENTIAL),false,false,2413,24,40,2,14,41.993124349,-87.677567918,2023
12975751,JG144204,2023-02-06 17:00:00.000000 UTC,062XX N HOYNE AVE,CRIMINAL DAMAGE,TO VEHICLE,STREET,false,false,2413,24,50,2,14,41.994812186,-87.682417484,2023
13100834,JG293751,2023-06-08 17:00:00.000000 UTC,061XX N DAMEN AVE,CRIMINAL DAMAGE,TO VEHICLE,STREET,false,false,2413,24,40,2,14,41.992487165,-87.679880907,2023
13176612,JG383681,2023-08-15 07:00:00.000000 UTC,063XX N RIDGE AVE,CRIMINAL DAMAGE,TO VEHICLE,STREET,false,false,2413,24,40,2,14,41.995869718,-87.675854872,2023
13239177,JG458640,2023-10-10 16:52:00.000000 UTC,016XX W JONQUIL TER,BATTERY,SIMPLE,SIDEWALK,false,false,2422,24,49,1,08B,42.021162087,-87.671421028,2023
13154552,JG357479,2023-07-25 13:00:00.000000 UTC,076XX N EASTLAKE TER,BATTERY,SIMPLE,RESIDENCE - PORCH / HALLWAY,false,false,2422,24,49,1,08B,42.019723608,-87.664701339,2023
13173409,JG379899,2023-08-12 15:00:00.000000 UTC,014XX W FARGO AVE,BATTERY,SIMPLE,RESIDENCE,false,false,2422,24,49,1,08B,42.017142459,-87.666781798,2023
13022575,JG200254,2023-03-26 22:30:00.000000 UTC,074XX N GREENVIEW AVE,BATTERY,DOMESTIC BATTERY SIMPLE,APARTMENT,false,true,2422,24,49,1,08B,42.017548537,-87.668190673,2023
13148021,JG348791,2023-06-24 08:00:00.000000 UTC,077XX N MARSHFIELD AVE,BATTERY,DOMESTIC BATTERY SIMPLE,RESIDENCE,false,true,2422,24,49,1,08B,42.021606631,-87.671894847,2023
13181208,JG389101,2023-08-19 09:30:00.000000 UTC,015XX W BIRCHWOOD AVE,ASSAULT,AGGRAVATED - HANDGUN,STREET,false,false,2422,24,49,1,04A,42.018130023,-87.670514068,2023
13028542,JG207390,2023-04-01 15:55:00.000000 UTC,017XX W HOWARD ST,ASSAULT,AGGRAVATED - KNIFE / CUTTING INSTRUMENT,GROCERY FOOD STORE,false,false,2422,24,49,1,04A,42.019399237,-87.675049485,2023
12981600,JG149919,2023-02-06 11:00:00.000000 UTC,016XX W JONQUIL TER,ASSAULT,SIMPLE,APARTMENT,false,true,2422,24,49,1,08A,42.021162087,-87.671421028,2023
13002049,JG175743,2023-03-05 18:00:00.000000 UTC,077XX N SHERIDAN RD,THEFT,$500 AND UNDER,STREET,false,false,2422,24,49,1,06,42.02162609,-87.666720251,2023
13080465,JG269624,2023-05-21 21:08:00.000000 UTC,017XX W HOWARD ST,THEFT,$500 AND UNDER,GROCERY FOOD STORE,false,false,2422,24,49,1,06,42.019399237,-87.675049485,2023