unique_key,case_number,date,block,primary_type,description,location_description,arrest,domestic,beat,district,ward,community_area,fbi_code,latitude,longitude,year,dates,time,hour,day_of_week,month,Crime_Description
13172384,JG378607,2023-08-11 14:35:00+00:00,001XX N MICHIGAN AVE,BATTERY,"AGGRAVATED - HANDS, FISTS, FEET, NO / MINOR INJURY",SMALL RETAIL STORE,True,False,111,1,34,32,08B,41.88364355,-87.6244195,2023,2023-08-11,14:35:00,14,Friday,August,AGGRAVATED
13276137,JG502918,2023-11-13 13:15:00+00:00,001XX N WABASH AVE,BATTERY,SIMPLE,SIDEWALK,False,False,111,1,34,32,08B,41.8854332,-87.62626529,2023,2023-11-13,13:15:00,13,Monday,November,SIMPLE
12984870,JG155021,2023-02-16 16:10:00+00:00,001XX N WABASH AVE,BATTERY,SIMPLE,RESTAURANT,False,False,111,1,42,32,08B,41.88530149,-87.62626674,2023,2023-02-16,16:10:00,16,Thursday,February,SIMPLE
13099278,JG291695,2023-06-07 11:32:00+00:00,001XX N STATE ST,BATTERY,"AGGRAVATED P.O. - HANDS, FISTS, FEET, SERIOUS INJURY",CTA PLATFORM,True,False,111,1,42,32,04B,41.88548189,-87.62793569,2023,2023-06-07,11:32:00,11,Wednesday,June,AGGRAVATED
13053188,JG236699,2023-04-25 11:18:00+00:00,0000X E LAKE ST,ASSAULT,SIMPLE,STREET,False,False,111,1,42,32,08A,41.88575329,-87.62699624,2023,2023-04-25,11:18:00,11,Tuesday,April,SIMPLE
13183628,JG392185,2023-08-21 17:50:00+00:00,001XX N WABASH AVE,ASSAULT,SIMPLE,RESTAURANT,False,False,111,1,42,32,08A,41.88530149,-87.62626674,2023,2023-08-21,17:50:00,17,Monday,August,SIMPLE
13263055,JG487308,2023-09-18 12:00:00+00:00,001XX N STATE ST,THEFT,OVER $500,OTHER (SPECIFY),False,False,111,1,42,32,06,41.88465026,-87.62791546,2023,2023-09-18,12:00:00,12,Monday,September,OVER $500
13317280,JG552533,2023-12-23 18:14:00+00:00,001XX N STATE ST,THEFT,RETAIL THEFT,DEPARTMENT STORE,True,False,111,1,34,32,06,41.88350019,-87.6278767,2023,2023-12-23,18:14:00,18,Saturday,December,RETAIL THEFT
13010448,JG185654,2023-03-14 17:06:00+00:00,001XX N STATE ST,THEFT,RETAIL THEFT,DEPARTMENT STORE,True,False,111,1,42,32,06,41.88350019,-87.6278767,2023,2023-03-14,17:06:00,17,Tuesday,March,RETAIL THEFT
13012317,JG188246,2023-03-16 18:42:00+00:00,001XX N STATE ST,THEFT,RETAIL THEFT,COMMERCIAL / BUSINESS OFFICE,False,False,111,1,42,32,06,41.88350019,-87.6278767,2023,2023-03-16,18:42:00,18,Thursday,March,RETAIL THEFT
13048712,JG230960,2023-03-24 10:25:00+00:00,001XX N STATE ST,THEFT,RETAIL THEFT,DEPARTMENT STORE,False,False,111,1,42,32,06,41.88350019,-87.6278767,2023,2023-03-24,10:25:00,10,Friday,March,RETAIL THEFT
13062810,JG248363,2023-05-02 13:23:00+00:00,001XX N STATE ST,THEFT,RETAIL THEFT,SMALL RETAIL STORE,False,False,111,1,34,32,06,41.88347549,-87.62787697,2023,2023-05-02,13:23:00,13,Tuesday,May,RETAIL THEFT
13081390,JG271005,2023-05-22 19:08:00+00:00,001XX N STATE ST,THEFT,RETAIL THEFT,DEPARTMENT STORE,True,False,111,1,34,32,06,41.88350019,-87.6278767,2023,2023-05-22,19:08:00,19,Monday,May,RETAIL THEFT
13102569,JG295848,2023-06-10 15:31:00+00:00,001XX N STATE ST,THEFT,RETAIL THEFT,SMALL RETAIL STORE,True,False,111,1,34,32,06,41.88350019,-87.6278767,2023,2023-06-10,15:31:00,15,Saturday,June,RETAIL THEFT
13117140,JG312181,2023-06-19 19:15:00+00:00,001XX N STATE ST,THEFT,RETAIL THEFT,DEPARTMENT STORE,False,False,111,1,34,32,06,41.88350019,-87.6278767,2023,2023-06-19,19:15:00,19,Monday,June,RETAIL THEFT
13117339,JG313336,2023-06-23 18:44:00+00:00,001XX N STATE ST,THEFT,RETAIL THEFT,DEPARTMENT STORE,False,False,111,1,34,32,06,41.88350019,-87.6278767,2023,2023-06-23,18:44:00,18,Friday,June,RETAIL THEFT
13153940,JG356810,2023-07-26 12:25:00+00:00,001XX N STATE ST,THEFT,RETAIL THEFT,DEPARTMENT STORE,True,False,111,1,34,32,06,41.88350019,-87.6278767,2023,2023-07-26,12:25:00,12,Wednesday,July,RETAIL THEFT
13283751,JG511132,2023-11-19 14:30:00+00:00,0000X W WASHINGTON ST,THEFT,POCKET-PICKING,OTHER (SPECIFY),False,False,111,1,42,32,06,41.88321078,-87.62990697,2023,2023-11-19,14:30:00,14,Sunday,November,POCKET-PICKING
13100695,JG293150,2023-05-30 17:15:00+00:00,0000X E WACKER PL,THEFT,FROM BUILDING,HOTEL / MOTEL,False,False,111,1,42,32,06,41.88681327,-87.62532828,2023,2023-05-30,17:15:00,17,Tuesday,May,FROM BUILDING
13121360,JG318150,2023-06-27 12:53:00+00:00,001XX N WABASH AVE,CRIMINAL DAMAGE,TO PROPERTY,RESTAURANT,True,False,111,1,42,32,14,41.88536734,-87.62626601,2023,2023-06-27,12:53:00,12,Tuesday,June,TO PROPERTY
13010787,JG186133,2023-03-14 11:30:00+00:00,0000X N WABASH AVE,ROBBERY,ARMED - HANDGUN,SIDEWALK,False,False,112,1,42,32,03,41.88252954,-87.62622386,2023,2023-03-14,11:30:00,11,Tuesday,March,ARMED - HANDGUN
13037369,JG217327,2023-04-10 08:03:00+00:00,001XX S STATE ST,BATTERY,SIMPLE,BANK,False,False,112,1,42,32,08B,41.88057943,-87.62773256,2023,2023-04-10,08:03:00,8,Monday,April,SIMPLE
13233905,JG452228,2023-10-02 15:00:00+00:00,0000X N WABASH AVE,THEFT,OVER $500,STREET,False,False,112,1,34,32,06,41.8824225,-87.62622136,2023,2023-10-02,15:00:00,15,Monday,October,OVER $500
13277217,JG504335,2023-11-14 18:00:00+00:00,001XX S CLARK ST,THEFT,$500 AND UNDER,RESTAURANT,False,False,112,1,34,32,06,41.87989042,-87.63083203,2023,2023-11-14,18:00:00,18,Tuesday,November,$500 AND UNDER
13239273,JG457629,2023-10-03 12:27:00+00:00,0000X N STATE ST,THEFT,RETAIL THEFT,DEPARTMENT STORE,False,False,112,1,34,32,06,41.88239406,-87.6278448,2023,2023-10-03,12:27:00,12,Tuesday,October,RETAIL THEFT
13280868,JG508436,2023-11-17 18:30:00+00:00,0000X W MONROE ST,THEFT,RETAIL THEFT,SMALL RETAIL STORE,False,False,112,1,34,32,06,41.88070448,-87.63022456,2023,2023-11-17,18:30:00,18,Friday,November,RETAIL THEFT
13310901,JG544452,2023-12-14 17:08:00+00:00,0000X N STATE ST,THEFT,RETAIL THEFT,SMALL RETAIL STORE,False,False,112,1,34,32,06,41.88239406,-87.6278448,2023,2023-12-14,17:08:00,17,Thursday,December,RETAIL THEFT
12967402,JG133782,2023-01-29 12:40:00+00:00,0000X N STATE ST,THEFT,RETAIL THEFT,DEPARTMENT STORE,False,False,112,1,42,32,06,41.88253954,-87.62785054,2023,2023-01-29,12:40:00,12,Sunday,January,RETAIL THEFT
13076198,JG263732,2023-05-13 08:40:00+00:00,0000X S STATE ST,THEFT,RETAIL THEFT,DEPARTMENT STORE,False,False,112,1,34,32,06,41.88171846,-87.62776043,2023,2023-05-13,08:40:00,8,Saturday,May,RETAIL THEFT
13102354,JG295421,2023-06-10 09:14:00+00:00,001XX S MICHIGAN AVE,THEFT,RETAIL THEFT,DEPARTMENT STORE,False,False,112,1,34,32,06,41.88036652,-87.6243529,2023,2023-06-10,09:14:00,9,Saturday,June,RETAIL THEFT
13102359,JG294228,2023-06-09 11:19:00+00:00,001XX S MICHIGAN AVE,THEFT,RETAIL THEFT,DRUG STORE,False,False,112,1,34,32,06,41.88036652,-87.6243529,2023,2023-06-09,11:19:00,11,Friday,June,RETAIL THEFT
13106076,JG300021,2023-06-13 20:15:00+00:00,0000X S STATE ST,THEFT,RETAIL THEFT,DEPARTMENT STORE,False,False,112,1,34,32,06,41.88171846,-87.62776043,2023,2023-06-13,20:15:00,20,Tuesday,June,RETAIL THEFT
13125800,JG322800,2023-06-30 18:34:00+00:00,0000X N STATE ST,THEFT,RETAIL THEFT,DEPARTMENT STORE,False,False,112,1,34,32,06,41.88247092,-87.62784763,2023,2023-06-30,18:34:00,18,Friday,June,RETAIL THEFT
13136131,JG335814,2023-07-04 10:38:00+00:00,0000X N STATE ST,THEFT,RETAIL THEFT,DEPARTMENT STORE,False,False,112,1,34,32,06,41.88239406,-87.6278448,2023,2023-07-04,10:38:00,10,Tuesday,July,RETAIL THEFT
13164611,JG368576,2023-07-28 12:10:00+00:00,0000X N STATE ST,THEFT,RETAIL THEFT,DEPARTMENT STORE,False,False,112,1,34,32,06,41.88239406,-87.6278448,2023,2023-07-28,12:10:00,12,Friday,July,RETAIL THEFT
12955599,JG119037,2023-01-15 16:30:00+00:00,0000X N DEARBORN ST,THEFT,POCKET-PICKING,CTA PLATFORM,False,False,112,1,42,32,06,41.88238173,-87.62941297,2023,2023-01-15,16:30:00,16,Sunday,January,POCKET-PICKING
12964400,JG130393,2023-01-14 14:18:00+00:00,0000X E WASHINGTON ST,THEFT,FROM BUILDING,APARTMENT,False,False,112,1,42,32,06,41.88322136,-87.6258233,2023,2023-01-14,14:18:00,14,Saturday,January,FROM BUILDING
13058784,JG243399,2023-04-30 22:05:00+00:00,002XX S DEARBORN ST,ROBBERY,ARMED - HANDGUN,CTA PLATFORM,False,False,113,1,34,32,03,41.87900312,-87.62933989,2023,2023-04-30,22:05:00,22,Sunday,April,ARMED - HANDGUN
13261929,JG484686,2023-10-30 13:45:00+00:00,004XX S STATE ST,BATTERY,SIMPLE,LIBRARY,False,False,113,1,4,32,08B,41.87660796,-87.62764406,2023,2023-10-30,13:45:00,13,Monday,October,SIMPLE
13029077,JG208015,2023-04-02 06:11:00+00:00,002XX S STATE ST,ASSAULT,AGGRAVATED - KNIFE / CUTTING INSTRUMENT,CTA BUS,True,False,113,1,42,32,04A,41.87929771,-87.62770627,2023,2023-04-02,06:11:00,6,Sunday,April,AGGRAVATED
13154230,JG357346,2023-07-26 17:00:00+00:00,003XX S PLYMOUTH CT,ASSAULT,SIMPLE,RESIDENCE,False,False,113,1,4,32,08A,41.87772609,-87.62873702,2023,2023-07-26,17:00:00,17,Wednesday,July,SIMPLE
13056471,JG239526,2023-04-27 13:00:00+00:00,0000X E ADAMS ST,THEFT,OVER $500,PARKING LOT / GARAGE (NON RESIDENTIAL),False,False,113,1,34,32,06,41.8794992,-87.62700269,2023,2023-04-27,13:00:00,13,Thursday,April,OVER $500
13181270,JG389313,2023-08-18 13:45:00+00:00,002XX S STATE ST,THEFT,OVER $500,SIDEWALK,False,False,113,1,34,32,06,41.878639,-87.62769149,2023,2023-08-18,13:45:00,13,Friday,August,OVER $500
13047779,JG230225,2023-04-19 18:30:00+00:00,004XX S STATE ST,THEFT,$500 AND UNDER,STREET,False,False,113,1,4,32,06,41.87660796,-87.62764406,2023,2023-04-19,18:30:00,18,Wednesday,April,$500 AND UNDER
13180404,JG387735,2023-08-04 21:10:00+00:00,002XX S MICHIGAN AVE,THEFT,POCKET-PICKING,PARK PROPERTY,False,False,113,1,34,32,06,41.87902724,-87.62433833,2023,2023-08-04,21:10:00,21,Friday,August,POCKET-PICKING
12981832,JG146900,2023-02-09 12:30:00+00:00,002XX S DEARBORN ST,CRIMINAL DAMAGE,TO VEHICLE,AUTO / BOAT / RV DEALERSHIP,False,False,113,1,42,32,14,41.87912116,-87.62934594,2023,2023-02-09,12:30:00,12,Thursday,February,TO VEHICLE
13039034,JG219649,2023-04-11 20:04:00+00:00,002XX E MONROE DR,ROBBERY,ARMED - KNIFE / CUTTING INSTRUMENT,SIDEWALK,False,False,114,1,42,32,03,41.88086862,-87.62123338,2023,2023-04-11,20:04:00,20,Tuesday,April,ARMED - KNIFE / CUTTING INSTRUMENT
13174011,JG380571,2023-08-13 02:00:00+00:00,003XX N COLUMBUS DR,BATTERY,"AGGRAVATED P.O. - HANDS, FISTS, FEET, NO / MINOR INJURY",STREET,False,False,114,1,42,32,08B,41.88720179,-87.62070399,2023,2023-08-13,02:00:00,2,Sunday,August,AGGRAVATED
13166546,JG371798,2023-08-03 21:15:00+00:00,002XX E BALBO DR,BATTERY,SIMPLE,PARK PROPERTY,False,False,114,1,4,32,08B,41.87319206,-87.62197216,2023,2023-08-03,21:15:00,21,Thursday,August,SIMPLE
13126653,JG324422,2023-07-02 01:45:00+00:00,003XX E RANDOLPH ST,THEFT,OVER $500,LAKEFRONT / WATERFRONT / RIVERBANK,False,False,114,1,42,32,06,41.88433547,-87.61916409,2023,2023-07-02,01:45:00,1,Sunday,July,OVER $500
13165206,JG370172,2023-08-04 17:50:00+00:00,003XX E RANDOLPH ST,THEFT,OVER $500,PARK PROPERTY,False,False,114,1,42,32,06,41.88433336,-87.61926694,2023,2023-08-04,17:50:00,17,Friday,August,OVER $500
13168694,JG374387,2023-08-06 20:00:00+00:00,003XX E BALBO DR,THEFT,OVER $500,PARK PROPERTY,False,False,114,1,42,32,06,41.87323656,-87.61897189,2023,2023-08-06,20:00:00,20,Sunday,August,OVER $500
13188870,JG398298,2023-08-26 08:45:00+00:00,002XX N COLUMBUS DR,THEFT,OVER $500,PARKING LOT / GARAGE (NON RESIDENTIAL),False,False,114,1,42,32,06,41.8863702,-87.6206912,2023,2023-08-26,08:45:00,8,Saturday,August,OVER $500
13196215,JG407187,2023-08-05 00:00:00+00:00,003XX E RANDOLPH ST,THEFT,OVER $500,PARK PROPERTY,False,False,114,1,42,32,06,41.88433547,-87.61916409,2023,2023-08-05,00:00:00,0,Saturday,August,OVER $500
13322849,JG559087,2023-12-29 20:10:00+00:00,0000X N MICHIGAN AVE,CRIMINAL DAMAGE,TO PROPERTY,PARKING LOT / GARAGE (NON RESIDENTIAL),True,False,114,1,42,32,14,41.88252643,-87.62438411,2023,2023-12-29,20:10:00,20,Friday,December,TO PROPERTY
12960873,JG126126,2023-01-23 06:00:00+00:00,001XX E LAKE ST,CRIMINAL DAMAGE,TO PROPERTY,CTA TRAIN,False,False,114,1,42,32,14,41.88577235,-87.62341176,2023,2023-01-23,06:00:00,6,Monday,January,TO PROPERTY
12945123,JG107829,2023-01-07 15:45:00+00:00,0000X S COLUMBUS DR,CRIMINAL DAMAGE,TO VEHICLE,PARKING LOT / GARAGE (NON RESIDENTIAL),False,False,114,1,42,32,14,41.88177682,-87.62076795,2023,2023-01-07,15:45:00,15,Saturday,January,TO VEHICLE
13117580,JG313715,2023-06-23 13:45:00+00:00,0000X S COLUMBUS DR,CRIMINAL DAMAGE,TO VEHICLE,PARKING LOT / GARAGE (NON RESIDENTIAL),False,False,114,1,42,32,14,41.88177682,-87.62076795,2023,2023-06-23,13:45:00,13,Friday,June,TO VEHICLE
12969662,JG136860,2023-01-31 20:30:00+00:00,002XX S CANAL ST,THEFT,OVER $500,COMMERCIAL / BUSINESS OFFICE,False,False,121,1,42,28,06,41.87884043,-87.63958293,2023,2023-01-31,20:30:00,20,Tuesday,January,OVER $500
13075263,JG262135,2023-05-15 22:00:00+00:00,006XX W MADISON ST,THEFT,$500 AND UNDER,STREET,True,False,121,1,34,28,06,41.88183123,-87.64315667,2023,2023-05-15,22:00:00,22,Monday,May,$500 AND UNDER
13179404,JG386997,2023-08-17 18:00:00+00:00,005XX W JACKSON BLVD,THEFT,$500 AND UNDER,OTHER COMMERCIAL TRANSPORTATION,False,False,121,1,34,28,06,41.8780349,-87.64024892,2023,2023-08-17,18:00:00,18,Thursday,August,$500 AND UNDER
13131539,JG330444,2023-07-05 21:15:00+00:00,0000X S JEFFERSON ST,CRIMINAL DAMAGE,TO VEHICLE,RESIDENCE - GARAGE,False,False,121,1,34,28,14,41.88131498,-87.64264445,2023,2023-07-05,21:15:00,21,Wednesday,July,TO VEHICLE
13243036,JG463192,2023-10-14 01:30:00+00:00,0000X N WELLS ST,ROBBERY,ARMED - OTHER DANGEROUS WEAPON,CTA TRAIN,False,False,122,1,34,32,03,41.88278209,-87.63385566,2023,2023-10-14,01:30:00,1,Saturday,October,ARMED - OTHER DANGEROUS WEAPON
12974022,JG141881,2023-02-05 17:55:00+00:00,001XX W MADISON ST,ROBBERY,ARMED - HANDGUN,CONVENIENCE STORE,False,False,122,1,34,32,03,41.88196628,-87.63192931,2023,2023-02-05,17:55:00,17,Sunday,February,ARMED - HANDGUN
13156839,JG360363,2023-07-29 03:00:00+00:00,001XX W ADAMS ST,ROBBERY,STRONG ARM - NO WEAPON,SMALL RETAIL STORE,False,False,122,1,42,32,03,41.8793921,-87.63326471,2023,2023-07-29,03:00:00,3,Saturday,July,STRONG ARM - NO WEAPON
13082156,JG271470,2023-05-23 07:54:00+00:00,002XX N LA SALLE ST,BATTERY,SIMPLE,CONVENIENCE STORE,True,False,122,1,42,32,08B,41.88587179,-87.63245215,2023,2023-05-23,07:54:00,7,Tuesday,May,SIMPLE
13296848,JG527675,2023-12-03 22:52:00+00:00,002XX W LAKE ST,BATTERY,DOMESTIC BATTERY SIMPLE,RESIDENCE,False,True,122,1,42,32,08B,41.88573018,-87.63443312,2023,2023-12-03,22:52:00,22,Sunday,December,DOMESTIC BATTERY SIMPLE
13133404,JG332571,2023-07-07 13:00:00+00:00,002XX S WACKER DR,THEFT,OVER $500,RESTAURANT,False,False,122,1,42,32,06,41.87863072,-87.6366733,2023,2023-07-07,13:00:00,13,Friday,July,OVER $500
13276125,JG502955,2023-11-13 13:30:00+00:00,0000X N LA SALLE ST,THEFT,$500 AND UNDER,RESTAURANT,False,False,122,1,34,32,06,41.88211436,-87.63236101,2023,2023-11-13,13:30:00,13,Monday,November,$500 AND UNDER
12950289,JG111334,2023-01-10 12:00:00+00:00,0000X S LA SALLE ST,THEFT,$500 AND UNDER,GROCERY FOOD STORE,False,False,122,1,42,32,06,41.88106593,-87.63233942,2023,2023-01-10,12:00:00,12,Tuesday,January,$500 AND UNDER
13109061,JG302704,2023-06-15 18:15:00+00:00,001XX W MADISON ST,THEFT,$500 AND UNDER,RESTAURANT,False,False,122,1,34,32,06,41.88196808,-87.63177506,2023,2023-06-15,18:15:00,18,Thursday,June,$500 AND UNDER
12961689,JG126882,2023-01-21 10:59:00+00:00,001XX W RANDOLPH ST,THEFT,RETAIL THEFT,DRUG STORE,False,False,122,1,42,32,06,41.88447623,-87.63131061,2023,2023-01-21,10:59:00,10,Saturday,January,RETAIL THEFT
13096884,JG287257,2023-06-04 02:15:00+00:00,002XX W ADAMS ST,THEFT,RETAIL THEFT,CONVENIENCE STORE,False,False,122,1,42,32,06,41.87938134,-87.6342012,2023,2023-06-04,02:15:00,2,Sunday,June,RETAIL THEFT
13157938,JG358202,2023-07-27 13:42:00+00:00,002XX W MADISON ST,THEFT,RETAIL THEFT,SMALL RETAIL STORE,False,False,122,1,34,32,06,41.88194442,-87.63419529,2023,2023-07-27,13:42:00,13,Thursday,July,RETAIL THEFT
13318460,JG553898,2023-12-24 21:40:00+00:00,002XX W ADAMS ST,CRIMINAL DAMAGE,TO VEHICLE,PARKING LOT / GARAGE (NON RESIDENTIAL),False,False,122,1,42,32,14,41.87938134,-87.6342012,2023,2023-12-24,21:40:00,21,Sunday,December,TO VEHICLE
13082956,JG272753,2023-05-23 20:00:00+00:00,001XX W QUINCY ST,CRIMINAL DAMAGE,TO VEHICLE,STREET,False,False,122,1,42,32,14,41.87875203,-87.63270621,2023,2023-05-23,20:00:00,20,Tuesday,May,TO VEHICLE
13124494,JG321809,2023-06-29 21:00:00+00:00,001XX W MADISON ST,CRIMINAL DAMAGE,TO VEHICLE,PARKING LOT / GARAGE (NON RESIDENTIAL),False,False,122,1,34,32,14,41.88195123,-87.63306051,2023,2023-06-29,21:00:00,21,Thursday,June,TO VEHICLE
13140334,JG340205,2023-07-14 03:00:00+00:00,005XX S PLYMOUTH CT,ROBBERY,ARMED - OTHER FIREARM,STREET,False,False,123,1,4,32,03,41.87521485,-87.62869484,2023,2023-07-14,03:00:00,3,Friday,July,ARMED - OTHER FIREARM
13164046,JG368654,2023-08-04 06:25:00+00:00,0000X E ROOSEVELT RD,ROBBERY,VEHICULAR HIJACKING,STREET,False,False,123,1,4,32,03,41.86742776,-87.62619205,2023,2023-08-04,06:25:00,6,Friday,August,VEHICULAR HIJACKING
13013163,JG188722,2023-03-17 08:48:00+00:00,0000X E HARRISON ST,BATTERY,AGGRAVATED - OTHER DANGEROUS WEAPON,SMALL RETAIL STORE,True,False,123,1,4,32,04B,41.87438738,-87.62711773,2023,2023-03-17,08:48:00,8,Friday,March,AGGRAVATED
13116959,JG313043,2023-06-22 15:45:00+00:00,005XX S DEARBORN ST,BATTERY,SIMPLE,APARTMENT,False,False,123,1,4,32,08B,41.87515496,-87.62922057,2023,2023-06-22,15:45:00,15,Thursday,June,SIMPLE
13169096,JG374966,2023-08-08 18:00:00+00:00,011XX S STATE ST,BATTERY,SIMPLE,CTA TRAIN,False,False,123,1,4,32,08B,41.86816541,-87.62743954,2023,2023-08-08,18:00:00,18,Tuesday,August,SIMPLE
13189093,JG398606,2023-08-26 13:20:00+00:00,011XX S CLARK ST,BATTERY,SIMPLE,SIDEWALK,False,False,123,1,34,32,08B,41.86821682,-87.6304532,2023,2023-08-26,13:20:00,13,Saturday,August,SIMPLE
12939385,JG101262,2023-01-02 01:50:00+00:00,011XX S DELANO CT W,BATTERY,DOMESTIC BATTERY SIMPLE,APARTMENT,False,True,123,1,25,32,08B,41.86810754,-87.63277839,2023,2023-01-02,01:50:00,1,Monday,January,DOMESTIC BATTERY SIMPLE
13030904,JG210188,2023-04-04 00:00:00+00:00,0000X E 11TH ST,BATTERY,DOMESTIC BATTERY SIMPLE,HOTEL / MOTEL,False,True,123,1,4,32,08B,41.86928494,-87.6251913,2023,2023-04-04,00:00:00,0,Tuesday,April,DOMESTIC BATTERY SIMPLE
13130028,JG328384,2023-07-05 09:33:00+00:00,007XX S MICHIGAN AVE,BATTERY,DOMESTIC BATTERY SIMPLE,HOTEL / MOTEL,True,True,123,1,4,32,08B,41.87270906,-87.62418786,2023,2023-07-05,09:33:00,9,Wednesday,July,DOMESTIC BATTERY SIMPLE
13138075,JG338208,2023-07-12 15:45:00+00:00,0000X E ROOSEVELT RD,ASSAULT,SIMPLE,DRUG STORE,False,False,123,1,4,32,08A,41.86741494,-87.62723119,2023,2023-07-12,15:45:00,15,Wednesday,July,SIMPLE
13203809,JG415978,2023-09-08 08:50:00+00:00,009XX S WABASH AVE,THEFT,OVER $500,SIDEWALK,False,False,123,1,4,32,06,41.87033486,-87.62589933,2023,2023-09-08,08:50:00,8,Friday,September,OVER $500
13307466,JG540667,2023-12-14 02:00:00+00:00,008XX S WABASH AVE,THEFT,OVER $500,PARKING LOT / GARAGE (NON RESIDENTIAL),False,False,123,1,4,32,06,41.87152057,-87.62593032,2023,2023-12-14,02:00:00,2,Thursday,December,OVER $500
13007018,JG181752,2023-03-10 04:00:00+00:00,011XX S MICHIGAN AVE,THEFT,OVER $500,PARKING LOT / GARAGE (NON RESIDENTIAL),False,False,123,1,4,32,06,41.86851813,-87.62411302,2023,2023-03-10,04:00:00,4,Friday,March,OVER $500
13216523,JG431424,2023-09-20 00:01:00+00:00,009XX S CLARK ST,THEFT,$500 AND UNDER,PARKING LOT / GARAGE (NON RESIDENTIAL),False,False,123,1,34,32,06,41.87035519,-87.63055093,2023,2023-09-20,00:01:00,0,Wednesday,September,$500 AND UNDER
13263445,JG487802,2023-11-01 20:25:00+00:00,005XX S DEARBORN ST,THEFT,$500 AND UNDER,RESTAURANT,False,False,123,1,4,32,06,41.87524279,-87.62922327,2023,2023-11-01,20:25:00,20,Wednesday,November,$500 AND UNDER
12979483,JG148495,2023-01-19 22:00:00+00:00,006XX S CLARK ST,THEFT,$500 AND UNDER,PARKING LOT / GARAGE (NON RESIDENTIAL),False,False,123,1,4,32,06,41.87423351,-87.63066633,2023,2023-01-19,22:00:00,22,Thursday,January,$500 AND UNDER
13323749,JG560119,2023-12-18 13:24:00+00:00,011XX S CLARK ST,THEFT,RETAIL THEFT,DEPARTMENT STORE,False,False,123,1,34,32,06,41.86821682,-87.6304532,2023,2023-12-18,13:24:00,13,Monday,December,RETAIL THEFT
13090658,JG280348,2023-05-29 13:34:00+00:00,011XX S CLARK ST,THEFT,RETAIL THEFT,DEPARTMENT STORE,False,False,123,1,34,32,06,41.86821682,-87.6304532,2023,2023-05-29,13:34:00,13,Monday,May,RETAIL THEFT
13158591,JG362170,2023-07-29 16:50:00+00:00,011XX S DELANO CT W,THEFT,RETAIL THEFT,OTHER (SPECIFY),False,False,123,1,34,32,06,41.86816793,-87.63278141,2023,2023-07-29,16:50:00,16,Saturday,July,RETAIL THEFT
13255196,JG477720,2023-10-23 19:48:00+00:00,006XX S STATE ST,THEFT,POCKET-PICKING,CTA PLATFORM,False,False,123,1,4,32,06,41.8744151,-87.62760944,2023,2023-10-23,19:48:00,19,Monday,October,POCKET-PICKING
13167964,JG373755,2023-08-05 19:30:00+00:00,006XX S MICHIGAN AVE,THEFT,POCKET-PICKING,PARK PROPERTY,False,False,123,1,4,32,06,41.87388379,-87.62421893,2023,2023-08-05,19:30:00,19,Saturday,August,POCKET-PICKING
13000317,JG172573,2023-03-03 05:05:00+00:00,010XX S CLARK ST,CRIMINAL DAMAGE,TO PROPERTY,RESIDENCE,False,False,123,1,4,32,14,41.86970721,-87.63049562,2023,2023-03-03,05:05:00,5,Friday,March,TO PROPERTY
13207830,JG420858,2023-09-11 16:00:00+00:00,008XX S WABASH AVE,CRIMINAL DAMAGE,TO VEHICLE,PARKING LOT / GARAGE (NON RESIDENTIAL),False,False,123,1,4,32,14,41.87129551,-87.62592545,2023,2023-09-11,16:00:00,16,Monday,September,TO VEHICLE
13175203,JG382026,2023-08-12 10:30:00+00:00,007XX S LA SALLE ST,CRIMINAL DAMAGE,TO VEHICLE,STREET,False,False,123,1,34,32,14,41.87305124,-87.63164494,2023,2023-08-12,10:30:00,10,Saturday,August,TO VEHICLE
13233114,JG451157,2023-10-04 20:34:00+00:00,001XX W POLK ST,CRIMINAL DAMAGE,TO CITY OF CHICAGO PROPERTY,STREET,True,False,123,1,34,32,14,41.87220671,-87.6308611,2023,2023-10-04,20:34:00,20,Wednesday,October,TO CITY OF CHICAGO PROPERTY
13208143,JG421012,2023-09-12 09:07:00+00:00,006XX W HARRISON ST,ROBBERY,ATTEMPT STRONG ARM - NO WEAPON,OTHER COMMERCIAL TRANSPORTATION,False,False,124,1,34,28,03,41.87436328,-87.64301304,2023,2023-09-12,09:07:00,9,Tuesday,September,ATTEMPT STRONG ARM - NO WEAPON
13207017,JG419702,2023-09-11 08:45:00+00:00,006XX W HARRISON ST,BATTERY,AGGRAVATED - KNIFE / CUTTING INSTRUMENT,SIDEWALK,False,False,124,1,34,28,04B,41.87436372,-87.64308647,2023,2023-09-11,08:45:00,8,Monday,September,AGGRAVATED
13083787,JG273581,2023-05-24 16:21:00+00:00,005XX W GRENSHAW ST,BATTERY,SIMPLE,GAS STATION,False,False,124,1,28,28,08B,41.86818434,-87.64137232,2023,2023-05-24,16:21:00,16,Wednesday,May,SIMPLE
13199144,JG410652,2023-09-04 12:25:00+00:00,005XX W 14TH PL,BATTERY,SIMPLE,OTHER (SPECIFY),False,False,124,1,25,28,08B,41.86245163,-87.64001342,2023,2023-09-04,12:25:00,12,Monday,September,SIMPLE
13200592,JG412268,2023-09-05 13:50:00+00:00,006XX W 16TH ST,BATTERY,DOMESTIC BATTERY SIMPLE,APARTMENT,False,True,124,1,25,28,08B,41.85995941,-87.64358647,2023,2023-09-05,13:50:00,13,Tuesday,September,DOMESTIC BATTERY SIMPLE
13165385,JG370378,2023-08-05 11:20:00+00:00,011XX S CANAL ST,ASSAULT,AGGRAVATED - KNIFE / CUTTING INSTRUMENT,CONVENIENCE STORE,False,False,124,1,28,28,04A,41.86854191,-87.63923536,2023,2023-08-05,11:20:00,11,Saturday,August,AGGRAVATED
13212902,JG427090,2023-09-16 20:06:00+00:00,005XX W ROOSEVELT RD,ASSAULT,SIMPLE,SMALL RETAIL STORE,False,False,124,1,28,28,08A,41.86725154,-87.63959443,2023,2023-09-16,20:06:00,20,Saturday,September,SIMPLE
13293850,JG523979,2023-11-29 19:00:00+00:00,014XX S CANAL ST,ASSAULT,SIMPLE,OTHER (SPECIFY),False,False,124,1,25,28,08A,41.86221827,-87.63908716,2023,2023-11-29,19:00:00,19,Wednesday,November,SIMPLE
13046393,JG228638,2023-04-18 18:07:00+00:00,014XX S CANAL ST,ASSAULT,SIMPLE,STREET,True,False,124,1,11,28,08A,41.86231433,-87.6390898,2023,2023-04-18,18:07:00,18,Tuesday,April,SIMPLE
12942881,JG105190,2023-01-04 20:00:00+00:00,011XX S CANAL ST,THEFT,$500 AND UNDER,COMMERCIAL / BUSINESS OFFICE,False,False,124,1,25,28,06,41.86854191,-87.63923536,2023,2023-01-04,20:00:00,20,Wednesday,January,$500 AND UNDER
13110136,JG304913,2023-06-17 16:20:00+00:00,010XX S CANAL ST,THEFT,$500 AND UNDER,SMALL RETAIL STORE,False,False,124,1,28,28,06,41.86950535,-87.639269,2023,2023-06-17,16:20:00,16,Saturday,June,$500 AND UNDER
13212696,JG426771,2023-09-16 15:01:00+00:00,013XX S CANAL ST,THEFT,RETAIL THEFT,GROCERY FOOD STORE,True,False,124,1,28,28,06,41.86449368,-87.639158,2023,2023-09-16,15:01:00,15,Saturday,September,RETAIL THEFT
13220545,JG435995,2023-09-23 13:51:00+00:00,011XX S CANAL ST,THEFT,RETAIL THEFT,DEPARTMENT STORE,False,False,124,1,28,28,06,41.86854191,-87.63923536,2023,2023-09-23,13:51:00,13,Saturday,September,RETAIL THEFT
13303705,JG536117,2023-12-10 17:15:00+00:00,006XX W ROOSEVELT RD,THEFT,RETAIL THEFT,SMALL RETAIL STORE,False,False,124,1,28,28,06,41.86720674,-87.64309004,2023,2023-12-10,17:15:00,17,Sunday,December,RETAIL THEFT
13313232,JG547371,2023-12-15 13:50:00+00:00,011XX S CANAL ST,THEFT,RETAIL THEFT,DEPARTMENT STORE,False,False,124,1,28,28,06,41.86854191,-87.63923536,2023,2023-12-15,13:50:00,13,Friday,December,RETAIL THEFT
13028704,JG206853,2023-03-31 14:26:00+00:00,011XX S CANAL ST,THEFT,RETAIL THEFT,DEPARTMENT STORE,False,False,124,1,25,28,06,41.86854191,-87.63923536,2023,2023-03-31,14:26:00,14,Friday,March,RETAIL THEFT
13188164,JG397433,2023-08-25 16:00:00+00:00,011XX S CANAL ST,THEFT,RETAIL THEFT,DEPARTMENT STORE,True,False,124,1,28,28,06,41.86838546,-87.63922971,2023,2023-08-25,16:00:00,16,Friday,August,RETAIL THEFT
13108036,JG302462,2023-06-15 15:00:00+00:00,011XX S CANAL ST,CRIMINAL DAMAGE,TO PROPERTY,SMALL RETAIL STORE,False,False,124,1,28,28,14,41.86854191,-87.63923536,2023,2023-06-15,15:00:00,15,Thursday,June,TO PROPERTY
12944251,JG106740,2023-01-06 15:19:00+00:00,012XX S MICHIGAN AVE,ROBBERY,STRONG ARM - NO WEAPON,STREET,False,False,131,1,3,33,03,41.86703917,-87.62414405,2023,2023-01-06,15:19:00,15,Friday,January,STRONG ARM - NO WEAPON
13198461,JG409844,2023-09-03 18:30:00+00:00,020XX S CLARK ST,ROBBERY,ATTEMPT STRONG ARM - NO WEAPON,RESTAURANT,False,False,131,1,11,34,03,41.85478461,-87.63015247,2023,2023-09-03,18:30:00,18,Sunday,September,ATTEMPT STRONG ARM - NO WEAPON
13293867,JG523193,2023-11-30 11:45:00+00:00,020XX S STATE ST,BATTERY,SIMPLE,APARTMENT,False,True,131,1,3,33,08B,41.85496367,-87.62713324,2023,2023-11-30,11:45:00,11,Thursday,November,SIMPLE
13226515,JG443105,2023-09-28 21:00:00+00:00,022XX S MICHIGAN AVE,BATTERY,DOMESTIC BATTERY SIMPLE,STREET,False,True,131,1,3,33,08B,41.85233876,-87.62378893,2023,2023-09-28,21:00:00,21,Thursday,September,DOMESTIC BATTERY SIMPLE
13289048,JG518240,2023-11-26 15:00:00+00:00,021XX S MICHIGAN AVE,BATTERY,DOMESTIC BATTERY SIMPLE,APARTMENT,False,True,131,1,3,33,08B,41.85393075,-87.62384107,2023,2023-11-26,15:00:00,15,Sunday,November,DOMESTIC BATTERY SIMPLE
12956884,JG121427,2023-01-19 01:31:00+00:00,013XX S MICHIGAN AVE,BATTERY,DOMESTIC BATTERY SIMPLE,APARTMENT,False,True,131,1,3,33,08B,41.86514536,-87.6240989,2023,2023-01-19,01:31:00,1,Thursday,January,DOMESTIC BATTERY SIMPLE
12975628,JG143746,2023-02-07 10:14:00+00:00,023XX S STATE ST,BATTERY,DOMESTIC BATTERY SIMPLE,VEHICLE NON-COMMERCIAL,True,True,131,1,3,33,08B,41.85019897,-87.62702415,2023,2023-02-07,10:14:00,10,Tuesday,February,DOMESTIC BATTERY SIMPLE
13050866,JG233894,2023-04-23 00:10:00+00:00,0000X W CERMAK RD,BATTERY,AGGRAVATED OF A SENIOR CITIZEN,APARTMENT,False,False,131,1,3,33,04B,41.85290521,-87.62798175,2023,2023-04-23,00:10:00,0,Sunday,April,AGGRAVATED
13080993,JG269972,2023-05-22 07:30:00+00:00,012XX S WABASH AVE,ASSAULT,SIMPLE,GROCERY FOOD STORE,False,False,131,1,34,33,08A,41.86681074,-87.62581703,2023,2023-05-22,07:30:00,7,Monday,May,SIMPLE
13140755,JG340926,2023-07-14 15:30:00+00:00,020XX S CLARK ST,ASSAULT,SIMPLE,APARTMENT,False,False,131,1,3,33,08A,41.85477087,-87.63014895,2023,2023-07-14,15:30:00,15,Friday,July,SIMPLE
13204292,JG416615,2023-09-04 18:00:00+00:00,019XX S FEDERAL ST,THEFT,OVER $500,STREET,False,False,131,1,3,33,06,41.8562017,-87.6294285,2023,2023-09-04,18:00:00,18,Monday,September,OVER $500
12941463,JG103624,2023-01-01 21:14:00+00:00,021XX S STATE ST,THEFT,OVER $500,BAR OR TAVERN,False,False,131,1,3,33,06,41.85387677,-87.62710482,2023,2023-01-01,21:14:00,21,Sunday,January,OVER $500
13147169,JG348879,2023-07-20 10:00:00+00:00,013XX S MICHIGAN AVE,THEFT,OVER $500,APARTMENT,False,False,131,1,3,33,06,41.86514536,-87.6240989,2023,2023-07-20,10:00:00,10,Thursday,July,OVER $500
13296195,JG527019,2023-11-23 17:00:00+00:00,023XX S WABASH AVE,THEFT,$500 AND UNDER,RESIDENCE,False,False,131,1,3,33,06,41.8505021,-87.62544622,2023,2023-11-23,17:00:00,17,Thursday,November,$500 AND UNDER
13324048,JG558108,2023-12-29 02:07:00+00:00,012XX S MICHIGAN AVE,THEFT,$500 AND UNDER,RESTAURANT,False,False,131,1,34,33,06,41.86693762,-87.6241415,2023,2023-12-29,02:07:00,2,Friday,December,$500 AND UNDER
13097174,JG289375,2023-06-05 17:12:00+00:00,019XX S STATE ST,THEFT,$500 AND UNDER,RESTAURANT,False,False,131,1,3,33,06,41.85618508,-87.62716752,2023,2023-06-05,17:12:00,17,Monday,June,$500 AND UNDER
13108489,JG302801,2023-06-15 21:00:00+00:00,012XX S STATE ST,THEFT,$500 AND UNDER,PARKING LOT / GARAGE (NON RESIDENTIAL),False,False,131,1,34,33,06,41.86653503,-87.62739139,2023,2023-06-15,21:00:00,21,Thursday,June,$500 AND UNDER
13277243,JG504211,2023-11-14 17:05:00+00:00,012XX S WABASH AVE,THEFT,RETAIL THEFT,GROCERY FOOD STORE,True,False,131,1,34,33,06,41.86681074,-87.62581703,2023,2023-11-14,17:05:00,17,Tuesday,November,RETAIL THEFT
13096080,JG287821,2023-06-03 19:25:00+00:00,015XX S State St,THEFT,FROM BUILDING,APARTMENT,False,False,131,1,3,33,06,41.8616139,-87.62728033,2023,2023-06-03,19:25:00,19,Saturday,June,FROM BUILDING
12946454,JG109194,2023-01-06 18:48:00+00:00,0000X E CERMAK RD,CRIMINAL DAMAGE,TO PROPERTY,CTA TRAIN,False,False,131,1,3,33,14,41.85284096,-87.62645919,2023,2023-01-06,18:48:00,18,Friday,January,TO PROPERTY
13257527,JG480625,2023-10-26 20:40:00+00:00,014XX S WABASH AVE,CRIMINAL DAMAGE,TO VEHICLE,STREET,False,False,131,1,3,33,14,41.86365988,-87.62574164,2023,2023-10-26,20:40:00,20,Thursday,October,TO VEHICLE
13183222,JG391370,2023-08-21 07:45:00+00:00,019XX S FEDERAL ST,CRIMINAL DAMAGE,TO VEHICLE,SIDEWALK,False,False,131,1,3,33,14,41.85623737,-87.62942811,2023,2023-08-21,07:45:00,7,Monday,August,TO VEHICLE
13162945,JG366871,2023-08-02 20:20:00+00:00,014XX S LAKE SHORE DR SB,BATTERY,SIMPLE,SPORTS ARENA / STADIUM,False,False,132,1,4,33,08B,41.86352767,-87.6190139,2023,2023-08-02,20:20:00,20,Wednesday,August,SIMPLE
13205085,JG417431,2023-09-09 11:38:00+00:00,020XX S MICHIGAN AVE,BATTERY,DOMESTIC BATTERY SIMPLE,CHA APARTMENT,True,True,132,1,3,33,08B,41.85519055,-87.6238712,2023,2023-09-09,11:38:00,11,Saturday,September,DOMESTIC BATTERY SIMPLE
12989619,JG160619,2023-02-20 01:30:00+00:00,012XX S MICHIGAN AVE,BATTERY,DOMESTIC BATTERY SIMPLE,APARTMENT,False,True,132,1,3,33,08B,41.86657808,-87.62413446,2023,2023-02-20,01:30:00,1,Monday,February,DOMESTIC BATTERY SIMPLE
13098708,JG291235,2023-06-06 22:12:00+00:00,020XX S MICHIGAN AVE,BATTERY,DOMESTIC BATTERY SIMPLE,APARTMENT,False,True,132,1,3,33,08B,41.85519055,-87.6238712,2023,2023-06-06,22:12:00,22,Tuesday,June,DOMESTIC BATTERY SIMPLE
13144603,JG345839,2023-07-18 08:30:00+00:00,020XX S MICHIGAN AVE,BATTERY,DOMESTIC BATTERY SIMPLE,APARTMENT,True,True,132,1,3,33,08B,41.85519055,-87.6238712,2023,2023-07-18,08:30:00,8,Tuesday,July,DOMESTIC BATTERY SIMPLE
13166248,JG371516,2023-08-06 10:30:00+00:00,021XX S INDIANA AVE,BATTERY,DOMESTIC BATTERY SIMPLE,APARTMENT,False,True,132,1,3,33,08B,41.85367661,-87.62223984,2023,2023-08-06,10:30:00,10,Sunday,August,DOMESTIC BATTERY SIMPLE
13218806,JG434147,2023-09-15 18:00:00+00:00,013XX S MUSEUM CAMPUS DR E,THEFT,OVER $500,SPORTS ARENA / STADIUM,False,False,132,1,4,33,06,41.8656814,-87.61409613,2023,2023-09-15,18:00:00,18,Friday,September,OVER $500
13283116,JG511149,2023-11-20 05:00:00+00:00,021XX S PRAIRIE AVE,THEFT,OVER $500,STREET,False,False,132,1,3,33,06,41.85382889,-87.6206855,2023,2023-11-20,05:00:00,5,Monday,November,OVER $500
12956308,JG120776,2023-01-15 21:00:00+00:00,020XX S MICHIGAN AVE,THEFT,OVER $500,PARKING LOT / GARAGE (NON RESIDENTIAL),False,False,132,1,3,33,06,41.85519055,-87.6238712,2023,2023-01-15,21:00:00,21,Sunday,January,OVER $500
13108263,JG301930,2023-06-14 16:45:00+00:00,019XX S CALUMET AVE,THEFT,OVER $500,APARTMENT,False,False,132,1,3,33,06,41.85635485,-87.61911942,2023,2023-06-14,16:45:00,16,Wednesday,June,OVER $500
13079092,JG268144,2023-05-20 15:30:00+00:00,013XX S LAKE SHORE DR NB,THEFT,$500 AND UNDER,SIDEWALK,False,False,132,1,4,33,06,41.86559202,-87.61912308,2023,2023-05-20,15:30:00,15,Saturday,May,$500 AND UNDER
13132084,JG330986,2023-07-04 00:35:00+00:00,015XX S LAKE SHORE DR SB,THEFT,$500 AND UNDER,PARKING LOT / GARAGE (NON RESIDENTIAL),False,False,132,1,4,33,06,41.8605599,-87.61793463,2023,2023-07-04,00:35:00,0,Tuesday,July,$500 AND UNDER
13177501,JG384737,2023-08-10 00:00:00+00:00,018XX S CALUMET AVE,THEFT,$500 AND UNDER,STREET,False,False,132,1,3,33,06,41.85730848,-87.61934007,2023,2023-08-10,00:00:00,0,Thursday,August,$500 AND UNDER
13084990,JG274646,2023-05-20 09:00:00+00:00,023XX S DR MARTIN LUTHER KING JR DR,THEFT,FROM BUILDING,COMMERCIAL / BUSINESS OFFICE,False,False,132,1,4,33,06,41.85102174,-87.61895485,2023,2023-05-20,09:00:00,9,Saturday,May,FROM BUILDING
13073060,JG260854,2023-05-15 01:46:00+00:00,014XX S LYNN WHITE DR,CRIMINAL DAMAGE,CRIMINAL DEFACEMENT,PARK PROPERTY,True,False,132,1,4,33,14,41.86236113,-87.60933526,2023,2023-05-15,01:46:00,1,Monday,May,CRIMINAL DEFACEMENT
12955340,JG119688,2023-01-17 15:24:00+00:00,026XX S CALUMET AVE,BATTERY,SIMPLE,STREET,True,False,133,1,4,35,08B,41.84508525,-87.6188484,2023,2023-01-17,15:24:00,15,Tuesday,January,SIMPLE
13232434,JG445684,2023-09-30 23:45:00+00:00,029XX S DEARBORN ST,BATTERY,DOMESTIC BATTERY SIMPLE,SIDEWALK,False,True,133,1,3,35,08B,41.84128975,-87.62814236,2023,2023-09-30,23:45:00,23,Saturday,September,DOMESTIC BATTERY SIMPLE
13020021,JG197143,2023-03-24 10:43:00+00:00,0000X W 30TH ST,BATTERY,DOMESTIC BATTERY SIMPLE,STREET,False,True,133,1,3,35,08B,41.83953118,-87.62822406,2023,2023-03-24,10:43:00,10,Friday,March,DOMESTIC BATTERY SIMPLE
13179761,JG387430,2023-08-17 23:00:00+00:00,029XX S FEDERAL ST,ASSAULT,SIMPLE,APARTMENT,False,False,133,1,3,35,08A,41.84067258,-87.62908495,2023,2023-08-17,23:00:00,23,Thursday,August,SIMPLE
13033447,JG212902,2023-03-14 18:00:00+00:00,003XX E EASTGATE PL,THEFT,OVER $500,STREET,False,False,133,1,4,33,06,41.84671646,-87.61858802,2023,2023-03-14,18:00:00,18,Tuesday,March,OVER $500
13037058,JG217243,2023-04-10 05:00:00+00:00,030XX S DR MARTIN LUTHER KING JR DR,THEFT,OVER $500,STREET,False,False,133,1,4,35,06,41.83981113,-87.61714191,2023,2023-04-10,05:00:00,5,Monday,April,OVER $500
13256999,JG479935,2023-02-19 11:00:00+00:00,027XX S MICHIGAN AVE,THEFT,$500 AND UNDER,STREET,False,False,133,1,3,35,06,41.84396209,-87.62359522,2023,2023-02-19,11:00:00,11,Sunday,February,$500 AND UNDER
13168715,JG374461,2023-08-08 12:00:00+00:00,029XX S FEDERAL ST,THEFT,$500 AND UNDER,APARTMENT,False,False,133,1,3,35,06,41.84190476,-87.62953384,2023,2023-08-08,12:00:00,12,Tuesday,August,$500 AND UNDER
13198053,JG409077,2023-09-03 06:30:00+00:00,028XX S DR MARTIN LUTHER KING JR DR,CRIMINAL DAMAGE,TO VEHICLE,STREET,False,False,133,1,4,35,14,41.84301106,-87.61760167,2023,2023-09-03,06:30:00,6,Sunday,September,TO VEHICLE
13222462,JG438431,2023-09-25 12:35:00+00:00,034XX S DR MARTIN LUTHER KING JR DR,ROBBERY,ATTEMPT ARMED - HANDGUN,PARKING LOT / GARAGE (NON RESIDENTIAL),False,False,211,2,4,35,03,41.83207129,-87.61697868,2023,2023-09-25,12:35:00,12,Monday,September,ATTEMPT ARMED - HANDGUN
13113818,JG309318,2023-06-20 23:59:00+00:00,031XX S MICHIGAN AVE,BATTERY,AGGRAVATED POLICE OFFICER - OTHER DANGEROUS WEAPON,STREET,False,False,211,2,3,35,04B,41.83781394,-87.62343197,2023,2023-06-20,23:59:00,23,Tuesday,June,AGGRAVATED
13302883,JG534849,2023-12-09 12:30:00+00:00,033XX S MICHIGAN AVE,BATTERY,SIMPLE,NURSING / RETIREMENT HOME,False,False,211,2,3,35,08B,41.83415513,-87.62331829,2023,2023-12-09,12:30:00,12,Saturday,December,SIMPLE
13004538,JG178579,2023-03-08 12:00:00+00:00,032XX S CALUMET AVE,BATTERY,SIMPLE,SCHOOL - PUBLIC BUILDING,False,False,211,2,4,35,08B,41.83612682,-87.61822148,2023,2023-03-08,12:00:00,12,Wednesday,March,SIMPLE
13113757,JG308896,2023-06-20 15:15:00+00:00,033XX S MICHIGAN AVE,BATTERY,SIMPLE,NURSING / RETIREMENT HOME,False,False,211,2,3,35,08B,41.83415513,-87.62331829,2023,2023-06-20,15:15:00,15,Tuesday,June,SIMPLE
13068299,JG253535,2023-05-09 08:33:00+00:00,034XX S MICHIGAN AVE,ASSAULT,AGGRAVATED - HANDGUN,PARKING LOT / GARAGE (NON RESIDENTIAL),False,False,211,2,3,35,04A,41.83210494,-87.62328224,2023,2023-05-09,08:33:00,8,Tuesday,May,AGGRAVATED
13119079,JG315671,2023-06-25 09:30:00+00:00,032XX S PRAIRIE AVE,ASSAULT,SIMPLE,APARTMENT,False,False,211,2,3,35,08A,41.83568634,-87.62064461,2023,2023-06-25,09:30:00,9,Sunday,June,SIMPLE
13120419,JG312988,2023-06-23 16:45:00+00:00,031XX S LAKE SHORE DR SB,ASSAULT,SIMPLE,PARKING LOT / GARAGE (NON RESIDENTIAL),False,False,211,2,4,35,08A,41.83711528,-87.60823643,2023,2023-06-23,16:45:00,16,Friday,June,SIMPLE
13291404,JG520116,2023-10-29 04:00:00+00:00,0000X E 32ND ST,THEFT,OVER $500,STREET,False,False,211,2,3,35,06,41.83643439,-87.62445269,2023,2023-10-29,04:00:00,4,Sunday,October,OVER $500
13070911,JG258292,2023-05-11 15:00:00+00:00,031XX S DR MARTIN LUTHER KING JR DR,THEFT,FROM BUILDING,APARTMENT,False,False,211,2,4,35,06,41.83796355,-87.61747077,2023,2023-05-11,15:00:00,15,Thursday,May,FROM BUILDING
13100690,JG293239,2023-06-08 14:05:00+00:00,005XX E 32ND ST,THEFT,FROM BUILDING,APARTMENT,False,False,211,2,4,35,06,41.83606971,-87.61303335,2023,2023-06-08,14:05:00,14,Thursday,June,FROM BUILDING
13072335,JG259993,2023-05-13 20:00:00+00:00,002XX E 32ND ST,CRIMINAL DAMAGE,TO VEHICLE,STREET,False,False,211,2,3,35,14,41.83655915,-87.62022393,2023,2023-05-13,20:00:00,20,Saturday,May,TO VEHICLE
13087012,JG277057,2023-05-26 19:00:00+00:00,005XX E 32ND ST,CRIMINAL DAMAGE,TO VEHICLE,STREET,False,False,211,2,4,35,14,41.83607308,-87.61269571,2023,2023-05-26,19:00:00,19,Friday,May,TO VEHICLE
13276558,JG503311,2023-11-14 02:57:00+00:00,035XX S RHODES AVE,BATTERY,"AGGRAVATED P.O. - HANDS, FISTS, FEET, NO / MINOR INJURY",APARTMENT,True,True,212,2,4,35,08B,41.83069725,-87.61447689,2023,2023-11-14,02:57:00,2,Tuesday,November,AGGRAVATED
13011127,JG186435,2023-03-15 11:30:00+00:00,037XX S INDIANA AVE,BATTERY,SIMPLE,OTHER (SPECIFY),False,False,212,2,3,35,08B,41.8268534,-87.62166719,2023,2023-03-15,11:30:00,11,Wednesday,March,SIMPLE
13216906,JG431838,2023-09-20 13:31:00+00:00,006XX E 38TH ST,BATTERY,DOMESTIC BATTERY SIMPLE,APARTMENT,False,True,212,2,4,36,08B,41.82573688,-87.61074233,2023,2023-09-20,13:31:00,13,Wednesday,September,DOMESTIC BATTERY SIMPLE
13289441,JG518689,2023-11-26 22:50:00+00:00,035XX S COTTAGE GROVE AVE,BATTERY,DOMESTIC BATTERY SIMPLE,PARKING LOT / GARAGE (NON RESIDENTIAL),False,True,212,2,4,36,08B,41.8302143,-87.61011224,2023,2023-11-26,22:50:00,22,Sunday,November,DOMESTIC BATTERY SIMPLE
13324492,JG560951,2023-12-31 14:50:00+00:00,035XX S COTTAGE GROVE AVE,ASSAULT,AGGRAVATED - HANDGUN,STREET,False,False,212,2,4,36,04A,41.83053093,-87.61027746,2023,2023-12-31,14:50:00,14,Sunday,December,AGGRAVATED
13284649,JG513247,2023-11-21 20:08:00+00:00,038XX S ELLIS AVE,ASSAULT,SIMPLE,STREET,False,False,212,2,4,36,08A,41.8250356,-87.60572377,2023,2023-11-21,20:08:00,20,Tuesday,November,SIMPLE
13170674,JG376727,2023-08-10 03:00:00+00:00,037XX S ELLIS AVE,ASSAULT,SIMPLE,RESIDENCE,False,True,212,2,4,36,08A,41.82744011,-87.60710914,2023,2023-08-10,03:00:00,3,Thursday,August,SIMPLE
13009854,JG185125,2023-03-13 16:00:00+00:00,006XX E PERSHING RD,THEFT,OVER $500,STREET,False,False,212,2,4,36,06,41.82390354,-87.61158844,2023,2023-03-13,16:00:00,16,Monday,March,OVER $500
13187868,JG397015,2023-08-25 11:46:00+00:00,003XX E 35TH ST,THEFT,OVER $500,SMALL RETAIL STORE,False,False,212,2,4,35,06,41.83109943,-87.61779676,2023,2023-08-25,11:46:00,11,Friday,August,OVER $500
12983040,JG152845,2023-02-14 16:00:00+00:00,035XX S GILES AVE,THEFT,$500 AND UNDER,SCHOOL - PRIVATE GROUNDS,False,False,212,2,3,35,06,41.83046951,-87.61932285,2023,2023-02-14,16:00:00,16,Tuesday,February,$500 AND UNDER
12985089,JG154508,2023-02-14 13:52:00+00:00,035XX S Giles Ave,THEFT,$500 AND UNDER,RESIDENCE - PORCH / HALLWAY,False,False,212,2,3,35,06,41.8301429,-87.61931547,2023,2023-02-14,13:52:00,13,Tuesday,February,$500 AND UNDER
13123851,JG321204,2023-06-29 12:40:00+00:00,035XX S RHODES AVE,THEFT,$500 AND UNDER,CHA PARKING LOT / GROUNDS,False,False,212,2,4,35,06,41.82965153,-87.6144519,2023,2023-06-29,12:40:00,12,Thursday,June,$500 AND UNDER
13135850,JG335685,2023-07-07 15:00:00+00:00,036XX S MICHIGAN AVE,THEFT,FROM BUILDING,RESIDENCE,False,False,212,2,3,35,06,41.82918461,-87.62321177,2023,2023-07-07,15:00:00,15,Friday,July,FROM BUILDING
13183820,JG392161,2023-08-21 17:45:00+00:00,006XX E 38TH ST,CRIMINAL DAMAGE,TO PROPERTY,APARTMENT,False,False,212,2,4,36,14,41.8257358,-87.61100651,2023,2023-08-21,17:45:00,17,Monday,August,TO PROPERTY
13207966,JG420898,2023-09-12 05:00:00+00:00,001XX E 37TH ST,CRIMINAL DAMAGE,TO VEHICLE,STREET,False,False,212,2,3,35,14,41.82740533,-87.62216374,2023,2023-09-12,05:00:00,5,Tuesday,September,TO VEHICLE
12952815,JG116618,2023-01-15 00:30:00+00:00,035XX S LAKE PARK AVE,CRIMINAL DAMAGE,TO VEHICLE,PARKING LOT / GARAGE (NON RESIDENTIAL),False,False,212,2,4,36,14,41.83091764,-87.60806421,2023,2023-01-15,00:30:00,0,Sunday,January,TO VEHICLE
13177383,JG384604,2023-08-15 22:30:00+00:00,005XX E BROWNING AVE,CRIMINAL DAMAGE,TO VEHICLE,STREET,False,False,212,2,4,35,14,41.82986765,-87.6130295,2023,2023-08-15,22:30:00,22,Tuesday,August,TO VEHICLE
13296679,JG527382,2023-12-03 17:21:00+00:00,003XX E 43RD ST,ROBBERY,ARMED - HANDGUN,CTA TRAIN,False,False,213,2,3,38,03,41.81659868,-87.61911376,2023,2023-12-03,17:21:00,17,Sunday,December,ARMED - HANDGUN
13212115,JG426099,2023-09-15 23:00:00+00:00,040XX S FEDERAL ST,BATTERY,DOMESTIC BATTERY SIMPLE,RESIDENCE,False,True,213,2,3,38,08B,41.82120971,-87.62854983,2023,2023-09-15,23:00:00,23,Friday,September,DOMESTIC BATTERY SIMPLE
13288535,JG517594,2023-11-25 23:30:00+00:00,035XX S DEARBORN ST,BATTERY,DOMESTIC BATTERY SIMPLE,STREET,False,True,213,2,3,35,08B,41.83020639,-87.62781271,2023,2023-11-25,23:30:00,23,Saturday,November,DOMESTIC BATTERY SIMPLE
13072230,JG259741,2023-05-13 23:54:00+00:00,042XX S INDIANA AVE,ASSAULT,AGGRAVATED - HANDGUN,APARTMENT,True,True,213,2,3,38,04A,41.81762024,-87.62143559,2023,2023-05-13,23:54:00,23,Saturday,May,AGGRAVATED
13120432,JG317296,2023-06-26 18:00:00+00:00,0000X W 37TH ST,ASSAULT,SIMPLE,STREET,False,False,213,2,3,35,08A,41.82734864,-87.62720934,2023,2023-06-26,18:00:00,18,Monday,June,SIMPLE
13119888,JG316575,2023-06-25 20:00:00+00:00,041XX S PRAIRIE AVE,THEFT,OVER $500,STREET,False,False,213,2,3,38,06,41.81935585,-87.61986454,2023,2023-06-25,20:00:00,20,Sunday,June,OVER $500
13092130,JG283185,2023-06-01 05:30:00+00:00,040XX S CALUMET AVE,CRIMINAL DAMAGE,TO VEHICLE,STREET,False,True,213,2,3,38,14,41.82138626,-87.61848457,2023,2023-06-01,05:30:00,5,Thursday,June,TO VEHICLE
12950852,JG113308,2023-01-12 00:01:00+00:00,006XX E BOWEN AVE,ROBBERY,ARMED - HANDGUN,STREET,False,False,214,2,4,38,03,41.81943203,-87.61054174,2023,2023-01-12,00:01:00,0,Thursday,January,ARMED - HANDGUN
12994775,JG167060,2023-02-26 19:20:00+00:00,041XX S LAKE PARK AVE,ROBBERY,ARMED - HANDGUN,VEHICLE NON-COMMERCIAL,False,False,214,2,4,36,03,41.81889982,-87.60017663,2023,2023-02-26,19:20:00,19,Sunday,February,ARMED - HANDGUN
13274226,JG500664,2023-11-11 18:45:00+00:00,040XX S LAKE PARK AVE,ROBBERY,ATTEMPT ARMED - HANDGUN,STREET,False,False,214,2,4,36,03,41.82066002,-87.60121313,2023,2023-11-11,18:45:00,18,Saturday,November,ATTEMPT ARMED - HANDGUN
13312176,JG546379,2023-12-18 21:02:00+00:00,006XX E 40TH ST,BATTERY,AGGRAVATED - KNIFE / CUTTING INSTRUMENT,STREET,False,True,214,2,4,38,04B,41.82145463,-87.61098859,2023,2023-12-18,21:02:00,21,Monday,December,AGGRAVATED
13176180,JG383040,2023-08-14 22:47:00+00:00,041XX S ELLIS AVE,BATTERY,DOMESTIC BATTERY SIMPLE,APARTMENT,False,True,214,2,4,36,08B,41.81912434,-87.6022505,2023,2023-08-14,22:47:00,22,Monday,August,DOMESTIC BATTERY SIMPLE
13110751,JG305151,2023-06-17 20:45:00+00:00,041XX S ELLIS AVE,ASSAULT,SIMPLE,RESIDENCE,False,True,214,2,4,36,08A,41.81899507,-87.60220427,2023,2023-06-17,20:45:00,20,Saturday,June,SIMPLE
13011585,JG187162,2023-03-15 18:26:00+00:00,041XX S COTTAGE GROVE AVE,THEFT,$500 AND UNDER,RESIDENCE - PORCH / HALLWAY,False,False,214,2,4,36,06,41.81915842,-87.60675515,2023,2023-03-15,18:26:00,18,Wednesday,March,$500 AND UNDER
13072360,JG260016,2023-05-13 08:00:00+00:00,041XX S BERKELEY AVE,THEFT,$500 AND UNDER,APARTMENT,False,True,214,2,4,36,06,41.81884828,-87.60113105,2023,2023-05-13,08:00:00,8,Saturday,May,$500 AND UNDER
13118710,JG315130,2023-06-25 09:24:00+00:00,039XX S LAKE PARK AVE,THEFT,$500 AND UNDER,APARTMENT,False,False,214,2,4,36,06,41.82366585,-87.60307202,2023,2023-06-25,09:24:00,9,Sunday,June,$500 AND UNDER
13393176,JH181631,2023-05-12 00:01:00+00:00,042XX S OAKENWALD AVE,THEFT,FROM BUILDING,RESIDENCE,False,False,214,2,4,36,06,41.81760443,-87.59801598,2023,2023-05-12,00:01:00,0,Friday,May,FROM BUILDING
13031653,JG210796,2023-04-04 10:45:00+00:00,040XX S LAKE PARK AVE,THEFT,FROM BUILDING,APARTMENT,False,False,214,2,4,36,06,41.82075367,-87.6012671,2023,2023-04-04,10:45:00,10,Tuesday,April,FROM BUILDING
13066743,JG252617,2023-05-01 12:14:00+00:00,042XX S CHAMPLAIN AVE,THEFT,FROM BUILDING,RESIDENCE,False,False,214,2,4,38,06,41.81793031,-87.6104449,2023,2023-05-01,12:14:00,12,Monday,May,FROM BUILDING
13249999,JG471540,2023-10-20 07:45:00+00:00,042XX S DREXEL BLVD,CRIMINAL DAMAGE,TO PROPERTY,APARTMENT,False,False,214,2,4,36,14,41.81750919,-87.60460204,2023,2023-10-20,07:45:00,7,Friday,October,TO PROPERTY
13294344,JG524678,2023-12-01 13:20:00+00:00,004XX E 40TH ST,CRIMINAL DAMAGE,TO PROPERTY,APARTMENT,False,False,214,2,3,38,14,41.82113615,-87.61534326,2023,2023-12-01,13:20:00,13,Friday,December,TO PROPERTY
13088543,JG278936,2023-05-28 20:50:00+00:00,041XX S DREXEL BLVD,CRIMINAL DAMAGE,TO PROPERTY,CHA APARTMENT,False,False,214,2,4,36,14,41.81901139,-87.6047721,2023,2023-05-28,20:50:00,20,Sunday,May,TO PROPERTY
13300222,JG531859,2023-12-05 15:30:00+00:00,004XX E BOWEN AVE,CRIMINAL DAMAGE,TO VEHICLE,STREET,False,False,214,2,3,38,14,41.81935184,-87.61569704,2023,2023-12-05,15:30:00,15,Tuesday,December,TO VEHICLE
13016578,JG193184,2023-03-20 17:30:00+00:00,010XX E 41ST ST,CRIMINAL DAMAGE,TO VEHICLE,RESIDENCE - GARAGE,False,False,214,2,4,36,14,41.8202541,-87.60038864,2023,2023-03-20,17:30:00,17,Monday,March,TO VEHICLE
13140782,JG341177,2023-07-14 14:00:00+00:00,003XX E 47TH ST,BATTERY,SIMPLE,CTA PLATFORM,False,False,215,2,3,38,08B,41.8093471,-87.61891922,2023,2023-07-14,14:00:00,14,Friday,July,SIMPLE
13188464,JG397621,2023-08-25 18:20:00+00:00,002XX E 47TH ST,ASSAULT,SIMPLE,TAVERN / LIQUOR STORE,False,False,215,2,3,38,08A,41.80931493,-87.62080862,2023,2023-08-25,18:20:00,18,Friday,August,SIMPLE
13055033,JG238755,2023-04-26 12:00:00+00:00,002XX E 47TH ST,THEFT,POCKET-PICKING,STREET,False,False,215,2,3,38,06,41.80931746,-87.62077557,2023,2023-04-26,12:00:00,12,Wednesday,April,POCKET-PICKING
12990443,JG161596,2023-02-21 12:00:00+00:00,001XX E 45TH ST,CRIMINAL DAMAGE,TO VEHICLE,STREET,False,False,215,2,3,38,14,41.81311707,-87.62235116,2023,2023-02-21,12:00:00,12,Tuesday,February,TO VEHICLE
13192888,JG403088,2023-08-29 20:53:00+00:00,044XX S DR MARTIN LUTHER KING JR DR,CRIMINAL DAMAGE,TO VEHICLE,STREET,False,False,215,2,3,38,14,41.81427587,-87.61672581,2023,2023-08-29,20:53:00,20,Tuesday,August,TO VEHICLE
13068586,JG253455,2023-05-09 07:15:00+00:00,043XX S COTTAGE GROVE AVE,BATTERY,DOMESTIC BATTERY SIMPLE,STREET,False,True,221,2,4,38,08B,41.81635893,-87.60670242,2023,2023-05-09,07:15:00,7,Tuesday,May,DOMESTIC BATTERY SIMPLE
13086695,JG276745,2023-05-26 21:00:00+00:00,008XX E 46TH ST,BATTERY,DOMESTIC BATTERY SIMPLE,APARTMENT,False,True,221,2,4,39,08B,41.81136202,-87.60590055,2023,2023-05-26,21:00:00,21,Friday,May,DOMESTIC BATTERY SIMPLE
13170746,JG376739,2023-08-10 03:55:00+00:00,008XX E 46TH ST,ASSAULT,SIMPLE,STREET,False,True,221,2,4,39,08A,41.8113623,-87.60594456,2023,2023-08-10,03:55:00,3,Thursday,August,SIMPLE
13256633,JG479393,2023-10-25 23:00:00+00:00,043XX S DREXEL BLVD,THEFT,OVER $500,VEHICLE NON-COMMERCIAL,False,False,221,2,4,39,06,41.8160322,-87.6045124,2023,2023-10-25,23:00:00,23,Wednesday,October,OVER $500
13301301,JG533130,2023-09-12 13:00:00+00:00,046XX S DR MARTIN LUTHER KING JR DR,THEFT,OVER $500,COMMERCIAL / BUSINESS OFFICE,False,False,221,2,3,38,06,41.80990347,-87.61660215,2023,2023-09-12,13:00:00,13,Tuesday,September,OVER $500
13165188,JG370168,2023-08-05 03:00:00+00:00,044XX S VINCENNES AVE,THEFT,$500 AND UNDER,STREET,False,False,221,2,3,38,06,41.81457997,-87.61400785,2023,2023-08-05,03:00:00,3,Saturday,August,$500 AND UNDER
13036732,JG216960,2023-04-09 16:30:00+00:00,043XX S EVANS AVE,THEFT,$500 AND UNDER,STREET,False,False,221,2,4,38,06,41.81593862,-87.60793609,2023,2023-04-09,16:30:00,16,Sunday,April,$500 AND UNDER
13210687,JG424377,2023-09-14 18:38:00+00:00,008XX E 46TH ST,CRIMINAL DAMAGE,TO PROPERTY,APARTMENT,False,True,221,2,4,39,14,41.81136216,-87.60592256,2023,2023-09-14,18:38:00,18,Thursday,September,TO PROPERTY
13268651,JG494467,2023-11-06 13:00:00+00:00,044XX S DREXEL BLVD,CRIMINAL DAMAGE,TO PROPERTY,APARTMENT,False,False,221,2,4,39,14,41.81456382,-87.60448136,2023,2023-11-06,13:00:00,13,Monday,November,TO PROPERTY
12988224,JG159026,2023-02-20 02:03:00+00:00,046XX S DREXEL BLVD,BATTERY,"AGGRAVATED P.O. - HANDS, FISTS, FEET, NO / MINOR INJURY",STREET,True,True,222,2,4,39,08B,41.81080062,-87.60392245,2023,2023-02-20,02:03:00,2,Monday,February,AGGRAVATED
13259331,JG482687,2023-10-28 23:10:00+00:00,046XX S DREXEL BLVD,BATTERY,DOMESTIC BATTERY SIMPLE,APARTMENT,False,True,222,2,4,39,08B,41.81083629,-87.60392204,2023,2023-10-28,23:10:00,23,Saturday,October,DOMESTIC BATTERY SIMPLE
13278744,JG505968,2023-11-16 01:30:00+00:00,046XX S DREXEL BLVD,BATTERY,DOMESTIC BATTERY SIMPLE,APARTMENT,False,True,222,2,4,39,08B,41.8107073,-87.60391984,2023,2023-11-16,01:30:00,1,Thursday,November,DOMESTIC BATTERY SIMPLE
12968462,JG135375,2023-01-30 22:00:00+00:00,050XX S EAST END AVE,BATTERY,DOMESTIC BATTERY SIMPLE,APARTMENT,True,True,222,2,5,39,08B,41.80318162,-87.58543202,2023,2023-01-30,22:00:00,22,Monday,January,DOMESTIC BATTERY SIMPLE
12962070,JG127430,2023-01-24 07:30:00+00:00,014XX E 47TH DR,ASSAULT,SIMPLE,COIN OPERATED MACHINE,False,False,222,2,4,39,08A,41.80969334,-87.59213853,2023,2023-01-24,07:30:00,7,Tuesday,January,SIMPLE
13124077,JG321335,2023-06-29 19:04:00+00:00,048XX S WOODLAWN AVE,ASSAULT,SIMPLE,STREET,True,False,222,2,4,39,08A,41.80686642,-87.59678166,2023,2023-06-29,19:04:00,19,Thursday,June,SIMPLE
12949247,JG112628,2023-01-11 17:45:00+00:00,050XX S EAST END AVE,THEFT,$500 AND UNDER,CTA BUS STOP,False,False,222,2,5,39,06,41.80318162,-87.58543202,2023,2023-01-11,17:45:00,17,Wednesday,January,$500 AND UNDER
13095511,JG287403,2023-06-02 14:30:00+00:00,049XX S LAKE SHORE DR SB,THEFT,$500 AND UNDER,PARKING LOT / GARAGE (NON RESIDENTIAL),False,False,222,2,5,39,06,41.80567949,-87.58425861,2023,2023-06-02,14:30:00,14,Friday,June,$500 AND UNDER
13151197,JG353691,2023-07-23 19:00:00+00:00,049XX S BLACKSTONE AVE,THEFT,$500 AND UNDER,STREET,False,False,222,2,4,39,06,41.80507823,-87.59055588,2023,2023-07-23,19:00:00,19,Sunday,July,$500 AND UNDER
13190145,JG399719,2023-05-15 00:00:00+00:00,050XX S BLACKSTONE AVE,THEFT,$500 AND UNDER,SCHOOL - PUBLIC BUILDING,False,False,222,2,4,39,06,41.80366749,-87.59052817,2023,2023-05-15,00:00:00,0,Monday,May,$500 AND UNDER
13004647,JG177988,2023-03-02 12:25:00+00:00,016XX E 50th St,CRIMINAL DAMAGE,TO PROPERTY,APARTMENT,False,False,222,2,5,39,14,41.80437936,-87.58477991,2023,2023-03-02,12:25:00,12,Thursday,March,TO PROPERTY
13202931,JG414680,2023-09-06 18:00:00+00:00,048XX S LAKE PARK AVE,CRIMINAL DAMAGE,TO VEHICLE,STREET,False,False,222,2,4,39,14,41.80689027,-87.58983438,2023,2023-09-06,18:00:00,18,Wednesday,September,TO VEHICLE
13313485,JG542873,2023-12-16 04:09:00+00:00,010XX E 47TH ST,CRIMINAL DAMAGE,TO VEHICLE,STREET,False,False,222,2,4,39,14,41.80959567,-87.60086962,2023,2023-12-16,04:09:00,4,Saturday,December,TO VEHICLE
13049188,JG231901,2023-04-20 20:00:00+00:00,050XX S EAST END AVE,CRIMINAL DAMAGE,TO VEHICLE,STREET,False,False,222,2,5,39,14,41.80318162,-87.58543202,2023,2023-04-20,20:00:00,20,Thursday,April,TO VEHICLE
13141458,JG334046,2023-07-08 00:00:00+00:00,045XX S GREENWOOD AVE,CRIMINAL DAMAGE,TO VEHICLE,STREET,False,False,222,2,4,39,14,41.81276371,-87.59932955,2023,2023-07-08,00:00:00,0,Saturday,July,TO VEHICLE
13054316,JG237836,2023-04-26 10:45:00+00:00,004XX E 48TH PL,BATTERY,SIMPLE,STREET,True,False,223,2,3,38,08B,41.80666663,-87.61550852,2023,2023-04-26,10:45:00,10,Wednesday,April,SIMPLE
13056273,JG240252,2023-04-28 08:00:00+00:00,050XX S CHAMPLAIN AVE,ASSAULT,AGGRAVATED - KNIFE / CUTTING INSTRUMENT,APARTMENT,False,True,223,2,20,38,04A,41.80279043,-87.61005395,2023,2023-04-28,08:00:00,8,Friday,April,AGGRAVATED
12965595,JG131823,2023-01-27 17:22:00+00:00,006XX E 50TH PL,THEFT,OVER $500,STREET,False,False,223,2,4,38,06,41.80311911,-87.60951844,2023,2023-01-27,17:22:00,17,Friday,January,OVER $500
13151366,JG353711,2023-07-24 08:30:00+00:00,049XX S CHAMPLAIN AVE,THEFT,OVER $500,STREET,False,False,223,2,4,38,06,41.80538689,-87.61011277,2023,2023-07-24,08:30:00,8,Monday,July,OVER $500
12987614,JG158362,2023-02-17 16:30:00+00:00,049XX S COTTAGE GROVE AVE,THEFT,POCKET-PICKING,CTA BUS,False,False,223,2,4,38,06,41.80544078,-87.60647736,2023,2023-02-17,16:30:00,16,Friday,February,POCKET-PICKING
13082713,JG272446,2023-05-23 18:13:00+00:00,006XX E 51ST ST,CRIMINAL DAMAGE,TO PROPERTY,APARTMENT,False,False,223,2,20,38,14,41.8021809,-87.61044224,2023,2023-05-23,18:13:00,18,Tuesday,May,TO PROPERTY
12987776,JG158463,2023-02-19 14:50:00+00:00,003XX E 51ST ST,BATTERY,SIMPLE,SIDEWALK,False,False,224,2,3,38,08B,41.80206727,-87.61859665,2023,2023-02-19,14:50:00,14,Sunday,February,SIMPLE
13002323,JG172633,2023-03-03 12:45:00+00:00,0000X W 47TH ST,BATTERY,SIMPLE,SCHOOL - PUBLIC GROUNDS,False,False,224,2,3,38,08B,41.80922084,-87.62690226,2023,2023-03-03,12:45:00,12,Friday,March,SIMPLE
13119802,JG316224,2023-06-26 06:30:00+00:00,047XX S MICHIGAN AVE,ASSAULT,SIMPLE,GAS STATION,False,False,224,2,3,38,08A,41.80883344,-87.62282402,2023,2023-06-26,06:30:00,6,Monday,June,SIMPLE
13246271,JG467145,2023-10-17 11:50:00+00:00,047XX S DR MARTIN LUTHER KING JR DR,THEFT,OVER $500,VACANT LOT / LAND,False,False,224,2,3,38,06,41.80855855,-87.61656579,2023,2023-10-17,11:50:00,11,Tuesday,October,OVER $500
12953126,JG116871,2023-01-14 09:00:00+00:00,048XX S MICHIGAN AVE,THEFT,OVER $500,STREET,False,False,224,2,3,38,06,41.80701093,-87.62277447,2023,2023-01-14,09:00:00,9,Saturday,January,OVER $500
13046229,JG228361,2023-04-11 16:30:00+00:00,048XX S MICHIGAN AVE,THEFT,OVER $500,STREET,False,False,224,2,3,38,06,41.80662118,-87.62276411,2023,2023-04-11,16:30:00,16,Tuesday,April,OVER $500
13038298,JG218699,2023-02-28 12:00:00+00:00,047XX S MICHIGAN AVE,THEFT,$500 AND UNDER,APARTMENT,False,False,224,2,3,38,06,41.80874012,-87.62282139,2023,2023-02-28,12:00:00,12,Tuesday,February,$500 AND UNDER
13246973,JG467653,2023-10-17 17:30:00+00:00,003XX E 48TH ST,CRIMINAL DAMAGE,TO PROPERTY,APARTMENT,False,False,224,2,3,38,14,41.80752649,-87.61873404,2023,2023-10-17,17:30:00,17,Tuesday,October,TO PROPERTY
13308114,JG541364,2023-12-14 20:30:00+00:00,047XX S CALUMET AVE,CRIMINAL DAMAGE,TO PROPERTY,RESIDENCE,False,False,224,2,3,38,14,41.80851343,-87.61813252,2023,2023-12-14,20:30:00,20,Thursday,December,TO PROPERTY
13266655,JG491899,2023-11-05 00:04:00+00:00,049XX S PRAIRIE AVE,CRIMINAL DAMAGE,TO VEHICLE,STREET,False,False,224,2,3,38,14,41.80477583,-87.61947249,2023,2023-11-05,00:04:00,0,Sunday,November,TO VEHICLE
13068088,JG254642,2023-05-09 21:00:00+00:00,056XX S MICHIGAN AVE,BATTERY,SIMPLE,RESIDENCE - PORCH / HALLWAY,False,False,225,2,20,40,08B,41.79233221,-87.62240122,2023,2023-05-09,21:00:00,21,Tuesday,May,SIMPLE
13106979,JG301034,2023-06-14 15:50:00+00:00,055XX S WABASH AVE,BATTERY,SIMPLE,APARTMENT,False,False,225,2,20,40,08B,41.79373111,-87.62406532,2023,2023-06-14,15:50:00,15,Wednesday,June,SIMPLE
13217266,JG432278,2023-09-20 18:41:00+00:00,0000X E GARFIELD BLVD,BATTERY,DOMESTIC BATTERY SIMPLE,RESTAURANT,False,True,225,2,3,40,08B,41.79467841,-87.62326276,2023,2023-09-20,18:41:00,18,Wednesday,September,DOMESTIC BATTERY SIMPLE
13072877,JG260670,2023-05-14 20:13:00+00:00,056XX S WABASH AVE,ASSAULT,AGGRAVATED - OTHER FIREARM,APARTMENT,False,True,225,2,20,40,04A,41.79230384,-87.62402605,2023,2023-05-14,20:13:00,20,Sunday,May,AGGRAVATED
13173114,JG379400,2023-08-03 15:30:00+00:00,053XX S WABASH AVE,ASSAULT,SIMPLE,APARTMENT,False,False,225,2,3,40,08A,41.7975847,-87.62416585,2023,2023-08-03,15:30:00,15,Thursday,August,SIMPLE
13320744,JG556102,2023-12-23 14:55:00+00:00,055XX S Michigan Ave,THEFT,FROM BUILDING,OTHER (SPECIFY),False,False,225,2,20,40,06,41.79397359,-87.62244909,2023,2023-12-23,14:55:00,14,Saturday,December,FROM BUILDING
13257088,JG479817,2023-10-26 17:27:00+00:00,055XX S PRAIRIE AVE,BATTERY,DOMESTIC BATTERY SIMPLE,APARTMENT,False,True,231,2,20,40,08B,41.79358843,-87.61919692,2023,2023-10-26,17:27:00,17,Thursday,October,DOMESTIC BATTERY SIMPLE
13272986,JG499091,2023-11-10 15:00:00+00:00,002XX E GARFIELD BLVD,BATTERY,DOMESTIC BATTERY SIMPLE,APARTMENT,False,True,231,2,3,40,08B,41.79472944,-87.62042377,2023,2023-11-10,15:00:00,15,Friday,November,DOMESTIC BATTERY SIMPLE
13075196,JG263279,2023-05-16 18:00:00+00:00,051XX S CALUMET AVE,BATTERY,DOMESTIC BATTERY SIMPLE,SIDEWALK,False,True,231,2,3,40,08B,41.80157069,-87.61773662,2023,2023-05-16,18:00:00,18,Tuesday,May,DOMESTIC BATTERY SIMPLE
13126194,JG324026,2023-07-01 18:50:00+00:00,001XX E 51ST ST,ASSAULT,SIMPLE,GAS STATION,False,False,231,2,3,40,08A,41.8020092,-87.6220632,2023,2023-07-01,18:50:00,18,Saturday,July,SIMPLE
13075611,JG263760,2023-05-17 01:45:00+00:00,054XX S INDIANA AVE,THEFT,$500 AND UNDER,STREET,False,False,231,2,3,40,06,41.79532766,-87.62086088,2023,2023-05-17,01:45:00,1,Wednesday,May,$500 AND UNDER
13224589,JG440890,2023-09-27 08:50:00+00:00,052XX S DR MARTIN LUTHER KING JR DR,CRIMINAL DAMAGE,TO VEHICLE,APARTMENT,False,True,231,2,3,40,14,41.79933757,-87.61609276,2023,2023-09-27,08:50:00,8,Wednesday,September,TO VEHICLE
13081377,JG270842,2023-05-22 17:00:00+00:00,058XX S MICHIGAN AVE,BATTERY,SIMPLE,RESIDENCE - PORCH / HALLWAY,False,False,232,2,20,40,08B,41.7885061,-87.62230782,2023,2023-05-22,17:00:00,17,Monday,May,SIMPLE
12972327,JG139998,2023-02-03 23:27:00+00:00,057XX S LA SALLE ST,BATTERY,DOMESTIC BATTERY SIMPLE,RESIDENCE,False,True,232,2,20,68,08B,41.7895197,-87.62914641,2023,2023-02-03,23:27:00,23,Friday,February,DOMESTIC BATTERY SIMPLE
13170561,JG376601,2023-08-09 22:00:00+00:00,059XX S MICHIGAN AVE,BATTERY,DOMESTIC BATTERY SIMPLE,SIDEWALK,False,True,232,2,20,40,08B,41.78658478,-87.62225572,2023,2023-08-09,22:00:00,22,Wednesday,August,DOMESTIC BATTERY SIMPLE
12981696,JG151156,2023-02-11 12:00:00+00:00,003XX E 59TH ST,THEFT,OVER $500,RESIDENCE - PORCH / HALLWAY,False,False,232,2,20,40,06,41.78751069,-87.61669029,2023,2023-02-11,12:00:00,12,Saturday,February,OVER $500
13153962,JG354310,2023-07-20 17:00:00+00:00,0000X E 58TH ST,THEFT,FROM BUILDING,APARTMENT,False,False,232,2,20,40,06,41.78922569,-87.62328993,2023,2023-07-20,17:00:00,17,Thursday,July,FROM BUILDING
13058045,JG242439,2023-04-30 02:33:00+00:00,003XX E 57TH ST,CRIMINAL DAMAGE,TO PROPERTY,APARTMENT,False,True,232,2,20,40,14,41.79113669,-87.6181387,2023,2023-04-30,02:33:00,2,Sunday,April,TO PROPERTY
12984299,JG154411,2023-02-15 18:45:00+00:00,059XX S WABASH AVE,CRIMINAL DAMAGE,TO VEHICLE,STREET,False,True,232,2,20,40,14,41.78666893,-87.62388282,2023,2023-02-15,18:45:00,18,Wednesday,February,TO VEHICLE
13071251,JG258695,2023-05-13 00:00:00+00:00,051XX S DREXEL AVE,ROBBERY,STRONG ARM - NO WEAPON,STREET,False,False,233,2,20,41,03,41.80218801,-87.60418518,2023,2023-05-13,00:00:00,0,Saturday,May,STRONG ARM - NO WEAPON
13243448,JG463265,2023-10-12 19:00:00+00:00,052XX S INGLESIDE AVE,THEFT,OVER $500,STREET,False,False,233,2,20,41,06,41.80047257,-87.60284764,2023,2023-10-12,19:00:00,19,Thursday,October,OVER $500
13331308,JH107544,2023-12-30 00:01:00+00:00,052XX S DREXEL AVE,CRIMINAL DAMAGE,TO PROPERTY,APARTMENT,False,False,233,2,20,41,14,41.79971652,-87.60392713,2023,2023-12-30,00:01:00,0,Saturday,December,TO PROPERTY
12989380,JG159329,2023-02-14 10:50:00+00:00,052XX S DREXEL AVE,CRIMINAL DAMAGE,TO VEHICLE,STREET,False,False,233,2,5,41,14,41.7998757,-87.60392899,2023,2023-02-14,10:50:00,10,Tuesday,February,TO VEHICLE
13249363,JG470643,2023-10-19 20:25:00+00:00,054XX S KENWOOD AVE,ROBBERY,ARMED - HANDGUN,SIDEWALK,False,False,234,2,5,41,03,41.7968365,-87.59343089,2023,2023-10-19,20:25:00,20,Thursday,October,ARMED - HANDGUN
13266245,JG491531,2023-11-04 15:50:00+00:00,053XX S HYDE PARK BLVD,ROBBERY,STRONG ARM - NO WEAPON,STREET,False,False,234,2,5,41,03,41.79897929,-87.58403958,2023,2023-11-04,15:50:00,15,Saturday,November,STRONG ARM - NO WEAPON
13268459,JG494293,2023-11-06 19:50:00+00:00,051XX S CORNELL AVE,ROBBERY,STRONG ARM - NO WEAPON,SIDEWALK,False,False,234,2,5,41,03,41.80213753,-87.58650411,2023,2023-11-06,19:50:00,19,Monday,November,STRONG ARM - NO WEAPON
13282433,JG510513,2023-11-18 18:32:00+00:00,053XX S HYDE PARK BLVD,ROBBERY,STRONG ARM - NO WEAPON,STREET,False,False,234,2,5,41,03,41.79906712,-87.58404223,2023,2023-11-18,18:32:00,18,Saturday,November,STRONG ARM - NO WEAPON
12960290,JG124697,2023-01-21 19:25:00+00:00,051XX S DORCHESTER AVE,ROBBERY,STRONG ARM - NO WEAPON,COLLEGE / UNIVERSITY - GROUNDS,False,False,234,2,4,41,03,41.80192788,-87.59184293,2023,2023-01-21,19:25:00,19,Saturday,January,STRONG ARM - NO WEAPON
13012481,JG188057,2023-03-16 15:40:00+00:00,051XX S HYDE PARK BLVD,ROBBERY,STRONG ARM - NO WEAPON,SIDEWALK,False,False,234,2,5,41,03,41.80117861,-87.58463745,2023,2023-03-16,15:40:00,15,Thursday,March,STRONG ARM - NO WEAPON
12943679,JG106071,2023-01-06 03:17:00+00:00,052XX S KIMBARK AVE,ROBBERY,ATTEMPT ARMED - HANDGUN,SIDEWALK,False,False,234,2,4,41,03,41.80070264,-87.59505149,2023,2023-01-06,03:17:00,3,Friday,January,ATTEMPT ARMED - HANDGUN
12982566,JG152016,2023-02-14 06:00:00+00:00,054XX S DORCHESTER AVE,BATTERY,DOMESTIC BATTERY SIMPLE,APARTMENT,False,True,234,2,5,41,08B,41.7962985,-87.59170979,2023,2023-02-14,06:00:00,6,Tuesday,February,DOMESTIC BATTERY SIMPLE
13123012,JG319936,2023-06-28 18:12:00+00:00,054XX S EVERETT AVE,BATTERY,DOMESTIC BATTERY SIMPLE,APARTMENT,False,True,234,2,5,41,08B,41.7963077,-87.58256344,2023,2023-06-28,18:12:00,18,Wednesday,June,DOMESTIC BATTERY SIMPLE
12941673,JG103839,2023-01-03 00:00:00+00:00,051XX S KIMBARK AVE,THEFT,OVER $500,APARTMENT,False,False,234,2,4,41,06,41.801817,-87.59507904,2023,2023-01-03,00:00:00,0,Tuesday,January,OVER $500
13104343,JG297972,2023-06-09 17:30:00+00:00,052XX S LAKE PARK AVE,THEFT,OVER $500,ATHLETIC CLUB,False,False,234,2,4,41,06,41.80048316,-87.58741453,2023,2023-06-09,17:30:00,17,Friday,June,OVER $500
13241561,JG461370,2023-10-12 17:50:00+00:00,015XX E 55TH ST,THEFT,$500 AND UNDER,STREET,False,False,234,2,5,41,06,41.79519146,-87.588147,2023,2023-10-12,17:50:00,17,Thursday,October,$500 AND UNDER
13180804,JG387412,2023-08-18 10:13:00+00:00,052XX S LAKE PARK AVE,THEFT,$500 AND UNDER,SMALL RETAIL STORE,False,False,234,2,4,41,06,41.80045567,-87.58740752,2023,2023-08-18,10:13:00,10,Friday,August,$500 AND UNDER
13218047,JG432973,2023-09-21 10:50:00+00:00,052XX S LAKE PARK AVE,THEFT,RETAIL THEFT,DEPARTMENT STORE,False,False,234,2,4,41,06,41.80045567,-87.58740752,2023,2023-09-21,10:50:00,10,Thursday,September,RETAIL THEFT
13061614,JG246642,2023-04-24 09:30:00+00:00,051XX S LAKE PARK AVE,THEFT,RETAIL THEFT,DEPARTMENT STORE,False,False,234,2,4,41,06,41.8021017,-87.58774785,2023,2023-04-24,09:30:00,9,Monday,April,RETAIL THEFT
13066691,JG252050,2023-05-05 15:35:00+00:00,051XX S LAKE PARK AVE,THEFT,RETAIL THEFT,OTHER (SPECIFY),False,False,234,2,4,41,06,41.8021017,-87.58774785,2023,2023-05-05,15:35:00,15,Friday,May,RETAIL THEFT
13248029,JG468088,2023-10-14 13:30:00+00:00,051XX S Kenwood Ave,THEFT,FROM BUILDING,APARTMENT,False,False,234,2,4,41,06,41.80196852,-87.59346355,2023,2023-10-14,13:30:00,13,Saturday,October,FROM BUILDING
13357508,JH138830,2023-10-02 00:00:00+00:00,054XX S Cornell Ave,THEFT,FROM BUILDING,APARTMENT,False,False,234,2,5,41,06,41.79774545,-87.58546956,2023,2023-10-02,00:00:00,0,Monday,October,FROM BUILDING
13196724,JG407541,2023-09-01 23:45:00+00:00,057XX S BLACKSTONE AVE,BATTERY,DOMESTIC BATTERY SIMPLE,APARTMENT,False,True,235,2,5,41,08B,41.79059182,-87.59023177,2023,2023-09-01,23:45:00,23,Friday,September,DOMESTIC BATTERY SIMPLE
13236555,JG455269,2023-10-08 02:26:00+00:00,057XX S BLACKSTONE AVE,ASSAULT,SIMPLE,APARTMENT,False,True,235,2,5,41,08A,41.79059182,-87.59023177,2023,2023-10-08,02:26:00,2,Sunday,October,SIMPLE
13312614,JG546731,2023-12-17 20:00:00+00:00,057XX S MARYLAND AVE,ASSAULT,SIMPLE,HOSPITAL BUILDING / GROUNDS,False,False,235,2,5,41,08A,41.79035398,-87.60494269,2023,2023-12-17,20:00:00,20,Sunday,December,SIMPLE
13052198,JG235411,2023-02-15 09:00:00+00:00,015XX E 55TH ST,THEFT,OVER $500,OTHER (SPECIFY),False,False,235,2,5,41,06,41.7951916,-87.588169,2023,2023-02-15,09:00:00,9,Wednesday,February,OVER $500
13054152,JG237803,2023-04-25 03:45:00+00:00,057XX S BLACKSTONE AVE,THEFT,OVER $500,STREET,False,False,235,2,5,41,06,41.79070436,-87.59023414,2023,2023-04-25,03:45:00,3,Tuesday,April,OVER $500
13119581,JG302053,2023-06-14 17:30:00+00:00,058XX S DORCHESTER AVE,THEFT,OVER $500,STREET,False,False,235,2,5,41,06,41.78920348,-87.59154589,2023,2023-06-14,17:30:00,17,Wednesday,June,OVER $500
13123605,JG320785,2023-06-29 12:12:00+00:00,055XX S CORNELL AVE,THEFT,OVER $500,STREET,False,False,235,2,5,41,06,41.7947592,-87.58539793,2023,2023-06-29,12:12:00,12,Thursday,June,OVER $500
12956627,JG121191,2023-01-18 19:21:00+00:00,003XX E 61ST ST,ROBBERY,STRONG ARM - NO WEAPON,STREET,False,False,311,3,20,40,03,41.78387012,-87.6164265,2023,2023-01-18,19:21:00,19,Wednesday,January,STRONG ARM - NO WEAPON
13029745,JG208790,2023-04-02 19:45:00+00:00,003XX E 63RD ST,BATTERY,SIMPLE,GROCERY FOOD STORE,False,False,311,3,20,40,08B,41.78021753,-87.61687416,2023,2023-04-02,19:45:00,19,Sunday,April,SIMPLE
13274342,JG499811,2023-11-11 04:00:00+00:00,060XX S PRAIRIE AVE,BATTERY,DOMESTIC BATTERY SIMPLE,RESIDENCE - YARD (FRONT / BACK),False,True,311,3,20,40,08B,41.78504412,-87.61898008,2023,2023-11-11,04:00:00,4,Saturday,November,DOMESTIC BATTERY SIMPLE
13287725,JG516572,2023-11-25 02:00:00+00:00,061XX S PRAIRIE AVE,BATTERY,DOMESTIC BATTERY SIMPLE,APARTMENT,False,True,311,3,20,40,08B,41.7832957,-87.61892983,2023,2023-11-25,02:00:00,2,Saturday,November,DOMESTIC BATTERY SIMPLE
13315200,JG549866,2023-12-21 17:55:00+00:00,061XX S WABASH AVE,BATTERY,DOMESTIC BATTERY SIMPLE,APARTMENT,False,True,311,3,20,40,08B,41.78305133,-87.62377971,2023,2023-12-21,17:55:00,17,Thursday,December,DOMESTIC BATTERY SIMPLE
12960431,JG125632,2023-01-22 15:50:00+00:00,062XX S MICHIGAN AVE,BATTERY,DOMESTIC BATTERY SIMPLE,APARTMENT,False,True,311,3,20,40,08B,41.7809464,-87.62199537,2023,2023-01-22,15:50:00,15,Sunday,January,DOMESTIC BATTERY SIMPLE
12996902,JG168926,2023-02-28 11:40:00+00:00,062XX S MICHIGAN AVE,ASSAULT,SIMPLE,RESIDENCE - PORCH / HALLWAY,False,False,311,3,20,40,08A,41.7809464,-87.62199537,2023,2023-02-28,11:40:00,11,Tuesday,February,SIMPLE
13017519,JG194222,2023-03-21 20:37:00+00:00,065XX S DR MARTIN LUTHER KING JR DR,ROBBERY,ARMED - HANDGUN,CHA PARKING LOT / GROUNDS,False,False,312,3,20,42,03,41.77613107,-87.61552284,2023,2023-03-21,20:37:00,20,Tuesday,March,ARMED - HANDGUN
13276436,JG503253,2023-11-13 23:09:00+00:00,064XX S COTTAGE GROVE AVE,BATTERY,SIMPLE,STREET,True,False,312,3,20,42,08B,41.7778816,-87.60587208,2023,2023-11-13,23:09:00,23,Monday,November,SIMPLE
13185859,JG394698,2023-08-23 15:30:00+00:00,063XX S CALUMET AVE,BATTERY,SIMPLE,SIDEWALK,False,False,312,3,20,69,08B,41.77875471,-87.6172974,2023,2023-08-23,15:30:00,15,Wednesday,August,SIMPLE
13195797,JG406560,2023-09-01 09:00:00+00:00,063XX S MARYLAND AVE,BATTERY,SIMPLE,CONSTRUCTION SITE,False,False,312,3,20,42,08B,41.78020097,-87.6046433,2023,2023-09-01,09:00:00,9,Friday,September,SIMPLE
13262491,JG486549,2023-10-31 21:30:00+00:00,064XX S DR MARTIN LUTHER KING JR DR,BATTERY,DOMESTIC BATTERY SIMPLE,APARTMENT,False,True,312,3,20,69,08B,41.77796729,-87.61556835,2023,2023-10-31,21:30:00,21,Tuesday,October,DOMESTIC BATTERY SIMPLE
12966768,JG133291,2023-01-29 01:32:00+00:00,063XX S DR MARTIN LUTHER KING JR DR,BATTERY,DOMESTIC BATTERY SIMPLE,STREET,True,True,312,3,20,42,08B,41.77874956,-87.61559263,2023,2023-01-29,01:32:00,1,Sunday,January,DOMESTIC BATTERY SIMPLE
13018464,JG195140,2023-03-22 16:05:00+00:00,063XX S LANGLEY AVE,BATTERY,DOMESTIC BATTERY SIMPLE,APARTMENT,False,True,312,3,20,42,08B,41.77941496,-87.60836619,2023,2023-03-22,16:05:00,16,Wednesday,March,DOMESTIC BATTERY SIMPLE
13126269,JG322492,2023-06-30 16:23:00+00:00,063XX S EBERHART AVE,BATTERY,DOMESTIC BATTERY SIMPLE,APARTMENT,False,True,312,3,20,42,08B,41.77969781,-87.61319526,2023,2023-06-30,16:23:00,16,Friday,June,DOMESTIC BATTERY SIMPLE
13129973,JG328369,2023-07-05 09:47:00+00:00,063XX S DREXEL AVE,BATTERY,DOMESTIC BATTERY SIMPLE,STREET,False,True,312,3,20,42,08B,41.77999218,-87.60287847,2023,2023-07-05,09:47:00,9,Wednesday,July,DOMESTIC BATTERY SIMPLE
13294576,JG525035,2023-12-01 18:15:00+00:00,064XX S DR MARTIN LUTHER KING JR DR,ASSAULT,AGGRAVATED - KNIFE / CUTTING INSTRUMENT,APARTMENT,False,False,312,3,20,69,04A,41.77757754,-87.61555804,2023,2023-12-01,18:15:00,18,Friday,December,AGGRAVATED
13186956,JG395011,2023-08-23 20:00:00+00:00,064XX S MARYLAND AVE,ASSAULT,AGGRAVATED - KNIFE / CUTTING INSTRUMENT,APARTMENT,False,True,312,3,20,42,04A,41.77809065,-87.60464886,2023,2023-08-23,20:00:00,20,Wednesday,August,AGGRAVATED
13284238,JG512705,2023-11-10 15:10:00+00:00,064XX S DR MARTIN LUTHER KING JR DR,ASSAULT,SIMPLE,APARTMENT,False,False,312,3,20,69,08A,41.77750345,-87.61555886,2023,2023-11-10,15:10:00,15,Friday,November,SIMPLE
13283920,JG510974,2023-11-18 10:00:00+00:00,066XX S DR MARTIN LUTHER KING JR DR,THEFT,OVER $500,PARKING LOT / GARAGE (NON RESIDENTIAL),False,False,312,3,20,69,06,41.77414668,-87.61547898,2023,2023-11-18,10:00:00,10,Saturday,November,OVER $500
13125079,JG322723,2023-06-30 16:00:00+00:00,063XX S DREXEL AVE,THEFT,OVER $500,STREET,False,False,312,3,20,42,06,41.77976986,-87.60287366,2023,2023-06-30,16:00:00,16,Friday,June,OVER $500
12955448,JG119891,2023-01-17 17:00:00+00:00,063XX S DR MARTIN LUTHER KING JR DR,CRIMINAL DAMAGE,TO PROPERTY,APARTMENT,False,True,312,3,20,69,14,41.77904323,-87.61559669,2023,2023-01-17,17:00:00,17,Tuesday,January,TO PROPERTY
13216505,JG431367,2023-09-20 00:00:00+00:00,065XX S DR MARTIN LUTHER KING JR DR,CRIMINAL DAMAGE,TO VEHICLE,STREET,False,False,312,3,20,69,14,41.77579623,-87.61551557,2023,2023-09-20,00:00:00,0,Wednesday,September,TO VEHICLE
12950879,JG114401,2023-01-12 22:00:00+00:00,064XX S MARYLAND AVE,CRIMINAL DAMAGE,TO VEHICLE,STREET,False,False,312,3,20,42,14,41.77838434,-87.60465653,2023,2023-01-12,22:00:00,22,Thursday,January,TO VEHICLE
13161209,JG365363,2023-08-01 20:10:00+00:00,064XX S DR MARTIN LUTHER KING JR DR,CRIMINAL DAMAGE,TO VEHICLE,STREET,False,False,312,3,20,69,14,41.77796729,-87.61556835,2023,2023-08-01,20:10:00,20,Tuesday,August,TO VEHICLE
13165363,JG370125,2023-08-05 06:48:00+00:00,063XX S COTTAGE GROVE AVE,CRIMINAL DAMAGE,TO CITY OF CHICAGO PROPERTY,CTA BUS,False,False,312,3,20,42,14,41.7799566,-87.60592196,2023,2023-08-05,06:48:00,6,Saturday,August,TO CITY OF CHICAGO PROPERTY
13214212,JG428429,2023-09-17 19:42:00+00:00,062XX S EBERHART AVE,BATTERY,AGGRAVATED - HANDGUN,SIDEWALK,False,False,313,3,20,42,04B,41.7814434,-87.61323072,2023,2023-09-17,19:42:00,19,Sunday,September,AGGRAVATED
13273976,JG500291,2023-11-11 13:09:00+00:00,060XX S COTTAGE GROVE AVE,BATTERY,AGGRAVATED - OTHER DANGEROUS WEAPON,PARKING LOT / GARAGE (NON RESIDENTIAL),False,False,313,3,20,42,04B,41.78528946,-87.60603402,2023,2023-11-11,13:09:00,13,Saturday,November,AGGRAVATED
13293385,JG523538,2023-11-30 15:20:00+00:00,005XX E 61ST ST,BATTERY,SIMPLE,SIDEWALK,False,False,313,3,20,42,08B,41.7839335,-87.6129572,2023,2023-11-30,15:20:00,15,Thursday,November,SIMPLE
13123290,JG319484,2023-06-28 12:12:00+00:00,061XX S EBERHART AVE,BATTERY,DOMESTIC BATTERY SIMPLE,APARTMENT,False,True,313,3,20,42,08B,41.78321371,-87.61326958,2023,2023-06-28,12:12:00,12,Wednesday,June,DOMESTIC BATTERY SIMPLE
13165720,JG370972,2023-08-05 20:30:00+00:00,061XX S EBERHART AVE,BATTERY,AGGRAVATED DOMESTIC BATTERY - OTHER DANGEROUS WEAPON,APARTMENT,False,True,313,3,20,42,04B,41.78293376,-87.61326538,2023,2023-08-05,20:30:00,20,Saturday,August,AGGRAVATED
13012314,JG187801,2023-03-15 21:00:00+00:00,004XX E 62ND ST,ASSAULT,AGGRAVATED - HANDGUN,APARTMENT,False,True,313,3,20,42,04A,41.78208304,-87.61502015,2023,2023-03-15,21:00:00,21,Wednesday,March,AGGRAVATED
12982755,JG152434,2023-02-14 12:43:00+00:00,061XX S COTTAGE GROVE AVE,ASSAULT,SIMPLE,COMMERCIAL / BUSINESS OFFICE,False,False,313,3,20,42,08A,41.7835082,-87.60599915,2023,2023-02-14,12:43:00,12,Tuesday,February,SIMPLE
13075987,JG264333,2023-05-17 15:30:00+00:00,005XX E 61ST ST,ASSAULT,SIMPLE,APARTMENT,False,False,313,3,20,42,08A,41.7839553,-87.61162232,2023,2023-05-17,15:30:00,15,Wednesday,May,SIMPLE
13204052,JG416202,2023-09-07 16:30:00+00:00,062XX S DREXEL AVE,THEFT,$500 AND UNDER,APARTMENT,False,False,313,3,20,42,06,41.78158211,-87.60433068,2023,2023-09-07,16:30:00,16,Thursday,September,$500 AND UNDER
12954818,JG119046,2023-01-16 21:30:00+00:00,061XX S ST LAWRENCE AVE,THEFT,FROM BUILDING,RESIDENCE,False,False,313,3,20,42,06,41.78344016,-87.61087278,2023,2023-01-16,21:30:00,21,Monday,January,FROM BUILDING
13232838,JG450890,2023-10-04 00:01:00+00:00,061XX S COTTAGE GROVE AVE,CRIMINAL DAMAGE,TO VEHICLE,APARTMENT,False,False,313,3,20,42,14,41.78334076,-87.60599371,2023,2023-10-04,00:01:00,0,Wednesday,October,TO VEHICLE
13147112,JG348906,2023-07-17 23:49:00+00:00,008XX E 63RD ST,CRIMINAL DAMAGE,TO VEHICLE,STREET,False,False,313,3,20,42,14,41.78044191,-87.60369097,2023,2023-07-17,23:49:00,23,Monday,July,TO VEHICLE
13144235,JG345285,2023-07-17 20:39:00+00:00,009XX E 65TH ST,BATTERY,AGGRAVATED - HANDGUN,STREET,False,False,314,3,20,42,04B,41.77681286,-87.60265425,2023,2023-07-17,20:39:00,20,Monday,July,AGGRAVATED
13218324,JG433452,2023-09-14 12:38:00+00:00,062XX S STONY ISLAND AVE,BATTERY,SIMPLE,SCHOOL - PUBLIC BUILDING,False,False,314,3,5,42,08B,41.78210152,-87.586502,2023,2023-09-14,12:38:00,12,Thursday,September,SIMPLE
13023865,JG201873,2023-03-26 01:30:00+00:00,063XX S UNIVERSITY AVE,BATTERY,SIMPLE,APARTMENT,False,False,314,3,20,42,08B,41.78021143,-87.59724443,2023,2023-03-26,01:30:00,1,Sunday,March,SIMPLE
13171984,JG375548,2023-08-09 00:00:00+00:00,061XX S KIMBARK AVE,BATTERY,SIMPLE,APARTMENT,False,False,314,3,20,42,08B,41.78352126,-87.5947133,2023,2023-08-09,00:00:00,0,Wednesday,August,SIMPLE
13016818,JG193431,2023-03-21 07:00:00+00:00,061XX S WOODLAWN AVE,THEFT,OVER $500,APARTMENT,False,False,314,3,20,42,06,41.78367401,-87.59627718,2023,2023-03-21,07:00:00,7,Tuesday,March,OVER $500
13208182,JG421306,2023-09-12 03:59:00+00:00,063XX S INGLESIDE AVE,THEFT,$500 AND UNDER,RESIDENCE - PORCH / HALLWAY,False,False,314,3,20,42,06,41.77954528,-87.60165165,2023,2023-09-12,03:59:00,3,Tuesday,September,$500 AND UNDER
13256748,JG479704,2023-09-26 21:00:00+00:00,061XX S UNIVERSITY AVE,THEFT,$500 AND UNDER,APARTMENT,False,False,314,3,20,42,06,41.78361851,-87.59789477,2023,2023-09-26,21:00:00,21,Tuesday,September,$500 AND UNDER
13083128,JG272943,2023-05-22 15:00:00+00:00,060XX S HARPER AVE,THEFT,$500 AND UNDER,STREET,False,False,314,3,5,42,06,41.78475493,-87.5881432,2023,2023-05-22,15:00:00,15,Monday,May,$500 AND UNDER
13046478,JG228688,2023-04-18 18:00:00+00:00,064XX S KENWOOD AVE,CRIMINAL DAMAGE,TO PROPERTY,APARTMENT,False,False,314,3,20,42,14,41.77784884,-87.59301127,2023,2023-04-18,18:00:00,18,Tuesday,April,TO PROPERTY
12945737,JG108471,2023-01-07 20:00:00+00:00,061XX S DORCHESTER AVE,CRIMINAL DAMAGE,TO VEHICLE,STREET,False,False,314,3,20,42,14,41.78360979,-87.59141604,2023,2023-01-07,20:00:00,20,Saturday,January,TO VEHICLE
13174560,JG381365,2023-08-13 12:00:00+00:00,061XX S KENWOOD AVE,CRIMINAL DAMAGE,TO VEHICLE,STREET,False,False,314,3,20,42,14,41.78331617,-87.59312071,2023,2023-08-13,12:00:00,12,Sunday,August,TO VEHICLE
13199130,JG410628,2023-09-04 12:49:00+00:00,009XX E 63RD ST,CRIMINAL DAMAGE,TO STATE SUPPORTED PROPERTY,COMMERCIAL / BUSINESS OFFICE,False,False,314,3,20,42,14,41.78045461,-87.60223527,2023,2023-09-04,12:49:00,12,Monday,September,TO STATE SUPPORTED PROPERTY
13301277,JG533062,2023-12-08 01:00:00+00:00,009XX E MARQUETTE RD,ROBBERY,AGGRAVATED VEHICULAR HIJACKING,STREET,False,False,321,3,20,42,03,41.77499574,-87.60259056,2023,2023-12-08,01:00:00,1,Friday,December,AGGRAVATED
13298465,JG525023,2023-12-01 17:00:00+00:00,010XX E MARQUETTE RD,BATTERY,DOMESTIC BATTERY SIMPLE,APARTMENT,False,True,321,3,20,42,08B,41.77501348,-87.60063633,2023,2023-12-01,17:00:00,17,Friday,December,DOMESTIC BATTERY SIMPLE
12961932,JG127254,2023-01-23 23:20:00+00:00,068XX S DORCHESTER AVE,BATTERY,DOMESTIC BATTERY SIMPLE,APARTMENT,False,True,321,3,5,43,08B,41.77090728,-87.5911152,2023,2023-01-23,23:20:00,23,Monday,January,DOMESTIC BATTERY SIMPLE
13178992,JG386258,2023-08-17 10:00:00+00:00,065XX S RHODES AVE,ASSAULT,AGGRAVATED - HANDGUN,STREET,True,False,321,3,20,42,04A,41.77573254,-87.61191981,2023,2023-08-17,10:00:00,10,Thursday,August,AGGRAVATED
13316560,JG550645,2023-12-22 09:30:00+00:00,007XX E 68TH ST,ASSAULT,AGGRAVATED - KNIFE / CUTTING INSTRUMENT,APARTMENT,False,True,321,3,6,42,04A,41.77130788,-87.60655857,2023,2023-12-22,09:30:00,9,Friday,December,AGGRAVATED
13260208,JG482721,2023-10-29 00:14:00+00:00,070XX S DORCHESTER AVE,ASSAULT,SIMPLE,STREET,False,False,321,3,5,43,08A,41.7661534,-87.59099771,2023,2023-10-29,00:14:00,0,Sunday,October,SIMPLE
13281309,JG509158,2023-11-17 17:30:00+00:00,066XX S WOODLAWN AVE,THEFT,OVER $500,APARTMENT,False,False,321,3,20,42,06,41.77430363,-87.59606186,2023,2023-11-17,17:30:00,17,Friday,November,OVER $500
13299961,JG531461,2023-12-02 00:30:00+00:00,067XX S DORCHESTER AVE,THEFT,OVER $500,STREET,False,False,321,3,5,43,06,41.77202436,-87.59113898,2023,2023-12-02,00:30:00,0,Saturday,December,OVER $500
12974897,JG143214,2023-02-06 18:35:00+00:00,013XX E 70TH ST,THEFT,OVER $500,APARTMENT,False,True,321,3,5,43,06,41.76782257,-87.59194621,2023,2023-02-06,18:35:00,18,Monday,February,OVER $500
13294426,JG524779,2023-11-30 08:16:00+00:00,007XX E 69TH PL,THEFT,$500 AND UNDER,RESIDENCE,False,False,321,3,6,42,06,41.76847093,-87.60752901,2023,2023-11-30,08:16:00,8,Thursday,November,$500 AND UNDER
13011187,JG186796,2023-03-13 19:33:00+00:00,065XX S DREXEL AVE,THEFT,FROM BUILDING,RESIDENCE - PORCH / HALLWAY,False,False,321,3,20,42,06,41.77623857,-87.60340133,2023,2023-03-13,19:33:00,19,Monday,March,FROM BUILDING
12970085,JG137262,2023-02-01 14:15:00+00:00,007XX E MARQUETTE RD,CRIMINAL DAMAGE,TO PROPERTY,STREET,False,False,321,3,20,42,14,41.77494469,-87.60665682,2023,2023-02-01,14:15:00,14,Wednesday,February,TO PROPERTY
12966060,JG132406,2023-01-28 00:00:00+00:00,012XX E 70TH ST,CRIMINAL DAMAGE,TO VEHICLE,STREET,False,False,321,3,5,69,14,41.76781077,-87.5948019,2023,2023-01-28,00:00:00,0,Saturday,January,TO VEHICLE
13133395,JG332578,2023-07-08 08:30:00+00:00,065XX S ELLIS AVE,CRIMINAL DAMAGE,TO VEHICLE,STREET,False,True,321,3,20,42,14,41.77600352,-87.60096602,2023,2023-07-08,08:30:00,8,Saturday,July,TO VEHICLE
13144300,JG345422,2023-07-17 22:21:00+00:00,066XX S INGLESIDE AVE,CRIMINAL DAMAGE,TO VEHICLE,STREET,True,False,321,3,20,42,14,41.77454286,-87.60214844,2023,2023-07-17,22:21:00,22,Monday,July,TO VEHICLE
13198539,JG409918,2023-09-03 21:30:00+00:00,070XX S COTTAGE GROVE AVE,CRIMINAL DAMAGE,TO VEHICLE,STREET,False,True,321,3,6,42,14,41.76680404,-87.60561968,2023,2023-09-03,21:30:00,21,Sunday,September,TO VEHICLE
13092444,JG283505,2023-06-01 01:00:00+00:00,070XX S INDIANA AVE,BATTERY,SIMPLE,APARTMENT,False,False,322,3,6,69,08B,41.76668107,-87.62014422,2023,2023-06-01,01:00:00,1,Thursday,June,SIMPLE
12954692,JG118900,2023-01-16 22:30:00+00:00,066XX S WABASH AVE,BATTERY,DOMESTIC BATTERY SIMPLE,RESIDENCE,True,True,322,3,20,69,08B,41.77363397,-87.6239495,2023,2023-01-16,22:30:00,22,Monday,January,DOMESTIC BATTERY SIMPLE
13033154,JG212668,2023-04-06 02:15:00+00:00,069XX S VERNON AVE,BATTERY,DOMESTIC BATTERY SIMPLE,APARTMENT,False,True,322,3,6,69,08B,41.76848221,-87.6141235,2023,2023-04-06,02:15:00,2,Thursday,April,DOMESTIC BATTERY SIMPLE
13225711,JG442264,2023-09-28 01:30:00+00:00,067XX S INDIANA AVE,THEFT,OVER $500,STREET,False,False,322,3,6,69,06,41.77205528,-87.62028632,2023,2023-09-28,01:30:00,1,Thursday,September,OVER $500
13137985,JG337874,2023-07-12 11:00:00+00:00,070XX S INDIANA AVE,THEFT,OVER $500,APARTMENT,False,True,322,3,6,69,06,41.76668107,-87.62014422,2023,2023-07-12,11:00:00,11,Wednesday,July,OVER $500
13031593,JG210862,2023-04-04 13:30:00+00:00,0000X E 71ST ST,THEFT,$500 AND UNDER,DEPARTMENT STORE,False,False,322,3,6,69,06,41.76552302,-87.62369796,2023,2023-04-04,13:30:00,13,Tuesday,April,$500 AND UNDER
13096941,JG288942,2023-06-05 12:20:00+00:00,067XX S STATE ST,THEFT,$500 AND UNDER,COMMERCIAL / BUSINESS OFFICE,False,False,322,3,6,69,06,41.77216197,-87.62511316,2023,2023-06-05,12:20:00,12,Monday,June,$500 AND UNDER
13195803,JG406539,2023-09-01 09:54:00+00:00,0000X E 71ST ST,THEFT,$500 AND UNDER,SMALL RETAIL STORE,False,False,322,3,6,69,06,41.76556437,-87.62239624,2023,2023-09-01,09:54:00,9,Friday,September,$500 AND UNDER
13142259,JG343064,2023-07-14 00:00:00+00:00,069XX S DR MARTIN LUTHER KING JR DR,THEFT,FROM BUILDING,APARTMENT,False,False,322,3,6,69,06,41.76851722,-87.61533279,2023,2023-07-14,00:00:00,0,Friday,July,FROM BUILDING
12999856,JG173092,2023-03-02 15:15:00+00:00,001XX E 70TH ST,CRIMINAL DAMAGE,TO PROPERTY,APARTMENT,False,False,322,3,6,69,14,41.76740888,-87.62112222,2023,2023-03-02,15:15:00,15,Thursday,March,TO PROPERTY
13297847,JG528831,2023-12-04 19:28:00+00:00,074XX S EVANS AVE,ROBBERY,ARMED - HANDGUN,SIDEWALK,False,False,323,3,6,69,03,41.75968639,-87.60665306,2023,2023-12-04,19:28:00,19,Monday,December,ARMED - HANDGUN
13146200,JG347860,2023-07-19 17:20:00+00:00,073XX S EBERHART AVE,ROBBERY,STRONG ARM - NO WEAPON,ALLEY,False,False,323,3,6,69,03,41.76145914,-87.61274314,2023,2023-07-19,17:20:00,17,Wednesday,July,STRONG ARM - NO WEAPON
13268625,JG494404,2023-11-06 23:00:00+00:00,073XX S MICHIGAN AVE,BATTERY,DOMESTIC BATTERY SIMPLE,STREET,False,True,323,3,6,69,08B,41.76138811,-87.62159932,2023,2023-11-06,23:00:00,23,Monday,November,DOMESTIC BATTERY SIMPLE
13282497,JG510626,2023-11-19 16:05:00+00:00,073XX S VERNON AVE,BATTERY,DOMESTIC BATTERY SIMPLE,RESIDENCE,False,True,323,3,6,69,08B,41.76117854,-87.61394849,2023,2023-11-19,16:05:00,16,Sunday,November,DOMESTIC BATTERY SIMPLE
13069176,JG254637,2023-05-10 00:00:00+00:00,071XX S DR MARTIN LUTHER KING JR DR,BATTERY,DOMESTIC BATTERY SIMPLE,APARTMENT,False,True,323,3,6,69,08B,41.76488055,-87.61525605,2023,2023-05-10,00:00:00,0,Wednesday,May,DOMESTIC BATTERY SIMPLE
13111501,JG306464,2023-06-18 10:30:00+00:00,072XX S CHAMPLAIN AVE,BATTERY,DOMESTIC BATTERY SIMPLE,RESIDENCE,False,True,323,3,6,69,08B,41.76342352,-87.60916569,2023,2023-06-18,10:30:00,10,Sunday,June,DOMESTIC BATTERY SIMPLE
13290749,JG520313,2023-04-18 15:00:00+00:00,074XX S EBERHART AVE,ASSAULT,AGGRAVATED - HANDGUN,APARTMENT,False,True,323,3,6,69,04A,41.75929907,-87.612694,2023,2023-04-18,15:00:00,15,Tuesday,April,AGGRAVATED
12941607,JG102930,2023-01-02 16:00:00+00:00,071XX S STATE ST,ASSAULT,SIMPLE,TAVERN / LIQUOR STORE,False,False,323,3,6,69,08A,41.7647071,-87.62489091,2023,2023-01-02,16:00:00,16,Monday,January,SIMPLE
13308190,JG541499,2023-12-14 20:00:00+00:00,073XX S MICHIGAN AVE,THEFT,OVER $500,APARTMENT,False,True,323,3,6,69,06,41.76101484,-87.62159245,2023,2023-12-14,20:00:00,20,Thursday,December,OVER $500
13185283,JG394028,2023-08-23 06:40:00+00:00,003XX E 71ST ST,THEFT,OVER $500,STREET,False,False,323,3,6,69,06,41.76569068,-87.61622572,2023,2023-08-23,06:40:00,6,Wednesday,August,OVER $500
12949455,JG112753,2023-01-11 08:00:00+00:00,073XX S INDIANA AVE,THEFT,$500 AND UNDER,VEHICLE - DELIVERY TRUCK,False,False,323,3,6,69,06,41.76138087,-87.61999033,2023,2023-01-11,08:00:00,8,Wednesday,January,$500 AND UNDER
13248253,JG464057,2023-10-15 02:01:00+00:00,072XX S WABASH AVE,CRIMINAL DAMAGE,TO PROPERTY,APARTMENT,False,False,323,3,6,69,14,41.76325349,-87.6232538,2023,2023-10-15,02:01:00,2,Sunday,October,TO PROPERTY
13061724,JG246975,2023-05-03 18:30:00+00:00,074XX S EBERHART AVE,CRIMINAL DAMAGE,TO PROPERTY,APARTMENT,False,False,323,3,6,69,14,41.75937318,-87.61269683,2023,2023-05-03,18:30:00,18,Wednesday,May,TO PROPERTY
13189029,JG398209,2023-08-26 07:35:00+00:00,074XX S MARYLAND AVE,CRIMINAL DAMAGE,TO PROPERTY,RESIDENCE,False,True,323,3,6,69,14,41.75979966,-87.6041741,2023,2023-08-26,07:35:00,7,Saturday,August,TO PROPERTY
13286110,JG514943,2023-11-22 19:00:00+00:00,074XX S ST LAWRENCE AVE,CRIMINAL DAMAGE,TO VEHICLE,STREET,False,False,323,3,6,69,14,41.75975046,-87.61028457,2023,2023-11-22,19:00:00,19,Wednesday,November,TO VEHICLE
13037905,JG218303,2023-04-10 18:54:00+00:00,013XX E 75TH ST,ROBBERY,STRONG ARM - NO WEAPON,SMALL RETAIL STORE,False,False,324,3,8,43,03,41.75871729,-87.59156722,2023,2023-04-10,18:54:00,18,Monday,April,STRONG ARM - NO WEAPON
13140010,JG340216,2023-07-14 04:00:00+00:00,013XX E 72ND PL,BATTERY,AGGRAVATED - HANDGUN,SIDEWALK,False,False,324,3,8,43,04B,41.76327639,-87.5921195,2023,2023-07-14,04:00:00,4,Friday,July,AGGRAVATED
13311219,JG545103,2023-12-17 22:00:00+00:00,072XX S STONY ISLAND AVE,BATTERY,AGGRAVATED - KNIFE / CUTTING INSTRUMENT,SIDEWALK,False,False,324,3,7,43,04B,41.7640042,-87.58627572,2023,2023-12-17,22:00:00,22,Sunday,December,AGGRAVATED
12968025,JG134675,2023-01-30 00:00:00+00:00,073XX S RIDGELAND AVE,BATTERY,DOMESTIC BATTERY SIMPLE,APARTMENT,False,True,324,3,8,43,08B,41.76123127,-87.58230538,2023,2023-01-30,00:00:00,0,Monday,January,DOMESTIC BATTERY SIMPLE
13115919,JG311643,2023-06-22 18:14:00+00:00,071XX S EAST END AVE,BATTERY,DOMESTIC BATTERY SIMPLE,APARTMENT,False,True,324,3,7,43,08B,41.76533459,-87.58365776,2023,2023-06-22,18:14:00,18,Thursday,June,DOMESTIC BATTERY SIMPLE
13121322,JG317974,2023-06-27 08:00:00+00:00,074XX S KENWOOD AVE,BATTERY,DOMESTIC BATTERY SIMPLE,APARTMENT,False,True,324,3,8,43,08B,41.76008158,-87.59204998,2023,2023-06-27,08:00:00,8,Tuesday,June,DOMESTIC BATTERY SIMPLE
13142493,JG336546,2023-07-11 11:10:00+00:00,071XX S CONSTANCE AVE,BATTERY,AGGRAVATED OF A SENIOR CITIZEN,SIDEWALK,False,False,324,3,7,43,04B,41.76541053,-87.58058149,2023,2023-07-11,11:10:00,11,Tuesday,July,AGGRAVATED
13040423,JG221293,2023-04-13 04:26:00+00:00,072XX S CONSTANCE AVE,BATTERY,AGGRAVATED DOMESTIC BATTERY - KNIFE / CUTTING INSTRUMENT,APARTMENT,False,True,324,3,7,43,04B,41.7639558,-87.58054352,2023,2023-04-13,04:26:00,4,Thursday,April,AGGRAVATED
12949906,JG113281,2023-01-10 10:00:00+00:00,074XX S DANTE AVE,ASSAULT,AGGRAVATED - HANDGUN,STREET,False,False,324,3,8,43,04A,41.76010155,-87.5896197,2023,2023-01-10,10:00:00,10,Tuesday,January,AGGRAVATED
12947468,JG109187,2023-01-08 22:10:00+00:00,072XX S DOBSON AVE,ASSAULT,AGGRAVATED - KNIFE / CUTTING INSTRUMENT,APARTMENT,False,True,324,3,5,69,04A,41.76340558,-87.59941954,2023,2023-01-08,22:10:00,22,Sunday,January,AGGRAVATED
13009010,JG184198,2023-02-24 22:30:00+00:00,071XX S RIDGELAND AVE,THEFT,OVER $500,APARTMENT,False,True,324,3,7,43,06,41.76554066,-87.58243474,2023,2023-02-24,22:30:00,22,Friday,February,OVER $500
13219473,JG434040,2023-09-13 15:35:00+00:00,071XX S RIDGELAND AVE,THEFT,$500 AND UNDER,RESIDENCE - YARD (FRONT / BACK),False,False,324,3,7,43,06,41.76559829,-87.58243406,2023,2023-09-13,15:35:00,15,Wednesday,September,$500 AND UNDER
13125251,JG322864,2023-06-30 20:45:00+00:00,074XX S STONY ISLAND AVE,THEFT,$500 AND UNDER,ALLEY,False,False,324,3,8,43,06,41.76036189,-87.58617869,2023,2023-06-30,20:45:00,20,Friday,June,$500 AND UNDER
13311790,JG545954,2023-12-18 13:49:00+00:00,016XX E 72ND ST,CRIMINAL DAMAGE,TO PROPERTY,APARTMENT,False,False,324,3,7,43,14,41.76424976,-87.58437049,2023,2023-12-18,13:49:00,13,Monday,December,TO PROPERTY
13205648,JG418163,2023-09-09 10:00:00+00:00,071XX S INGLESIDE AVE,CRIMINAL DAMAGE,TO VEHICLE,STREET,False,True,324,3,5,69,14,41.76532588,-87.60189021,2023,2023-09-09,10:00:00,10,Saturday,September,TO VEHICLE
13145098,JG346542,2023-07-18 17:30:00+00:00,067XX S MERRILL AVE,ROBBERY,ARMED - HANDGUN,STREET,False,False,331,3,5,43,03,41.77303242,-87.57281584,2023,2023-07-18,17:30:00,17,Tuesday,July,ARMED - HANDGUN
13322560,JG558763,2023-12-29 13:00:00+00:00,068XX S MERRILL AVE,BATTERY,DOMESTIC BATTERY SIMPLE,APARTMENT,False,True,331,3,5,43,08B,41.77071035,-87.57275529,2023,2023-12-29,13:00:00,13,Friday,December,DOMESTIC BATTERY SIMPLE
13088286,JG278627,2023-05-28 15:00:00+00:00,069XX S CLYDE AVE,BATTERY,DOMESTIC BATTERY SIMPLE,RESIDENCE,False,True,331,3,5,43,08B,41.7690002,-87.5739302,2023,2023-05-28,15:00:00,15,Sunday,May,DOMESTIC BATTERY SIMPLE
13095107,JG286970,2023-06-01 07:40:00+00:00,067XX S JEFFERY BLVD,BATTERY,"AGG. DOMESTIC BATTERY - HANDS, FISTS, FEET, SERIOUS INJURY",APARTMENT,False,True,331,3,5,43,04B,41.77271904,-87.5764745,2023,2023-06-01,07:40:00,7,Thursday,June,"AGG. DOMESTIC BATTERY - HANDS, FISTS, FEET, SERIOUS INJURY"
13118636,JG314635,2023-06-24 17:00:00+00:00,069XX S MERRILL AVE,ASSAULT,AGGRAVATED - HANDGUN,SCHOOL - PUBLIC GROUNDS,False,False,331,3,5,43,04A,41.76901408,-87.57270935,2023,2023-06-24,17:00:00,17,Saturday,June,AGGRAVATED
13002696,JG176531,2023-03-06 20:13:00+00:00,067XX S JEFFERY BLVD,ASSAULT,AGGRAVATED - OTHER DANGEROUS WEAPON,GAS STATION,False,False,331,3,5,43,04A,41.77299898,-87.57647854,2023,2023-03-06,20:13:00,20,Monday,March,AGGRAVATED
13370879,JH154736,2023-12-21 11:00:00+00:00,067XX S OGLESBY AVE,ASSAULT,SIMPLE,APARTMENT,False,False,331,3,5,43,08A,41.77308501,-87.56833541,2023,2023-12-21,11:00:00,11,Thursday,December,SIMPLE
13141461,JG341842,2023-07-15 07:00:00+00:00,023XX E 70TH ST,ASSAULT,SIMPLE,APARTMENT,False,False,331,3,5,43,08A,41.76806982,-87.56730628,2023,2023-07-15,07:00:00,7,Saturday,July,SIMPLE
13039784,JG220453,2023-04-12 12:30:00+00:00,020XX E 71ST ST,THEFT,OVER $500,STREET,False,False,331,3,5,43,06,41.7662476,-87.57599706,2023,2023-04-12,12:30:00,12,Wednesday,April,OVER $500
13072758,JG260524,2023-05-14 17:30:00+00:00,067XX S CHAPPEL AVE,THEFT,OVER $500,STREET,False,False,331,3,5,43,06,41.7727302,-87.57525361,2023,2023-05-14,17:30:00,17,Sunday,May,OVER $500
13234194,JG451560,2023-09-27 08:10:00+00:00,069XX S OGLESBY AVE,THEFT,$500 AND UNDER,APARTMENT,False,False,331,3,5,43,06,41.76922579,-87.56822363,2023,2023-09-27,08:10:00,8,Wednesday,September,$500 AND UNDER
13155121,JG354969,2023-07-25 06:30:00+00:00,016XX E 67TH ST,THEFT,$500 AND UNDER,SIDEWALK,False,False,331,3,5,42,06,41.77334223,-87.58530953,2023,2023-07-25,06:30:00,6,Tuesday,July,$500 AND UNDER
12973697,JG141769,2023-02-04 17:00:00+00:00,068XX S MERRILL AVE,THEFT,FROM BUILDING,RESIDENCE,False,False,331,3,5,43,06,41.77099032,-87.57276298,2023,2023-02-04,17:00:00,17,Saturday,February,FROM BUILDING
13028073,JG206818,2023-04-01 03:52:00+00:00,070XX S CLYDE AVE,CRIMINAL DAMAGE,TO PROPERTY,STREET,False,False,331,3,5,43,14,41.76747959,-87.57388948,2023,2023-04-01,03:52:00,3,Saturday,April,TO PROPERTY
13264238,JG488921,2023-11-02 17:30:00+00:00,020XX E 69TH ST,CRIMINAL DAMAGE,TO VEHICLE,STREET,False,False,331,3,5,43,14,41.76981991,-87.57463536,2023,2023-11-02,17:30:00,17,Thursday,November,TO VEHICLE
12945673,JG108419,2023-01-07 19:10:00+00:00,067XX S JEFFERY BLVD,CRIMINAL DAMAGE,TO VEHICLE,STREET,False,False,331,3,5,43,14,41.77271904,-87.5764745,2023,2023-01-07,19:10:00,19,Saturday,January,TO VEHICLE
13149192,JG351461,2023-07-22 02:00:00+00:00,068XX S CRANDON AVE,CRIMINAL DAMAGE,TO VEHICLE,RESIDENCE,False,False,331,3,5,43,14,41.77094392,-87.56990417,2023,2023-07-22,02:00:00,2,Saturday,July,TO VEHICLE
13244157,JG464612,2023-10-15 13:25:00+00:00,068XX S CORNELL AVE,ROBBERY,ARMED - HANDGUN,STREET,False,False,332,3,5,43,03,41.77056576,-87.58500453,2023,2023-10-15,13:25:00,13,Sunday,October,ARMED - HANDGUN
13307993,JG541197,2023-12-14 17:24:00+00:00,067XX S JEFFERY BLVD,BATTERY,SIMPLE,APARTMENT,False,True,332,3,5,43,08B,41.77281236,-87.57647707,2023,2023-12-14,17:24:00,17,Thursday,December,SIMPLE
12975940,JG143978,2023-02-07 12:45:00+00:00,014XX E 67TH PL,BATTERY,SIMPLE,RESIDENCE,False,True,332,3,5,43,08B,41.77238569,-87.59014868,2023,2023-02-07,12:45:00,12,Tuesday,February,SIMPLE
13272975,JG499187,2023-11-10 15:47:00+00:00,070XX S JEFFERY BLVD,BATTERY,DOMESTIC BATTERY SIMPLE,APARTMENT,True,True,332,3,5,43,08B,41.76724597,-87.57632989,2023,2023-11-10,15:47:00,15,Friday,November,DOMESTIC BATTERY SIMPLE
13183623,JG392205,2023-08-20 22:00:00+00:00,069XX S CORNELL AVE,BATTERY,DOMESTIC BATTERY SIMPLE,APARTMENT,False,True,332,3,5,43,08B,41.76887144,-87.58441571,2023,2023-08-20,22:00:00,22,Sunday,August,DOMESTIC BATTERY SIMPLE
13217076,JG432086,2023-09-20 15:35:00+00:00,070XX S CREGIER AVE,ASSAULT,AGGRAVATED - HANDGUN,APARTMENT,False,False,332,3,5,43,04A,41.76727832,-87.58125613,2023,2023-09-20,15:35:00,15,Wednesday,September,AGGRAVATED
13175181,JG381611,2023-08-13 20:17:00+00:00,015XX E 69TH ST,ASSAULT,AGGRAVATED - HANDGUN,APARTMENT,False,True,332,3,5,43,04A,41.76968695,-87.58743783,2023,2023-08-13,20:17:00,20,Sunday,August,AGGRAVATED
13232409,JG450129,2023-10-04 03:00:00+00:00,067XX S BENNETT AVE,THEFT,OVER $500,STREET,False,False,332,3,5,43,06,41.77281754,-87.5789332,2023,2023-10-04,03:00:00,3,Wednesday,October,OVER $500
13242319,JG462438,2023-10-13 17:45:00+00:00,069XX S CORNELL AVE,THEFT,OVER $500,SIDEWALK,False,False,332,3,5,43,06,41.7692612,-87.58442584,2023,2023-10-13,17:45:00,17,Friday,October,OVER $500
13286057,JG514852,2023-11-09 12:00:00+00:00,016XX E 71ST ST,THEFT,OVER $500,PARKING LOT / GARAGE (NON RESIDENTIAL),False,False,332,3,5,43,06,41.7661636,-87.58411364,2023,2023-11-09,12:00:00,12,Thursday,November,OVER $500
13323738,JG559562,2023-12-20 12:06:00+00:00,069XX S CORNELL AVE,THEFT,OVER $500,RESIDENCE - PORCH / HALLWAY,False,False,332,3,5,43,06,41.76914867,-87.58442349,2023,2023-12-20,12:06:00,12,Wednesday,December,OVER $500
13308358,JG541639,2023-12-12 14:29:00+00:00,068XX S EAST END AVE,THEFT,$500 AND UNDER,RESIDENCE - PORCH / HALLWAY,False,False,332,3,5,43,06,41.77057429,-87.58378738,2023,2023-12-12,14:29:00,14,Tuesday,December,$500 AND UNDER
13093781,JG285205,2023-06-02 13:00:00+00:00,015XX E 69TH ST,THEFT,$500 AND UNDER,STREET,False,False,332,3,5,43,06,41.76968695,-87.58743783,2023,2023-06-02,13:00:00,13,Friday,June,$500 AND UNDER
13059227,JG243923,2023-05-01 11:03:00+00:00,070XX S CONSTANCE AVE,THEFT,ATTEMPT THEFT,STREET,False,False,332,3,5,43,06,41.76733606,-87.58001647,2023,2023-05-01,11:03:00,11,Monday,May,ATTEMPT THEFT
13022234,JG199984,2023-03-26 16:48:00+00:00,070XX S STONY ISLAND AVE,THEFT,RETAIL THEFT,GAS STATION,False,False,332,3,5,43,06,41.76744896,-87.58595717,2023,2023-03-26,16:48:00,16,Sunday,March,RETAIL THEFT
13321773,JG557722,2023-12-23 09:00:00+00:00,014XX E 69TH ST,THEFT,FROM BUILDING,RESIDENCE,False,False,332,3,5,43,06,41.76965123,-87.59039652,2023,2023-12-23,09:00:00,9,Saturday,December,FROM BUILDING
13244529,JG465129,2023-10-15 14:30:00+00:00,017XX E 67TH ST,CRIMINAL DAMAGE,TO PROPERTY,APARTMENT,False,False,332,3,5,43,14,41.77337979,-87.58223333,2023,2023-10-15,14:30:00,14,Sunday,October,TO PROPERTY
12992317,JG163978,2023-02-21 13:00:00+00:00,017XX E 69TH ST,CRIMINAL DAMAGE,TO VEHICLE,STREET,False,False,332,3,5,43,14,41.76974275,-87.58210347,2023,2023-02-21,13:00:00,13,Tuesday,February,TO VEHICLE
13014860,JG191083,2023-03-19 11:40:00+00:00,068XX S EAST END AVE,CRIMINAL DAMAGE,TO VEHICLE,VEHICLE NON-COMMERCIAL,False,True,332,3,5,43,14,41.7705935,-87.58378715,2023,2023-03-19,11:40:00,11,Sunday,March,TO VEHICLE
12942181,JG103154,2023-01-03 15:43:00+00:00,071XX S JEFFERY BLVD,BATTERY,SIMPLE,APARTMENT,False,False,333,3,5,43,08B,41.76584338,-87.5762914,2023,2023-01-03,15:43:00,15,Tuesday,January,SIMPLE
13300788,JG532621,2023-12-07 19:15:00+00:00,074XX S LUELLA AVE,ASSAULT,AGGRAVATED - KNIFE / CUTTING INSTRUMENT,APARTMENT,False,False,333,3,7,43,04A,41.75988527,-87.57003159,2023,2023-12-07,19:15:00,19,Thursday,December,AGGRAVATED
12939187,JG101031,2023-01-01 19:00:00+00:00,071XX S BENNETT AVE,ASSAULT,SIMPLE,APARTMENT,False,False,333,3,5,43,08A,41.76516644,-87.57934907,2023,2023-01-01,19:00:00,19,Sunday,January,SIMPLE
13256432,JG479247,2023-10-18 16:20:00+00:00,074XX S EUCLID PKWY,THEFT,$500 AND UNDER,DRIVEWAY - RESIDENTIAL,False,False,333,3,7,43,06,41.75969264,-87.57825861,2023,2023-10-18,16:20:00,16,Wednesday,October,$500 AND UNDER
13154265,JG357337,2023-06-30 00:00:00+00:00,071XX S JEFFERY BLVD,THEFT,$500 AND UNDER,APARTMENT,False,False,333,3,5,43,06,41.76584338,-87.5762914,2023,2023-06-30,00:00:00,0,Friday,June,$500 AND UNDER
13098084,JG290436,2023-06-05 16:00:00+00:00,074XX S PHILLIPS AVE,BATTERY,SIMPLE,RESIDENCE,False,False,334,3,7,43,08B,41.76058307,-87.564793,2023,2023-06-05,16:00:00,16,Monday,June,SIMPLE
13222058,JG437270,2023-09-24 13:51:00+00:00,024XX E 73RD ST,BATTERY,DOMESTIC BATTERY SIMPLE,APARTMENT,False,True,334,3,7,43,08B,41.76262954,-87.56549799,2023,2023-09-24,13:51:00,13,Sunday,September,DOMESTIC BATTERY SIMPLE
13156047,JG358140,2023-07-27 13:00:00+00:00,072XX S PHILLIPS AVE,BATTERY,DOMESTIC BATTERY SIMPLE,APARTMENT,False,True,334,3,7,43,08B,41.76371308,-87.56543009,2023,2023-07-27,13:00:00,13,Thursday,July,DOMESTIC BATTERY SIMPLE
13009421,JG184465,2023-03-13 18:20:00+00:00,025XX E 74TH ST,BATTERY,DOMESTIC BATTERY SIMPLE,APARTMENT,False,True,334,3,7,43,08B,41.76084545,-87.56299389,2023,2023-03-13,18:20:00,18,Monday,March,DOMESTIC BATTERY SIMPLE
13026999,JG205405,2023-03-30 23:09:00+00:00,071XX S COLES AVE,BATTERY,DOMESTIC BATTERY SIMPLE,APARTMENT,True,True,334,3,7,43,08B,41.76585688,-87.56427553,2023,2023-03-30,23:09:00,23,Thursday,March,DOMESTIC BATTERY SIMPLE
13142069,JG342876,2023-07-16 02:00:00+00:00,072XX S COLES AVE,BATTERY,DOMESTIC BATTERY SIMPLE,STREET,False,True,334,3,7,43,08B,41.76411422,-87.56263223,2023,2023-07-16,02:00:00,2,Sunday,July,DOMESTIC BATTERY SIMPLE
13318216,JG553572,2023-12-24 18:30:00+00:00,073XX S SOUTH SHORE DR,BATTERY,AGGRAVATED DOMESTIC BATTERY - OTHER DANGEROUS WEAPON,APARTMENT,False,True,334,3,7,43,04B,41.76362574,-87.56018223,2023,2023-12-24,18:30:00,18,Sunday,December,AGGRAVATED
13256172,JG478893,2023-10-26 03:39:00+00:00,026XX E 74TH PL,ASSAULT,AGGRAVATED - KNIFE / CUTTING INSTRUMENT,RESIDENCE,False,True,334,3,7,43,04A,41.76030109,-87.55998757,2023,2023-10-26,03:39:00,3,Thursday,October,AGGRAVATED
13292341,JG522280,2023-11-29 17:31:00+00:00,072XX S YATES BLVD,ASSAULT,AGGRAVATED - KNIFE / CUTTING INSTRUMENT,APARTMENT,False,False,334,3,7,43,04A,41.76383259,-87.56647698,2023,2023-11-29,17:31:00,17,Wednesday,November,AGGRAVATED
12958704,JG123608,2023-01-20 20:00:00+00:00,072XX S COLES AVE,ASSAULT,AGGRAVATED - KNIFE / CUTTING INSTRUMENT,APARTMENT,False,True,334,3,7,43,04A,41.76427715,-87.56278423,2023,2023-01-20,20:00:00,20,Friday,January,AGGRAVATED
13230428,JG447841,2023-10-02 15:00:00+00:00,071XX S COLES AVE,ASSAULT,SIMPLE,SCHOOL - PUBLIC GROUNDS,False,False,334,3,7,43,08A,41.76584306,-87.56426104,2023,2023-10-02,15:00:00,15,Monday,October,SIMPLE
13086590,JG276612,2023-05-26 21:00:00+00:00,024XX E 73RD ST,ASSAULT,SIMPLE,APARTMENT,False,True,334,3,7,43,08A,41.76262608,-87.56580226,2023,2023-05-26,21:00:00,21,Friday,May,SIMPLE
13199701,JG411238,2023-09-04 22:16:00+00:00,072XX S COLES AVE,THEFT,OVER $500,APARTMENT,False,True,334,3,7,43,06,41.76427715,-87.56278423,2023,2023-09-04,22:16:00,22,Monday,September,OVER $500
13245863,JG466592,2023-10-17 02:40:00+00:00,072XX S YATES BLVD,THEFT,$500 AND UNDER,APARTMENT,False,False,334,3,7,43,06,41.76381336,-87.56647354,2023,2023-10-17,02:40:00,2,Tuesday,October,$500 AND UNDER
13124607,JG322023,2023-06-30 09:00:00+00:00,025XX E 73RD ST,THEFT,$500 AND UNDER,STREET,False,False,334,3,7,43,06,41.76290848,-87.56289224,2023,2023-06-30,09:00:00,9,Friday,June,$500 AND UNDER
12976665,JG145180,2023-02-08 12:50:00+00:00,026XX E 74TH ST,THEFT,FROM BUILDING,APARTMENT,False,False,334,3,7,43,06,41.76185058,-87.55983335,2023,2023-02-08,12:50:00,12,Wednesday,February,FROM BUILDING
13064661,JG250601,2023-05-06 18:00:00+00:00,074XX S SOUTH SHORE DR,CRIMINAL DAMAGE,TO VEHICLE,PARKING LOT / GARAGE (NON RESIDENTIAL),False,False,334,3,7,43,14,41.76132442,-87.55790805,2023,2023-05-06,18:00:00,18,Saturday,May,TO VEHICLE
13253543,JG475711,2023-10-23 21:09:00+00:00,075XX S SOUTH CHICAGO AVE,BATTERY,AGGRAVATED - HANDGUN,STREET,False,True,411,4,8,43,04B,41.75865527,-87.59557394,2023,2023-10-23,21:09:00,21,Monday,October,AGGRAVATED
13096413,JG288459,2023-06-05 01:49:00+00:00,079XX S SOUTH CHICAGO AVE,BATTERY,SIMPLE,STREET,False,False,411,4,8,46,08B,41.7511008,-87.58505475,2023,2023-06-05,01:49:00,1,Monday,June,SIMPLE
13114846,JG310409,2023-06-21 19:12:00+00:00,011XX E 81ST ST,BATTERY,SIMPLE,APARTMENT,False,False,411,4,8,45,08B,41.74771966,-87.59692312,2023,2023-06-21,19:12:00,19,Wednesday,June,SIMPLE
13229198,JG446401,2023-10-01 14:30:00+00:00,079XX S STONY ISLAND AVE,BATTERY,DOMESTIC BATTERY SIMPLE,VEHICLE NON-COMMERCIAL,False,True,411,4,8,45,08B,41.75127045,-87.58582237,2023,2023-10-01,14:30:00,14,Sunday,October,DOMESTIC BATTERY SIMPLE
12979365,JG148340,2023-02-11 00:45:00+00:00,078XX S AVALON AVE,BATTERY,DOMESTIC BATTERY SIMPLE,APARTMENT,False,True,411,4,8,45,08B,41.75235711,-87.59429376,2023,2023-02-11,00:45:00,0,Saturday,February,DOMESTIC BATTERY SIMPLE
13071529,JG258898,2023-05-13 09:25:00+00:00,079XX S STONY ISLAND AVE,ASSAULT,AGGRAVATED - HANDGUN,STREET,False,True,411,4,8,45,04A,41.75127045,-87.58582237,2023,2023-05-13,09:25:00,9,Saturday,May,AGGRAVATED
13199384,JG410953,2023-09-03 22:20:00+00:00,082XX S WOODLAWN AVE,ASSAULT,SIMPLE,RESIDENCE,False,True,411,4,8,45,08A,41.74561019,-87.5953532,2023,2023-09-03,22:20:00,22,Sunday,September,SIMPLE
13023090,JG201037,2023-03-26 21:00:00+00:00,082XX S KIMBARK AVE,THEFT,OVER $500,VEHICLE NON-COMMERCIAL,False,False,411,4,8,45,06,41.74496049,-87.59290185,2023,2023-03-26,21:00:00,21,Sunday,March,OVER $500
13199093,JG410604,2023-09-04 07:00:00+00:00,015XX E 77TH ST,THEFT,OVER $500,STREET,False,False,411,4,8,43,06,41.75510827,-87.58770927,2023,2023-09-04,07:00:00,7,Monday,September,OVER $500
13008037,JG183043,2023-03-10 15:00:00+00:00,016XX E 75TH ST,THEFT,$500 AND UNDER,COMMERCIAL / BUSINESS OFFICE,False,False,411,4,8,43,06,41.75877225,-87.58522953,2023,2023-03-10,15:00:00,15,Friday,March,$500 AND UNDER
13119258,JG315001,2023-06-20 23:25:00+00:00,075XX S STONY ISLAND AVE,THEFT,$500 AND UNDER,SMALL RETAIL STORE,False,False,411,4,8,43,06,41.75761443,-87.58611527,2023,2023-06-20,23:25:00,23,Tuesday,June,$500 AND UNDER
12953286,JG117258,2023-01-15 15:05:00+00:00,075XX S STONY ISLAND AVE,THEFT,RETAIL THEFT,GROCERY FOOD STORE,False,False,411,4,8,43,06,41.75761443,-87.58611527,2023,2023-01-15,15:05:00,15,Sunday,January,RETAIL THEFT
13292517,JG522441,2023-11-29 14:42:00+00:00,082XX S AVALON AVE,THEFT,FROM BUILDING,RESIDENCE - PORCH / HALLWAY,False,False,411,4,8,45,06,41.74546512,-87.59413095,2023,2023-11-29,14:42:00,14,Wednesday,November,FROM BUILDING
13120616,JG308016,2023-06-20 03:57:00+00:00,082XX S BLACKSTONE AVE,CRIMINAL DAMAGE,TO PROPERTY,RESIDENCE,False,False,411,4,8,45,14,41.74501507,-87.58818517,2023,2023-06-20,03:57:00,3,Tuesday,June,TO PROPERTY
13252123,JG474015,2023-10-22 15:00:00+00:00,079XX S STONY ISLAND AVE,CRIMINAL DAMAGE,TO VEHICLE,STREET,False,False,411,4,8,45,14,41.75127045,-87.58582237,2023,2023-10-22,15:00:00,15,Sunday,October,TO VEHICLE
13158863,JG362852,2023-07-31 02:16:00+00:00,079XX S KIMBARK AVE,CRIMINAL DAMAGE,TO VEHICLE,STREET,False,False,411,4,8,45,14,41.75067772,-87.59303404,2023,2023-07-31,02:16:00,2,Monday,July,TO VEHICLE
13238892,JG458189,2023-10-10 13:44:00+00:00,087XX S MERRILL AVE,ROBBERY,ARMED - HANDGUN,STREET,True,False,412,4,8,48,03,41.73646519,-87.57206764,2023,2023-10-10,13:44:00,13,Tuesday,October,ARMED - HANDGUN
13146522,JG348101,2023-07-19 20:20:00+00:00,087XX S STONY ISLAND AVE,ROBBERY,STRONG ARM - NO WEAPON,SMALL RETAIL STORE,False,False,412,4,8,48,03,41.73627709,-87.58521219,2023,2023-07-19,20:20:00,20,Wednesday,July,STRONG ARM - NO WEAPON
13206011,JG418769,2023-09-10 12:13:00+00:00,083XX S STONY ISLAND AVE,BATTERY,SIMPLE,PARKING LOT / GARAGE (NON RESIDENTIAL),False,False,412,4,8,45,08B,41.74397044,-87.58579712,2023,2023-09-10,12:13:00,12,Sunday,September,SIMPLE
13175157,JG381916,2023-08-14 06:50:00+00:00,084XX S STONY ISLAND AVE,THEFT,OVER $500,STREET,False,False,412,4,8,45,06,41.7420271,-87.58531767,2023,2023-08-14,06:50:00,6,Monday,August,OVER $500
13220470,JG436041,2023-09-23 15:25:00+00:00,016XX E 87TH ST,THEFT,RETAIL THEFT,CONVENIENCE STORE,False,False,412,4,8,45,06,41.73693038,-87.58439122,2023,2023-09-23,15:25:00,15,Saturday,September,RETAIL THEFT
13184726,JG393547,2023-08-20 10:00:00+00:00,087XX S DANTE AVE,THEFT,FROM BUILDING,RESIDENCE - PORCH / HALLWAY,False,False,412,4,8,48,06,41.7359443,-87.5893269,2023,2023-08-20,10:00:00,10,Sunday,August,FROM BUILDING
13264863,JG489537,2023-11-01 09:00:00+00:00,017XX E 87TH ST,CRIMINAL DAMAGE,TO VEHICLE,STREET,False,False,412,4,8,48,14,41.73696277,-87.58220715,2023,2023-11-01,09:00:00,9,Wednesday,November,TO VEHICLE
13091934,JG282953,2023-05-31 21:27:00+00:00,083XX S LUELLA AVE,CRIMINAL DAMAGE,TO VEHICLE,STREET,False,False,412,4,7,46,14,41.74355213,-87.56975971,2023,2023-05-31,21:27:00,21,Wednesday,May,TO VEHICLE
13141868,JG342410,2023-07-15 17:01:00+00:00,090XX S CONSTANCE AVE,ROBBERY,AGGRAVATED VEHICULAR HIJACKING,STREET,False,False,413,4,8,48,03,41.73059554,-87.57920761,2023,2023-07-15,17:01:00,17,Saturday,July,AGGRAVATED
13292323,JG522080,2023-11-29 15:30:00+00:00,089XX S EAST END AVE,BATTERY,SIMPLE,STREET,False,False,413,4,8,48,08B,41.73277598,-87.5827835,2023,2023-11-29,15:30:00,15,Wednesday,November,SIMPLE
13038347,JG218613,2023-04-11 05:07:00+00:00,091XX S DANTE AVE,BATTERY,DOMESTIC BATTERY SIMPLE,RESIDENCE,True,True,413,4,8,48,08B,41.72867909,-87.58916895,2023,2023-04-11,05:07:00,5,Tuesday,April,DOMESTIC BATTERY SIMPLE
13237421,JG455264,2023-10-08 02:30:00+00:00,017XX E 92ND PL,ASSAULT,SIMPLE,RESIDENCE - PORCH / HALLWAY,False,False,413,4,8,48,08A,41.72695535,-87.58153245,2023,2023-10-08,02:30:00,2,Sunday,October,SIMPLE
13080569,JG269800,2023-05-22 01:15:00+00:00,092XX S HARPER AVE,ASSAULT,SIMPLE,RESIDENCE,False,True,413,4,8,48,08A,41.72715644,-87.5866991,2023,2023-05-22,01:15:00,1,Monday,May,SIMPLE
13183739,JG391956,2023-08-21 16:20:00+00:00,092XX S ELLIS AVE,ASSAULT,SIMPLE,SIDEWALK,False,False,413,4,8,47,08A,41.7267904,-87.59974483,2023,2023-08-21,16:20:00,16,Monday,August,SIMPLE
13205377,JG417900,2023-04-01 08:00:00+00:00,090XX S CLYDE AVE,THEFT,OVER $500,RESIDENCE - GARAGE,False,False,413,4,8,48,06,41.73062135,-87.57312947,2023,2023-04-01,08:00:00,8,Saturday,April,OVER $500
13239985,JG459547,2023-10-10 18:00:00+00:00,091XX S DREXEL AVE,THEFT,OVER $500,STREET,False,False,413,4,8,47,06,41.72911741,-87.6010079,2023,2023-10-10,18:00:00,18,Tuesday,October,OVER $500
13260992,JG484430,2023-10-30 10:54:00+00:00,091XX S AVALON AVE,THEFT,$500 AND UNDER,RESIDENCE - YARD (FRONT / BACK),False,False,413,4,8,47,06,41.72857131,-87.59372752,2023,2023-10-30,10:54:00,10,Monday,October,$500 AND UNDER
13203047,JG415050,2023-09-07 14:14:00+00:00,090XX S OGLESBY AVE,CRIMINAL DAMAGE,TO PROPERTY,STREET,False,False,413,4,7,48,14,41.73102281,-87.56705052,2023,2023-09-07,14:14:00,14,Thursday,September,TO PROPERTY
13214937,JG429388,2023-09-18 08:00:00+00:00,091XX S JEFFERY AVE,CRIMINAL DAMAGE,TO PROPERTY,ATHLETIC CLUB,False,False,413,4,7,48,14,41.72930622,-87.5755299,2023,2023-09-18,08:00:00,8,Monday,September,TO PROPERTY
13206116,JG418884,2023-09-09 10:30:00+00:00,091XX S BLACKSTONE AVE,CRIMINAL DAMAGE,TO VEHICLE,STREET,False,False,413,4,8,48,14,41.72875905,-87.58795543,2023,2023-09-09,10:30:00,10,Saturday,September,TO VEHICLE
13124710,JG322004,2023-06-30 09:53:00+00:00,020XX E 76TH ST,BATTERY,AGGRAVATED - HANDGUN,STREET,False,False,414,4,8,43,04B,41.75706516,-87.57557726,2023,2023-06-30,09:53:00,9,Friday,June,AGGRAVATED
13152621,JG355278,2023-07-25 11:00:00+00:00,076XX S EAST END AVE,BATTERY,AGGRAVATED - OTHER DANGEROUS WEAPON,SIDEWALK,False,False,414,4,8,43,04B,41.7561287,-87.58342406,2023,2023-07-25,11:00:00,11,Tuesday,July,AGGRAVATED
13179188,JG386687,2023-08-17 12:00:00+00:00,080XX S CRANDON AVE,BATTERY,SIMPLE,HOSPITAL BUILDING / GROUNDS,False,False,414,4,8,46,08B,41.74931588,-87.56862867,2023,2023-08-17,12:00:00,12,Thursday,August,SIMPLE
13098623,JG290694,2023-06-04 16:00:00+00:00,080XX S MERRILL AVE,BATTERY,DOMESTIC BATTERY SIMPLE,APARTMENT,False,True,414,4,8,46,08B,41.749288,-87.57228263,2023,2023-06-04,16:00:00,16,Sunday,June,DOMESTIC BATTERY SIMPLE
13001461,JG175030,2023-03-05 15:41:00+00:00,023XX E 83RD ST,ASSAULT,AGGRAVATED - HANDGUN,STREET,False,False,414,4,7,46,04A,41.74445264,-87.56693116,2023,2023-03-05,15:41:00,15,Sunday,March,AGGRAVATED
13280357,JG507724,2023-11-17 09:34:00+00:00,078XX S CONSTANCE AVE,ASSAULT,AGGRAVATED - KNIFE / CUTTING INSTRUMENT,APARTMENT,True,True,414,4,8,43,04A,41.75245968,-87.57966637,2023,2023-11-17,09:34:00,9,Friday,November,AGGRAVATED
12962426,JG127776,2023-01-24 12:55:00+00:00,019XX E 78TH ST,ASSAULT,SIMPLE,APARTMENT,False,True,414,4,8,43,08A,41.75341483,-87.57676363,2023,2023-01-24,12:55:00,12,Tuesday,January,SIMPLE
13274860,JG501340,2023-11-12 03:40:00+00:00,081XX S PAXTON AVE,THEFT,OVER $500,STREET,False,False,414,4,8,46,06,41.74757831,-87.57104222,2023,2023-11-12,03:40:00,3,Sunday,November,OVER $500
13315045,JG549856,2023-12-21 12:50:00+00:00,082XX S CHAPPEL AVE,THEFT,OVER $500,RESIDENCE,False,False,414,4,8,46,06,41.7453409,-87.57465247,2023,2023-12-21,12:50:00,12,Thursday,December,OVER $500
12960638,JG125788,2023-01-10 17:50:00+00:00,082XX S JEFFERY BLVD,THEFT,$500 AND UNDER,CTA BUS,False,False,414,4,8,46,06,41.74567282,-87.5758798,2023,2023-01-10,17:50:00,17,Tuesday,January,$500 AND UNDER
13152400,JG355030,2023-07-25 08:05:00+00:00,020XX E 79TH ST,THEFT,RETAIL THEFT,DRUG STORE,False,False,414,4,8,46,06,41.75161364,-87.57537386,2023,2023-07-25,08:05:00,8,Tuesday,July,RETAIL THEFT
13092925,JG283176,2023-05-30 13:10:00+00:00,019XX E 75TH ST,THEFT,FROM BUILDING,SCHOOL - PUBLIC BUILDING,False,False,414,4,8,43,06,41.75886825,-87.57683886,2023,2023-05-30,13:10:00,13,Tuesday,May,FROM BUILDING
13038949,JG219402,2023-04-11 16:45:00+00:00,080XX S BENNETT AVE,CRIMINAL DAMAGE,TO PROPERTY,RESIDENCE,False,False,414,4,8,46,14,41.74876554,-87.57836468,2023,2023-04-11,16:45:00,16,Tuesday,April,TO PROPERTY
13099313,JG290680,2023-06-04 14:00:00+00:00,082XX S JEFFERY BLVD,CRIMINAL DAMAGE,TO PROPERTY,CHURCH / SYNAGOGUE / PLACE OF WORSHIP,False,False,414,4,8,46,14,41.74573871,-87.57588269,2023,2023-06-04,14:00:00,14,Sunday,June,TO PROPERTY
13130175,JG328684,2023-07-03 14:15:00+00:00,076XX S EAST END AVE,CRIMINAL DAMAGE,TO PROPERTY,APARTMENT,False,False,414,4,8,43,14,41.75635102,-87.5834288,2023,2023-07-03,14:15:00,14,Monday,July,TO PROPERTY
13146576,JG348219,2023-07-19 20:50:00+00:00,076XX S BENNETT AVE,CRIMINAL DAMAGE,TO PROPERTY,RESIDENCE,False,False,414,4,8,43,14,41.75657697,-87.57854068,2023,2023-07-19,20:50:00,20,Wednesday,July,TO PROPERTY
13136430,JG336153,2023-07-10 21:53:00+00:00,016XX E 77TH ST,CRIMINAL DAMAGE,TO VEHICLE,STREET,False,False,414,4,8,43,14,41.75514556,-87.58416117,2023,2023-07-10,21:53:00,21,Monday,July,TO VEHICLE
13093500,JG284876,2023-05-29 03:00:00+00:00,076XX S ESSEX AVE,ROBBERY,STRONG ARM - NO WEAPON,SIDEWALK,False,False,421,4,7,43,03,41.75675157,-87.56390413,2023,2023-05-29,03:00:00,3,Monday,May,STRONG ARM - NO WEAPON
12941737,JG103825,2023-01-04 08:07:00+00:00,077XX S SOUTH SHORE DR,ROBBERY,AGGRAVATED VEHICULAR HIJACKING,PARKING LOT / GARAGE (NON RESIDENTIAL),False,False,421,4,7,43,03,41.75616446,-87.55253863,2023,2023-01-04,08:07:00,8,Wednesday,January,AGGRAVATED
13292766,JG522610,2023-11-29 22:48:00+00:00,075XX S COLES AVE,BATTERY,AGGRAVATED - KNIFE / CUTTING INSTRUMENT,RESIDENCE,False,False,421,4,7,43,04B,41.75864529,-87.55739786,2023,2023-11-29,22:48:00,22,Wednesday,November,AGGRAVATED
13302414,JG533167,2023-12-07 23:00:00+00:00,077XX S KINGSTON AVE,BATTERY,AGGRAVATED - OTHER DANGEROUS WEAPON,APARTMENT,False,False,421,4,7,43,04B,41.75489905,-87.56265819,2023,2023-12-07,23:00:00,23,Thursday,December,AGGRAVATED
13267415,JG492897,2023-11-05 19:55:00+00:00,028XX E 76TH ST,BATTERY,SIMPLE,STREET,False,False,421,4,7,43,08B,41.75842846,-87.55617632,2023,2023-11-05,19:55:00,19,Sunday,November,SIMPLE
12998016,JG170920,2023-03-01 22:00:00+00:00,077XX S PHILLIPS AVE,BATTERY,SIMPLE,APARTMENT,False,False,421,4,7,43,08B,41.75438557,-87.56507218,2023,2023-03-01,22:00:00,22,Wednesday,March,SIMPLE
13118777,JG315194,2023-06-25 10:35:00+00:00,077XX S ESSEX AVE,BATTERY,SIMPLE,APARTMENT,False,False,421,4,7,43,08B,41.75440215,-87.56385889,2023,2023-06-25,10:35:00,10,Sunday,June,SIMPLE
13323491,JG559682,2023-12-30 10:30:00+00:00,077XX S KINGSTON AVE,BATTERY,DOMESTIC BATTERY SIMPLE,APARTMENT,True,True,421,4,7,43,08B,41.75467673,-87.56265352,2023,2023-12-30,10:30:00,10,Saturday,December,DOMESTIC BATTERY SIMPLE
13290865,JG520409,2023-11-28 10:15:00+00:00,077XX S ESSEX AVE,BATTERY,"AGG. DOMESTIC BATTERY - HANDS, FISTS, FEET, SERIOUS INJURY",APARTMENT,False,True,421,4,7,43,04B,41.75458605,-87.56386403,2023,2023-11-28,10:15:00,10,Tuesday,November,"AGG. DOMESTIC BATTERY - HANDS, FISTS, FEET, SERIOUS INJURY"
12998736,JG170767,2023-03-01 19:00:00+00:00,078XX S ESSEX AVE,BATTERY,"AGG. DOMESTIC BATTERY - HANDS, FISTS, FEET, SERIOUS INJURY",APARTMENT,False,True,421,4,7,43,04B,41.75284591,-87.56382617,2023,2023-03-01,19:00:00,19,Wednesday,March,"AGG. DOMESTIC BATTERY - HANDS, FISTS, FEET, SERIOUS INJURY"
13103558,JG297109,2023-06-11 16:30:00+00:00,078XX S SOUTH SHORE DR,ASSAULT,AGGRAVATED - HANDGUN,STREET,False,False,421,4,7,46,04A,41.75296032,-87.54908855,2023,2023-06-11,16:30:00,16,Sunday,June,AGGRAVATED
12993128,JG164993,2023-02-25 01:10:00+00:00,077XX S SOUTH SHORE DR,ASSAULT,AGGRAVATED - KNIFE / CUTTING INSTRUMENT,APARTMENT,True,True,421,4,7,43,04A,41.75620038,-87.55257484,2023,2023-02-25,01:10:00,1,Saturday,February,AGGRAVATED
13071279,JG258701,2023-05-13 01:02:00+00:00,076XX S YATES BLVD,ASSAULT,SIMPLE,APARTMENT,True,True,421,4,7,43,08A,41.75650703,-87.5663223,2023,2023-05-13,01:02:00,1,Saturday,May,SIMPLE
13111600,JG305515,2023-06-18 04:49:00+00:00,075XX S KINGSTON AVE,ASSAULT,SIMPLE,APARTMENT,False,True,421,4,7,43,08A,41.75856041,-87.562728,2023,2023-06-18,04:49:00,4,Sunday,June,SIMPLE
13153385,JG356233,2023-07-26 00:55:00+00:00,028XX E 77TH PL,THEFT,OVER $500,APARTMENT,False,False,421,4,7,43,06,41.75472442,-87.55466708,2023,2023-07-26,00:55:00,0,Wednesday,July,OVER $500
13028406,JG207086,2023-04-01 11:00:00+00:00,078XX S KINGSTON AVE,THEFT,$500 AND UNDER,APARTMENT,False,True,421,4,7,43,06,41.75312052,-87.56262449,2023,2023-04-01,11:00:00,11,Saturday,April,$500 AND UNDER
12964532,JG130690,2023-01-23 11:19:00+00:00,077XX S KINGSTON AVE,THEFT,FROM BUILDING,APARTMENT,False,False,421,4,7,43,06,41.75487982,-87.56265475,2023,2023-01-23,11:19:00,11,Monday,January,FROM BUILDING
13184345,JG392980,2023-08-18 10:30:00+00:00,077XX S YATES BLVD,THEFT,FROM BUILDING,APARTMENT,False,False,421,4,7,43,06,41.7544623,-87.56628801,2023,2023-08-18,10:30:00,10,Friday,August,FROM BUILDING
13087244,JG277351,2023-05-27 14:20:00+00:00,076XX S SAGINAW AVE,CRIMINAL DAMAGE,CRIMINAL DEFACEMENT,STREET,False,False,421,4,7,43,14,41.75667053,-87.56000917,2023,2023-05-27,14:20:00,14,Saturday,May,CRIMINAL DEFACEMENT
13203763,JG416027,2023-09-06 11:00:00+00:00,077XX S PHILLIPS AVE,CRIMINAL DAMAGE,TO PROPERTY,RESIDENCE - GARAGE,False,False,421,4,7,43,14,41.75447615,-87.56507476,2023,2023-09-06,11:00:00,11,Wednesday,September,TO PROPERTY
12946578,JG109393,2023-01-09 06:15:00+00:00,024XX E 77TH ST,CRIMINAL DAMAGE,TO PROPERTY,APARTMENT,False,False,421,4,7,43,14,41.75537912,-87.56467917,2023,2023-01-09,06:15:00,6,Monday,January,TO PROPERTY
13141874,JG342332,2023-07-15 16:06:00+00:00,030XX E CHELTENHAM PL,CRIMINAL DAMAGE,TO PROPERTY,APARTMENT,False,False,421,4,7,46,14,41.75310285,-87.55027056,2023,2023-07-15,16:06:00,16,Saturday,July,TO PROPERTY
13222876,JG438495,2023-09-25 01:50:00+00:00,027XX E 77TH ST,CRIMINAL DAMAGE,TO VEHICLE,RESIDENCE - YARD (FRONT / BACK),False,False,421,4,7,43,14,41.75546355,-87.55804824,2023,2023-09-25,01:50:00,1,Monday,September,TO VEHICLE
12945726,JG108469,2023-01-07 19:30:00+00:00,078XX S SOUTH SHORE DR,CRIMINAL DAMAGE,TO VEHICLE,PARKING LOT / GARAGE (NON RESIDENTIAL),False,False,421,4,7,46,14,41.75286078,-87.54897982,2023,2023-01-07,19:30:00,19,Saturday,January,TO VEHICLE
12996704,JG169440,2023-02-28 17:58:00+00:00,077XX S SOUTH SHORE DR,CRIMINAL DAMAGE,TO VEHICLE,CHA PARKING LOT / GROUNDS,False,False,421,4,7,43,14,41.75631096,-87.55269445,2023,2023-02-28,17:58:00,17,Tuesday,February,TO VEHICLE
13009353,JG184502,2023-03-13 19:15:00+00:00,028XX E 80TH ST,ROBBERY,ARMED - HANDGUN,STREET,False,False,422,4,7,46,03,41.75005026,-87.55619676,2023,2023-03-13,19:15:00,19,Monday,March,ARMED - HANDGUN
13089019,JG279493,2023-05-26 20:50:00+00:00,026XX E 79TH ST,ROBBERY,ARMED - HANDGUN,SMALL RETAIL STORE,False,False,422,4,7,46,03,41.75182129,-87.55959096,2023,2023-05-26,20:50:00,20,Friday,May,ARMED - HANDGUN
13240285,JG459986,2023-10-11 16:30:00+00:00,024XX E 79TH ST,ROBBERY,STRONG ARM - NO WEAPON,RESTAURANT,False,False,422,4,7,46,03,41.75173207,-87.56592839,2023,2023-10-11,16:30:00,16,Wednesday,October,STRONG ARM - NO WEAPON
12972861,JG140662,2023-02-04 15:19:00+00:00,080XX S BURNHAM AVE,BATTERY,SIMPLE,RESIDENCE,False,False,422,4,7,46,08B,41.74931127,-87.55648785,2023,2023-02-04,15:19:00,15,Saturday,February,SIMPLE
13018216,JG194940,2023-03-22 13:30:00+00:00,080XX S HOUSTON AVE,BATTERY,SIMPLE,RESIDENCE,False,False,422,4,7,46,08B,41.74980258,-87.55043527,2023,2023-03-22,13:30:00,13,Wednesday,March,SIMPLE
12972417,JG140112,2023-02-04 03:50:00+00:00,079XX S BURNHAM AVE,BATTERY,"PROTECTED EMPLOYEE - HANDS, FISTS, FEET, NO / MINOR INJURY",CTA BUS,False,False,422,4,7,46,08B,41.75140817,-87.55652487,2023,2023-02-04,03:50:00,3,Saturday,February,"PROTECTED EMPLOYEE - HANDS, FISTS, FEET, NO / MINOR INJURY"
13194016,JG404125,2023-08-30 14:00:00+00:00,080XX S MANISTEE AVE,BATTERY,DOMESTIC BATTERY SIMPLE,RESIDENCE,True,True,422,4,7,46,08B,41.74916577,-87.55769893,2023,2023-08-30,14:00:00,14,Wednesday,August,DOMESTIC BATTERY SIMPLE
13157514,JG361255,2023-07-29 18:53:00+00:00,030XX E 79TH ST,BATTERY,"AGG. DOMESTIC BATTERY - HANDS, FISTS, FEET, SERIOUS INJURY",APARTMENT,False,True,422,4,7,46,04B,41.75195059,-87.54991809,2023,2023-07-29,18:53:00,18,Saturday,July,"AGG. DOMESTIC BATTERY - HANDS, FISTS, FEET, SERIOUS INJURY"
13248477,JG469681,2023-10-18 13:30:00+00:00,079XX S PHILLIPS AVE,THEFT,$500 AND UNDER,VEHICLE NON-COMMERCIAL,False,False,422,4,7,46,06,41.75126489,-87.56501044,2023,2023-10-18,13:30:00,13,Wednesday,October,$500 AND UNDER
12944804,JG106495,2023-01-06 12:30:00+00:00,079XX S ESSEX AVE,THEFT,$500 AND UNDER,APARTMENT,False,False,422,4,7,46,06,41.75106192,-87.56379618,2023,2023-01-06,12:30:00,12,Friday,January,$500 AND UNDER
13318958,JG554553,2023-12-26 00:00:00+00:00,080XX S BURNHAM AVE,CRIMINAL DAMAGE,TO PROPERTY,APARTMENT,False,True,422,4,7,46,14,41.74921795,-87.55648531,2023,2023-12-26,00:00:00,0,Tuesday,December,TO PROPERTY
13154268,JG356933,2023-07-20 19:30:00+00:00,079XX S ESCANABA AVE,CRIMINAL DAMAGE,TO PROPERTY,APARTMENT,False,True,422,4,7,46,14,41.75101575,-87.55409623,2023,2023-07-20,19:30:00,19,Thursday,July,TO PROPERTY
13286030,JG514766,2023-11-23 04:50:00+00:00,089XX S SOUTH CHICAGO AVE,ROBBERY,AGGRAVATED VEHICULAR HIJACKING,GAS STATION,True,False,423,4,7,46,03,41.7335097,-87.56057648,2023,2023-11-23,04:50:00,4,Thursday,November,AGGRAVATED
13010130,JG185204,2023-03-14 12:28:00+00:00,083XX S COLFAX AVE,ROBBERY,AGGRAVATED VEHICULAR HIJACKING,STREET,False,False,423,4,7,46,03,41.74356932,-87.5612437,2023,2023-03-14,12:28:00,12,Tuesday,March,AGGRAVATED
13027143,JG205624,2023-03-31 08:15:00+00:00,091XX S COMMERCIAL AVE,ROBBERY,AGGRAVATED,DRUG STORE,False,False,423,4,10,46,03,41.72917087,-87.55123535,2023,2023-03-31,08:15:00,8,Friday,March,AGGRAVATED
13147046,JG348518,2023-07-20 08:32:00+00:00,091XX S SOUTH CHICAGO AVE,BATTERY,SIMPLE,APARTMENT,False,False,423,4,7,46,08B,41.7292075,-87.55460896,2023,2023-07-20,08:32:00,8,Thursday,July,SIMPLE
13213603,JG427853,2023-09-17 11:40:00+00:00,083XX S SAGINAW AVE,BATTERY,DOMESTIC BATTERY SIMPLE,RESIDENCE,False,True,423,4,7,46,08B,41.74360507,-87.56003039,2023,2023-09-17,11:40:00,11,Sunday,September,DOMESTIC BATTERY SIMPLE
12952075,JG115696,2023-01-14 04:50:00+00:00,084XX S MANISTEE AVE,BATTERY,DOMESTIC BATTERY SIMPLE,APARTMENT,False,True,423,4,7,46,08B,41.74208192,-87.55757899,2023,2023-01-14,04:50:00,4,Saturday,January,DOMESTIC BATTERY SIMPLE
13079847,JG268013,2023-05-20 13:15:00+00:00,028XX E 91ST ST,BATTERY,DOMESTIC BATTERY SIMPLE,APARTMENT,False,True,423,4,10,46,08B,41.73003081,-87.55501666,2023,2023-05-20,13:15:00,13,Saturday,May,DOMESTIC BATTERY SIMPLE
13310666,JG544501,2023-12-17 13:00:00+00:00,085XX S COLFAX AVE,BATTERY,AGGRAVATED DOMESTIC BATTERY - KNIFE / CUTTING INSTRUMENT,RESIDENCE - PORCH / HALLWAY,False,True,423,4,7,46,04B,41.74006723,-87.56119038,2023,2023-12-17,13:00:00,13,Sunday,December,AGGRAVATED
13070814,JG257789,2023-05-12 04:30:00+00:00,090XX S ESCANABA AVE,BATTERY,"AGG. DOMESTIC BATTERY - HANDS, FISTS, FEET, SERIOUS INJURY",APARTMENT,True,True,423,4,10,46,04B,41.73094629,-87.55404209,2023,2023-05-12,04:30:00,4,Friday,May,"AGG. DOMESTIC BATTERY - HANDS, FISTS, FEET, SERIOUS INJURY"
13121296,JG318086,2023-06-26 17:00:00+00:00,087XX S SAGINAW AVE,BATTERY,"AGG. DOMESTIC BATTERY - HANDS, FISTS, FEET, SERIOUS INJURY",RESIDENCE,False,True,423,4,7,46,04B,41.73652265,-87.55971599,2023,2023-06-26,17:00:00,17,Monday,June,"AGG. DOMESTIC BATTERY - HANDS, FISTS, FEET, SERIOUS INJURY"
13069917,JG256775,2023-05-11 15:23:00+00:00,087XX S COMMERCIAL AVE,ASSAULT,AGGRAVATED - HANDGUN,STREET,False,False,423,4,10,46,04A,41.73692204,-87.55141977,2023,2023-05-11,15:23:00,15,Thursday,May,AGGRAVATED
12944903,JG106207,2023-01-06 08:30:00+00:00,091XX S COMMERCIAL AVE,ASSAULT,SIMPLE,DRUG STORE,False,False,423,4,10,46,08A,41.72917087,-87.55123535,2023,2023-01-06,08:30:00,8,Friday,January,SIMPLE
12984325,JG153457,2023-02-15 00:00:00+00:00,084XX S YATES BLVD,ASSAULT,SIMPLE,SCHOOL - PUBLIC BUILDING,False,False,423,4,7,46,08A,41.74182071,-87.56608672,2023,2023-02-15,00:00:00,0,Wednesday,February,SIMPLE
13118338,JG314662,2023-06-24 21:59:00+00:00,088XX S EXCHANGE AVE,ASSAULT,SIMPLE,RESIDENCE,False,True,423,4,10,46,08A,41.73467254,-87.55275136,2023,2023-06-24,21:59:00,21,Saturday,June,SIMPLE
13397059,JH186458,2023-12-04 09:00:00+00:00,024XX E 82ND ST,THEFT,OVER $500,CONSTRUCTION SITE,False,False,423,4,7,46,06,41.74628847,-87.56527132,2023,2023-12-04,09:00:00,9,Monday,December,OVER $500
13062432,JG247714,2023-05-04 06:00:00+00:00,088XX S COLFAX AVE,THEFT,OVER $500,STREET,False,False,423,4,7,46,06,41.73487711,-87.56109501,2023,2023-05-04,06:00:00,6,Thursday,May,OVER $500
13093472,JG275996,2023-05-20 15:00:00+00:00,028XX E 91ST ST,THEFT,OVER $500,STREET,False,False,423,4,10,46,06,41.73002822,-87.55503867,2023,2023-05-20,15:00:00,15,Saturday,May,OVER $500
13187230,JG396289,2023-08-24 18:30:00+00:00,083XX S MANISTEE AVE,THEFT,OVER $500,APARTMENT,False,True,423,4,7,46,06,41.7437479,-87.55760657,2023,2023-08-24,18:30:00,18,Thursday,August,OVER $500
13246003,JG466815,2023-10-16 22:00:00+00:00,088XX S SOUTH CHICAGO AVE,THEFT,$500 AND UNDER,STREET,False,False,423,4,7,46,06,41.73477289,-87.56233095,2023,2023-10-16,22:00:00,22,Monday,October,$500 AND UNDER
12942808,JG104152,2023-01-04 06:00:00+00:00,024XX E 82ND ST,THEFT,$500 AND UNDER,STREET,False,False,423,4,7,46,06,41.74628847,-87.56527132,2023,2023-01-04,06:00:00,6,Wednesday,January,$500 AND UNDER
13000092,JG173332,2023-03-03 11:30:00+00:00,090XX S COMMERCIAL AVE,THEFT,$500 AND UNDER,RESIDENCE,False,True,423,4,10,46,06,41.73112787,-87.55128122,2023,2023-03-03,11:30:00,11,Friday,March,$500 AND UNDER
13064371,JG250117,2023-05-06 10:44:00+00:00,085XX S MUSKEGON AVE,THEFT,$500 AND UNDER,APARTMENT,False,True,423,4,10,46,06,41.7400153,-87.55511961,2023,2023-05-06,10:44:00,10,Saturday,May,$500 AND UNDER
13090765,JG281474,2023-05-30 19:30:00+00:00,083XX S BURNHAM AVE,THEFT,$500 AND UNDER,RESIDENCE,False,False,423,4,7,46,06,41.74389612,-87.5563919,2023,2023-05-30,19:30:00,19,Tuesday,May,$500 AND UNDER
13138094,JG338214,2023-07-12 14:15:00+00:00,087XX S KINGSTON AVE,THEFT,$500 AND UNDER,APARTMENT,False,False,423,4,7,46,06,41.73642824,-87.56241008,2023,2023-07-12,14:15:00,14,Wednesday,July,$500 AND UNDER
13162783,JG367308,2023-08-03 09:37:00+00:00,088XX S ESCANABA AVE,CRIMINAL DAMAGE,TO PROPERTY,RESIDENCE,False,False,423,4,10,46,14,41.73487956,-87.55414109,2023,2023-08-03,09:37:00,9,Thursday,August,TO PROPERTY
13220868,JG436570,2023-09-23 19:00:00+00:00,092XX S ANTHONY AVE,CRIMINAL DAMAGE,TO VEHICLE,STREET,False,False,423,4,7,48,14,41.72699632,-87.55471626,2023,2023-09-23,19:00:00,19,Saturday,September,TO VEHICLE
12985494,JG155640,2023-02-17 06:12:00+00:00,083XX S MANISTEE AVE,CRIMINAL DAMAGE,TO VEHICLE,STREET,False,False,423,4,7,46,14,41.7439894,-87.55760733,2023,2023-02-17,06:12:00,6,Friday,February,TO VEHICLE
13147725,JG349625,2023-07-20 22:30:00+00:00,085XX S COMMERCIAL AVE,CRIMINAL DAMAGE,TO VEHICLE,STREET,False,False,423,4,10,46,14,41.73965574,-87.55147454,2023,2023-07-20,22:30:00,22,Thursday,July,TO VEHICLE
13221856,JG437314,2023-09-24 15:10:00+00:00,029XX E 83RD ST,ROBBERY,ARMED - HANDGUN,PARKING LOT / GARAGE (NON RESIDENTIAL),False,False,424,4,7,46,03,41.74464734,-87.55223846,2023,2023-09-24,15:10:00,15,Sunday,September,ARMED - HANDGUN
13065114,JG250298,2023-05-06 13:48:00+00:00,092XX S COMMERCIAL AVE,ROBBERY,ATTEMPT ARMED - KNIFE / CUTTING INSTRUMENT,RESTAURANT,True,False,424,4,10,46,03,41.72770795,-87.55120547,2023,2023-05-06,13:48:00,13,Saturday,May,ATTEMPT ARMED - KNIFE / CUTTING INSTRUMENT
13067722,JG254326,2023-05-05 12:00:00+00:00,083XX S MACKINAW AVE,BATTERY,SIMPLE,SCHOOL - PUBLIC GROUNDS,False,False,424,4,10,46,08B,41.74403284,-87.54304115,2023,2023-05-05,12:00:00,12,Friday,May,SIMPLE
13214953,JG429487,2023-09-18 14:00:00+00:00,083XX S BURLEY AVE,BATTERY,DOMESTIC BATTERY SIMPLE,APARTMENT,False,True,424,4,10,46,08B,41.74394517,-87.54546067,2023,2023-09-18,14:00:00,14,Monday,September,DOMESTIC BATTERY SIMPLE
13265781,JG490740,2023-11-04 03:00:00+00:00,083XX S BRANDON AVE,BATTERY,DOMESTIC BATTERY SIMPLE,APARTMENT,False,True,424,4,10,46,08B,41.74335236,-87.54665514,2023,2023-11-04,03:00:00,3,Saturday,November,DOMESTIC BATTERY SIMPLE
13112605,JG307779,2023-06-19 20:45:00+00:00,083XX S MACKINAW AVE,BATTERY,DOMESTIC BATTERY SIMPLE,APARTMENT,True,True,424,4,10,46,08B,41.74395875,-87.54304206,2023,2023-06-19,20:45:00,20,Monday,June,DOMESTIC BATTERY SIMPLE
13202165,JG414142,2023-09-06 19:48:00+00:00,082XX S COLES AVE,BATTERY,DOMESTIC BATTERY SIMPLE,RESIDENCE,False,True,424,4,7,46,08B,41.74590509,-87.54914144,2023,2023-09-06,19:48:00,19,Wednesday,September,DOMESTIC BATTERY SIMPLE
13135942,JG335579,2023-07-10 12:45:00+00:00,087XX S BURLEY AVE,BATTERY,AGGRAVATED DOMESTIC BATTERY - OTHER DANGEROUS WEAPON,APARTMENT,True,True,424,4,10,46,04B,41.7364145,-87.54581652,2023,2023-07-10,12:45:00,12,Monday,July,AGGRAVATED
13207957,JG421023,2023-09-12 09:20:00+00:00,088XX S HOUSTON AVE,ASSAULT,AGGRAVATED - HANDGUN,SIDEWALK,False,True,424,4,10,46,04A,41.73491168,-87.54998596,2023,2023-09-12,09:20:00,9,Tuesday,September,AGGRAVATED
13231102,JG448502,2023-10-02 23:15:00+00:00,084XX S BURLEY AVE,ASSAULT,AGGRAVATED - HANDGUN,RESIDENCE,True,True,424,4,10,46,04A,41.7423697,-87.54542497,2023,2023-10-02,23:15:00,23,Monday,October,AGGRAVATED
13281765,JG509546,2023-11-18 17:50:00+00:00,083XX S HOUSTON AVE,ASSAULT,AGGRAVATED - HANDGUN,STREET,False,False,424,4,7,46,04A,41.74418137,-87.55030568,2023,2023-11-18,17:50:00,17,Saturday,November,AGGRAVATED
13031737,JG206496,2023-03-31 19:40:00+00:00,083XX S HOUSTON AVE,ASSAULT,AGGRAVATED - HANDGUN,APARTMENT,False,True,424,4,7,46,04A,41.74420881,-87.55030535,2023,2023-03-31,19:40:00,19,Friday,March,AGGRAVATED
13155991,JG359195,2023-07-28 08:51:00+00:00,089XX S BRANDON AVE,ASSAULT,AGGRAVATED - HANDGUN,STREET,False,False,424,4,10,46,04A,41.73285498,-87.54699574,2023,2023-07-28,08:51:00,8,Friday,July,AGGRAVATED
13126644,JG324524,2023-07-02 04:00:00+00:00,032XX E 91ST ST,ASSAULT,SIMPLE,APARTMENT,False,False,424,4,10,46,08A,41.73014941,-87.54503945,2023,2023-07-02,04:00:00,4,Sunday,July,SIMPLE
13138441,JG338533,2023-07-12 20:11:00+00:00,084XX S BRANDON AVE,ASSAULT,SIMPLE,APARTMENT,False,False,424,4,10,46,08A,41.74245759,-87.54663675,2023,2023-07-12,20:11:00,20,Wednesday,July,SIMPLE
13141857,JG342497,2023-07-15 16:30:00+00:00,083XX S BRANDON AVE,ASSAULT,SIMPLE,RESIDENCE,False,False,424,4,10,46,08A,41.74334138,-87.54665528,2023,2023-07-15,16:30:00,16,Saturday,July,SIMPLE
13146017,JG347586,2023-07-14 15:00:00+00:00,087XX S BURLEY AVE,THEFT,$500 AND UNDER,APARTMENT,False,False,424,4,10,46,06,41.73660115,-87.54582157,2023,2023-07-14,15:00:00,15,Friday,July,$500 AND UNDER
13147024,JG347468,2023-07-18 08:00:00+00:00,083XX S BUFFALO AVE,THEFT,$500 AND UNDER,APARTMENT,False,False,424,4,10,46,06,41.74375846,-87.54424641,2023,2023-07-18,08:00:00,8,Tuesday,July,$500 AND UNDER
13288387,JG517498,2023-11-22 13:00:00+00:00,088XX S BURLEY AVE,THEFT,FROM BUILDING,APARTMENT,False,False,424,4,10,46,06,41.73486644,-87.54577681,2023,2023-11-22,13:00:00,13,Wednesday,November,FROM BUILDING
12965546,JG131813,2023-01-27 17:25:00+00:00,083XX S MACKINAW AVE,CRIMINAL DAMAGE,TO PROPERTY,APARTMENT,False,True,424,4,10,46,14,41.74412616,-87.54304367,2023,2023-01-27,17:25:00,17,Friday,January,TO PROPERTY
13213328,JG427624,2023-09-16 21:30:00+00:00,092XX S HOUSTON AVE,CRIMINAL DAMAGE,TO VEHICLE,STREET,False,False,424,4,10,46,14,41.72747061,-87.54980161,2023,2023-09-16,21:30:00,21,Saturday,September,TO VEHICLE
13274955,JG501547,2023-11-12 16:00:00+00:00,030XX E 87TH ST,CRIMINAL DAMAGE,TO VEHICLE,STREET,False,False,424,4,10,46,14,41.73738497,-87.55089021,2023,2023-11-12,16:00:00,16,Sunday,November,TO VEHICLE
13011704,JG187319,2023-03-16 03:50:00+00:00,087XX S BURLEY AVE,CRIMINAL DAMAGE,TO VEHICLE,CTA BUS,False,False,424,4,10,46,14,41.73699363,-87.54582776,2023,2023-03-16,03:50:00,3,Thursday,March,TO VEHICLE
12967220,JG133190,2023-01-28 21:00:00+00:00,100XX S COMMERCIAL AVE,BATTERY,AGGRAVATED - OTHER DANGEROUS WEAPON,SIDEWALK,False,False,431,4,10,51,04B,41.71268268,-87.55118254,2023,2023-01-28,21:00:00,21,Saturday,January,AGGRAVATED
12963572,JG129411,2023-01-25 18:00:00+00:00,099XX S COMMERCIAL AVE,BATTERY,SIMPLE,VACANT LOT / LAND,False,False,431,4,10,51,08B,41.71494251,-87.55096469,2023,2023-01-25,18:00:00,18,Wednesday,January,SIMPLE
13268482,JG493906,2023-11-06 15:30:00+00:00,029XX E 100TH ST,BATTERY,DOMESTIC BATTERY SIMPLE,STREET,False,True,431,4,10,51,08B,41.71338596,-87.55129122,2023,2023-11-06,15:30:00,15,Monday,November,DOMESTIC BATTERY SIMPLE
13289025,JG518160,2023-11-26 13:00:00+00:00,022XX E 102ND ST,BATTERY,DOMESTIC BATTERY SIMPLE,SIDEWALK,False,True,431,4,7,51,08B,41.70983062,-87.56860973,2023,2023-11-26,13:00:00,13,Sunday,November,DOMESTIC BATTERY SIMPLE
12963847,JG125806,2023-01-22 18:44:00+00:00,101XX S COMMERCIAL AVE,BATTERY,DOMESTIC BATTERY SIMPLE,RESIDENCE,False,True,431,4,10,51,08B,41.71138814,-87.55169999,2023,2023-01-22,18:44:00,18,Sunday,January,DOMESTIC BATTERY SIMPLE
13158504,JG362530,2023-07-30 17:55:00+00:00,098XX S MERRILL AVE,BATTERY,DOMESTIC BATTERY SIMPLE,SIDEWALK,False,True,431,4,7,51,08B,41.71617449,-87.57093728,2023,2023-07-30,17:55:00,17,Sunday,July,DOMESTIC BATTERY SIMPLE
12938691,JG100390,2023-01-01 06:00:00+00:00,098XX S MERRILL AVE,ASSAULT,AGGRAVATED - HANDGUN,STREET,False,True,431,4,7,51,04A,41.7165615,-87.57094736,2023,2023-01-01,06:00:00,6,Sunday,January,AGGRAVATED
13263479,JG487785,2023-11-01 19:45:00+00:00,016XX E 95TH ST,ASSAULT,SIMPLE,DEPARTMENT STORE,False,False,431,4,7,51,08A,41.7223626,-87.58382047,2023,2023-11-01,19:45:00,19,Wednesday,November,SIMPLE
13269123,JG495038,2023-11-07 12:10:00+00:00,016XX E 95TH ST,THEFT,$500 AND UNDER,GROCERY FOOD STORE,False,False,431,4,7,51,06,41.7223626,-87.58382047,2023,2023-11-07,12:10:00,12,Tuesday,November,$500 AND UNDER
13319741,JG555488,2023-12-26 17:45:00+00:00,025XX E 95TH ST,THEFT,$500 AND UNDER,PARKING LOT / GARAGE (NON RESIDENTIAL),False,False,431,4,7,51,06,41.72263777,-87.56154562,2023,2023-12-26,17:45:00,17,Tuesday,December,$500 AND UNDER
12989726,JG160684,2023-02-13 13:14:00+00:00,099XX S PAXTON AVE,THEFT,$500 AND UNDER,RESIDENCE - PORCH / HALLWAY,False,False,431,4,7,51,06,41.71434229,-87.56943528,2023,2023-02-13,13:14:00,13,Monday,February,$500 AND UNDER
13052773,JG236119,2023-04-24 12:30:00+00:00,016XX E 95TH ST,THEFT,$500 AND UNDER,PARKING LOT / GARAGE (NON RESIDENTIAL),False,False,431,4,7,51,06,41.72235461,-87.58427845,2023,2023-04-24,12:30:00,12,Monday,April,$500 AND UNDER
13095908,JG288022,2023-06-01 17:00:00+00:00,100XX S LUELLA AVE,THEFT,$500 AND UNDER,RESIDENCE,False,False,431,4,7,51,06,41.71252282,-87.56820058,2023,2023-06-01,17:00:00,17,Thursday,June,$500 AND UNDER
13175619,JG382318,2023-08-14 11:55:00+00:00,099XX S PAXTON AVE,CRIMINAL DAMAGE,TO PROPERTY,RESIDENCE,False,False,431,4,7,51,14,41.71458381,-87.56943974,2023,2023-08-14,11:55:00,11,Monday,August,TO PROPERTY
13176048,JG379348,2023-08-12 03:08:00+00:00,102XX S VAN VLISSINGEN RD,CRIMINAL DAMAGE,TO PROPERTY,RESIDENCE,False,True,431,4,7,51,14,41.70927537,-87.56888732,2023,2023-08-12,03:08:00,3,Saturday,August,TO PROPERTY
13004593,JG178496,2023-03-08 14:45:00+00:00,097XX S LUELLA AVE,CRIMINAL DAMAGE,TO VEHICLE,STREET,False,False,431,4,7,51,14,41.71745032,-87.56883074,2023,2023-03-08,14:45:00,14,Wednesday,March,TO VEHICLE
13076758,JG265248,2023-05-17 12:00:00+00:00,099XX S HOXIE AVE,CRIMINAL DAMAGE,TO VEHICLE,STREET,False,False,431,4,7,51,14,41.71462892,-87.56099681,2023,2023-05-17,12:00:00,12,Wednesday,May,TO VEHICLE
13174811,JG381546,2023-08-13 19:14:00+00:00,096XX S WALTON DR,BATTERY,SIMPLE,PARK PROPERTY,False,False,432,4,10,52,08B,41.72121946,-87.52607161,2023,2023-08-13,19:14:00,19,Sunday,August,SIMPLE
13266945,JG492320,2023-11-05 09:59:00+00:00,104XX S EWING AVE,BATTERY,DOMESTIC BATTERY SIMPLE,RESIDENCE,False,True,432,4,10,52,08B,41.70544913,-87.53528506,2023,2023-11-05,09:59:00,9,Sunday,November,DOMESTIC BATTERY SIMPLE
13302770,JG534933,2023-12-09 16:15:00+00:00,104XX S EWING AVE,BATTERY,DOMESTIC BATTERY SIMPLE,RESIDENCE,False,True,432,4,10,52,08B,41.70544913,-87.53528506,2023,2023-12-09,16:15:00,16,Saturday,December,DOMESTIC BATTERY SIMPLE
13086516,JG275435,2023-05-26 04:31:00+00:00,107XX S AVENUE H,BATTERY,DOMESTIC BATTERY SIMPLE,RESIDENCE,False,True,432,4,10,52,08B,41.70017417,-87.5328639,2023,2023-05-26,04:31:00,4,Friday,May,DOMESTIC BATTERY SIMPLE
13148692,JG350720,2023-07-21 18:18:00+00:00,097XX S AVENUE M,BATTERY,DOMESTIC BATTERY SIMPLE,STREET,False,True,432,4,10,52,08B,41.71905848,-87.5377027,2023,2023-07-21,18:18:00,18,Friday,July,DOMESTIC BATTERY SIMPLE
13319115,JG554576,2023-12-26 00:50:00+00:00,105XX S AVENUE G,ASSAULT,AGGRAVATED - OTHER FIREARM,STREET,False,False,432,4,10,52,04A,41.70366201,-87.53165612,2023,2023-12-26,00:50:00,0,Tuesday,December,AGGRAVATED
12991858,JG163259,2023-02-23 15:50:00+00:00,107XX S AVENUE M,ASSAULT,AGGRAVATED - KNIFE / CUTTING INSTRUMENT,RESIDENCE,False,True,432,4,10,52,04A,41.70044103,-87.53770154,2023,2023-02-23,15:50:00,15,Thursday,February,AGGRAVATED
13203780,JG415913,2023-09-08 08:15:00+00:00,036XX E 106TH ST,ASSAULT,SIMPLE,DRUG STORE,False,False,432,4,10,52,08A,41.70273703,-87.53597409,2023,2023-09-08,08:15:00,8,Friday,September,SIMPLE
13191515,JG401533,2023-08-28 16:00:00+00:00,105XX S AVENUE O,ASSAULT,SIMPLE,RESIDENCE,False,False,432,4,10,52,08A,41.70389903,-87.54010515,2023,2023-08-28,16:00:00,16,Monday,August,SIMPLE
13282206,JG510186,2023-11-18 23:00:00+00:00,035XX E 106TH ST,THEFT,OVER $500,STREET,False,True,432,4,10,52,06,41.70274621,-87.53809059,2023,2023-11-18,23:00:00,23,Saturday,November,OVER $500
12999103,JG172167,2023-03-02 15:30:00+00:00,106XX S EWING AVE,THEFT,OVER $500,STREET,False,False,432,4,10,52,06,41.70211476,-87.53528234,2023,2023-03-02,15:30:00,15,Thursday,March,OVER $500
13155436,JG358544,2023-07-23 23:30:00+00:00,034XX E 106TH ST,THEFT,OVER $500,STREET,False,False,432,4,10,52,06,41.70275554,-87.54103104,2023,2023-07-23,23:30:00,23,Sunday,July,OVER $500
13229028,JG446265,2023-10-01 02:30:00+00:00,105XX S EWING AVE,THEFT,$500 AND UNDER,ALLEY,False,False,432,4,10,52,06,41.70364062,-87.53528545,2023,2023-10-01,02:30:00,2,Sunday,October,$500 AND UNDER
13092945,JG283239,2023-04-12 16:35:00+00:00,097XX S AVENUE M,THEFT,$500 AND UNDER,APARTMENT,False,False,432,4,10,52,06,41.71881698,-87.53770202,2023,2023-04-12,16:35:00,16,Wednesday,April,$500 AND UNDER
13124992,JG322641,2023-06-22 16:00:00+00:00,109XX S AVENUE D,THEFT,$500 AND UNDER,STREET,False,False,432,4,10,52,06,41.69674428,-87.52822322,2023,2023-06-22,16:00:00,16,Thursday,June,$500 AND UNDER
13169154,JG375037,2023-07-31 14:00:00+00:00,109XX S AVENUE G,THEFT,$500 AND UNDER,RESIDENCE - PORCH / HALLWAY,False,False,432,4,10,52,06,41.69631823,-87.53165945,2023,2023-07-31,14:00:00,14,Monday,July,$500 AND UNDER
13203344,JG414929,2023-09-05 20:35:00+00:00,109XX S AVENUE M,THEFT,FROM BUILDING,RESIDENCE,False,False,432,4,10,52,06,41.69638217,-87.53770031,2023,2023-09-05,20:35:00,20,Tuesday,September,FROM BUILDING
12979454,JG148452,2023-02-11 05:45:00+00:00,107XX S MACKINAW AVE,CRIMINAL DAMAGE,TO PROPERTY,RESIDENCE,False,False,432,4,10,52,14,41.70010956,-87.54255754,2023,2023-02-11,05:45:00,5,Saturday,February,TO PROPERTY
13211618,JG425412,2023-09-12 13:00:00+00:00,105XX S EWING AVE,CRIMINAL DAMAGE,TO VEHICLE,PARKING LOT / GARAGE (NON RESIDENTIAL),False,False,432,4,10,52,14,41.70376959,-87.53528385,2023,2023-09-12,13:00:00,13,Tuesday,September,TO VEHICLE
13117594,JG313734,2023-06-24 06:11:00+00:00,096XX S AVENUE J,CRIMINAL DAMAGE,TO VEHICLE,STREET,False,True,432,4,10,52,14,41.72056467,-87.53407975,2023,2023-06-24,06:11:00,6,Saturday,June,TO VEHICLE
12995836,JG167089,2023-02-26 19:30:00+00:00,039XX E 134TH ST,ROBBERY,ARMED - HANDGUN,STREET,False,False,433,4,10,55,03,41.65178247,-87.52841378,2023,2023-02-26,19:30:00,19,Sunday,February,ARMED - HANDGUN
12950382,JG113905,2023-01-12 13:30:00+00:00,128XX S ESCANABA AVE,BATTERY,SIMPLE,SCHOOL - PUBLIC GROUNDS,False,False,433,4,10,55,08B,41.66228307,-87.55319809,2023,2023-01-12,13:30:00,13,Thursday,January,SIMPLE
13303711,JG535969,2023-12-10 01:30:00+00:00,131XX S BALTIMORE AVE,BATTERY,DOMESTIC BATTERY SIMPLE,RESIDENCE,False,True,433,4,10,55,08B,41.65663508,-87.54713683,2023,2023-12-10,01:30:00,1,Sunday,December,DOMESTIC BATTERY SIMPLE
13305273,JG537931,2023-12-12 08:00:00+00:00,126XX S SAGINAW AVE,BATTERY,DOMESTIC BATTERY SIMPLE,RESIDENCE,False,True,433,4,10,55,08B,41.66546091,-87.5580493,2023,2023-12-12,08:00:00,8,Tuesday,December,DOMESTIC BATTERY SIMPLE
13027729,JG206404,2023-03-31 15:10:00+00:00,111XX S GREEN BAY AVE,ASSAULT,SIMPLE,RESIDENCE,False,True,433,4,10,52,08A,41.69302067,-87.54131894,2023,2023-03-31,15:10:00,15,Friday,March,SIMPLE
13125345,JG322906,2023-06-30 21:15:00+00:00,032XX E 133RD ST,ASSAULT,SIMPLE,STREET,False,False,433,4,10,55,08A,41.65367522,-87.54532128,2023,2023-06-30,21:15:00,21,Friday,June,SIMPLE
13284720,JG513284,2023-11-21 19:20:00+00:00,111XX S AVENUE B,THEFT,$500 AND UNDER,STREET,False,False,433,4,10,52,06,41.69305551,-87.52581973,2023,2023-11-21,19:20:00,19,Tuesday,November,$500 AND UNDER
12997134,JG169830,2023-02-28 17:30:00+00:00,111XX S AVENUE O,THEFT,$500 AND UNDER,STREET,False,False,433,4,10,52,06,41.69322363,-87.54010818,2023,2023-02-28,17:30:00,17,Tuesday,February,$500 AND UNDER
13123389,JG320570,2023-06-29 09:06:00+00:00,036XX E 111TH ST,THEFT,RETAIL THEFT,SMALL RETAIL STORE,False,False,433,4,10,52,06,41.69366429,-87.53597265,2023,2023-06-29,09:06:00,9,Thursday,June,RETAIL THEFT
13011633,JG187245,2023-03-15 22:05:00+00:00,034XX E 126TH ST,CRIMINAL DAMAGE,TO VEHICLE,PARKING LOT / GARAGE (NON RESIDENTIAL),False,False,433,4,10,55,14,41.66614306,-87.5405761,2023,2023-03-15,22:05:00,22,Wednesday,March,TO VEHICLE
13071351,JG258737,2023-05-13 03:13:00+00:00,111XX S AVENUE O,CRIMINAL DAMAGE,TO VEHICLE,STREET,False,False,433,4,10,52,14,41.69322363,-87.54010818,2023,2023-05-13,03:13:00,3,Saturday,May,TO VEHICLE
13073782,JG261733,2023-05-12 09:00:00+00:00,040XX E 134TH ST,CRIMINAL DAMAGE,TO VEHICLE,PARKING LOT / GARAGE (NON RESIDENTIAL),False,False,433,4,10,55,14,41.65143133,-87.52725823,2023,2023-05-12,09:00:00,9,Friday,May,TO VEHICLE
13065740,JG251903,2023-05-07 23:30:00+00:00,106XX S YATES AVE,BATTERY,DOMESTIC BATTERY SIMPLE,CHA APARTMENT,False,True,434,4,10,51,08B,41.70187415,-87.56398379,2023,2023-05-07,23:30:00,23,Sunday,May,DOMESTIC BATTERY SIMPLE
13095589,JG287546,2023-06-04 09:27:00+00:00,026XX E 130TH ST,ASSAULT,SIMPLE,STREET,False,False,434,4,10,51,08A,41.65917391,-87.55972025,2023,2023-06-04,09:27:00,9,Sunday,June,SIMPLE
12945817,JG107438,2023-01-06 19:00:00+00:00,107XX S TORRENCE AVE,THEFT,OVER $500,PARKING LOT / GARAGE (NON RESIDENTIAL),False,False,434,4,10,51,06,41.70002222,-87.55956042,2023,2023-01-06,19:00:00,19,Friday,January,OVER $500
13025126,JG203248,2023-03-28 23:40:00+00:00,106XX S BENSLEY AVE,THEFT,$500 AND UNDER,STREET,False,False,434,4,10,51,06,41.70196232,-87.5632174,2023,2023-03-28,23:40:00,23,Tuesday,March,$500 AND UNDER
13301130,JG532766,2023-12-07 22:40:00+00:00,025XX E 107TH ST,CRIMINAL DAMAGE,TO PROPERTY,RESIDENCE,False,False,434,4,10,51,14,41.70096307,-87.56153387,2023,2023-12-07,22:40:00,22,Thursday,December,TO PROPERTY
13179591,JG387209,2023-08-18 03:00:00+00:00,108XX S TORRENCE AVE,CRIMINAL DAMAGE,TO VEHICLE,STREET,False,False,434,4,10,51,14,41.69872129,-87.55954306,2023,2023-08-18,03:00:00,3,Friday,August,TO VEHICLE
13309977,JG537742,2023-12-09 00:05:00+00:00,0000X W 95TH ST,ROBBERY,ARMED - HANDGUN,STREET,False,False,511,5,9,49,03,41.72162305,-87.62470134,2023,2023-12-09,00:05:00,0,Saturday,December,ARMED - HANDGUN
13082842,JG272595,2023-05-23 20:41:00+00:00,0000X W 95TH ST,BATTERY,AGGRAVATED - OTHER DANGEROUS WEAPON,CTA PLATFORM,False,False,511,5,9,49,04B,41.72162305,-87.62470134,2023,2023-05-23,20:41:00,20,Tuesday,May,AGGRAVATED
12948296,JG111380,2023-01-10 14:08:00+00:00,096XX S MICHIGAN AVE,BATTERY,SIMPLE,SCHOOL - PUBLIC BUILDING,False,False,511,5,9,49,08B,41.71902307,-87.62052856,2023,2023-01-10,14:08:00,14,Tuesday,January,SIMPLE
13095741,JG287608,2023-06-04 08:30:00+00:00,099XX S YALE AVE,BATTERY,SIMPLE,RESIDENCE,False,False,511,5,9,49,08B,41.71369236,-87.62967803,2023,2023-06-04,08:30:00,8,Sunday,June,SIMPLE
13115826,JG311689,2023-06-22 13:00:00+00:00,097XX S DOBSON AVE,BATTERY,DOMESTIC BATTERY SIMPLE,RESIDENCE - YARD (FRONT / BACK),False,True,511,5,8,50,08B,41.7180075,-87.59828435,2023,2023-06-22,13:00:00,13,Thursday,June,DOMESTIC BATTERY SIMPLE
13112460,JG307513,2023-06-19 16:46:00+00:00,098XX S INDIANA AVE,BATTERY,AGGRAVATED DOMESTIC BATTERY - OTHER DANGEROUS WEAPON,VEHICLE NON-COMMERCIAL,False,True,511,5,9,49,04B,41.71560977,-87.61886312,2023,2023-06-19,16:46:00,16,Monday,June,AGGRAVATED
13115040,JG310676,2023-06-22 02:25:00+00:00,098XX S DREXEL AVE,BATTERY,"AGG. DOMESTIC BATTERY - HANDS, FISTS, FEET, SERIOUS INJURY",STREET,False,True,511,5,8,50,04B,41.71563436,-87.60183492,2023,2023-06-22,02:25:00,2,Thursday,June,"AGG. DOMESTIC BATTERY - HANDS, FISTS, FEET, SERIOUS INJURY"
13237277,JG456123,2023-10-08 20:57:00+00:00,099XX S CALUMET AVE,ASSAULT,AGGRAVATED - HANDGUN,STREET,False,False,511,5,9,49,04A,41.71439569,-87.61516631,2023,2023-10-08,20:57:00,20,Sunday,October,AGGRAVATED
13078771,JG267687,2023-05-20 08:22:00+00:00,100XX S STATE ST,ASSAULT,SIMPLE,RESIDENCE,True,False,511,5,9,49,08A,41.7120634,-87.6236197,2023,2023-05-20,08:22:00,8,Saturday,May,SIMPLE
13289090,JG518275,2023-11-26 15:05:00+00:00,0000X E 100TH ST,THEFT,OVER $500,RESIDENCE,False,True,511,5,9,49,06,41.71265553,-87.62174163,2023,2023-11-26,15:05:00,15,Sunday,November,OVER $500
13067087,JG253488,2023-04-30 09:00:00+00:00,097XX S DORCHESTER AVE,THEFT,OVER $500,CHA PARKING LOT / GROUNDS,False,False,511,5,8,50,06,41.71719716,-87.59048451,2023,2023-04-30,09:00:00,9,Sunday,April,OVER $500
13025508,JG203642,2023-03-29 13:37:00+00:00,101XX S PRAIRIE AVE,THEFT,$500 AND UNDER,PARKING LOT / GARAGE (NON RESIDENTIAL),False,False,511,5,9,49,06,41.71031571,-87.61749707,2023,2023-03-29,13:37:00,13,Wednesday,March,$500 AND UNDER
13246254,JG465737,2023-10-16 11:05:00+00:00,096XX S MICHIGAN AVE,CRIMINAL DAMAGE,TO PROPERTY,SCHOOL - PUBLIC BUILDING,False,False,511,5,9,49,14,41.71902307,-87.62052856,2023,2023-10-16,11:05:00,11,Monday,October,TO PROPERTY
13259780,JG483213,2023-10-29 08:30:00+00:00,012XX E 96TH ST,CRIMINAL DAMAGE,TO PROPERTY,RESIDENCE,False,False,511,5,8,50,14,41.72037788,-87.59304493,2023,2023-10-29,08:30:00,8,Sunday,October,TO PROPERTY
12971211,JG138317,2023-02-02 12:30:00+00:00,098XX S STATE ST,CRIMINAL DAMAGE,TO PROPERTY,CTA PARKING LOT / GARAGE / OTHER PROPERTY,False,False,511,5,21,49,14,41.71651743,-87.62273193,2023,2023-02-02,12:30:00,12,Thursday,February,TO PROPERTY
13015848,JG191000,2023-03-19 10:00:00+00:00,097XX S INGLESIDE AVE,CRIMINAL DAMAGE,TO PROPERTY,RESIDENCE - GARAGE,False,False,511,5,8,50,14,41.71768534,-87.6006945,2023,2023-03-19,10:00:00,10,Sunday,March,TO PROPERTY
13074847,JG263090,2023-05-10 00:00:00+00:00,096XX S GREENWOOD AVE,CRIMINAL DAMAGE,TO PROPERTY,RESIDENCE,False,False,511,5,8,50,14,41.71975923,-87.59713254,2023,2023-05-10,00:00:00,0,Wednesday,May,TO PROPERTY
13094268,JG285941,2023-06-02 18:00:00+00:00,009XX E 101ST ST,CRIMINAL DAMAGE,TO PROPERTY,APARTMENT,False,False,511,5,8,50,14,41.71068476,-87.59943355,2023,2023-06-02,18:00:00,18,Friday,June,TO PROPERTY
13184352,JG392784,2023-08-22 09:08:00+00:00,102XX S YALE AVE,CRIMINAL DAMAGE,TO PROPERTY,RESIDENCE,False,True,511,5,9,49,14,41.70827424,-87.62954302,2023,2023-08-22,09:08:00,9,Tuesday,August,TO PROPERTY
13205711,JG418326,2023-09-10 01:40:00+00:00,101XX S WENTWORTH AVE,CRIMINAL DAMAGE,TO VEHICLE,STREET,False,False,511,5,9,49,14,41.70996314,-87.62838559,2023,2023-09-10,01:40:00,1,Sunday,September,TO VEHICLE
13276594,JG503404,2023-11-14 00:01:00+00:00,099XX S WENTWORTH AVE,CRIMINAL DAMAGE,TO VEHICLE,STREET,False,False,511,5,9,49,14,41.71367398,-87.62846957,2023,2023-11-14,00:01:00,0,Tuesday,November,TO VEHICLE
13307311,JG540358,2023-12-13 23:30:00+00:00,098XX S INDIANA AVE,CRIMINAL DAMAGE,TO VEHICLE,STREET,False,False,511,5,9,49,14,41.71577721,-87.61886859,2023,2023-12-13,23:30:00,23,Wednesday,December,TO VEHICLE
13008576,JG183580,2023-03-12 20:00:00+00:00,003XX E 103RD ST,CRIMINAL DAMAGE,TO VEHICLE,VEHICLE NON-COMMERCIAL,False,False,511,5,9,49,14,41.70729847,-87.61466301,2023,2023-03-12,20:00:00,20,Sunday,March,TO VEHICLE
13109981,JG304588,2023-06-17 02:00:00+00:00,0000X E 101ST ST,CRIMINAL DAMAGE,TO VEHICLE,STREET,False,False,511,5,9,49,14,41.71084366,-87.6211976,2023,2023-06-17,02:00:00,2,Saturday,June,TO VEHICLE
13036089,JG216024,2023-04-08 20:30:00+00:00,001XX W 106TH PL,BATTERY,AGGRAVATED - OTHER DANGEROUS WEAPON,RESIDENCE,False,False,512,5,34,49,04B,41.70075049,-87.62616094,2023,2023-04-08,20:30:00,20,Saturday,April,AGGRAVATED
13226788,JG443575,2023-09-29 09:00:00+00:00,010XX E 103RD ST,BATTERY,SIMPLE,FACTORY / MANUFACTURING BUILDING,False,False,512,5,9,50,08B,41.70756308,-87.59921636,2023,2023-09-29,09:00:00,9,Friday,September,SIMPLE
13063006,JG248540,2023-05-05 02:56:00+00:00,0000X W 103RD ST,BATTERY,SIMPLE,RESIDENCE - PORCH / HALLWAY,True,False,512,5,9,49,08B,41.70713963,-87.62532552,2023,2023-05-05,02:56:00,2,Friday,May,SIMPLE
13064999,JG251000,2023-05-07 03:31:00+00:00,103XX S MICHIGAN AVE,BATTERY,SIMPLE,PARKING LOT / GARAGE (NON RESIDENTIAL),False,False,512,5,9,49,08B,41.70698746,-87.62024403,2023,2023-05-07,03:31:00,3,Sunday,May,SIMPLE
13288805,JG517927,2023-11-26 09:15:00+00:00,007XX E 103RD PL,BATTERY,DOMESTIC BATTERY SIMPLE,RESIDENCE,False,True,512,5,9,50,08B,41.70652361,-87.60578717,2023,2023-11-26,09:15:00,9,Sunday,November,DOMESTIC BATTERY SIMPLE
13054817,JG237420,2023-04-25 22:44:00+00:00,009XX E 104TH ST,BATTERY,DOMESTIC BATTERY SIMPLE,APARTMENT,False,True,512,5,9,50,08B,41.70567778,-87.60094436,2023,2023-04-25,22:44:00,22,Tuesday,April,DOMESTIC BATTERY SIMPLE
13214795,JG429382,2023-09-18 15:00:00+00:00,001XX W 105TH ST,ASSAULT,AGGRAVATED - HANDGUN,STREET,False,False,512,5,9,49,04A,41.70346922,-87.62735426,2023,2023-09-18,15:00:00,15,Monday,September,AGGRAVATED
13221479,JG437330,2023-09-24 12:00:00+00:00,0000X W 103RD PL,ASSAULT,SIMPLE,RESIDENCE,False,True,512,5,9,49,08A,41.70623944,-87.62442718,2023,2023-09-24,12:00:00,12,Sunday,September,SIMPLE
13075311,JG263423,2023-05-16 20:40:00+00:00,003XX W 105TH ST,ASSAULT,SIMPLE,STREET,False,True,512,5,21,49,08A,41.70341622,-87.63169433,2023,2023-05-16,20:40:00,20,Tuesday,May,SIMPLE
13218148,JG431811,2023-09-20 12:20:00+00:00,103XX S WOODLAWN AVE,THEFT,OVER $500,PARKING LOT / GARAGE (NON RESIDENTIAL),False,False,512,5,9,50,06,41.70661765,-87.59429048,2023,2023-09-20,12:20:00,12,Wednesday,September,OVER $500
13293319,JG523133,2023-11-30 06:00:00+00:00,008XX E 103RD ST,THEFT,OVER $500,SCHOOL - PUBLIC GROUNDS,False,False,512,5,9,50,06,41.70751943,-87.60183902,2023,2023-11-30,06:00:00,6,Thursday,November,OVER $500
12985402,JG155664,2023-02-10 00:00:00+00:00,105XX S PRAIRIE AVE,THEFT,OVER $500,RESIDENCE - YARD (FRONT / BACK),False,False,512,5,9,49,06,41.70265231,-87.61729644,2023,2023-02-10,00:00:00,0,Friday,February,OVER $500
13096295,JG288317,2023-06-04 22:12:00+00:00,105XX S EDBROOKE AVE,THEFT,OVER $500,RESIDENCE,True,True,512,5,9,49,06,41.70262318,-87.61967338,2023,2023-06-04,22:12:00,22,Sunday,June,OVER $500
13162796,JG367348,2023-08-03 00:01:00+00:00,106XX S FOREST AVE,THEFT,OVER $500,STREET,False,False,512,5,9,49,06,41.70114057,-87.61603887,2023,2023-08-03,00:01:00,0,Thursday,August,OVER $500
13258767,JG481944,2023-10-28 10:16:00+00:00,103XX S MICHIGAN AVE,THEFT,$500 AND UNDER,DRUG STORE,False,False,512,5,9,49,06,41.70698746,-87.62024403,2023,2023-10-28,10:16:00,10,Saturday,October,$500 AND UNDER
13186101,JG395074,2023-08-23 21:50:00+00:00,002XX W 106TH PL,THEFT,$500 AND UNDER,RESIDENCE,False,False,512,5,21,49,06,41.70071157,-87.62920803,2023,2023-08-23,21:50:00,21,Wednesday,August,$500 AND UNDER
13026357,JG204614,2023-03-30 12:00:00+00:00,106XX S PERRY AVE,CRIMINAL DAMAGE,TO PROPERTY,APARTMENT,False,True,512,5,34,49,14,41.70110187,-87.62573231,2023,2023-03-30,12:00:00,12,Thursday,March,TO PROPERTY
13085961,JG275853,2023-05-26 11:45:00+00:00,002XX W 104TH PL,CRIMINAL DAMAGE,TO PROPERTY,RESIDENCE,False,True,512,5,21,49,14,41.70435827,-87.6291243,2023,2023-05-26,11:45:00,11,Friday,May,TO PROPERTY
13030699,JG209556,2023-04-03 06:45:00+00:00,105XX S EDBROOKE AVE,CRIMINAL DAMAGE,TO VEHICLE,ALLEY,False,False,512,5,9,49,14,41.70276311,-87.61966817,2023,2023-04-03,06:45:00,6,Monday,April,TO VEHICLE
13199450,JG411068,2023-09-04 11:30:00+00:00,105XX S WOODLAWN AVE,CRIMINAL DAMAGE,TO VEHICLE,PARKING LOT / GARAGE (NON RESIDENTIAL),False,False,512,5,9,50,14,41.70335407,-87.59419968,2023,2023-09-04,11:30:00,11,Monday,September,TO VEHICLE
12952983,JG116971,2023-01-15 10:30:00+00:00,109XX S EDBROOKE AVE,BATTERY,DOMESTIC BATTERY SIMPLE,APARTMENT,False,True,513,5,9,49,08B,41.6957397,-87.61955908,2023,2023-01-15,10:30:00,10,Sunday,January,DOMESTIC BATTERY SIMPLE
13113298,JG287804,2023-06-04 13:41:00+00:00,110XX S VERNON AVE,BATTERY,DOMESTIC BATTERY SIMPLE,APARTMENT,True,True,513,5,9,49,08B,41.69387967,-87.61218713,2023,2023-06-04,13:41:00,13,Sunday,June,DOMESTIC BATTERY SIMPLE
13013002,JG188632,2023-03-16 06:54:00+00:00,002XX W 110TH PL,ASSAULT,AGGRAVATED - HANDGUN,RESIDENCE,False,True,513,5,34,49,04A,41.69342634,-87.62891769,2023,2023-03-16,06:54:00,6,Thursday,March,AGGRAVATED
13061529,JG246885,2023-05-03 15:59:00+00:00,0000X W 111TH ST,ASSAULT,AGGRAVATED - OTHER DANGEROUS WEAPON,GAS STATION,True,False,513,5,9,49,04A,41.69257696,-87.62378635,2023,2023-05-03,15:59:00,15,Wednesday,May,AGGRAVATED
13245757,JG466099,2023-10-16 16:00:00+00:00,110XX S WENTWORTH AVE,ASSAULT,SIMPLE,GROCERY FOOD STORE,False,False,513,5,9,49,08A,41.69302227,-87.6279152,2023,2023-10-16,16:00:00,16,Monday,October,SIMPLE
13028223,JG206979,2023-03-31 10:45:00+00:00,107XX S MICHIGAN AVE,ASSAULT,SIMPLE,STREET,False,False,513,5,9,49,08A,41.69945025,-87.62092051,2023,2023-03-31,10:45:00,10,Friday,March,SIMPLE
13149366,JG351511,2023-07-22 11:40:00+00:00,001XX W 111TH ST,ASSAULT,SIMPLE,SMALL RETAIL STORE,False,False,513,5,9,49,08A,41.69254415,-87.62647784,2023,2023-07-22,11:40:00,11,Saturday,July,SIMPLE
13234288,JG452206,2023-09-30 23:40:00+00:00,107XX S VERNON AVE,THEFT,$500 AND UNDER,STREET,False,False,513,5,9,49,06,41.69940493,-87.61233412,2023,2023-09-30,23:40:00,23,Saturday,September,$500 AND UNDER
12974604,JG142747,2023-02-05 18:00:00+00:00,109XX S VERNON AVE,THEFT,$500 AND UNDER,VEHICLE NON-COMMERCIAL,False,True,513,5,9,49,06,41.69569398,-87.61223643,2023,2023-02-05,18:00:00,18,Sunday,February,$500 AND UNDER
13227966,JG444903,2023-09-30 11:00:00+00:00,110XX S MICHIGAN AVE,THEFT,RETAIL THEFT,SMALL RETAIL STORE,False,False,513,5,9,49,06,41.69342134,-87.62098338,2023,2023-09-30,11:00:00,11,Saturday,September,RETAIL THEFT
13260516,JG484224,2023-10-30 08:48:00+00:00,110XX S MICHIGAN AVE,THEFT,RETAIL THEFT,SMALL RETAIL STORE,False,False,513,5,9,49,06,41.69342134,-87.62098338,2023,2023-10-30,08:48:00,8,Monday,October,RETAIL THEFT
13294577,JG524697,2023-09-20 14:51:00+00:00,110XX S MICHIGAN AVE,THEFT,RETAIL THEFT,CONVENIENCE STORE,True,False,513,5,9,49,06,41.69342134,-87.62098338,2023,2023-09-20,14:51:00,14,Wednesday,September,RETAIL THEFT
13296272,JG527068,2023-12-03 11:20:00+00:00,109XX S DOTY AVE W,THEFT,RETAIL THEFT,DEPARTMENT STORE,True,False,513,5,9,50,06,41.6959821,-87.59665314,2023,2023-12-03,11:20:00,11,Sunday,December,RETAIL THEFT
13297863,JG528698,2023-12-04 17:45:00+00:00,110XX S WENTWORTH AVE,THEFT,RETAIL THEFT,CONVENIENCE STORE,False,False,513,5,9,49,06,41.69302227,-87.6279152,2023,2023-12-04,17:45:00,17,Monday,December,RETAIL THEFT
13033666,JG213362,2023-04-06 15:00:00+00:00,107XX S PRAIRIE AVE,THEFT,RETAIL THEFT,RESIDENCE - GARAGE,False,False,513,5,9,49,06,41.69902092,-87.61719391,2023,2023-04-06,15:00:00,15,Thursday,April,RETAIL THEFT
13188901,JG398193,2023-08-26 08:25:00+00:00,110XX S MICHIGAN AVE,THEFT,RETAIL THEFT,DEPARTMENT STORE,False,False,513,5,9,49,06,41.69342134,-87.62098338,2023,2023-08-26,08:25:00,8,Saturday,August,RETAIL THEFT
12955347,JG119818,2023-01-11 12:00:00+00:00,109XX S DOTY AVE W,THEFT,FROM COIN-OPERATED MACHINE OR DEVICE,CONVENIENCE STORE,False,False,513,5,9,50,06,41.6959821,-87.59665314,2023,2023-01-11,12:00:00,12,Wednesday,January,FROM COIN-OPERATED MACHINE OR DEVICE
13253634,JG475769,2023-10-23 22:48:00+00:00,002XX W 107TH PL,CRIMINAL DAMAGE,TO PROPERTY,APARTMENT,False,True,513,5,21,49,14,41.69888903,-87.62915834,2023,2023-10-23,22:48:00,22,Monday,October,TO PROPERTY
12951398,JG115144,2023-01-13 08:00:00+00:00,109XX S EDBROOKE AVE,CRIMINAL DAMAGE,TO PROPERTY,APARTMENT,False,True,513,5,9,49,14,41.69562717,-87.61955666,2023,2023-01-13,08:00:00,8,Friday,January,TO PROPERTY
13040465,JG221292,2023-04-13 03:27:00+00:00,0000X E 108TH ST,CRIMINAL DAMAGE,TO PROPERTY,STREET,False,False,513,5,9,49,14,41.69807205,-87.62171933,2023,2023-04-13,03:27:00,3,Thursday,April,TO PROPERTY
13002763,JG176560,2023-03-06 21:30:00+00:00,118XX S LA SALLE ST,ROBBERY,VEHICULAR HIJACKING,STREET,True,False,522,5,34,53,03,41.67934848,-87.62632941,2023,2023-03-06,21:30:00,21,Monday,March,VEHICULAR HIJACKING
13275664,JG502189,2023-10-07 08:00:00+00:00,118XX S STATE ST,BATTERY,SIMPLE,RESIDENCE,False,False,522,5,9,53,08B,41.67919709,-87.62269605,2023,2023-10-07,08:00:00,8,Saturday,October,SIMPLE
12977687,JG146152,2023-01-27 16:30:00+00:00,114XX S YALE AVE,BATTERY,SIMPLE,RESIDENCE,False,True,522,5,34,49,08B,41.68633227,-87.62892186,2023,2023-01-27,16:30:00,16,Friday,January,SIMPLE
12953186,JG117199,2023-01-15 14:20:00+00:00,003XX W 115TH ST,BATTERY,DOMESTIC BATTERY SIMPLE,RESIDENCE,True,True,522,5,34,53,08B,41.6852276,-87.63047884,2023,2023-01-15,14:20:00,14,Sunday,January,DOMESTIC BATTERY SIMPLE
13178879,JG384810,2023-08-16 10:59:00+00:00,002XX W 112TH ST,BATTERY,DOMESTIC BATTERY SIMPLE,RESIDENCE,False,True,522,5,9,49,08B,41.69070235,-87.6286545,2023,2023-08-16,10:59:00,10,Wednesday,August,DOMESTIC BATTERY SIMPLE
13249832,JG471148,2023-10-20 10:35:00+00:00,0000X W 111TH ST,ASSAULT,AGGRAVATED - HANDGUN,SIDEWALK,False,False,522,5,9,49,04A,41.69256976,-87.62439788,2023,2023-10-20,10:35:00,10,Friday,October,AGGRAVATED
12942735,JG105006,2023-01-04 21:00:00+00:00,0000X W 114TH ST,ASSAULT,AGGRAVATED - OTHER DANGEROUS WEAPON,APARTMENT,False,False,522,5,34,49,04A,41.687127,-87.62383159,2023,2023-01-04,21:00:00,21,Wednesday,January,AGGRAVATED
13260729,JG484535,2023-10-16 16:00:00+00:00,116XX S YALE AVE,THEFT,$500 AND UNDER,DRIVEWAY - RESIDENTIAL,False,False,522,5,9,53,06,41.68296985,-87.62882308,2023,2023-10-16,16:00:00,16,Monday,October,$500 AND UNDER
12954972,JG119271,2023-01-15 10:30:00+00:00,0000X W 111TH PL,CRIMINAL DAMAGE,TO PROPERTY,OTHER (SPECIFY),False,False,522,5,34,49,14,41.69165992,-87.62460559,2023,2023-01-15,10:30:00,10,Sunday,January,TO PROPERTY
13007368,JG182025,2023-03-11 09:30:00+00:00,0000X W 114TH PL,CRIMINAL DAMAGE,TO PROPERTY,RESIDENCE,False,False,522,5,34,49,14,41.68621519,-87.62416378,2023,2023-03-11,09:30:00,9,Saturday,March,TO PROPERTY
13080111,JG269300,2023-05-21 10:00:00+00:00,002XX W 112TH PL,CRIMINAL DAMAGE,TO PROPERTY,RESIDENCE,False,False,522,5,9,49,14,41.6897987,-87.6285289,2023,2023-05-21,10:00:00,10,Sunday,May,TO PROPERTY
13176614,JG383573,2023-08-15 12:49:00+00:00,002XX W 115TH ST,CRIMINAL DAMAGE,TO PROPERTY,RESIDENCE,False,False,522,5,9,53,14,41.68524018,-87.62939505,2023,2023-08-15,12:49:00,12,Tuesday,August,TO PROPERTY
12968878,JG135725,2023-01-31 09:45:00+00:00,006XX W 127TH ST,ROBBERY,ARMED - HANDGUN,STREET,False,False,523,5,9,53,03,41.66327503,-87.63714413,2023,2023-01-31,09:45:00,9,Tuesday,January,ARMED - HANDGUN
13175794,JG382661,2023-08-14 16:00:00+00:00,121XX S EMERALD AVE,BATTERY,SIMPLE,RESIDENCE,False,True,523,5,21,53,08B,41.67336741,-87.64056027,2023,2023-08-14,16:00:00,16,Monday,August,SIMPLE
13237978,JG456874,2023-10-09 12:40:00+00:00,121XX S PRINCETON AVE,BATTERY,DOMESTIC BATTERY SIMPLE,RESIDENCE,False,True,523,5,9,53,08B,41.67367493,-87.62974436,2023,2023-10-09,12:40:00,12,Monday,October,DOMESTIC BATTERY SIMPLE
13106139,JG300066,2023-06-13 20:02:00+00:00,008XX W 127TH ST,ASSAULT,AGGRAVATED - HANDGUN,STREET,True,True,523,5,9,53,04A,41.66321491,-87.6435603,2023,2023-06-13,20:02:00,20,Tuesday,June,AGGRAVATED
13323475,JG559799,2023-12-30 13:30:00+00:00,006XX W 123RD ST,ASSAULT,SIMPLE,RESIDENCE,False,False,523,5,21,53,08A,41.67056995,-87.63858084,2023,2023-12-30,13:30:00,13,Saturday,December,SIMPLE
13221543,JG426896,2023-09-16 00:47:00+00:00,128XX S MORGAN ST,THEFT,OVER $500,RESIDENCE,False,False,523,5,9,53,06,41.66033812,-87.6461893,2023,2023-09-16,00:47:00,0,Saturday,September,OVER $500
13081483,JG270877,2023-05-22 17:45:00+00:00,121XX S PRINCETON AVE,THEFT,OVER $500,RESIDENCE,False,True,523,5,9,53,06,41.67333457,-87.62973343,2023,2023-05-22,17:45:00,17,Monday,May,OVER $500
13187812,JG397047,2023-08-12 04:00:00+00:00,123XX S LA SALLE ST,CRIMINAL DAMAGE,TO VEHICLE,STREET,False,False,523,5,9,53,14,41.67016953,-87.62602358,2023,2023-08-12,04:00:00,4,Saturday,August,TO VEHICLE
13064738,JG250628,2023-05-06 18:00:00+00:00,121XX S HALSTED ST,BATTERY,"AGGRAVATED P.O. - HANDS, FISTS, FEET, NO / MINOR INJURY",SIDEWALK,False,False,524,5,21,53,08B,41.67342678,-87.64176022,2023,2023-05-06,18:00:00,18,Saturday,May,AGGRAVATED
13228519,JG445287,2023-09-30 15:59:00+00:00,115XX S HALSTED ST,BATTERY,DOMESTIC BATTERY SIMPLE,VEHICLE NON-COMMERCIAL,False,True,524,5,21,53,08B,41.68480988,-87.64214721,2023,2023-09-30,15:59:00,15,Saturday,September,DOMESTIC BATTERY SIMPLE
12958749,JG122732,2023-01-20 05:40:00+00:00,122XX S ELIZABETH ST,ASSAULT,AGGRAVATED - HANDGUN,STREET,False,False,524,5,34,53,04A,41.67153517,-87.65266593,2023,2023-01-20,05:40:00,5,Friday,January,AGGRAVATED
13195659,JG405844,2023-08-31 18:23:00+00:00,012XX W 115TH ST,ASSAULT,AGGRAVATED - OTHER FIREARM,SIDEWALK,False,True,524,5,21,53,04A,41.68492792,-87.65365603,2023,2023-08-31,18:23:00,18,Thursday,August,AGGRAVATED
13016107,JG192534,2023-01-07 10:25:00+00:00,121XX S ADA ST,ASSAULT,SIMPLE,RESIDENCE,False,False,524,5,34,53,08A,41.67305377,-87.65515357,2023,2023-01-07,10:25:00,10,Saturday,January,SIMPLE
12959284,JG124167,2023-01-21 10:30:00+00:00,115XX S JUSTINE ST,THEFT,$500 AND UNDER,RESIDENCE,False,True,524,5,34,53,06,41.68421548,-87.66037035,2023,2023-01-21,10:30:00,10,Saturday,January,$500 AND UNDER
13168436,JG374118,2023-08-07 17:00:00+00:00,119XX S PARNELL AVE,THEFT,$500 AND UNDER,APARTMENT,False,False,524,5,21,53,06,41.67712621,-87.63586743,2023,2023-08-07,17:00:00,17,Monday,August,$500 AND UNDER
13025237,JG203247,2023-03-29 10:14:00+00:00,008XX W 115TH ST,THEFT,RETAIL THEFT,SMALL RETAIL STORE,True,False,524,5,34,53,06,41.68506859,-87.64318416,2023,2023-03-29,10:14:00,10,Wednesday,March,RETAIL THEFT
13307614,JG540657,2023-11-08 22:00:00+00:00,116XX S HALSTED ST,CRIMINAL DAMAGE,TO PROPERTY,SMALL RETAIL STORE,False,False,524,5,21,53,14,41.6825261,-87.64206549,2023,2023-11-08,22:00:00,22,Wednesday,November,TO PROPERTY
13043558,JG225102,2023-04-15 23:18:00+00:00,111XX S COTTAGE GROVE AVE,BATTERY,AGGRAVATED - OTHER DANGEROUS WEAPON,CTA BUS,False,False,531,5,9,50,04B,41.69253438,-87.60991378,2023,2023-04-15,23:18:00,23,Saturday,April,AGGRAVATED
13041602,JG222659,2023-04-14 02:19:00+00:00,113XX S FOREST AVE,BATTERY,DOMESTIC BATTERY SIMPLE,ALLEY,False,True,531,5,9,49,08B,41.6879682,-87.61566533,2023,2023-04-14,02:19:00,2,Friday,April,DOMESTIC BATTERY SIMPLE
13042580,JG223832,2023-04-14 22:37:00+00:00,111XX S COTTAGE GROVE AVE,BATTERY,DOMESTIC BATTERY SIMPLE,STREET,False,True,531,5,9,50,08B,41.69253438,-87.60991378,2023,2023-04-14,22:37:00,22,Friday,April,DOMESTIC BATTERY SIMPLE
13043745,JG225348,2023-04-16 03:21:00+00:00,111XX S VERNON AVE,BATTERY,DOMESTIC BATTERY SIMPLE,RESIDENCE - YARD (FRONT / BACK),False,True,531,5,9,49,08B,41.6915164,-87.61212199,2023,2023-04-16,03:21:00,3,Sunday,April,DOMESTIC BATTERY SIMPLE
13074116,JG261990,2023-05-15 19:10:00+00:00,0000X E 112TH ST,ASSAULT,SIMPLE,APARTMENT,False,False,531,5,9,49,08A,41.69077909,-87.62240017,2023,2023-05-15,19:10:00,19,Monday,May,SIMPLE
13130815,JG329494,2023-07-06 00:35:00+00:00,007XX E 111TH ST,THEFT,$500 AND UNDER,POLICE FACILITY / VEHICLE PARKING LOT,False,False,531,5,9,50,06,41.69283384,-87.60431945,2023,2023-07-06,00:35:00,0,Thursday,July,$500 AND UNDER
13271030,JG495917,2023-11-08 05:55:00+00:00,112XX S INDIANA AVE,CRIMINAL DAMAGE,TO PROPERTY,APARTMENT,False,True,531,5,9,49,14,41.69022616,-87.61820678,2023,2023-11-08,05:55:00,5,Wednesday,November,TO PROPERTY
13221480,JG437280,2023-09-24 14:20:00+00:00,0000X E 120TH PL,BATTERY,DOMESTIC BATTERY SIMPLE,APARTMENT,False,True,532,5,9,53,08B,41.67529952,-87.62171035,2023,2023-09-24,14:20:00,14,Sunday,September,DOMESTIC BATTERY SIMPLE
13271308,JG497017,2023-11-08 20:30:00+00:00,0000X E BRAYTON ST,ASSAULT,SIMPLE,RESIDENCE,False,True,532,5,9,53,08A,41.66542446,-87.62156291,2023,2023-11-08,20:30:00,20,Wednesday,November,SIMPLE
13147860,JG349786,2023-07-21 05:33:00+00:00,120XX S MICHIGAN AVE,THEFT,$500 AND UNDER,SIDEWALK,False,False,532,5,9,53,06,41.67485789,-87.62041577,2023,2023-07-21,05:33:00,5,Friday,July,$500 AND UNDER
13188876,JG398075,2023-08-24 09:00:00+00:00,117XX S MICHIGAN AVE,THEFT,$500 AND UNDER,APARTMENT,False,False,532,5,9,53,06,41.68135774,-87.62061859,2023,2023-08-24,09:00:00,9,Thursday,August,$500 AND UNDER
12967233,JG133992,2023-01-28 17:00:00+00:00,0000X E 120TH ST,CRIMINAL DAMAGE,TO PROPERTY,APARTMENT,False,False,532,5,9,53,14,41.67621137,-87.62182842,2023,2023-01-28,17:00:00,17,Saturday,January,TO PROPERTY
13008521,JG182919,2023-03-04 13:00:00+00:00,119XX S MICHIGAN AVE,CRIMINAL DAMAGE,TO PROPERTY,APARTMENT,False,False,532,5,9,53,14,41.67761921,-87.62049877,2023,2023-03-04,13:00:00,13,Saturday,March,TO PROPERTY
13018801,JG195841,2023-03-13 15:00:00+00:00,117XX S PRAIRIE AVE,CRIMINAL DAMAGE,TO PROPERTY,RESIDENCE,False,False,532,5,9,53,14,41.68055642,-87.61665189,2023,2023-03-13,15:00:00,15,Monday,March,TO PROPERTY
13170437,JG376368,2023-08-09 16:00:00+00:00,002XX E 121ST PL,CRIMINAL DAMAGE,TO PROPERTY,APARTMENT,False,False,532,5,9,53,14,41.67355412,-87.61641112,2023,2023-08-09,16:00:00,16,Wednesday,August,TO PROPERTY
13296784,JG527612,2023-12-03 21:30:00+00:00,132XX S ELLIS AVE,ROBBERY,STRONG ARM - NO WEAPON,STREET,False,False,533,5,10,54,03,41.6556825,-87.59680884,2023,2023-12-03,21:30:00,21,Sunday,December,STRONG ARM - NO WEAPON
13068012,JG254484,2023-05-09 20:08:00+00:00,132XX S FORRESTVILLE AVE,BATTERY,AGGRAVATED - HANDGUN,STREET,False,False,533,5,10,54,04B,41.65446991,-87.60852856,2023,2023-05-09,20:08:00,20,Tuesday,May,AGGRAVATED
13242683,JG462703,2023-10-13 23:08:00+00:00,130XX S DR MARTIN LUTHER KING JR DR,BATTERY,SIMPLE,SIDEWALK,False,False,533,5,9,54,08B,41.65753366,-87.61350028,2023,2023-10-13,23:08:00,23,Friday,October,SIMPLE
13066852,JG252947,2023-05-08 15:30:00+00:00,132XX S GREENWOOD AVE,BATTERY,SIMPLE,STREET,False,False,533,5,10,54,08B,41.65589581,-87.59498041,2023,2023-05-08,15:30:00,15,Monday,May,SIMPLE
13260247,JG483768,2023-10-29 19:14:00+00:00,132XX S ELLIS AVE,BATTERY,DOMESTIC BATTERY SIMPLE,RESIDENCE,False,True,533,5,10,54,08B,41.65566053,-87.59680543,2023,2023-10-29,19:14:00,19,Sunday,October,DOMESTIC BATTERY SIMPLE
13323120,JG559436,2023-12-30 02:49:00+00:00,006XX E 131ST ST,BATTERY,DOMESTIC BATTERY SIMPLE,RESIDENCE,True,True,533,5,10,54,08B,41.65732368,-87.60630092,2023,2023-12-30,02:49:00,2,Saturday,December,DOMESTIC BATTERY SIMPLE
13301924,JG533964,2023-12-08 20:19:00+00:00,131XX S ST LAWRENCE AVE,ASSAULT,AGGRAVATED - HANDGUN,STREET,False,False,533,5,10,54,04A,41.6568322,-87.60756527,2023,2023-12-08,20:19:00,20,Friday,December,AGGRAVATED
13314834,JG549194,2023-12-20 17:00:00+00:00,130XX S DREXEL AVE,ASSAULT,AGGRAVATED - HANDGUN,CHA APARTMENT,False,False,533,5,10,54,04A,41.65773771,-87.60062416,2023,2023-12-20,17:00:00,17,Wednesday,December,AGGRAVATED
13024808,JG202951,2023-03-29 01:45:00+00:00,130XX S EVANS AVE,ASSAULT,AGGRAVATED - HANDGUN,STREET,False,False,533,5,9,54,04A,41.65787889,-87.60340373,2023,2023-03-29,01:45:00,1,Wednesday,March,AGGRAVATED
13037527,JG217664,2023-04-10 11:30:00+00:00,131XX S LANGLEY AVE,ASSAULT,SIMPLE,APARTMENT,False,False,533,5,10,54,08A,41.65658079,-87.60513096,2023,2023-04-10,11:30:00,11,Monday,April,SIMPLE
13082809,JG272501,2023-05-23 19:30:00+00:00,006XX E 133RD ST,ASSAULT,SIMPLE,CHA APARTMENT,False,True,533,5,10,54,08A,41.65450268,-87.6058972,2023,2023-05-23,19:30:00,19,Tuesday,May,SIMPLE
12993309,JG165340,2023-02-11 12:00:00+00:00,007XX E 131ST ST,THEFT,OVER $500,RESIDENCE,False,False,533,5,9,54,06,41.65721227,-87.60301238,2023,2023-02-11,12:00:00,12,Saturday,February,OVER $500
13312274,JG546449,2023-12-18 20:45:00+00:00,131XX S CORLISS AVE,THEFT,$500 AND UNDER,STREET,False,False,533,5,10,54,06,41.65634349,-87.60233424,2023,2023-12-18,20:45:00,20,Monday,December,$500 AND UNDER
13319789,JG555197,2023-12-26 14:57:00+00:00,008XX E 132ND ST,THEFT,FROM BUILDING,RESIDENCE - PORCH / HALLWAY,False,False,533,5,10,54,06,41.65581902,-87.60142534,2023,2023-12-26,14:57:00,14,Tuesday,December,FROM BUILDING
12956853,JG121380,2023-01-19 00:12:00+00:00,132XX S INDIANA AVE,CRIMINAL DAMAGE,TO PROPERTY,RESIDENCE,True,True,533,5,9,54,14,41.65425566,-87.61725456,2023,2023-01-19,00:12:00,0,Thursday,January,TO PROPERTY
12994245,JG166432,2023-02-25 09:00:00+00:00,130XX S ELLIS AVE,CRIMINAL DAMAGE,TO PROPERTY,APARTMENT,False,True,533,5,9,54,14,41.65758994,-87.59768366,2023,2023-02-25,09:00:00,9,Saturday,February,TO PROPERTY
13263946,JG488391,2023-09-17 00:00:00+00:00,132XX S GREENWOOD AVE,CRIMINAL DAMAGE,TO VEHICLE,STREET,False,True,533,5,10,54,14,41.65483582,-87.59487542,2023,2023-09-17,00:00:00,0,Sunday,September,TO VEHICLE
13320894,JG556480,2023-12-27 16:30:00+00:00,133XX S CORLISS AVE,CRIMINAL DAMAGE,TO VEHICLE,STREET,False,True,533,5,10,54,14,41.65371289,-87.60209686,2023,2023-12-27,16:30:00,16,Wednesday,December,TO VEHICLE
12940622,JG102537,2023-01-03 08:00:00+00:00,007XX E 133RD PL,CRIMINAL DAMAGE,TO VEHICLE,STREET,False,False,533,5,9,54,14,41.65266934,-87.6041468,2023,2023-01-03,08:00:00,8,Tuesday,January,TO VEHICLE
13018278,JG195260,2023-03-22 17:11:00+00:00,003XX E 131ST PL,CRIMINAL DAMAGE,TO VEHICLE,STREET,True,False,533,5,9,54,14,41.65633767,-87.61446503,2023,2023-03-22,17:11:00,17,Wednesday,March,TO VEHICLE
13162269,JG366638,2023-08-01 00:00:00+00:00,133XX S EBERHART AVE,CRIMINAL DAMAGE,TO VEHICLE,DRIVEWAY - RESIDENTIAL,False,False,533,5,10,54,14,41.6523168,-87.61002732,2023,2023-08-01,00:00:00,0,Tuesday,August,TO VEHICLE
13094299,JG285964,2023-06-03 01:20:00+00:00,079XX S ASHLAND AVE,BATTERY,AGGRAVATED - OTHER DANGEROUS WEAPON,GAS STATION,False,False,611,6,17,71,04B,41.74988027,-87.66342658,2023,2023-06-03,01:20:00,1,Saturday,June,AGGRAVATED
13245386,JG466053,2023-10-16 15:52:00+00:00,077XX S DAMEN AVE,BATTERY,"AGGRAVATED P.O. - HANDS, FISTS, FEET, NO / MINOR INJURY",STREET,True,False,611,6,18,71,08B,41.75325208,-87.67322065,2023,2023-10-16,15:52:00,15,Monday,October,AGGRAVATED
13279710,JG507189,2023-11-16 20:30:00+00:00,079XX S DAMEN AVE,BATTERY,SIMPLE,GAS STATION,False,False,611,6,17,71,08B,41.75000501,-87.67312565,2023,2023-11-16,20:30:00,20,Thursday,November,SIMPLE
13123018,JG319945,2023-06-28 18:35:00+00:00,016XX W 79TH ST,BATTERY,SIMPLE,TAVERN / LIQUOR STORE,False,False,611,6,17,71,08B,41.75034678,-87.66389447,2023,2023-06-28,18:35:00,18,Wednesday,June,SIMPLE
13240795,JG366759,2023-08-02 18:15:00+00:00,017XX W 80TH ST,BATTERY,DOMESTIC BATTERY SIMPLE,APARTMENT,False,True,611,6,17,71,08B,41.74848693,-87.66733651,2023,2023-08-02,18:15:00,18,Wednesday,August,DOMESTIC BATTERY SIMPLE
13139837,JG340204,2023-07-14 03:20:00+00:00,079XX S HONORE ST,BATTERY,DOMESTIC BATTERY SIMPLE,APARTMENT,False,True,611,6,17,71,08B,41.7494516,-87.66947768,2023,2023-07-14,03:20:00,3,Friday,July,DOMESTIC BATTERY SIMPLE
13105544,JG299366,2023-06-13 12:30:00+00:00,079XX S MARSHFIELD AVE,ASSAULT,SIMPLE,STREET,False,True,611,6,17,71,08A,41.74954151,-87.6646321,2023,2023-06-13,12:30:00,12,Tuesday,June,SIMPLE
13191052,JG400842,2023-08-05 13:00:00+00:00,077XX S PAULINA ST,ASSAULT,SIMPLE,APARTMENT,False,True,611,6,17,71,08A,41.75326491,-87.66594212,2023,2023-08-05,13:00:00,13,Saturday,August,SIMPLE
13130083,JG328463,2023-07-04 23:15:00+00:00,020XX W 75TH PL,THEFT,OVER $500,STREET,False,False,611,6,18,71,06,41.75695882,-87.6749932,2023,2023-07-04,23:15:00,23,Tuesday,July,OVER $500
13291375,JG520154,2023-11-21 16:40:00+00:00,079XX S WINCHESTER AVE,THEFT,$500 AND UNDER,RESIDENCE - PORCH / HALLWAY,False,False,611,6,17,71,06,41.7492515,-87.67189839,2023,2023-11-21,16:40:00,16,Tuesday,November,$500 AND UNDER
13117524,JG313648,2023-06-24 05:06:00+00:00,076XX S WOLCOTT AVE,THEFT,$500 AND UNDER,RESIDENCE,False,False,611,6,17,71,06,41.75510453,-87.6708451,2023,2023-06-24,05:06:00,5,Saturday,June,$500 AND UNDER
13143821,JG345050,2023-07-17 17:02:00+00:00,075XX S ASHLAND AVE,THEFT,RETAIL THEFT,DEPARTMENT STORE,True,False,611,6,17,71,06,41.75661026,-87.66359116,2023,2023-07-17,17:02:00,17,Monday,July,RETAIL THEFT
13076491,JG264849,2023-05-17 00:16:00+00:00,076XX S MARSHFIELD AVE,CRIMINAL DAMAGE,TO VEHICLE,STREET,False,True,611,6,17,71,14,41.75530539,-87.66477751,2023,2023-05-17,00:16:00,0,Wednesday,May,TO VEHICLE
13316854,JG546227,2023-12-18 18:37:00+00:00,075XX S CARPENTER ST,BATTERY,SIMPLE,APARTMENT,False,False,612,6,17,71,08B,41.75701759,-87.65027174,2023,2023-12-18,18:37:00,18,Monday,December,SIMPLE
13128520,JG326673,2023-07-03 22:00:00+00:00,012XX W 76TH ST,BATTERY,SIMPLE,APARTMENT,False,False,612,6,17,71,08B,41.75605723,-87.65492916,2023,2023-07-03,22:00:00,22,Monday,July,SIMPLE
13078860,JG267794,2023-05-20 11:00:00+00:00,077XX S MAY ST,BATTERY,DOMESTIC BATTERY SIMPLE,RESIDENCE,True,True,612,6,17,71,08B,41.75355441,-87.65260634,2023,2023-05-20,11:00:00,11,Saturday,May,DOMESTIC BATTERY SIMPLE
13134267,JG333553,2023-07-09 04:32:00+00:00,077XX S LAFLIN ST,BATTERY,DOMESTIC BATTERY SIMPLE,APARTMENT,True,True,612,6,17,71,08B,41.75339506,-87.6619021,2023,2023-07-09,04:32:00,4,Sunday,July,DOMESTIC BATTERY SIMPLE
13143373,JG344366,2023-07-17 10:00:00+00:00,014XX W 79TH ST,BATTERY,DOMESTIC BATTERY SIMPLE,APARTMENT,False,True,612,6,17,71,08B,41.75039859,-87.66054807,2023,2023-07-17,10:00:00,10,Monday,July,DOMESTIC BATTERY SIMPLE
13158354,JG362223,2023-07-30 15:10:00+00:00,077XX S ADA ST,BATTERY,DOMESTIC BATTERY SIMPLE,RESIDENCE,False,True,612,6,17,71,08B,41.75313322,-87.65703059,2023,2023-07-30,15:10:00,15,Sunday,July,DOMESTIC BATTERY SIMPLE
13177373,JG364382,2023-08-01 07:28:00+00:00,079XX S LAFLIN ST,BATTERY,DOMESTIC BATTERY SIMPLE,APARTMENT,False,True,612,6,17,71,08B,41.7501543,-87.66100871,2023,2023-08-01,07:28:00,7,Tuesday,August,DOMESTIC BATTERY SIMPLE
13283482,JG511615,2023-11-20 13:36:00+00:00,080XX S LAFLIN ST,ASSAULT,AGGRAVATED - HANDGUN,STREET,False,False,612,6,17,71,04A,41.74809574,-87.66095323,2023,2023-11-20,13:36:00,13,Monday,November,AGGRAVATED
13152467,JG355110,2023-07-25 08:40:00+00:00,077XX S ASHLAND AVE,ASSAULT,AGGRAVATED - OTHER DANGEROUS WEAPON,STREET,False,False,612,6,17,71,04A,41.75353895,-87.66351681,2023,2023-07-25,08:40:00,8,Tuesday,July,AGGRAVATED
13224671,JG440987,2023-09-27 10:20:00+00:00,014XX W 78TH ST,ASSAULT,SIMPLE,RESIDENCE - YARD (FRONT / BACK),False,False,612,6,17,71,08A,41.75223389,-87.65950277,2023,2023-09-27,10:20:00,10,Wednesday,September,SIMPLE
13256056,JG478602,2023-10-25 19:06:00+00:00,078XX S LOOMIS BLVD,ASSAULT,SIMPLE,APARTMENT,False,True,612,6,17,71,08A,41.75142184,-87.6586134,2023,2023-10-25,19:06:00,19,Wednesday,October,SIMPLE
12999739,JG172767,2023-03-03 14:45:00+00:00,010XX W 78TH ST,ASSAULT,SIMPLE,APARTMENT,False,True,612,6,17,71,08A,41.75236529,-87.65061425,2023,2023-03-03,14:45:00,14,Friday,March,SIMPLE
13020365,JG197668,2023-03-24 17:07:00+00:00,013XX W 76TH ST,ASSAULT,SIMPLE,APARTMENT,False,True,612,6,17,71,08A,41.75597093,-87.65704844,2023,2023-03-24,17:07:00,17,Friday,March,SIMPLE
13274732,JG501137,2023-11-11 14:00:00+00:00,010XX W 78TH ST,THEFT,$500 AND UNDER,STREET,False,False,612,6,17,71,06,41.7523772,-87.64984819,2023,2023-11-11,14:00:00,14,Saturday,November,$500 AND UNDER
13275284,JG501474,2023-11-12 14:05:00+00:00,079XX S JUSTINE ST,CRIMINAL DAMAGE,TO VEHICLE,RESIDENCE,False,True,612,6,17,71,14,41.74945874,-87.66220331,2023,2023-11-12,14:05:00,14,Sunday,November,TO VEHICLE
13140809,JG341294,2023-07-14 17:40:00+00:00,080XX S MORGAN ST,CRIMINAL DAMAGE,TO VEHICLE,VACANT LOT / LAND,False,False,612,6,17,71,14,41.74807075,-87.64882015,2023,2023-07-14,17:40:00,17,Friday,July,TO VEHICLE
13196134,JG406881,2023-09-01 14:16:00+00:00,085XX S SANGAMON ST,ROBBERY,ARMED - KNIFE / CUTTING INSTRUMENT,RESIDENCE,False,False,613,6,17,71,03,41.73893987,-87.64734526,2023,2023-09-01,14:16:00,14,Friday,September,ARMED - KNIFE / CUTTING INSTRUMENT
13319264,JG553989,2023-12-23 16:30:00+00:00,082XX S LOOMIS BLVD,ROBBERY,STRONG ARM - NO WEAPON,STREET,False,False,613,6,17,71,03,41.74432397,-87.65842755,2023,2023-12-23,16:30:00,16,Saturday,December,STRONG ARM - NO WEAPON
13082890,JG272646,2023-05-23 23:30:00+00:00,081XX S HALSTED ST,BATTERY,AGGRAVATED - HANDGUN,GAS STATION,False,False,613,6,17,71,04B,41.74601058,-87.64390604,2023,2023-05-23,23:30:00,23,Tuesday,May,AGGRAVATED
13131966,JG330829,2023-07-07 00:44:00+00:00,084XX S PEORIA ST,BATTERY,SIMPLE,RESIDENCE,False,False,613,6,17,71,08B,41.74104337,-87.64619431,2023,2023-07-07,00:44:00,0,Friday,July,SIMPLE
13221123,JG436769,2023-09-24 04:55:00+00:00,085XX S MORGAN ST,BATTERY,DOMESTIC BATTERY SIMPLE,RESIDENCE,False,True,613,6,17,71,08B,41.73918593,-87.64857009,2023,2023-09-24,04:55:00,4,Sunday,September,DOMESTIC BATTERY SIMPLE
13143628,JG344672,2023-07-17 12:24:00+00:00,011XX W 82ND ST,BATTERY,DOMESTIC BATTERY SIMPLE,APARTMENT,False,True,613,6,17,71,08B,41.74504803,-87.65276948,2023,2023-07-17,12:24:00,12,Monday,July,DOMESTIC BATTERY SIMPLE
13321640,JG557615,2023-12-28 15:37:00+00:00,083XX S SANGAMON ST,BATTERY,"AGG. DOMESTIC BATTERY - HANDS, FISTS, FEET, SERIOUS INJURY",APARTMENT,False,True,613,6,17,71,04B,41.74253038,-87.64750491,2023,2023-12-28,15:37:00,15,Thursday,December,"AGG. DOMESTIC BATTERY - HANDS, FISTS, FEET, SERIOUS INJURY"
13100151,JG292866,2023-06-08 10:00:00+00:00,085XX S ELIZABETH ST,ASSAULT,AGGRAVATED - HANDGUN,RESIDENCE,False,False,613,6,17,71,04A,41.73882399,-87.65463424,2023,2023-06-08,10:00:00,10,Thursday,June,AGGRAVATED
13139068,JG339330,2023-07-13 13:30:00+00:00,086XX S MORGAN ST,ASSAULT,SIMPLE,RESIDENCE,False,False,613,6,17,71,08A,41.73720146,-87.64851423,2023,2023-07-13,13:30:00,13,Thursday,July,SIMPLE
13318464,JG553912,2023-12-25 06:15:00+00:00,085XX S GREEN ST,THEFT,OVER $500,STREET,False,False,613,6,17,71,06,41.73882105,-87.64491361,2023,2023-12-25,06:15:00,6,Monday,December,OVER $500
13199228,JG410693,2023-09-01 09:00:00+00:00,085XX S ADA ST,THEFT,OVER $500,RESIDENCE,False,False,613,6,17,71,06,41.73882461,-87.65706715,2023,2023-09-01,09:00:00,9,Friday,September,OVER $500
12972370,JG140087,2023-02-04 01:00:00+00:00,083XX S PEORIA ST,THEFT,OVER $500,RESIDENCE,True,True,613,6,21,71,06,41.74239961,-87.64628611,2023,2023-02-04,01:00:00,1,Saturday,February,OVER $500
13157475,JG360897,2023-07-29 13:30:00+00:00,085XX S GREEN ST,THEFT,OVER $500,STREET,False,True,613,6,17,71,06,41.73909827,-87.64492164,2023,2023-07-29,13:30:00,13,Saturday,July,OVER $500
13222014,JG437871,2023-09-25 01:00:00+00:00,085XX S MORGAN ST,THEFT,$500 AND UNDER,RESIDENCE,False,False,613,6,17,71,06,41.73918593,-87.64857009,2023,2023-09-25,01:00:00,1,Monday,September,$500 AND UNDER
13280453,JG508148,2023-11-17 07:00:00+00:00,084XX S RACINE AVE,THEFT,$500 AND UNDER,PARKING LOT / GARAGE (NON RESIDENTIAL),False,False,613,6,17,71,06,41.74066129,-87.65347169,2023,2023-11-17,07:00:00,7,Friday,November,$500 AND UNDER
13048172,JG230688,2023-04-14 14:00:00+00:00,082XX S MAY ST,THEFT,$500 AND UNDER,APARTMENT,False,True,613,6,17,71,06,41.74433757,-87.65235925,2023,2023-04-14,14:00:00,14,Friday,April,$500 AND UNDER
13097236,JG289436,2023-06-05 17:30:00+00:00,081XX S RACINE AVE,THEFT,$500 AND UNDER,STREET,False,False,613,6,17,71,06,41.74634568,-87.65362792,2023,2023-06-05,17:30:00,17,Monday,June,$500 AND UNDER
13110395,JG304774,2023-06-16 14:00:00+00:00,010XX W 87TH ST,CRIMINAL DAMAGE,TO PROPERTY,APARTMENT,False,False,613,6,17,71,14,41.73598153,-87.65011365,2023,2023-06-16,14:00:00,14,Friday,June,TO PROPERTY
13026810,JG205309,2023-03-30 20:56:00+00:00,081XX S THROOP ST,CRIMINAL DAMAGE,TO VEHICLE,STREET,False,False,613,6,17,71,14,41.74618159,-87.65604819,2023,2023-03-30,20:56:00,20,Thursday,March,TO VEHICLE
13029192,JG208248,2023-04-02 11:15:00+00:00,084XX S MORGAN ST,CRIMINAL DAMAGE,TO VEHICLE,APARTMENT,False,False,613,6,21,71,14,41.74078614,-87.64861538,2023,2023-04-02,11:15:00,11,Sunday,April,TO VEHICLE
13273851,JG500217,2023-11-11 13:50:00+00:00,081XX S MARSHFIELD AVE,BATTERY,DOMESTIC BATTERY SIMPLE,APARTMENT,False,True,614,6,17,71,08B,41.74574008,-87.66453597,2023,2023-11-11,13:50:00,13,Saturday,November,DOMESTIC BATTERY SIMPLE
13123433,JG320616,2023-06-28 10:00:00+00:00,085XX S LAFLIN ST,ASSAULT,SIMPLE,APARTMENT,False,False,614,6,21,71,08A,41.73880757,-87.66070937,2023,2023-06-28,10:00:00,10,Wednesday,June,SIMPLE
13194101,JG402986,2023-08-29 19:00:00+00:00,083XX S PAULINA ST,ASSAULT,SIMPLE,RESIDENCE,False,False,614,6,18,71,08A,41.74204452,-87.66565526,2023,2023-08-29,19:00:00,19,Tuesday,August,SIMPLE
13192321,JG402368,2023-08-27 20:30:00+00:00,081XX S HONORE ST,THEFT,OVER $500,STREET,False,False,614,6,17,71,06,41.74605093,-87.66939545,2023,2023-08-27,20:30:00,20,Sunday,August,OVER $500
13120488,JG317111,2023-06-25 16:30:00+00:00,084XX S HOYNE AVE,THEFT,$500 AND UNDER,STREET,False,False,614,6,18,71,06,41.74052239,-87.67533699,2023,2023-06-25,16:30:00,16,Sunday,June,$500 AND UNDER
13119550,JG316117,2023-06-26 00:00:00+00:00,083XX S HERMITAGE AVE,CRIMINAL DAMAGE,TO VEHICLE,VEHICLE NON-COMMERCIAL,False,False,614,6,18,71,14,41.74234527,-87.66687966,2023,2023-06-26,00:00:00,0,Monday,June,TO VEHICLE
13123553,JG320524,2023-06-29 08:20:00+00:00,079XX S UNION AVE,ROBBERY,AGGRAVATED,RESIDENCE - YARD (FRONT / BACK),False,False,621,6,6,71,03,41.74972058,-87.64157227,2023,2023-06-29,08:20:00,8,Thursday,June,AGGRAVATED
13051890,JG235054,2023-04-24 05:00:00+00:00,080XX S SANGAMON ST,BATTERY,AGGRAVATED - KNIFE / CUTTING INSTRUMENT,APARTMENT,False,False,621,6,17,71,04B,41.74788236,-87.64760186,2023,2023-04-24,05:00:00,5,Monday,April,AGGRAVATED
13058383,JG242908,2023-04-30 14:00:00+00:00,078XX S UNION AVE,BATTERY,DOMESTIC BATTERY SIMPLE,RESIDENCE,False,True,621,6,17,71,08B,41.7520399,-87.64163533,2023,2023-04-30,14:00:00,14,Sunday,April,DOMESTIC BATTERY SIMPLE
13075229,JG263409,2023-05-16 21:20:00+00:00,008XX W 76TH ST,BATTERY,DOMESTIC BATTERY SIMPLE,APARTMENT,False,True,621,6,17,71,08B,41.75609493,-87.6446594,2023,2023-05-16,21:20:00,21,Tuesday,May,DOMESTIC BATTERY SIMPLE
13026641,JG204935,2023-03-30 16:00:00+00:00,004XX W 80TH ST,ASSAULT,SIMPLE,SIDEWALK,False,False,621,6,17,44,08A,41.74894375,-87.63518955,2023,2023-03-30,16:00:00,16,Thursday,March,SIMPLE
13067950,JG254310,2023-05-09 17:55:00+00:00,077XX S GREEN ST,ASSAULT,SIMPLE,APARTMENT,False,False,621,6,17,71,08A,41.75365929,-87.64533412,2023,2023-05-09,17:55:00,17,Tuesday,May,SIMPLE
13096879,JG288975,2023-06-05 13:00:00+00:00,007XX W 79TH ST,ASSAULT,SIMPLE,STREET,False,True,621,6,17,71,08A,41.75065551,-87.64325166,2023,2023-06-05,13:00:00,13,Monday,June,SIMPLE
13237624,JG456575,2023-10-06 17:00:00+00:00,078XX S STEWART AVE,THEFT,OVER $500,STREET,False,False,621,6,17,69,06,41.75223173,-87.63433667,2023,2023-10-06,17:00:00,17,Friday,October,OVER $500
13266159,JG491354,2023-11-04 14:00:00+00:00,079XX S LOWE AVE,THEFT,OVER $500,OTHER (SPECIFY),False,False,621,6,6,71,06,41.74997671,-87.64035652,2023,2023-11-04,14:00:00,14,Saturday,November,OVER $500
12952930,JG116865,2023-01-14 16:00:00+00:00,079XX S NORMAL AVE,THEFT,OVER $500,APARTMENT,False,True,621,6,17,44,06,41.74946607,-87.63669372,2023,2023-01-14,16:00:00,16,Saturday,January,OVER $500
13153269,JG355572,2023-07-20 15:30:00+00:00,007XX W 76TH ST,CRIMINAL DAMAGE,TO PROPERTY,APARTMENT,False,False,621,6,17,68,14,41.7561063,-87.64243828,2023,2023-07-20,15:30:00,15,Thursday,July,TO PROPERTY
13185938,JG394756,2023-08-23 16:51:00+00:00,078XX S SANGAMON ST,CRIMINAL DAMAGE,TO PROPERTY,APARTMENT,False,False,621,6,17,71,14,41.75184032,-87.64771366,2023,2023-08-23,16:51:00,16,Wednesday,August,TO PROPERTY
13254880,JG477301,2023-10-24 22:30:00+00:00,075XX S PEORIA ST,CRIMINAL DAMAGE,TO VEHICLE,STREET,False,False,621,6,17,71,14,41.75690532,-87.64662987,2023,2023-10-24,22:30:00,22,Tuesday,October,TO VEHICLE
13094906,JG286797,2023-06-02 19:00:00+00:00,009XX W 76TH ST,CRIMINAL DAMAGE,TO VEHICLE,STREET,False,False,621,6,17,71,14,41.75603955,-87.64824804,2023,2023-06-02,19:00:00,19,Friday,June,TO VEHICLE
13107290,JG300274,2023-06-14 05:12:00+00:00,078XX S SANGAMON ST,CRIMINAL DAMAGE,TO VEHICLE,STREET,False,False,621,6,17,71,14,41.75189797,-87.64771671,2023,2023-06-14,05:12:00,5,Wednesday,June,TO VEHICLE
13165089,JG370144,2023-08-05 04:00:00+00:00,080XX S EMERALD AVE,CRIMINAL DAMAGE,TO VEHICLE,STREET,False,False,621,6,6,71,14,41.74828966,-87.64275297,2023,2023-08-05,04:00:00,4,Saturday,August,TO VEHICLE
12950029,JG113299,2023-01-12 09:52:00+00:00,001XX W 87TH ST,ROBBERY,ARMED - HANDGUN,STREET,False,False,622,6,21,44,03,41.73625998,-87.62806878,2023,2023-01-12,09:52:00,9,Thursday,January,ARMED - HANDGUN
13025315,JG203395,2023-03-29 11:40:00+00:00,086XX S EMERALD AVE,BATTERY,"AGGRAVATED - HANDS, FISTS, FEET, NO / MINOR INJURY",SIDEWALK,False,False,622,6,21,71,08B,41.73756676,-87.64260405,2023,2023-03-29,11:40:00,11,Wednesday,March,AGGRAVATED
13298396,JG529646,2023-12-05 12:40:00+00:00,085XX S LAFAYETTE AVE,BATTERY,SIMPLE,SCHOOL - PUBLIC GROUNDS,True,False,622,6,21,44,08B,41.73928511,-87.6255368,2023,2023-12-05,12:40:00,12,Tuesday,December,SIMPLE
12976582,JG144980,2023-02-08 09:13:00+00:00,085XX S LAFAYETTE AVE,BATTERY,SIMPLE,SCHOOL - PUBLIC BUILDING,False,False,622,6,21,44,08B,41.73928511,-87.6255368,2023,2023-02-08,09:13:00,9,Wednesday,February,SIMPLE
13007025,JG180407,2023-03-10 08:26:00+00:00,081XX S VINCENNES AVE,BATTERY,SIMPLE,CTA BUS,False,False,622,6,6,44,08B,41.74621174,-87.63540603,2023,2023-03-10,08:26:00,8,Friday,March,SIMPLE
13033697,JG207415,2023-04-01 16:15:00+00:00,083XX S LA SALLE ST,BATTERY,DOMESTIC BATTERY SIMPLE,RESIDENCE,False,True,622,6,21,44,08B,41.74297513,-87.62803927,2023,2023-04-01,16:15:00,16,Saturday,April,DOMESTIC BATTERY SIMPLE
13081412,JG270793,2023-05-22 17:13:00+00:00,082XX S LAFAYETTE AVE,BATTERY,DOMESTIC BATTERY SIMPLE,STREET,True,True,622,6,6,44,08B,41.74443412,-87.62564881,2023,2023-05-22,17:13:00,17,Monday,May,DOMESTIC BATTERY SIMPLE
13026831,JG205161,2023-03-30 17:48:00+00:00,006XX W 83RD ST,ASSAULT,AGGRAVATED PROTECTED EMPLOYEE - OTHER DANGEROUS WEAPON,PARKING LOT / GARAGE (NON RESIDENTIAL),True,False,622,6,6,71,04A,41.74343562,-87.64103513,2023,2023-03-30,17:48:00,17,Thursday,March,AGGRAVATED
13207176,JG419948,2023-09-11 12:55:00+00:00,083XX S HOLLAND RD,ASSAULT,SIMPLE,SMALL RETAIL STORE,False,False,622,6,21,44,08A,41.7429913,-87.63202582,2023,2023-09-11,12:55:00,12,Monday,September,SIMPLE
13303926,JG536237,2023-12-10 19:05:00+00:00,001XX W 87TH ST,ASSAULT,SIMPLE,GROCERY FOOD STORE,False,False,622,6,21,44,08A,41.73625519,-87.62818241,2023,2023-12-10,19:05:00,19,Sunday,December,SIMPLE
13269713,JG495456,2023-11-07 16:10:00+00:00,002XX W 87TH ST,THEFT,OVER $500,PARKING LOT / GARAGE (NON RESIDENTIAL),False,False,622,6,21,44,06,41.73614812,-87.62907024,2023,2023-11-07,16:10:00,16,Tuesday,November,OVER $500
13141934,JG342434,2023-07-02 00:00:00+00:00,002XX W 83RD ST,THEFT,OVER $500,APARTMENT,False,False,622,6,6,44,06,41.74356941,-87.63007745,2023,2023-07-02,00:00:00,0,Sunday,July,OVER $500
12978156,JG146966,2023-02-09 21:44:00+00:00,085XX S PARNELL AVE,CRIMINAL DAMAGE,TO PROPERTY,RESIDENCE,False,False,622,6,21,71,14,41.739005,-87.63763853,2023,2023-02-09,21:44:00,21,Thursday,February,TO PROPERTY
13248244,JG469354,2023-10-18 22:30:00+00:00,079XX S CALUMET AVE,ROBBERY,ARMED - HANDGUN,STREET,False,False,623,6,6,44,03,41.75063458,-87.61652524,2023,2023-10-18,22:30:00,22,Wednesday,October,ARMED - HANDGUN
13012748,JG188577,2023-03-17 04:37:00+00:00,002XX W 79TH ST,ROBBERY,ARMED - HANDGUN,SIDEWALK,False,False,623,6,17,44,03,41.75085729,-87.62991362,2023,2023-03-17,04:37:00,4,Friday,March,ARMED - HANDGUN
13195586,JG405777,2023-08-18 23:30:00+00:00,079XX S STATE ST,ROBBERY,ARMED - HANDGUN,RESIDENCE - PORCH / HALLWAY,False,False,623,6,6,44,03,41.74990477,-87.62451498,2023,2023-08-18,23:30:00,23,Friday,August,ARMED - HANDGUN
13015950,JG192562,2023-03-20 15:30:00+00:00,001XX E 75TH ST,ASSAULT,SIMPLE,RESTAURANT,False,False,623,6,6,69,08A,41.75830245,-87.62098468,2023,2023-03-20,15:30:00,15,Monday,March,SIMPLE
13088474,JG278834,2023-05-28 17:30:00+00:00,079XX S PRINCETON AVE,ASSAULT,SIMPLE,STREET,False,False,623,6,6,44,08A,41.7501255,-87.63186388,2023,2023-05-28,17:30:00,17,Sunday,May,SIMPLE
13114429,JG310092,2023-06-21 15:40:00+00:00,0000X W 79TH ST,ASSAULT,SIMPLE,PARKING LOT / GARAGE (NON RESIDENTIAL),False,False,623,6,6,69,08A,41.75093385,-87.62629204,2023,2023-06-21,15:40:00,15,Wednesday,June,SIMPLE
13230912,JG447874,2023-10-02 11:00:00+00:00,080XX S PRAIRIE AVE,THEFT,OVER $500,APARTMENT,False,False,623,6,6,44,06,41.74831435,-87.61807918,2023,2023-10-02,11:00:00,11,Monday,October,OVER $500
13215208,JG429799,2023-09-17 11:15:00+00:00,001XX W 79TH ST,THEFT,$500 AND UNDER,SMALL RETAIL STORE,False,False,623,6,17,69,06,41.75089655,-87.62781331,2023,2023-09-17,11:15:00,11,Sunday,September,$500 AND UNDER
12953516,JG117557,2023-01-15 20:41:00+00:00,0000X E 75TH ST,THEFT,$500 AND UNDER,SMALL RETAIL STORE,False,False,623,6,6,69,06,41.75821482,-87.62411934,2023,2023-01-15,20:41:00,20,Sunday,January,$500 AND UNDER
13219411,JG434814,2023-09-07 00:00:00+00:00,001XX W 79TH ST,THEFT,RETAIL THEFT,DEPARTMENT STORE,False,False,623,6,17,69,06,41.75089655,-87.62781331,2023,2023-09-07,00:00:00,0,Thursday,September,RETAIL THEFT
13284602,JG507970,2023-11-17 12:45:00+00:00,001XX W 79TH ST,THEFT,RETAIL THEFT,DEPARTMENT STORE,False,False,623,6,17,69,06,41.75089655,-87.62781331,2023,2023-11-17,12:45:00,12,Friday,November,RETAIL THEFT
13252793,JG474897,2023-10-23 10:38:00+00:00,0000X E 75TH ST,CRIMINAL DAMAGE,TO PROPERTY,DRUG STORE,False,False,623,6,6,69,14,41.75821482,-87.62411934,2023,2023-10-23,10:38:00,10,Monday,October,TO PROPERTY
13192239,JG402084,2023-08-29 07:40:00+00:00,077XX S WABASH AVE,CRIMINAL DAMAGE,TO PROPERTY,RESIDENCE - GARAGE,False,False,623,6,6,69,14,41.75392442,-87.62305978,2023,2023-08-29,07:40:00,7,Tuesday,August,TO PROPERTY
13298218,JG529431,2023-12-04 21:00:00+00:00,075XX S WENTWORTH AVE,CRIMINAL DAMAGE,TO VEHICLE,STREET,False,False,623,6,6,69,14,41.75715909,-87.62961024,2023,2023-12-04,21:00:00,21,Monday,December,TO VEHICLE
13128050,JG326132,2023-07-02 16:30:00+00:00,078XX S EVANS AVE,ROBBERY,ARMED - KNIFE / CUTTING INSTRUMENT,ALLEY,False,True,624,6,6,69,03,41.75222073,-87.60646974,2023,2023-07-02,16:30:00,16,Sunday,July,ARMED - KNIFE / CUTTING INSTRUMENT
13103940,JG297460,2023-06-12 02:00:00+00:00,078XX S ELLIS AVE,ROBBERY,ARMED - HANDGUN,STREET,False,False,624,6,8,69,03,41.7523905,-87.60036228,2023,2023-06-12,02:00:00,2,Monday,June,ARMED - HANDGUN
13057946,JG242340,2023-04-29 23:44:00+00:00,079XX S EBERHART AVE,BATTERY,DOMESTIC BATTERY SIMPLE,APARTMENT,False,True,624,6,6,44,08B,41.7505709,-87.61248746,2023,2023-04-29,23:44:00,23,Saturday,April,DOMESTIC BATTERY SIMPLE
13284387,JG512699,2023-11-21 10:54:00+00:00,076XX S DREXEL AVE,ASSAULT,AGGRAVATED - HANDGUN,APARTMENT,True,False,624,6,8,69,04A,41.75633088,-87.60287929,2023,2023-11-21,10:54:00,10,Tuesday,November,AGGRAVATED
13191904,JG401267,2023-08-28 12:00:00+00:00,079XX S DREXEL AVE,ASSAULT,AGGRAVATED - HANDGUN,STREET,False,True,624,6,8,44,04A,41.75070693,-87.6027415,2023,2023-08-28,12:00:00,12,Monday,August,AGGRAVATED
13314666,JG549351,2023-12-12 19:15:00+00:00,005XX E 79TH ST,ASSAULT,SIMPLE,SMALL RETAIL STORE,False,False,624,6,6,44,08A,41.7511646,-87.61219863,2023,2023-12-12,19:15:00,19,Tuesday,December,SIMPLE
13043763,JG225277,2023-04-16 02:00:00+00:00,079XX S ST LAWRENCE AVE,ASSAULT,SIMPLE,APARTMENT,True,False,624,6,6,44,08A,41.7502208,-87.61005437,2023,2023-04-16,02:00:00,2,Sunday,April,SIMPLE
13122222,JG319249,2023-06-27 23:00:00+00:00,075XX S CHAMPLAIN AVE,THEFT,OVER $500,STREET,False,False,624,6,6,69,06,41.75795055,-87.60903298,2023,2023-06-27,23:00:00,23,Tuesday,June,OVER $500
12983900,JG154033,2023-02-15 16:00:00+00:00,075XX S INGLESIDE AVE,THEFT,$500 AND UNDER,APARTMENT,False,False,624,6,8,69,06,41.75784925,-87.60170757,2023,2023-02-15,16:00:00,16,Wednesday,February,$500 AND UNDER
13032692,JG212317,2023-04-04 19:00:00+00:00,079XX S LANGLEY AVE,THEFT,$500 AND UNDER,STREET,False,False,624,6,6,44,06,41.7503208,-87.60763456,2023,2023-04-04,19:00:00,19,Tuesday,April,$500 AND UNDER
13073533,JG261136,2023-05-15 09:45:00+00:00,076XX S ST LAWRENCE AVE,THEFT,$500 AND UNDER,RESIDENCE,False,False,624,6,6,69,06,41.75589691,-87.61019588,2023,2023-05-15,09:45:00,9,Monday,May,$500 AND UNDER
13257107,JG479626,2023-10-26 10:00:00+00:00,078XX S ELLIS AVE,CRIMINAL DAMAGE,TO PROPERTY,APARTMENT,False,False,624,6,8,69,14,41.75233287,-87.60036293,2023,2023-10-26,10:00:00,10,Thursday,October,TO PROPERTY
13307096,JG540126,2023-12-13 20:55:00+00:00,078XX S DREXEL AVE,CRIMINAL DAMAGE,TO PROPERTY,APARTMENT,True,True,624,6,8,69,14,41.75242239,-87.60278435,2023,2023-12-13,20:55:00,20,Wednesday,December,TO PROPERTY
13044519,JG226101,2023-04-15 18:00:00+00:00,077XX S EVANS AVE,CRIMINAL DAMAGE,TO PROPERTY,APARTMENT,False,True,624,6,6,69,14,41.75445494,-87.60652516,2023,2023-04-15,18:00:00,18,Saturday,April,TO PROPERTY
13169229,JG375028,2023-08-08 16:00:00+00:00,006XX E 79TH ST,CRIMINAL DAMAGE,TO PROPERTY,BAR OR TAVERN,False,True,624,6,6,69,14,41.75120813,-87.60951923,2023,2023-08-08,16:00:00,16,Tuesday,August,TO PROPERTY
13238449,JG457599,2023-10-08 21:00:00+00:00,079XX S LANGLEY AVE,CRIMINAL DAMAGE,TO VEHICLE,STREET,False,False,624,6,6,44,14,41.75035925,-87.60763779,2023,2023-10-08,21:00:00,21,Sunday,October,TO VEHICLE
12943526,JG105397,2023-01-05 13:25:00+00:00,078XX S DREXEL AVE,CRIMINAL DAMAGE,TO VEHICLE,RESIDENCE,False,False,624,6,8,69,14,41.75247727,-87.60278372,2023,2023-01-05,13:25:00,13,Thursday,January,TO VEHICLE
13108941,JG303368,2023-06-13 18:00:00+00:00,078XX S COTTAGE GROVE AVE,CRIMINAL DAMAGE,TO VEHICLE,STREET,False,False,624,6,6,69,14,41.75229796,-87.60523017,2023,2023-06-13,18:00:00,18,Tuesday,June,TO VEHICLE
13128695,JG326993,2023-07-03 20:00:00+00:00,007XX E 76TH ST,CRIMINAL DAMAGE,TO VEHICLE,STREET,False,False,624,6,6,69,14,41.75674621,-87.60605584,2023,2023-07-03,20:00:00,20,Monday,July,TO VEHICLE
13232491,JG450038,2023-10-04 07:04:00+00:00,010XX E 82ND ST,ROBBERY,ARMED - HANDGUN,ALLEY,False,False,631,6,8,44,03,41.74585392,-87.59955717,2023,2023-10-04,07:04:00,7,Wednesday,October,ARMED - HANDGUN
13137414,JG336952,2023-07-11 15:20:00+00:00,009XX E 82ND ST,ROBBERY,ARMED - HANDGUN,STREET,False,False,631,6,8,44,03,41.74584118,-87.6010011,2023,2023-07-11,15:20:00,15,Tuesday,July,ARMED - HANDGUN
13261993,JG485790,2023-10-31 11:49:00+00:00,010XX E 83RD ST,ROBBERY,AGGRAVATED,SIDEWALK,False,False,631,6,8,44,03,41.74404248,-87.5995265,2023,2023-10-31,11:49:00,11,Tuesday,October,AGGRAVATED
12968875,JG135670,2023-01-31 09:33:00+00:00,082XX S MARYLAND AVE,ROBBERY,ATTEMPT ARMED - OTHER DANGEROUS WEAPON,APARTMENT,False,False,631,6,8,44,03,41.7451125,-87.60379431,2023,2023-01-31,09:33:00,9,Tuesday,January,ATTEMPT ARMED - OTHER DANGEROUS WEAPON
13146728,JG348322,2023-07-19 22:00:00+00:00,006XX E 80TH ST,BATTERY,AGGRAVATED - KNIFE / CUTTING INSTRUMENT,SIDEWALK,False,True,631,6,6,44,04B,41.74940111,-87.60844747,2023,2023-07-19,22:00:00,22,Wednesday,July,AGGRAVATED
13219115,JG432533,2023-09-21 00:03:00+00:00,008XX E 81ST ST,BATTERY,DOMESTIC BATTERY SIMPLE,RESIDENCE,False,True,631,6,8,44,08B,41.74763349,-87.60449867,2023,2023-09-21,00:03:00,0,Thursday,September,DOMESTIC BATTERY SIMPLE
13236818,JG455655,2023-10-08 12:01:00+00:00,081XX S INGLESIDE AVE,BATTERY,DOMESTIC BATTERY SIMPLE,APARTMENT,False,True,631,6,8,44,08B,41.74707883,-87.60142677,2023,2023-10-08,12:01:00,12,Sunday,October,DOMESTIC BATTERY SIMPLE
13320635,JG556413,2023-12-27 15:48:00+00:00,081XX S ELLIS AVE,BATTERY,DOMESTIC BATTERY SIMPLE,APARTMENT,True,True,631,6,8,44,08B,41.74682957,-87.60020933,2023,2023-12-27,15:48:00,15,Wednesday,December,DOMESTIC BATTERY SIMPLE
13098692,JG291188,2023-06-06 23:56:00+00:00,082XX S ELLIS AVE,BATTERY,DOMESTIC BATTERY SIMPLE,APARTMENT,False,True,631,6,8,44,08B,41.74530345,-87.6001644,2023,2023-06-06,23:56:00,23,Tuesday,June,DOMESTIC BATTERY SIMPLE
13198720,JG410136,2023-09-04 02:30:00+00:00,082XX S INDIANA AVE,BATTERY,DOMESTIC BATTERY SIMPLE,APARTMENT,True,True,631,6,6,44,08B,41.74472876,-87.61959938,2023,2023-09-04,02:30:00,2,Monday,September,DOMESTIC BATTERY SIMPLE
13212854,JG426871,2023-09-16 16:00:00+00:00,082XX S VERNON AVE,ASSAULT,AGGRAVATED - HANDGUN,STREET,False,True,631,6,6,44,04A,41.74480895,-87.61353763,2023,2023-09-16,16:00:00,16,Saturday,September,AGGRAVATED
13129557,JG326757,2023-07-03 23:30:00+00:00,080XX S VERNON AVE,ASSAULT,AGGRAVATED - HANDGUN,APARTMENT,False,True,631,6,6,44,04A,41.74857482,-87.61364581,2023,2023-07-03,23:30:00,23,Monday,July,AGGRAVATED
12979956,JG148976,2023-02-11 15:11:00+00:00,082XX S DOBSON AVE,ASSAULT,SIMPLE,CHURCH / SYNAGOGUE / PLACE OF WORSHIP,False,True,631,6,8,44,08A,41.74559725,-87.5989005,2023,2023-02-11,15:11:00,15,Saturday,February,SIMPLE
13017718,JG193395,2023-03-21 10:03:00+00:00,081XX S INGLESIDE AVE,ASSAULT,SIMPLE,RESIDENCE,False,True,631,6,8,44,08A,41.74696629,-87.60142439,2023,2023-03-21,10:03:00,10,Tuesday,March,SIMPLE
13143945,JG345103,2023-07-17 17:30:00+00:00,082XX S DREXEL AVE,ASSAULT,SIMPLE,APARTMENT,False,True,631,6,8,44,08A,41.7452393,-87.60258729,2023,2023-07-17,17:30:00,17,Monday,July,SIMPLE
13300271,JG531739,2023-12-06 18:30:00+00:00,080XX S MARYLAND AVE,THEFT,OVER $500,VEHICLE NON-COMMERCIAL,False,False,631,6,8,44,06,41.74880974,-87.60389903,2023,2023-12-06,18:30:00,18,Wednesday,December,OVER $500
13311581,JG545701,2023-12-13 14:45:00+00:00,082XX S MICHIGAN AVE,THEFT,OVER $500,APARTMENT,False,False,631,6,6,44,06,41.74498034,-87.62122357,2023,2023-12-13,14:45:00,14,Wednesday,December,OVER $500
12993109,JG164968,2023-02-24 20:00:00+00:00,081XX S ST LAWRENCE AVE,THEFT,OVER $500,ALLEY,False,True,631,6,6,44,06,41.74708627,-87.60996862,2023,2023-02-24,20:00:00,20,Friday,February,OVER $500
12997284,JG170064,2023-03-01 10:45:00+00:00,081XX S ST LAWRENCE AVE,THEFT,OVER $500,STREET,False,False,631,6,6,44,06,41.74708627,-87.60996862,2023,2023-03-01,10:45:00,10,Wednesday,March,OVER $500
13067158,JG253480,2023-05-08 18:00:00+00:00,082XX S INGLESIDE AVE,THEFT,$500 AND UNDER,STREET,False,False,631,6,8,44,06,41.7451026,-87.60137593,2023,2023-05-08,18:00:00,18,Monday,May,$500 AND UNDER
13138760,JG338885,2023-07-03 00:00:00+00:00,080XX S ELLIS AVE,THEFT,$500 AND UNDER,RESIDENCE - PORCH / HALLWAY,False,False,631,6,8,44,06,41.74905285,-87.60027199,2023,2023-07-03,00:00:00,0,Monday,July,$500 AND UNDER
13253133,JG475463,2023-10-17 12:00:00+00:00,081XX S MARYLAND AVE,THEFT,FROM BUILDING,APARTMENT,False,False,631,6,8,44,06,41.74690484,-87.60384364,2023,2023-10-17,12:00:00,12,Tuesday,October,FROM BUILDING
13267608,JG492663,2023-11-05 02:00:00+00:00,082XX S DR MARTIN LUTHER KING JR DR,CRIMINAL DAMAGE,TO PROPERTY,COMMERCIAL / BUSINESS OFFICE,False,True,631,6,6,44,14,41.7451819,-87.61480867,2023,2023-11-05,02:00:00,2,Sunday,November,TO PROPERTY
12988470,JG159342,2023-02-20 11:00:00+00:00,080XX S RHODES AVE,CRIMINAL DAMAGE,TO PROPERTY,APARTMENT,False,False,631,6,6,44,14,41.74846628,-87.61121741,2023,2023-02-20,11:00:00,11,Monday,February,TO PROPERTY
13180793,JG388625,2023-08-19 04:03:00+00:00,080XX S DREXEL AVE,CRIMINAL DAMAGE,TO PROPERTY,APARTMENT,False,False,631,6,8,44,14,41.74861539,-87.60268093,2023,2023-08-19,04:03:00,4,Saturday,August,TO PROPERTY
13065624,JG251414,2023-05-07 13:00:00+00:00,080XX S EBERHART AVE,CRIMINAL DAMAGE,TO VEHICLE,SIDEWALK,False,False,631,6,6,44,14,41.74864954,-87.612432,2023,2023-05-07,13:00:00,13,Sunday,May,TO VEHICLE
13084305,JG274005,2023-05-24 20:30:00+00:00,009XX E 83RD ST,CRIMINAL DAMAGE,TO VEHICLE,STREET,False,False,631,6,8,44,14,41.7440269,-87.60095576,2023,2023-05-24,20:30:00,20,Wednesday,May,TO VEHICLE
13096445,JG287595,2023-06-04 00:30:00+00:00,009XX E 82ND ST,CRIMINAL DAMAGE,TO VEHICLE,VEHICLE NON-COMMERCIAL,False,False,631,6,8,44,14,41.74583271,-87.60182569,2023,2023-06-04,00:30:00,0,Sunday,June,TO VEHICLE
13190843,JG400594,2023-08-27 19:00:00+00:00,010XX E 81ST ST,CRIMINAL DAMAGE,TO VEHICLE,STREET,False,False,631,6,8,44,14,41.747696,-87.59879962,2023,2023-08-27,19:00:00,19,Sunday,August,TO VEHICLE
12984027,JG154122,2023-02-15 19:33:00+00:00,083XX S DREXEL AVE,ROBBERY,ARMED - HANDGUN,APARTMENT,False,False,632,6,8,44,03,41.74314808,-87.60257802,2023,2023-02-15,19:33:00,19,Wednesday,February,ARMED - HANDGUN
12945278,JG107774,2023-01-07 14:45:00+00:00,087XX S COTTAGE GROVE AVE,ROBBERY,AGGRAVATED VEHICULAR HIJACKING,PARKING LOT / GARAGE (NON RESIDENTIAL),False,False,632,6,8,44,03,41.73642227,-87.60481597,2023,2023-01-07,14:45:00,14,Saturday,January,AGGRAVATED
13198730,JG410008,2023-09-03 23:44:00+00:00,006XX E 85TH ST,BATTERY,AGGRAVATED - HANDGUN,PARK PROPERTY,False,False,632,6,6,44,04B,41.74024523,-87.60874465,2023,2023-09-03,23:44:00,23,Sunday,September,AGGRAVATED
13118109,JG314211,2023-06-24 14:16:00+00:00,0000X E 83RD ST,BATTERY,SIMPLE,SIDEWALK,False,False,632,6,6,44,08B,41.74366073,-87.62394974,2023,2023-06-24,14:16:00,14,Saturday,June,SIMPLE
13283715,JG511902,2023-11-17 19:00:00+00:00,004XX E 87TH ST,BATTERY,DOMESTIC BATTERY SIMPLE,APARTMENT,False,True,632,6,8,44,08B,41.73651222,-87.61386477,2023,2023-11-17,19:00:00,19,Friday,November,DOMESTIC BATTERY SIMPLE
12985464,JG154802,2023-02-16 13:00:00+00:00,0000X E 84TH ST,BATTERY,DOMESTIC BATTERY SIMPLE,APARTMENT,False,True,632,6,6,44,08B,41.74184345,-87.62341645,2023,2023-02-16,13:00:00,13,Thursday,February,DOMESTIC BATTERY SIMPLE
13159483,JG363420,2023-07-31 12:00:00+00:00,087XX S COTTAGE GROVE AVE,BATTERY,DOMESTIC BATTERY SIMPLE,CTA BUS,False,True,632,6,8,44,08B,41.73642227,-87.60481597,2023,2023-07-31,12:00:00,12,Monday,July,DOMESTIC BATTERY SIMPLE
13213811,JG428206,2023-09-17 00:30:00+00:00,085XX S MARYLAND AVE,BATTERY,AGGRAVATED DOMESTIC BATTERY - OTHER DANGEROUS WEAPON,RESIDENCE,False,True,632,6,8,44,04B,41.73959851,-87.60368818,2023,2023-09-17,00:30:00,0,Sunday,September,AGGRAVATED
13171468,JG377572,2023-08-10 16:58:00+00:00,087XX S DR MARTIN LUTHER KING JR DR,ASSAULT,AGGRAVATED - HANDGUN,STREET,False,True,632,6,6,44,04A,41.73627756,-87.61451956,2023,2023-08-10,16:58:00,16,Thursday,August,AGGRAVATED
13147636,JG349124,2023-07-20 15:13:00+00:00,085XX S COTTAGE GROVE AVE,ASSAULT,SIMPLE,SMALL RETAIL STORE,False,False,632,6,8,44,08A,41.73966937,-87.60490751,2023,2023-07-20,15:13:00,15,Thursday,July,SIMPLE
13051983,JG235217,2023-04-22 22:00:00+00:00,007XX E 88TH PL,THEFT,$500 AND UNDER,RESIDENCE,False,False,632,6,8,44,06,41.7338885,-87.60642734,2023,2023-04-22,22:00:00,22,Saturday,April,$500 AND UNDER
13291463,JG521056,2023-11-28 17:55:00+00:00,086XX S COTTAGE GROVE AVE,THEFT,RETAIL THEFT,SMALL RETAIL STORE,False,False,632,6,6,44,06,41.73775077,-87.60485591,2023,2023-11-28,17:55:00,17,Tuesday,November,RETAIL THEFT
13017586,JG194335,2023-03-21 23:43:00+00:00,086XX S COTTAGE GROVE AVE,THEFT,RETAIL THEFT,CONVENIENCE STORE,True,False,632,6,6,44,06,41.73775077,-87.60485591,2023,2023-03-21,23:43:00,23,Tuesday,March,RETAIL THEFT
13285612,JG513648,2023-11-21 06:30:00+00:00,083XX S COTTAGE GROVE AVE,THEFT,FROM BUILDING,OTHER (SPECIFY),False,False,632,6,6,44,06,41.74350386,-87.60501807,2023,2023-11-21,06:30:00,6,Tuesday,November,FROM BUILDING
13274930,JG501445,2023-06-19 17:00:00+00:00,0000X E 88TH ST,CRIMINAL DAMAGE,TO PROPERTY,APARTMENT,False,False,632,6,6,44,14,41.73456665,-87.62182224,2023,2023-06-19,17:00:00,17,Monday,June,TO PROPERTY
13299811,JG531107,2023-12-03 15:10:00+00:00,084XX S MARYLAND AVE,CRIMINAL DAMAGE,TO PROPERTY,CHURCH / SYNAGOGUE / PLACE OF WORSHIP,False,False,632,6,8,44,14,41.74167087,-87.60375266,2023,2023-12-03,15:10:00,15,Sunday,December,TO PROPERTY
13302686,JG534981,2023-12-01 17:00:00+00:00,009XX E 84TH PL,CRIMINAL DAMAGE,TO PROPERTY,RESIDENCE,False,False,632,6,8,44,14,41.74127682,-87.60091006,2023,2023-12-01,17:00:00,17,Friday,December,TO PROPERTY
13053291,JG236696,2023-04-25 11:28:00+00:00,003XX E 84TH ST,CRIMINAL DAMAGE,TO PROPERTY,SCHOOL - PRIVATE GROUNDS,False,False,632,6,6,44,14,41.74194941,-87.61705422,2023,2023-04-25,11:28:00,11,Tuesday,April,TO PROPERTY
13109383,JG302996,2023-06-12 22:00:00+00:00,084XX S INGLESIDE AVE,CRIMINAL DAMAGE,TO PROPERTY,RESIDENCE - YARD (FRONT / BACK),False,False,632,6,8,44,14,41.74097746,-87.60130553,2023,2023-06-12,22:00:00,22,Monday,June,TO PROPERTY
13139615,JG339709,2023-07-13 17:24:00+00:00,007XX E 84TH PL,CRIMINAL DAMAGE,TO PROPERTY,RESIDENCE,False,False,632,6,6,44,14,41.74090274,-87.60595984,2023,2023-07-13,17:24:00,17,Thursday,July,TO PROPERTY
13205907,JG418596,2023-09-10 11:00:00+00:00,085XX S VERNON AVE,CRIMINAL DAMAGE,TO VEHICLE,RESIDENCE,False,False,632,6,6,44,14,41.73963253,-87.61299453,2023,2023-09-10,11:00:00,11,Sunday,September,TO VEHICLE
12943885,JG106248,2023-01-06 04:00:00+00:00,086XX S COTTAGE GROVE AVE,CRIMINAL DAMAGE,TO VEHICLE,STREET,False,False,632,6,8,44,14,41.73800878,-87.60486399,2023,2023-01-06,04:00:00,4,Friday,January,TO VEHICLE
13088007,JG278321,2023-05-28 10:30:00+00:00,086XX S STATE ST,CRIMINAL DAMAGE,TO VEHICLE,STREET,False,False,632,6,6,44,14,41.73800069,-87.6241879,2023,2023-05-28,10:30:00,10,Sunday,May,TO VEHICLE
13086369,JG273726,2023-05-24 17:54:00+00:00,093XX S VERNON AVE,ROBBERY,ARMED - HANDGUN,STREET,False,False,633,6,8,49,03,41.72510704,-87.6130176,2023,2023-05-24,17:54:00,17,Wednesday,May,ARMED - HANDGUN
13030713,JG209472,2023-04-03 05:30:00+00:00,008XX E 90TH PL,ROBBERY,STRONG ARM - NO WEAPON,APARTMENT,False,False,633,6,8,44,03,41.73027713,-87.60385229,2023,2023-04-03,05:30:00,5,Monday,April,STRONG ARM - NO WEAPON
13308416,JG541268,2023-12-13 23:00:00+00:00,007XX E 91ST ST,ROBBERY,AGGRAVATED,RESIDENCE,False,False,633,6,8,44,03,41.72933279,-87.60596947,2023,2023-12-13,23:00:00,23,Wednesday,December,AGGRAVATED
13000361,JG173565,2023-03-04 10:20:00+00:00,093XX S RHODES AVE,BATTERY,DOMESTIC BATTERY SIMPLE,RESIDENCE,False,True,633,6,9,49,08B,41.72473503,-87.61058937,2023,2023-03-04,10:20:00,10,Saturday,March,DOMESTIC BATTERY SIMPLE
13122086,JG317540,2023-06-26 22:48:00+00:00,090XX S LANGLEY AVE,BATTERY,DOMESTIC BATTERY SIMPLE,APARTMENT,False,True,633,6,8,44,08B,41.72992163,-87.60708387,2023,2023-06-26,22:48:00,22,Monday,June,DOMESTIC BATTERY SIMPLE
13133083,JG332192,2023-07-07 23:43:00+00:00,090XX S DR MARTIN LUTHER KING JR DR,BATTERY,DOMESTIC BATTERY SIMPLE,RESIDENCE,False,True,633,6,6,44,08B,41.73066455,-87.61437698,2023,2023-07-07,23:43:00,23,Friday,July,DOMESTIC BATTERY SIMPLE
13293693,JG523301,2023-11-30 13:30:00+00:00,094XX S COTTAGE GROVE AVE,THEFT,OVER $500,GAS STATION,False,False,633,6,8,47,06,41.72313243,-87.60451921,2023,2023-11-30,13:30:00,13,Thursday,November,OVER $500
12957482,JG122204,2023-01-19 15:30:00+00:00,091XX S INDIANA AVE,THEFT,OVER $500,APARTMENT,False,False,633,6,9,49,06,41.72864439,-87.61916198,2023,2023-01-19,15:30:00,15,Thursday,January,OVER $500
13052636,JG235878,2023-04-24 10:15:00+00:00,006XX E 89TH PL,THEFT,OVER $500,STREET,False,False,633,6,8,44,06,41.73202428,-87.60890299,2023,2023-04-24,10:15:00,10,Monday,April,OVER $500
13312671,JG546917,2023-12-14 10:41:00+00:00,093XX S ST LAWRENCE AVE,THEFT,$500 AND UNDER,RESIDENCE - YARD (FRONT / BACK),False,False,633,6,8,49,06,41.72462035,-87.60937447,2023,2023-12-14,10:41:00,10,Thursday,December,$500 AND UNDER
13275566,JG502102,2023-11-13 06:48:00+00:00,094XX S COTTAGE GROVE AVE,CRIMINAL DAMAGE,TO PROPERTY,GAS STATION,False,False,633,6,8,49,14,41.72242145,-87.60448695,2023,2023-11-13,06:48:00,6,Monday,November,TO PROPERTY
13118482,JG314710,2023-06-24 22:55:00+00:00,094XX S BURNSIDE AVE,CRIMINAL DAMAGE,TO PROPERTY,RESIDENCE,False,False,633,6,8,44,14,41.72269704,-87.6051029,2023,2023-06-24,22:55:00,22,Saturday,June,TO PROPERTY
13147840,JG349733,2023-07-21 03:52:00+00:00,005XX E 91ST ST,CRIMINAL DAMAGE,TO PROPERTY,RESIDENCE,False,True,633,6,8,44,14,41.72924783,-87.61120921,2023,2023-07-21,03:52:00,3,Friday,July,TO PROPERTY
12944790,JG106604,2023-01-06 13:00:00+00:00,092XX S BURNSIDE AVE,CRIMINAL DAMAGE,TO VEHICLE,STREET,False,False,633,6,9,44,14,41.72656749,-87.61353247,2023,2023-01-06,13:00:00,13,Friday,January,TO VEHICLE
13295091,JG525490,2023-12-02 02:45:00+00:00,0000X W 95TH ST,BATTERY,AGGRAVATED - OTHER DANGEROUS WEAPON,CTA TRAIN,False,False,634,6,9,49,04B,41.72169857,-87.62537818,2023,2023-12-02,02:45:00,2,Saturday,December,AGGRAVATED
13304733,JG537247,2023-12-09 18:00:00+00:00,093XX S STEWART AVE,BATTERY,SIMPLE,RESIDENCE,False,False,634,6,9,49,08B,41.72404132,-87.63284368,2023,2023-12-09,18:00:00,18,Saturday,December,SIMPLE
13043800,JG225402,2023-04-14 20:00:00+00:00,003XX W 95TH ST,BATTERY,SIMPLE,FACTORY / MANUFACTURING BUILDING,False,False,634,6,21,49,08B,41.72162058,-87.63145237,2023,2023-04-14,20:00:00,20,Friday,April,SIMPLE
13322697,JG558922,2023-12-29 17:31:00+00:00,089XX S LAFAYETTE AVE,BATTERY,DOMESTIC BATTERY SIMPLE,SMALL RETAIL STORE,False,True,634,6,21,44,08B,41.73221448,-87.62532866,2023,2023-12-29,17:31:00,17,Friday,December,DOMESTIC BATTERY SIMPLE
12974139,JG142113,2023-02-05 23:22:00+00:00,003XX W 92ND ST,BATTERY,DOMESTIC BATTERY SIMPLE,APARTMENT,False,True,634,6,21,49,08B,41.72661259,-87.63236882,2023,2023-02-05,23:22:00,23,Sunday,February,DOMESTIC BATTERY SIMPLE
13023544,JG201315,2023-03-27 17:00:00+00:00,088XX S PRINCETON AVE,BATTERY,DOMESTIC BATTERY SIMPLE,RESIDENCE,False,True,634,6,21,49,08B,41.73357193,-87.63187916,2023,2023-03-27,17:00:00,17,Monday,March,DOMESTIC BATTERY SIMPLE
13027828,JG206346,2023-03-31 17:30:00+00:00,091XX S HARVARD AVE,BATTERY,DOMESTIC BATTERY SIMPLE,RESIDENCE,False,True,634,6,21,49,08B,41.72716831,-87.63214298,2023,2023-03-31,17:30:00,17,Friday,March,DOMESTIC BATTERY SIMPLE
13161212,JG365496,2023-08-01 21:46:00+00:00,092XX S PRINCETON AVE,BATTERY,DOMESTIC BATTERY SIMPLE,APARTMENT,False,True,634,6,9,49,08B,41.7265915,-87.62981571,2023,2023-08-01,21:46:00,21,Tuesday,August,DOMESTIC BATTERY SIMPLE
13169916,JG375814,2023-08-09 02:30:00+00:00,094XX S LAFAYETTE AVE,ASSAULT,SIMPLE,RESIDENCE,False,True,634,6,9,49,08A,41.7231622,-87.62508005,2023,2023-08-09,02:30:00,2,Wednesday,August,SIMPLE
13191809,JG401800,2023-08-28 21:59:00+00:00,094XX S HARVARD AVE,ASSAULT,SIMPLE,APARTMENT,False,False,634,6,9,49,08A,41.72247845,-87.63217199,2023,2023-08-28,21:59:00,21,Monday,August,SIMPLE
13153009,JG355859,2023-07-25 08:00:00+00:00,093XX S MICHIGAN AVE,THEFT,OVER $500,STREET,False,False,634,6,6,49,06,41.72453176,-87.62066549,2023,2023-07-25,08:00:00,8,Tuesday,July,OVER $500
13320893,JG556670,2023-12-22 14:00:00+00:00,0000X W 87TH ST,THEFT,$500 AND UNDER,PARKING LOT / GARAGE (NON RESIDENTIAL),False,False,634,6,21,44,06,41.73626912,-87.62776824,2023,2023-12-22,14:00:00,14,Friday,December,$500 AND UNDER
12979236,JG144705,2023-02-08 01:40:00+00:00,093XX S PRINCETON AVE,THEFT,$500 AND UNDER,RESIDENCE,False,True,634,6,21,49,06,41.72542175,-87.6301545,2023,2023-02-08,01:40:00,1,Wednesday,February,$500 AND UNDER
13012888,JG188687,2023-03-17 08:00:00+00:00,094XX S HARVARD AVE,THEFT,$500 AND UNDER,VEHICLE NON-COMMERCIAL,False,False,634,6,21,49,06,41.72411132,-87.63172198,2023,2023-03-17,08:00:00,8,Friday,March,$500 AND UNDER
13152872,JG355596,2023-07-25 14:46:00+00:00,0000X W 87TH ST,THEFT,$500 AND UNDER,GROCERY FOOD STORE,True,False,634,6,21,44,06,41.73626912,-87.62776824,2023,2023-07-25,14:46:00,14,Tuesday,July,$500 AND UNDER
13248640,JG469651,2023-10-19 00:52:00+00:00,094XX S MICHIGAN AVE,CRIMINAL DAMAGE,TO VEHICLE,STREET,False,False,634,6,6,49,14,41.72287392,-87.62062154,2023,2023-10-19,00:52:00,0,Thursday,October,TO VEHICLE
13303644,JG535947,2023-12-10 15:13:00+00:00,002XX W 63RD ST,ROBBERY,ARMED - HANDGUN,CTA PLATFORM,True,False,711,7,20,68,03,41.7799814,-87.63062933,2023,2023-12-10,15:13:00,15,Sunday,December,ARMED - HANDGUN
13092055,JG283096,2023-05-31 23:00:00+00:00,062XX S NORMAL BLVD,ROBBERY,ARMED - HANDGUN,SIDEWALK,False,False,711,7,20,68,03,41.78055558,-87.6374939,2023,2023-05-31,23:00:00,23,Wednesday,May,ARMED - HANDGUN
13099664,JG292060,2023-06-07 16:13:00+00:00,004XX W 63RD ST,BATTERY,AGGRAVATED - OTHER DANGEROUS WEAPON,STREET,False,False,711,7,20,68,04B,41.77987322,-87.63720064,2023,2023-06-07,16:13:00,16,Wednesday,June,AGGRAVATED
13120517,JG317369,2023-06-26 19:00:00+00:00,056XX S PRINCETON AVE,BATTERY,SIMPLE,STREET,False,False,711,7,20,68,08B,41.792117,-87.6329354,2023,2023-06-26,19:00:00,19,Monday,June,SIMPLE
13278219,JG504445,2023-11-14 20:00:00+00:00,058XX S PRINCETON AVE,BATTERY,DOMESTIC BATTERY SIMPLE,RESIDENCE,False,True,711,7,20,68,08B,41.78834025,-87.6328335,2023,2023-11-14,20:00:00,20,Tuesday,November,DOMESTIC BATTERY SIMPLE
13316816,JG551963,2023-12-23 04:00:00+00:00,057XX S PRINCETON AVE,BATTERY,DOMESTIC BATTERY SIMPLE,RESIDENCE,True,True,711,7,20,68,08B,41.78968789,-87.6328665,2023,2023-12-23,04:00:00,4,Saturday,December,DOMESTIC BATTERY SIMPLE
13070475,JG257620,2023-05-12 09:00:00+00:00,061XX S NORMAL BLVD,BATTERY,DOMESTIC BATTERY SIMPLE,APARTMENT,False,True,711,7,20,68,08B,41.78314936,-87.63756486,2023,2023-05-12,09:00:00,9,Friday,May,DOMESTIC BATTERY SIMPLE
13133757,JG332995,2023-07-08 16:15:00+00:00,005XX W 63RD ST,BATTERY,DOMESTIC BATTERY SIMPLE,APARTMENT,False,True,711,7,20,68,08B,41.77985874,-87.63798173,2023,2023-07-08,16:15:00,16,Saturday,July,DOMESTIC BATTERY SIMPLE
13095810,JG287775,2023-06-04 13:23:00+00:00,059XX S EMERALD AVE,BATTERY,AGGRAVATED DOMESTIC BATTERY - OTHER DANGEROUS WEAPON,APARTMENT,False,True,711,7,16,68,04B,41.7866308,-87.64376069,2023,2023-06-04,13:23:00,13,Sunday,June,AGGRAVATED
13148665,JG350762,2023-07-21 19:16:00+00:00,006XX W 61ST PL,ASSAULT,AGGRAVATED - HANDGUN,RESIDENCE,False,False,711,7,16,68,04A,41.78253813,-87.64132231,2023,2023-07-21,19:16:00,19,Friday,July,AGGRAVATED
13235251,JG453866,2023-10-06 17:30:00+00:00,006XX W 61ST ST,ASSAULT,SIMPLE,APARTMENT,False,False,711,7,16,68,08A,41.78344986,-87.64097151,2023,2023-10-06,17:30:00,17,Friday,October,SIMPLE
12978747,JG147611,2023-01-30 05:00:00+00:00,061XX S YALE AVE,THEFT,OVER $500,STREET,False,False,711,7,20,68,06,41.78334843,-87.63194186,2023,2023-01-30,05:00:00,5,Monday,January,OVER $500
13318675,JG554179,2023-12-04 00:01:00+00:00,007XX W 61ST PL,THEFT,$500 AND UNDER,RESIDENCE,False,False,711,7,16,68,06,41.78250964,-87.64297255,2023,2023-12-04,00:01:00,0,Monday,December,$500 AND UNDER
12982138,JG150669,2023-02-11 19:10:00+00:00,006XX W 63rd st,THEFT,POCKET-PICKING,DRUG STORE,False,False,711,7,16,68,06,41.77979855,-87.64164874,2023,2023-02-11,19:10:00,19,Saturday,February,POCKET-PICKING
12997865,JG163566,2023-02-23 20:00:00+00:00,056XX S SHIELDS AVE,CRIMINAL DAMAGE,TO PROPERTY,RESIDENCE,False,False,711,7,3,68,14,41.79204723,-87.63409495,2023,2023-02-23,20:00:00,20,Thursday,February,TO PROPERTY
13215147,JG429561,2023-09-18 16:15:00+00:00,055XX S HALSTED ST,CRIMINAL DAMAGE,TO VEHICLE,PARKING LOT / GARAGE (NON RESIDENTIAL),False,False,711,7,16,68,14,41.79357939,-87.64514207,2023,2023-09-18,16:15:00,16,Monday,September,TO VEHICLE
13268162,JG494024,2023-11-06 00:00:00+00:00,006XX W ENGLEWOOD AVE,CRIMINAL DAMAGE,TO VEHICLE,STREET,False,False,711,7,16,68,14,41.78071329,-87.64134193,2023,2023-11-06,00:00:00,0,Monday,November,TO VEHICLE
13063614,JG239586,2023-04-27 16:20:00+00:00,061XX S PEORIA ST,BATTERY,AGGRAVATED - OTHER DANGEROUS WEAPON,SIDEWALK,False,True,712,7,16,68,04B,41.7830707,-87.64730039,2023,2023-04-27,16:20:00,16,Thursday,April,AGGRAVATED
13163540,JG368243,2023-08-03 20:21:00+00:00,008XX W 63RD ST,BATTERY,AGGRAVATED - OTHER DANGEROUS WEAPON,STREET,False,False,712,7,16,68,04B,41.77971757,-87.64690716,2023,2023-08-03,20:21:00,20,Thursday,August,AGGRAVATED
13025142,JG203213,2023-03-29 10:00:00+00:00,061XX S MORGAN ST,BATTERY,DOMESTIC BATTERY SIMPLE,APARTMENT,False,True,712,7,16,68,08B,41.78263504,-87.6497176,2023,2023-03-29,10:00:00,10,Wednesday,March,DOMESTIC BATTERY SIMPLE
13091404,JG282001,2023-05-30 23:00:00+00:00,009XX W GARFIELD BLVD,BATTERY,DOMESTIC BATTERY SIMPLE,APARTMENT,False,True,712,7,16,68,08B,41.79389575,-87.64802474,2023,2023-05-30,23:00:00,23,Tuesday,May,DOMESTIC BATTERY SIMPLE
13273789,JG500210,2023-11-11 12:30:00+00:00,008XX W 63RD ST,THEFT,$500 AND UNDER,CTA BUS,False,False,712,7,16,68,06,41.77974785,-87.64508833,2023,2023-11-11,12:30:00,12,Saturday,November,$500 AND UNDER
12973831,JG141603,2023-02-04 08:00:00+00:00,060XX S GREEN ST,THEFT,$500 AND UNDER,STREET,False,False,712,7,16,68,06,41.78467457,-87.64612463,2023,2023-02-04,08:00:00,8,Saturday,February,$500 AND UNDER
13049017,JG231655,2023-04-20 22:30:00+00:00,055XX S MAY ST,THEFT,$500 AND UNDER,DRIVEWAY - RESIDENTIAL,False,False,712,7,16,68,06,41.79334731,-87.65363763,2023,2023-04-20,22:30:00,22,Thursday,April,$500 AND UNDER
13279227,JG506325,2023-11-16 09:25:00+00:00,059XX S MORGAN ST,THEFT,RETAIL THEFT,GAS STATION,True,False,712,7,16,68,06,41.78649959,-87.64981588,2023,2023-11-16,09:25:00,9,Thursday,November,RETAIL THEFT
12969094,JG136247,2023-01-30 23:15:00+00:00,060XX S GREEN ST,CRIMINAL DAMAGE,TO VEHICLE,STREET,False,True,712,7,16,68,14,41.78456478,-87.64612214,2023,2023-01-30,23:15:00,23,Monday,January,TO VEHICLE
13004563,JG178702,2023-03-08 17:19:00+00:00,060XX S GREEN ST,CRIMINAL DAMAGE,TO VEHICLE,STREET,False,True,712,7,16,68,14,41.78456478,-87.64612214,2023,2023-03-08,17:19:00,17,Wednesday,March,TO VEHICLE
13078606,JG267371,2023-05-19 23:45:00+00:00,061XX S ASHLAND AVE,BATTERY,"AGGRAVATED P.O. - HANDS, FISTS, FEET, NO / MINOR INJURY",STREET,True,False,713,7,16,67,08B,41.78211979,-87.66428272,2023,2023-05-19,23:45:00,23,Friday,May,AGGRAVATED
13279837,JG507322,2023-11-16 23:55:00+00:00,014XX W 63RD ST,BATTERY,SIMPLE,POLICE FACILITY / VEHICLE PARKING LOT,False,False,713,7,16,67,08B,41.77952077,-87.66096236,2023,2023-11-16,23:55:00,23,Thursday,November,SIMPLE
13021340,JG198772,2023-03-25 14:51:00+00:00,061XX S LOOMIS BLVD,BATTERY,SIMPLE,VEHICLE NON-COMMERCIAL,True,False,713,7,16,67,08B,41.78209414,-87.65942488,2023,2023-03-25,14:51:00,14,Saturday,March,SIMPLE
13274399,JG500815,2023-11-11 23:29:00+00:00,056XX S ADA ST,BATTERY,AGGRAVATED OF A CHILD,APARTMENT,False,True,713,7,16,67,04B,41.79132017,-87.6584445,2023,2023-11-11,23:29:00,23,Saturday,November,AGGRAVATED
13239039,JG457419,2023-10-09 20:05:00+00:00,055XX S ASHLAND AVE,ASSAULT,SIMPLE,GAS STATION,False,False,713,7,16,67,08A,41.79329893,-87.66456619,2023,2023-10-09,20:05:00,20,Monday,October,SIMPLE
13005839,JG180218,2023-03-10 03:15:00+00:00,055XX S ADA ST,THEFT,$500 AND UNDER,CTA BUS,False,False,713,7,16,67,06,41.79338144,-87.65849622,2023,2023-03-10,03:15:00,3,Friday,March,$500 AND UNDER
12964443,JG130449,2023-01-25 10:20:00+00:00,056XX S JUSTINE ST,CRIMINAL DAMAGE,TO PROPERTY,APARTMENT,False,False,713,7,16,67,14,41.79156534,-87.66328975,2023,2023-01-25,10:20:00,10,Wednesday,January,TO PROPERTY
12988048,JG158884,2023-02-19 21:36:00+00:00,013XX W 58TH ST,CRIMINAL DAMAGE,TO PROPERTY,APARTMENT,True,True,713,7,16,67,14,41.78865824,-87.65798106,2023,2023-02-19,21:36:00,21,Sunday,February,TO PROPERTY
13237016,JG455758,2023-10-08 14:00:00+00:00,014XX W 63RD ST,CRIMINAL DAMAGE,TO VEHICLE,POLICE FACILITY / VEHICLE PARKING LOT,False,False,713,7,16,67,14,41.77952077,-87.66096236,2023,2023-10-08,14:00:00,14,Sunday,October,TO VEHICLE
13241794,JG461661,2023-10-13 07:01:00+00:00,016XX W 59TH ST,ROBBERY,ARMED - HANDGUN,STREET,False,False,714,7,15,67,03,41.7867292,-87.66599851,2023,2023-10-13,07:01:00,7,Friday,October,ARMED - HANDGUN
13099329,JG291096,2023-06-06 18:15:00+00:00,061XX S ASHLAND AVE,BATTERY,AGGRAVATED - KNIFE / CUTTING INSTRUMENT,SIDEWALK,False,False,714,7,16,67,04B,41.78243269,-87.66429047,2023,2023-06-06,18:15:00,18,Tuesday,June,AGGRAVATED
13073434,JG261354,2023-05-15 11:30:00+00:00,020XX W 63RD ST,BATTERY,DOMESTIC BATTERY SIMPLE,RESTAURANT,False,True,714,7,16,67,08B,41.77931045,-87.67439434,2023,2023-05-15,11:30:00,11,Monday,May,DOMESTIC BATTERY SIMPLE
12961213,JG126547,2023-01-23 12:55:00+00:00,016XX W 61ST ST,ASSAULT,SIMPLE,RESIDENCE,False,True,714,7,15,67,08A,41.78308754,-87.6659996,2023,2023-01-23,12:55:00,12,Monday,January,SIMPLE
13100566,JG293532,2023-06-08 07:00:00+00:00,061XX S WOOD ST,THEFT,OVER $500,STREET,False,False,714,7,15,67,06,41.78237025,-87.66913824,2023,2023-06-08,07:00:00,7,Thursday,June,OVER $500
13227868,JG444757,2023-09-15 10:00:00+00:00,061XX S WOLCOTT AVE,THEFT,$500 AND UNDER,RESIDENCE,False,False,714,7,16,67,06,41.78227994,-87.67155906,2023,2023-09-15,10:00:00,10,Friday,September,$500 AND UNDER
13093779,JG284335,2023-06-01 16:00:00+00:00,019XX W 59TH ST,THEFT,$500 AND UNDER,SIDEWALK,False,True,714,7,16,67,06,41.78663953,-87.67327794,2023,2023-06-01,16:00:00,16,Thursday,June,$500 AND UNDER
13114162,JG309698,2023-06-02 07:00:00+00:00,059XX S PAULINA ST,THEFT,$500 AND UNDER,STREET,False,False,714,7,15,67,06,41.78574315,-87.66679707,2023,2023-06-02,07:00:00,7,Friday,June,$500 AND UNDER
13135686,JG335362,2023-06-19 09:00:00+00:00,059XX S WOLCOTT AVE,THEFT,FROM BUILDING,RESIDENCE,False,False,714,7,16,67,06,41.7860539,-87.67165592,2023,2023-06-19,09:00:00,9,Monday,June,FROM BUILDING
13172777,JG379095,2023-08-11 19:00:00+00:00,056XX S PAULINA ST,BATTERY,AGGRAVATED - OTHER DANGEROUS WEAPON,STREET,False,False,715,7,15,67,04B,41.79172664,-87.66695878,2023,2023-08-11,19:00:00,19,Friday,August,AGGRAVATED
13216266,JG431045,2023-09-19 18:20:00+00:00,056XX S WOOD ST,BATTERY,SIMPLE,SIDEWALK,False,False,715,7,15,67,08B,41.79141954,-87.66937486,2023,2023-09-19,18:20:00,18,Tuesday,September,SIMPLE
12986349,JG156743,2023-02-17 23:50:00+00:00,056XX S PAULINA ST,BATTERY,DOMESTIC BATTERY SIMPLE,APARTMENT,True,True,715,7,16,67,08B,41.79127924,-87.66694508,2023,2023-02-17,23:50:00,23,Friday,February,DOMESTIC BATTERY SIMPLE
13024751,JG202889,2023-03-28 19:47:00+00:00,057XX S HONORE ST,BATTERY,DOMESTIC BATTERY SIMPLE,RESIDENCE,False,True,715,7,15,67,08B,41.78986204,-87.67054235,2023,2023-03-28,19:47:00,19,Tuesday,March,DOMESTIC BATTERY SIMPLE
13125527,JG323159,2023-07-01 02:44:00+00:00,056XX S PAULINA ST,BATTERY,DOMESTIC BATTERY SIMPLE,APARTMENT,False,True,715,7,16,67,08B,41.79152076,-87.66694991,2023,2023-07-01,02:44:00,2,Saturday,July,DOMESTIC BATTERY SIMPLE
13215137,JG429282,2023-09-18 11:50:00+00:00,056XX S HOYNE AVE,ASSAULT,SIMPLE,RESIDENCE - PORCH / HALLWAY,False,False,715,7,15,67,08A,41.79107169,-87.67665379,2023,2023-09-18,11:50:00,11,Monday,September,SIMPLE
13315829,JG550484,2023-12-22 10:09:00+00:00,057XX S PAULINA ST,ASSAULT,SIMPLE,APARTMENT,False,True,715,7,16,67,08A,41.78947597,-87.66689775,2023,2023-12-22,10:09:00,10,Friday,December,SIMPLE
13087245,JG277356,2023-05-26 12:30:00+00:00,055XX S ASHLAND AVE,THEFT,OVER $500,CTA BUS,False,False,715,7,16,67,06,41.79329893,-87.66456619,2023,2023-05-26,12:30:00,12,Friday,May,OVER $500
13244733,JG465321,2023-10-16 02:45:00+00:00,055XX S HAMILTON AVE,CRIMINAL DAMAGE,TO VEHICLE,RESIDENCE,False,False,715,7,15,67,14,41.79284899,-87.67791913,2023,2023-10-16,02:45:00,2,Monday,October,TO VEHICLE
13232054,JG428775,2023-09-18 06:23:00+00:00,066XX S WENTWORTH AVE,ROBBERY,ARMED - HANDGUN,GAS STATION,False,False,722,7,6,69,03,41.77353667,-87.62999581,2023,2023-09-18,06:23:00,6,Monday,September,ARMED - HANDGUN
13105597,JG297810,2023-06-12 10:20:00+00:00,066XX S WENTWORTH AVE,BATTERY,AGGRAVATED - OTHER DANGEROUS WEAPON,GAS STATION,False,False,722,7,6,69,04B,41.77353667,-87.62999581,2023,2023-06-12,10:20:00,10,Monday,June,AGGRAVATED
13240177,JG459775,2023-10-11 16:14:00+00:00,001XX W 69TH ST,BATTERY,SIMPLE,STREET,True,False,722,7,6,69,08B,41.76908898,-87.62878338,2023,2023-10-11,16:14:00,16,Wednesday,October,SIMPLE
12967327,JG134033,2023-01-29 17:00:00+00:00,003XX W 64TH ST,BATTERY,SIMPLE,HOSPITAL BUILDING / GROUNDS,False,False,722,7,20,68,08B,41.77809913,-87.63382853,2023,2023-01-29,17:00:00,17,Sunday,January,SIMPLE
13032367,JG211756,2023-04-05 10:49:00+00:00,063XX S STEWART AVE,BATTERY,DOMESTIC BATTERY SIMPLE,HOSPITAL BUILDING / GROUNDS,False,True,722,7,20,68,08B,41.77939629,-87.63503532,2023,2023-04-05,10:49:00,10,Wednesday,April,DOMESTIC BATTERY SIMPLE
13066195,JG252299,2023-05-08 09:17:00+00:00,003XX W NORMAL PKWY,BATTERY,DOMESTIC BATTERY SIMPLE,RESIDENCE,True,True,722,7,6,68,08B,41.77147837,-87.63357787,2023,2023-05-08,09:17:00,9,Monday,May,DOMESTIC BATTERY SIMPLE
12940347,JG102300,2023-01-02 22:30:00+00:00,064XX S STEWART AVE,BATTERY,AGGRAVATED DOMESTIC BATTERY - KNIFE / CUTTING INSTRUMENT,APARTMENT,True,True,722,7,20,68,04B,41.77742006,-87.63497977,2023,2023-01-02,22:30:00,22,Monday,January,AGGRAVATED
12995392,JG167010,2023-02-26 18:39:00+00:00,068XX S PERRY AVE,ASSAULT,AGGRAVATED - HANDGUN,APARTMENT,False,True,722,7,6,69,04A,41.76996959,-87.62828619,2023,2023-02-26,18:39:00,18,Sunday,February,AGGRAVATED
13267042,JG492443,2023-11-05 10:45:00+00:00,066XX S STEWART AVE,THEFT,$500 AND UNDER,STREET,False,False,722,7,6,68,06,41.77395073,-87.6348891,2023,2023-11-05,10:45:00,10,Sunday,November,$500 AND UNDER
13003688,JG177399,2023-03-07 14:45:00+00:00,068XX S NORMAL BLVD,THEFT,$500 AND UNDER,SCHOOL - PUBLIC BUILDING,False,False,722,7,6,68,06,41.76992556,-87.63726788,2023,2023-03-07,14:45:00,14,Tuesday,March,$500 AND UNDER
13035375,JG215297,2023-04-07 21:40:00+00:00,065XX S HARVARD AVE,THEFT,$500 AND UNDER,STREET,False,False,722,7,20,68,06,41.77543953,-87.63331485,2023,2023-04-07,21:40:00,21,Friday,April,$500 AND UNDER
13242721,JG462803,2023-10-14 00:00:00+00:00,065XX S HARVARD AVE,CRIMINAL DAMAGE,TO PROPERTY,APARTMENT,False,True,722,7,6,68,14,41.77543953,-87.63331485,2023,2023-10-14,00:00:00,0,Saturday,October,TO PROPERTY
12945665,JG108401,2023-01-07 17:00:00+00:00,063XX S NORMAL BLVD,CRIMINAL DAMAGE,TO VEHICLE,STREET,False,False,722,7,20,68,14,41.77866754,-87.63749965,2023,2023-01-07,17:00:00,17,Saturday,January,TO VEHICLE
13124101,JG321411,2023-06-29 20:00:00+00:00,065XX S HALSTED ST,ROBBERY,ARMED - HANDGUN,CTA BUS STOP,False,False,723,7,16,68,03,41.77581834,-87.64468307,2023,2023-06-29,20:00:00,20,Thursday,June,ARMED - HANDGUN
12985448,JG155615,2023-02-16 10:30:00+00:00,006XX W 63RD ST,BATTERY,SIMPLE,MEDICAL / DENTAL OFFICE,False,False,723,7,20,68,08B,41.77980262,-87.64141405,2023,2023-02-16,10:30:00,10,Thursday,February,SIMPLE
13205102,JG417456,2023-09-09 12:00:00+00:00,065XX S PEORIA ST,BATTERY,DOMESTIC BATTERY SIMPLE,RESIDENCE,True,True,723,7,16,68,08B,41.7753416,-87.64710414,2023,2023-09-09,12:00:00,12,Saturday,September,DOMESTIC BATTERY SIMPLE
13234619,JG452858,2023-10-06 03:45:00+00:00,064XX S LOWE AVE,BATTERY,DOMESTIC BATTERY SIMPLE,APARTMENT,False,True,723,7,20,68,08B,41.77730987,-87.64080292,2023,2023-10-06,03:45:00,3,Friday,October,DOMESTIC BATTERY SIMPLE
13112803,JG307895,2023-06-19 23:28:00+00:00,068XX S MORGAN ST,BATTERY,DOMESTIC BATTERY SIMPLE,APARTMENT,False,True,723,7,16,68,08B,41.76979526,-87.64938472,2023,2023-06-19,23:28:00,23,Monday,June,DOMESTIC BATTERY SIMPLE
13121299,JG317954,2023-06-27 10:17:00+00:00,065XX S LOWE AVE,BATTERY,DOMESTIC BATTERY SIMPLE,APARTMENT,False,True,723,7,6,68,08B,41.77521016,-87.64074852,2023,2023-06-27,10:17:00,10,Tuesday,June,DOMESTIC BATTERY SIMPLE
13232648,JG450552,2023-10-04 12:59:00+00:00,066XX S SANGAMON ST,ASSAULT,AGGRAVATED - HANDGUN,RESIDENCE,True,True,723,7,16,68,04A,41.77372944,-87.64827245,2023,2023-10-04,12:59:00,12,Wednesday,October,AGGRAVATED
13199742,JG411275,2023-09-04 23:58:00+00:00,008XX W 66TH ST,ASSAULT,AGGRAVATED - HANDGUN,STREET,False,False,723,7,16,68,04A,41.77426844,-87.6461624,2023,2023-09-04,23:58:00,23,Monday,September,AGGRAVATED
13207867,JG420900,2023-09-11 18:00:00+00:00,065XX S MORGAN ST,THEFT,$500 AND UNDER,STREET,False,False,723,7,16,68,06,41.77523256,-87.64952859,2023,2023-09-11,18:00:00,18,Monday,September,$500 AND UNDER
13299511,JG530924,2023-12-06 13:42:00+00:00,064XX S PEORIA ST,THEFT,$500 AND UNDER,APARTMENT,False,True,723,7,16,68,06,41.77740287,-87.64715549,2023,2023-12-06,13:42:00,13,Wednesday,December,$500 AND UNDER
12959399,JG124319,2023-01-06 00:00:00+00:00,066XX S HALSTED ST,THEFT,$500 AND UNDER,APARTMENT,False,False,723,7,6,68,06,41.77305442,-87.64461366,2023,2023-01-06,00:00:00,0,Friday,January,$500 AND UNDER
13034580,JG214259,2023-04-05 00:00:00+00:00,063XX S SANGAMON ST,THEFT,$500 AND UNDER,APARTMENT,False,True,723,7,16,68,06,41.7786123,-87.64840013,2023,2023-04-05,00:00:00,0,Wednesday,April,$500 AND UNDER
13037502,JG217887,2023-04-10 15:26:00+00:00,068XX S HALSTED ST,CRIMINAL DAMAGE,TO PROPERTY,COMMERCIAL / BUSINESS OFFICE,False,False,723,7,6,68,14,41.76966194,-87.64452531,2023,2023-04-10,15:26:00,15,Monday,April,TO PROPERTY
13226086,JG442737,2023-09-28 11:45:00+00:00,065XX S LOWE AVE,CRIMINAL DAMAGE,TO VEHICLE,STREET,False,False,723,7,6,68,14,41.77542973,-87.64075349,2023,2023-09-28,11:45:00,11,Thursday,September,TO VEHICLE
13168468,JG374177,2023-08-07 21:30:00+00:00,064XX S LOWE AVE,CRIMINAL DAMAGE,TO VEHICLE,STREET,False,False,723,7,20,68,14,41.77730987,-87.64080292,2023,2023-08-07,21:30:00,21,Monday,August,TO VEHICLE
13178783,JG386114,2023-08-17 09:56:00+00:00,066XX S GREEN ST,CRIMINAL DAMAGE,TO VEHICLE,STREET,False,True,723,7,16,68,14,41.77367104,-87.64584617,2023,2023-08-17,09:56:00,9,Thursday,August,TO VEHICLE
13291013,JG520534,2023-11-28 11:07:00+00:00,012XX W 63RD ST,BATTERY,"AGGRAVATED P.O. - HANDS, FISTS, FEET, NO / MINOR INJURY",CONVENIENCE STORE,True,False,724,7,16,67,08B,41.7796034,-87.65494502,2023,2023-11-28,11:07:00,11,Tuesday,November,AGGRAVATED
13184396,JG392794,2023-08-22 08:59:00+00:00,067XX S MAY ST,ASSAULT,SIMPLE,APARTMENT,False,True,724,7,16,68,08A,41.77180407,-87.65308061,2023,2023-08-22,08:59:00,8,Tuesday,August,SIMPLE
12941327,JG103435,2023-01-03 18:20:00+00:00,011XX W 69TH ST,THEFT,$500 AND UNDER,DAY CARE CENTER,False,False,724,7,16,68,06,41.76871892,-87.65252302,2023,2023-01-03,18:20:00,18,Tuesday,January,$500 AND UNDER
13002310,JG176048,2023-03-05 13:00:00+00:00,010XX W 64TH ST,THEFT,$500 AND UNDER,RESIDENCE,False,False,724,7,16,68,06,41.77785412,-87.65011667,2023,2023-03-05,13:00:00,13,Sunday,March,$500 AND UNDER
13041528,JG222526,2023-04-13 23:04:00+00:00,011XX W 63RD ST,THEFT,RETAIL THEFT,GAS STATION,False,False,724,7,16,68,06,41.7796184,-87.65376796,2023,2023-04-13,23:04:00,23,Thursday,April,RETAIL THEFT
13119377,JG315829,2023-06-25 00:00:00+00:00,063XX S RACINE AVE,CRIMINAL DAMAGE,CRIMINAL DEFACEMENT,CTA PARKING LOT / GARAGE / OTHER PROPERTY,False,False,724,7,16,67,14,41.7789695,-87.65448608,2023,2023-06-25,00:00:00,0,Sunday,June,CRIMINAL DEFACEMENT
13110222,JG304958,2023-06-17 17:30:00+00:00,010XX W 68TH ST,CRIMINAL DAMAGE,TO PROPERTY,RESIDENCE,False,False,724,7,16,68,14,41.77057736,-87.64984197,2023,2023-06-17,17:30:00,17,Saturday,June,TO PROPERTY
13001053,JG174467,2023-03-05 04:28:00+00:00,063XX S THROOP ST,CRIMINAL DAMAGE,TO VEHICLE,VEHICLE NON-COMMERCIAL,True,False,724,7,16,67,14,41.77887954,-87.65691412,2023,2023-03-05,04:28:00,4,Sunday,March,TO VEHICLE
13135240,JG334729,2023-07-10 05:40:00+00:00,015XX W 69TH ST,ROBBERY,ARMED - HANDGUN,STREET,False,False,725,7,17,67,03,41.76857397,-87.66240367,2023,2023-07-10,05:40:00,5,Monday,July,ARMED - HANDGUN
13294560,JG524683,2023-12-01 14:10:00+00:00,064XX S MARSHFIELD AVE,BATTERY,AGGRAVATED - KNIFE / CUTTING INSTRUMENT,SIDEWALK,False,False,725,7,15,67,04B,41.77718121,-87.66542292,2023,2023-12-01,14:10:00,14,Friday,December,AGGRAVATED
13129995,JG328337,2023-07-05 09:20:00+00:00,064XX S MARSHFIELD AVE,BATTERY,AGGRAVATED - KNIFE / CUTTING INSTRUMENT,APARTMENT,True,True,725,7,15,67,04B,41.77667893,-87.6654098,2023,2023-07-05,09:20:00,9,Wednesday,July,AGGRAVATED
13004309,JG178439,2023-03-08 13:40:00+00:00,065XX S LAFLIN ST,BATTERY,DOMESTIC BATTERY SIMPLE,RESIDENCE,False,True,725,7,16,67,08B,41.7753563,-87.66166576,2023,2023-03-08,13:40:00,13,Wednesday,March,DOMESTIC BATTERY SIMPLE
13318945,JG554559,2023-12-26 00:32:00+00:00,068XX S MARSHFIELD AVE,BATTERY,AGGRAVATED DOMESTIC BATTERY - KNIFE / CUTTING INSTRUMENT,APARTMENT,False,True,725,7,17,67,04B,41.76952857,-87.66515772,2023,2023-12-26,00:32:00,0,Tuesday,December,AGGRAVATED
12985156,JG155337,2023-02-16 20:33:00+00:00,065XX S JUSTINE ST,BATTERY,"AGG. DOMESTIC BATTERY - HANDS, FISTS, FEET, SERIOUS INJURY",RESIDENCE,False,True,725,7,16,67,04B,41.77492971,-87.66286535,2023,2023-02-16,20:33:00,20,Thursday,February,"AGG. DOMESTIC BATTERY - HANDS, FISTS, FEET, SERIOUS INJURY"
13106297,JG300260,2023-06-14 03:50:00+00:00,063XX S MARSHFIELD AVE,ASSAULT,AGGRAVATED - HANDGUN,STREET,False,False,725,7,15,67,04A,41.77898725,-87.66547384,2023,2023-06-14,03:50:00,3,Wednesday,June,AGGRAVATED
13121603,JG318309,2023-06-21 15:35:00+00:00,067XX S ASHLAND AVE,THEFT,OVER $500,STREET,False,False,725,7,16,67,06,41.77173651,-87.66400571,2023,2023-06-21,15:35:00,15,Wednesday,June,OVER $500
13188303,JG396762,2023-08-07 06:30:00+00:00,067XX S ASHLAND AVE,THEFT,OVER $500,GAS STATION,False,False,725,7,16,67,06,41.77173651,-87.66400571,2023,2023-08-07,06:30:00,6,Monday,August,OVER $500
13245522,JG465838,2023-10-12 17:00:00+00:00,063XX S BISHOP ST,THEFT,$500 AND UNDER,RESIDENCE - PORCH / HALLWAY,False,False,725,7,16,67,06,41.77879388,-87.660552,2023,2023-10-12,17:00:00,17,Thursday,October,$500 AND UNDER
13045116,JG227038,2023-04-17 00:00:00+00:00,064XX S BISHOP ST,THEFT,$500 AND UNDER,STREET,False,False,725,7,16,67,06,41.77706469,-87.66050408,2023,2023-04-17,00:00:00,0,Monday,April,$500 AND UNDER
13085388,JG275166,2023-05-25 17:00:00+00:00,067XX S ASHLAND AVE,THEFT,$500 AND UNDER,APARTMENT,False,False,725,7,16,67,06,41.77129188,-87.66399567,2023,2023-05-25,17:00:00,17,Thursday,May,$500 AND UNDER
12954751,JG118959,2023-01-17 03:40:00+00:00,064XX S JUSTINE ST,CRIMINAL DAMAGE,TO VEHICLE,STREET,False,False,725,7,16,67,14,41.77703216,-87.66292045,2023,2023-01-17,03:40:00,3,Tuesday,January,TO VEHICLE
12959014,JG123652,2023-01-20 20:59:00+00:00,021XX W 68TH PL,BATTERY,DOMESTIC BATTERY SIMPLE,RESIDENCE,False,True,726,7,16,67,08B,41.76931505,-87.67667411,2023,2023-01-20,20:59:00,20,Friday,January,DOMESTIC BATTERY SIMPLE
12997851,JG170754,2023-03-01 17:30:00+00:00,068XX S WOLCOTT AVE,THEFT,OVER $500,STREET,False,False,726,7,17,67,06,41.76983268,-87.67123245,2023,2023-03-01,17:30:00,17,Wednesday,March,OVER $500
13283835,JG512206,2023-11-20 18:15:00+00:00,066XX S SEELEY AVE,CRIMINAL DAMAGE,TO VEHICLE,VEHICLE NON-COMMERCIAL,False,False,726,7,16,67,14,41.7728865,-87.67495133,2023,2023-11-20,18:15:00,18,Monday,November,TO VEHICLE
12981219,JG150503,2023-02-12 23:00:00+00:00,021XX W 68TH PL,CRIMINAL DAMAGE,TO VEHICLE,STREET,False,True,726,7,16,67,14,41.76931505,-87.67667411,2023,2023-02-12,23:00:00,23,Sunday,February,TO VEHICLE
13301062,JG532763,2023-12-07 22:31:00+00:00,074XX S VINCENNES AVE,BATTERY,AGGRAVATED - OTHER DANGEROUS WEAPON,APARTMENT,False,False,731,7,6,69,04B,41.75892124,-87.63100575,2023,2023-12-07,22:31:00,22,Thursday,December,AGGRAVATED
13236305,JG454983,2023-10-07 19:13:00+00:00,002XX W 70TH ST,BATTERY,SIMPLE,RESIDENCE,False,False,731,7,6,69,08B,41.76724809,-87.63021479,2023,2023-10-07,19:13:00,19,Saturday,October,SIMPLE
13226481,JG443137,2023-09-29 01:30:00+00:00,072XX S PRINCETON AVE,BATTERY,DOMESTIC BATTERY SIMPLE,STREET,False,True,731,7,6,69,08B,41.7630255,-87.63215591,2023,2023-09-29,01:30:00,1,Friday,September,DOMESTIC BATTERY SIMPLE
13306413,JG539164,2023-12-13 07:00:00+00:00,0000X W 71ST ST,BATTERY,DOMESTIC BATTERY SIMPLE,APARTMENT,False,True,731,7,6,69,08B,41.765444,-87.62690618,2023,2023-12-13,07:00:00,7,Wednesday,December,DOMESTIC BATTERY SIMPLE
13023620,JG201179,2023-03-27 16:30:00+00:00,073XX S PRINCETON AVE,BATTERY,DOMESTIC BATTERY SIMPLE,APARTMENT,False,True,731,7,6,69,08B,41.76117284,-87.63211377,2023,2023-03-27,16:30:00,16,Monday,March,DOMESTIC BATTERY SIMPLE
13036913,JG217106,2023-04-10 00:46:00+00:00,074XX S HARVARD AVE,BATTERY,DOMESTIC BATTERY SIMPLE,RESIDENCE,False,True,731,7,6,69,08B,41.75938809,-87.63330606,2023,2023-04-10,00:46:00,0,Monday,April,DOMESTIC BATTERY SIMPLE
12963175,JG128823,2023-01-25 10:39:00+00:00,073XX S STEWART AVE,CRIMINAL DAMAGE,TO PROPERTY,APARTMENT,False,False,731,7,6,69,14,41.76122618,-87.63456161,2023,2023-01-25,10:39:00,10,Wednesday,January,TO PROPERTY
12972781,JG140598,2023-02-04 14:00:00+00:00,003XX W 74TH ST,CRIMINAL DAMAGE,TO PROPERTY,APARTMENT,False,False,731,7,6,69,14,41.75990998,-87.63383551,2023,2023-02-04,14:00:00,14,Saturday,February,TO PROPERTY
13111900,JG307111,2023-06-18 22:00:00+00:00,002XX W 72ND ST,CRIMINAL DAMAGE,TO VEHICLE,STREET,False,False,731,7,6,69,14,41.76359923,-87.63038659,2023,2023-06-18,22:00:00,22,Sunday,June,TO VEHICLE
13225712,JG442149,2023-09-28 08:45:00+00:00,071XX S EMERALD AVE,BATTERY,"PROTECTED EMPLOYEE - HANDS, FISTS, FEET, NO / MINOR INJURY",APARTMENT,True,False,732,7,6,68,08B,41.76463904,-87.64301387,2023,2023-09-28,08:45:00,8,Thursday,September,"PROTECTED EMPLOYEE - HANDS, FISTS, FEET, NO / MINOR INJURY"
12968911,JG135930,2023-01-31 13:21:00+00:00,004XX W 71ST ST,BATTERY,DOMESTIC BATTERY SIMPLE,SIDEWALK,False,True,732,7,6,68,08B,41.76535063,-87.63497505,2023,2023-01-31,13:21:00,13,Tuesday,January,DOMESTIC BATTERY SIMPLE
13081198,JG270764,2023-05-22 16:58:00+00:00,004XX W 70TH ST,BATTERY,DOMESTIC BATTERY SIMPLE,APARTMENT,False,True,732,7,6,68,08B,41.76714037,-87.63640723,2023,2023-05-22,16:58:00,16,Monday,May,DOMESTIC BATTERY SIMPLE
13105535,JG299190,2023-06-13 10:22:00+00:00,073XX S UNION AVE,BATTERY,AGGRAVATED DOMESTIC BATTERY - OTHER DANGEROUS WEAPON,APARTMENT,False,True,732,7,6,68,04B,41.76066383,-87.64185793,2023,2023-06-13,10:22:00,10,Tuesday,June,AGGRAVATED
13241205,JG461071,2023-10-12 16:46:00+00:00,071XX S LOWE AVE,ASSAULT,SIMPLE,APARTMENT,False,True,732,7,6,68,08A,41.76438802,-87.64006585,2023,2023-10-12,16:46:00,16,Thursday,October,SIMPLE
12983935,JG154030,2023-02-14 19:30:00+00:00,071XX S EGGLESTON AVE,THEFT,$500 AND UNDER,APARTMENT,False,False,732,7,6,68,06,41.76478798,-87.6358682,2023,2023-02-14,19:30:00,19,Tuesday,February,$500 AND UNDER
13004400,JG178605,2023-02-11 11:00:00+00:00,069XX S UNION AVE,THEFT,$500 AND UNDER,SIDEWALK,False,False,732,7,6,68,06,41.7684231,-87.64204588,2023,2023-02-11,11:00:00,11,Saturday,February,$500 AND UNDER
12970465,JG137703,2023-02-02 00:49:00+00:00,070XX S NORMAL BLVD,CRIMINAL DAMAGE,TO PROPERTY,APARTMENT,False,False,732,7,6,68,14,41.76621195,-87.63717239,2023,2023-02-02,00:49:00,0,Thursday,February,TO PROPERTY
12981792,JG150350,2023-02-12 18:54:00+00:00,071XX S HALSTED ST,CRIMINAL DAMAGE,TO PROPERTY,APARTMENT,False,False,732,7,6,68,14,41.76474891,-87.64440192,2023,2023-02-12,18:54:00,18,Sunday,February,TO PROPERTY
13048667,JG231359,2023-04-20 18:30:00+00:00,071XX S UNION AVE,CRIMINAL DAMAGE,TO PROPERTY,RESIDENCE,False,False,732,7,6,68,14,41.76457246,-87.64152639,2023,2023-04-20,18:30:00,18,Thursday,April,TO PROPERTY
13058484,JG242984,2023-04-30 05:00:00+00:00,071XX S PARNELL AVE,CRIMINAL DAMAGE,TO PROPERTY,APARTMENT,False,False,732,7,6,68,14,41.76445144,-87.6382984,2023,2023-04-30,05:00:00,5,Sunday,April,TO PROPERTY
13070164,JG256898,2023-05-11 00:00:00+00:00,073XX S GREEN ST,ROBBERY,ARMED - OTHER DANGEROUS WEAPON,APARTMENT,False,False,733,7,17,68,03,41.76107001,-87.64551887,2023,2023-05-11,00:00:00,0,Thursday,May,ARMED - OTHER DANGEROUS WEAPON
13295934,JG526616,2023-12-03 01:05:00+00:00,070XX S RACINE AVE,BATTERY,DOMESTIC BATTERY SIMPLE,APARTMENT,False,True,733,7,16,68,08B,41.76638218,-87.65414959,2023,2023-12-03,01:05:00,1,Sunday,December,DOMESTIC BATTERY SIMPLE
13098233,JG290778,2023-06-06 17:00:00+00:00,069XX S SANGAMON ST,BATTERY,DOMESTIC BATTERY SIMPLE,SIDEWALK,False,True,733,7,16,68,08B,41.76821806,-87.64813314,2023,2023-06-06,17:00:00,17,Tuesday,June,DOMESTIC BATTERY SIMPLE
13044157,JG225868,2023-04-16 14:00:00+00:00,071XX S SANGAMON ST,THEFT,OVER $500,STREET,False,False,733,7,6,68,06,41.76419154,-87.6480257,2023,2023-04-16,14:00:00,14,Sunday,April,OVER $500
13117311,JG313352,2023-06-23 21:43:00+00:00,073XX S GREEN ST,THEFT,OVER $500,STREET,True,False,733,7,17,68,06,41.76060614,-87.64550549,2023,2023-06-23,21:43:00,21,Friday,June,OVER $500
13272707,JG498640,2023-11-10 00:57:00+00:00,069XX S PEORIA ST,THEFT,$500 AND UNDER,VEHICLE NON-COMMERCIAL,False,False,733,7,16,68,06,41.76795832,-87.64691523,2023,2023-11-10,00:57:00,0,Friday,November,$500 AND UNDER
12945464,JG107191,2023-01-07 00:01:00+00:00,071XX S PEORIA ST,CRIMINAL DAMAGE,TO PROPERTY,RESIDENCE,False,False,733,7,6,68,14,41.7643572,-87.64681433,2023,2023-01-07,00:01:00,0,Saturday,January,TO PROPERTY
12974485,JG142544,2023-02-06 10:30:00+00:00,072XX S PEORIA ST,CRIMINAL DAMAGE,TO PROPERTY,APARTMENT,False,False,733,7,6,68,14,41.76289153,-87.64677864,2023,2023-02-06,10:30:00,10,Monday,February,TO PROPERTY
13262426,JG486436,2023-10-31 20:10:00+00:00,014XX W 72ND PL,ROBBERY,ARMED - HANDGUN,RESIDENCE,False,False,734,7,17,67,03,41.76221692,-87.66124934,2023,2023-10-31,20:10:00,20,Tuesday,October,ARMED - HANDGUN
13185133,JG392608,2023-08-22 04:55:00+00:00,070XX S ASHLAND AVE,BATTERY,SIMPLE,GROCERY FOOD STORE,False,True,734,7,17,67,08B,41.76536312,-87.6638117,2023,2023-08-22,04:55:00,4,Tuesday,August,SIMPLE
13077641,JG266226,2023-05-19 03:00:00+00:00,015XX W 71ST ST,BATTERY,AGGRAVATED DOMESTIC BATTERY - OTHER DANGEROUS WEAPON,APARTMENT,False,True,734,7,17,67,04B,41.76492157,-87.66291824,2023,2023-05-19,03:00:00,3,Friday,May,AGGRAVATED
13134512,JG333820,2023-07-09 10:45:00+00:00,014XX W 71ST PL,BATTERY,AGGRAVATED DOMESTIC BATTERY - OTHER DANGEROUS WEAPON,APARTMENT,True,True,734,7,17,67,04B,41.76403632,-87.66123768,2023,2023-07-09,10:45:00,10,Sunday,July,AGGRAVATED
13145584,JG346947,2023-07-19 02:14:00+00:00,070XX S RACINE AVE,ASSAULT,AGGRAVATED - HANDGUN,RESIDENCE,False,True,734,7,17,67,04A,41.76630809,-87.65415037,2023,2023-07-19,02:14:00,2,Wednesday,July,AGGRAVATED
13157023,JG360489,2023-07-29 07:22:00+00:00,015XX W 71ST ST,ASSAULT,AGGRAVATED - HANDGUN,STREET,True,False,734,7,17,67,04A,41.76492157,-87.66291824,2023,2023-07-29,07:22:00,7,Saturday,July,AGGRAVATED
13255693,JG478298,2023-10-25 13:00:00+00:00,014XX W 71ST PL,THEFT,$500 AND UNDER,RESIDENCE - PORCH / HALLWAY,False,False,734,7,17,67,06,41.76404052,-87.66101771,2023,2023-10-25,13:00:00,13,Wednesday,October,$500 AND UNDER
13102298,JG295468,2023-06-10 03:40:00+00:00,013XX W 73RD ST,CRIMINAL DAMAGE,TO PROPERTY,RESIDENCE,False,False,734,7,17,67,14,41.76136031,-87.65790818,2023,2023-06-10,03:40:00,3,Saturday,June,TO PROPERTY
13210526,JG424234,2023-09-14 11:20:00+00:00,013XX W 71ST ST,CRIMINAL DAMAGE,TO VEHICLE,PARKING LOT / GARAGE (NON RESIDENTIAL),False,False,734,7,17,67,14,41.76499529,-87.65816697,2023,2023-09-14,11:20:00,11,Thursday,September,TO VEHICLE
13298136,JG529316,2023-12-04 21:00:00+00:00,069XX S ASHLAND AVE,BATTERY,SIMPLE,STREET,False,False,735,7,17,67,08B,41.76809684,-87.66387859,2023,2023-12-04,21:00:00,21,Monday,December,SIMPLE
13222571,JG437723,2023-09-24 21:00:00+00:00,073XX S SEELEY AVE,BATTERY,DOMESTIC BATTERY SIMPLE,RESIDENCE,False,True,735,7,17,67,08B,41.76052987,-87.67463783,2023,2023-09-24,21:00:00,21,Sunday,September,DOMESTIC BATTERY SIMPLE
13280630,JG508103,2023-11-17 15:20:00+00:00,069XX S HERMITAGE AVE,BATTERY,DOMESTIC BATTERY SIMPLE,STREET,False,True,735,7,17,67,08B,41.76772017,-87.66753718,2023,2023-11-17,15:20:00,15,Friday,November,DOMESTIC BATTERY SIMPLE
13017625,JG194385,2023-03-22 02:09:00+00:00,071XX S HERMITAGE AVE,BATTERY,DOMESTIC BATTERY SIMPLE,STREET,False,True,735,7,17,67,08B,41.76441277,-87.66744675,2023,2023-03-22,02:09:00,2,Wednesday,March,DOMESTIC BATTERY SIMPLE
13040379,JG221189,2023-04-12 23:50:00+00:00,021XX W 72ND PL,BATTERY,DOMESTIC BATTERY SIMPLE,RESIDENCE,False,True,735,7,17,67,08B,41.76203839,-87.67688759,2023,2023-04-12,23:50:00,23,Wednesday,April,DOMESTIC BATTERY SIMPLE
13198510,JG409832,2023-09-03 19:00:00+00:00,017XX W 71ST ST,BATTERY,DOMESTIC BATTERY SIMPLE,STREET,False,True,735,7,17,67,08B,41.76487485,-87.66667955,2023,2023-09-03,19:00:00,19,Sunday,September,DOMESTIC BATTERY SIMPLE
13018868,JG194820,2023-03-21 15:00:00+00:00,073XX S HOYNE AVE,ASSAULT,SIMPLE,STREET,False,False,735,7,17,67,08A,41.76053958,-87.6758546,2023,2023-03-21,15:00:00,15,Tuesday,March,SIMPLE
13171388,JG377530,2023-08-10 17:28:00+00:00,070XX S DAMEN AVE,ASSAULT,SIMPLE,PARKING LOT / GARAGE (NON RESIDENTIAL),False,False,735,7,17,67,08A,41.76639657,-87.67357345,2023,2023-08-10,17:28:00,17,Thursday,August,SIMPLE
13281299,JG509133,2023-11-16 22:00:00+00:00,017XX W 71ST ST,THEFT,OVER $500,RESIDENCE,False,True,735,7,17,67,06,41.76487562,-87.6668115,2023,2023-11-16,22:00:00,22,Thursday,November,OVER $500
13172831,JG379162,2023-08-11 22:30:00+00:00,070XX S WOLCOTT AVE,CRIMINAL DAMAGE,TO PROPERTY,RESIDENCE,False,False,735,7,17,67,14,41.76599009,-87.67113267,2023,2023-08-11,22:30:00,22,Friday,August,TO PROPERTY
13070531,JG257765,2023-05-06 18:00:00+00:00,073XX S WINCHESTER AVE,CRIMINAL DAMAGE,TO VEHICLE,STREET,False,False,735,7,17,67,14,41.76027162,-87.67219941,2023,2023-05-06,18:00:00,18,Saturday,May,TO VEHICLE
13074707,JG262679,2023-05-16 12:00:00+00:00,063XX W 56TH ST,BATTERY,AGGRAVATED - OTHER DANGEROUS WEAPON,SCHOOL - PUBLIC BUILDING,False,False,811,8,13,56,04B,41.79054357,-87.78013033,2023,2023-05-16,12:00:00,12,Tuesday,May,AGGRAVATED
13308320,JG540740,2023-12-14 01:00:00+00:00,054XX S HARLEM AVE,BATTERY,SIMPLE,RESTAURANT,False,False,811,8,23,56,08B,41.79382277,-87.80158442,2023,2023-12-14,01:00:00,1,Thursday,December,SIMPLE
13238929,JG458163,2023-09-23 00:00:00+00:00,060XX S ARCHER AVE,ASSAULT,SIMPLE,PARKING LOT / GARAGE (NON RESIDENTIAL),False,False,811,8,23,56,08A,41.79492248,-87.7675324,2023,2023-09-23,00:00:00,0,Saturday,September,SIMPLE
12996013,JG168518,2023-02-28 00:19:00+00:00,058XX S SAYRE AVE,THEFT,$500 AND UNDER,STREET,False,False,811,8,13,56,06,41.78603701,-87.796233,2023,2023-02-28,00:19:00,0,Tuesday,February,$500 AND UNDER
13070568,JG257779,2023-05-11 13:30:00+00:00,063XX S NEW ENGLAND AVE,BATTERY,SIMPLE,SCHOOL - PUBLIC BUILDING,False,False,812,8,13,64,08B,41.7762872,-87.79345107,2023,2023-05-11,13:30:00,13,Thursday,May,SIMPLE
13163072,JG367736,2023-07-27 07:00:00+00:00,063XX S NEW ENGLAND AVE,BATTERY,SIMPLE,SCHOOL - PUBLIC BUILDING,False,False,812,8,13,64,08B,41.77724789,-87.79349068,2023,2023-07-27,07:00:00,7,Thursday,July,SIMPLE
13276490,JG500995,2023-11-12 05:30:00+00:00,058XX W 62ND ST,BATTERY,DOMESTIC BATTERY SIMPLE,APARTMENT,False,True,812,8,13,64,08B,41.77976399,-87.76829262,2023,2023-11-12,05:30:00,5,Sunday,November,DOMESTIC BATTERY SIMPLE
12985333,JG155572,2023-02-17 05:50:00+00:00,064XX S MOBILE AVE,BATTERY,DOMESTIC BATTERY SIMPLE,APARTMENT,False,True,812,8,13,64,08B,41.77533613,-87.77872493,2023,2023-02-17,05:50:00,5,Friday,February,DOMESTIC BATTERY SIMPLE
13183796,JG392357,2023-08-19 12:00:00+00:00,060XX W 64TH PL,BATTERY,DOMESTIC BATTERY SIMPLE,APARTMENT,False,True,812,8,13,64,08B,41.77511416,-87.77257145,2023,2023-08-19,12:00:00,12,Saturday,August,DOMESTIC BATTERY SIMPLE
13092554,JG283789,2023-06-01 11:30:00+00:00,069XX W 65TH ST,ASSAULT,SIMPLE,PARKING LOT / GARAGE (NON RESIDENTIAL),False,False,812,8,13,64,08A,41.77379847,-87.7946964,2023,2023-06-01,11:30:00,11,Thursday,June,SIMPLE
12963996,JG129776,2023-01-25 14:45:00+00:00,062XX S NASHVILLE AVE,THEFT,OVER $500,STREET,False,False,812,8,13,64,06,41.77856902,-87.78618732,2023,2023-01-25,14:45:00,14,Wednesday,January,OVER $500
13146369,JG347984,2023-07-19 09:45:00+00:00,069XX W 64th pl,THEFT,OVER $500,APARTMENT,False,False,812,8,13,64,06,41.77474751,-87.79400657,2023,2023-07-19,09:45:00,9,Wednesday,July,OVER $500
13184505,JG393192,2023-08-21 19:00:00+00:00,062XX S PARKSIDE AVE,THEFT,OVER $500,APARTMENT,False,False,812,8,13,64,06,41.77925482,-87.76299556,2023,2023-08-21,19:00:00,19,Monday,August,OVER $500
13120595,JG316499,2023-06-21 09:58:00+00:00,066XX W 63RD ST,THEFT,$500 AND UNDER,RESIDENCE - PORCH / HALLWAY,False,False,812,8,13,64,06,41.77759521,-87.78685186,2023,2023-06-21,09:58:00,9,Wednesday,June,$500 AND UNDER
13170352,JG375424,2023-08-07 20:00:00+00:00,063XX W 60TH ST,THEFT,$500 AND UNDER,RESIDENCE - YARD (FRONT / BACK),False,False,812,8,13,64,06,41.78319184,-87.78075084,2023,2023-08-07,20:00:00,20,Monday,August,$500 AND UNDER
13003316,JG177227,2023-03-07 11:46:00+00:00,060XX S OAK PARK AVE,CRIMINAL DAMAGE,TO VEHICLE,PARKING LOT / GARAGE (NON RESIDENTIAL),False,False,812,8,23,64,14,41.78256918,-87.79118013,2023,2023-03-07,11:46:00,11,Tuesday,March,TO VEHICLE
13018047,JG194946,2023-03-22 14:12:00+00:00,070XX W 63RD PL,CRIMINAL DAMAGE,TO VEHICLE,STREET,False,False,812,8,23,64,14,41.77654114,-87.79728011,2023,2023-03-22,14:12:00,14,Wednesday,March,TO VEHICLE
13029299,JG208354,2023-04-02 07:17:00+00:00,062XX S AUSTIN AVE,CRIMINAL DAMAGE,TO VEHICLE,STREET,False,True,812,8,13,64,14,41.779146,-87.77154275,2023,2023-04-02,07:17:00,7,Sunday,April,TO VEHICLE
12990123,JG160943,2023-02-21 11:30:00+00:00,064XX S TRIPP AVE,BATTERY,SIMPLE,SCHOOL - PUBLIC BUILDING,False,False,813,8,13,65,08B,41.77587182,-87.72878741,2023,2023-02-21,11:30:00,11,Tuesday,February,SIMPLE
13157584,JG361241,2023-07-29 18:40:00+00:00,059XX S TRIPP AVE,BATTERY,DOMESTIC BATTERY SIMPLE,APARTMENT,False,True,813,8,13,65,08B,41.78541792,-87.72906075,2023,2023-07-29,18:40:00,18,Saturday,July,DOMESTIC BATTERY SIMPLE
12943893,JG106300,2023-01-05 14:07:00+00:00,064XX S KILPATRICK AVE,BATTERY,AGGRAVATED OF A SENIOR CITIZEN,STREET,False,False,813,8,13,64,04B,41.77618435,-87.7397793,2023,2023-01-05,14:07:00,14,Thursday,January,AGGRAVATED
12944300,JG105819,2023-01-05 19:30:00+00:00,057XX S CICERO AVE,THEFT,OVER $500,AIRPORT EXTERIOR - NON-SECURE AREA,False,False,813,8,13,56,06,41.78898704,-87.74147999,2023,2023-01-05,19:30:00,19,Thursday,January,OVER $500
13005205,JG179448,2023-03-04 09:55:00+00:00,057XX S CICERO AVE,THEFT,OVER $500,AIRPORT TERMINAL UPPER LEVEL - SECURE AREA,False,False,813,8,23,56,06,41.78898704,-87.74147999,2023,2023-03-04,09:55:00,9,Saturday,March,OVER $500
13104458,JG298215,2023-06-12 07:00:00+00:00,046XX W 59TH ST,THEFT,OVER $500,PARKING LOT / GARAGE (NON RESIDENTIAL),False,False,813,8,13,62,06,41.78546515,-87.7386377,2023,2023-06-12,07:00:00,7,Monday,June,OVER $500
12947587,JG110585,2023-01-09 21:00:00+00:00,062XX S KARLOV AVE,THEFT,$500 AND UNDER,STREET,False,False,813,8,23,65,06,41.77945353,-87.72522308,2023,2023-01-09,21:00:00,21,Monday,January,$500 AND UNDER
13048561,JG230966,2023-04-13 03:30:00+00:00,057XX S CICERO AVE,THEFT,$500 AND UNDER,AIRPORT PARKING LOT,False,False,813,8,23,56,06,41.78898704,-87.74147999,2023,2023-04-13,03:30:00,3,Thursday,April,$500 AND UNDER
13196382,JG406537,2023-08-31 20:30:00+00:00,057XX S Cicero Ave,THEFT,FROM BUILDING,AIRPORT TERMINAL UPPER LEVEL - NON-SECURE AREA,False,False,813,8,13,56,06,41.78898704,-87.74147999,2023,2023-08-31,20:30:00,20,Thursday,August,FROM BUILDING
13198656,JG410053,2023-09-03 23:30:00+00:00,061XX S CICERO AVE,CRIMINAL DAMAGE,CRIMINAL DEFACEMENT,SIDEWALK,False,False,813,8,13,64,14,41.78143942,-87.74238902,2023,2023-09-03,23:30:00,23,Sunday,September,CRIMINAL DEFACEMENT
13304510,JG537105,2023-12-05 02:06:00+00:00,058XX S KEELER AVE,CRIMINAL DAMAGE,TO PROPERTY,APARTMENT,False,False,813,8,13,62,14,41.78730535,-87.72789532,2023,2023-12-05,02:06:00,2,Tuesday,December,TO PROPERTY
12943361,JG105797,2023-01-05 18:40:00+00:00,063XX S KILPATRICK AVE,CRIMINAL DAMAGE,TO PROPERTY,RESIDENCE,False,True,813,8,13,64,14,41.77772414,-87.73982376,2023,2023-01-05,18:40:00,18,Thursday,January,TO PROPERTY
12971843,JG139568,2023-02-02 20:00:00+00:00,063XX S CENTRAL AVE,CRIMINAL DAMAGE,TO VEHICLE,STREET,False,False,813,8,13,64,14,41.7775167,-87.76169479,2023,2023-02-02,20:00:00,20,Thursday,February,TO VEHICLE
13112926,JG308182,2023-06-19 20:00:00+00:00,060XX S TRIPP AVE,CRIMINAL DAMAGE,TO VEHICLE,STREET,False,False,813,8,13,65,14,41.78305746,-87.72899125,2023,2023-06-19,20:00:00,20,Monday,June,TO VEHICLE
13192689,JG402673,2023-08-29 13:45:00+00:00,054XX S ARCHER AVE,ROBBERY,ARMED - HANDGUN,HOTEL / MOTEL,False,False,814,8,23,56,03,41.7984293,-87.74452144,2023,2023-08-29,13:45:00,13,Tuesday,August,ARMED - HANDGUN
12983105,JG152850,2023-02-14 17:17:00+00:00,046XX S LAMON AVE,BATTERY,AGGRAVATED - OTHER DANGEROUS WEAPON,STREET,False,False,814,8,22,56,04B,41.80858608,-87.74562788,2023,2023-02-14,17:17:00,17,Tuesday,February,AGGRAVATED
13129056,JG327339,2023-07-04 07:00:00+00:00,054XX S ARCHER AVE,BATTERY,SIMPLE,HOTEL / MOTEL,False,False,814,8,23,56,08B,41.7984293,-87.74452144,2023,2023-07-04,07:00:00,7,Tuesday,July,SIMPLE
12959146,JG124112,2023-01-20 19:15:00+00:00,046XX S LA CROSSE AVE,BATTERY,DOMESTIC BATTERY SIMPLE,RESIDENCE,False,True,814,8,22,56,08B,41.80889823,-87.74441824,2023,2023-01-20,19:15:00,19,Friday,January,DOMESTIC BATTERY SIMPLE
13314615,JG548916,2023-12-20 22:00:00+00:00,058XX S ARCHER AVE,BATTERY,AGGRAVATED OF A SENIOR CITIZEN,APARTMENT,False,False,814,8,23,56,04B,41.79597528,-87.76068364,2023,2023-12-20,22:00:00,22,Wednesday,December,AGGRAVATED
13200536,JG412423,2023-09-01 17:00:00+00:00,057XX S ARCHER AVE,ASSAULT,SIMPLE,MEDICAL / DENTAL OFFICE,False,False,814,8,23,56,08A,41.79652031,-87.75717283,2023,2023-09-01,17:00:00,17,Friday,September,SIMPLE
12957083,JG121561,2023-01-12 00:00:00+00:00,050XX W 47TH ST,THEFT,OVER $500,VACANT LOT / LAND,False,False,814,8,22,56,06,41.80753666,-87.74971623,2023,2023-01-12,00:00:00,0,Thursday,January,OVER $500
13041126,JG222239,2023-04-13 14:00:00+00:00,051XX W 55TH ST,THEFT,OVER $500,COMMERCIAL / BUSINESS OFFICE,False,False,814,8,23,56,06,41.79290166,-87.75139653,2023,2023-04-13,14:00:00,14,Thursday,April,OVER $500
13062523,JG248000,2023-05-03 07:00:00+00:00,057XX S ARCHER AVE,THEFT,OVER $500,VEHICLE NON-COMMERCIAL,False,False,814,8,23,56,06,41.79654156,-87.75703328,2023,2023-05-03,07:00:00,7,Wednesday,May,OVER $500
12973554,JG141379,2023-02-05 10:25:00+00:00,045XX S LA CROSSE AVE,THEFT,$500 AND UNDER,SIDEWALK,False,False,814,8,22,56,06,41.81074536,-87.74446368,2023,2023-02-05,10:25:00,10,Sunday,February,$500 AND UNDER
13070990,JG258318,2023-05-12 04:46:00+00:00,051XX S LAPORTE AVE,THEFT,$500 AND UNDER,STREET,False,False,814,8,23,56,06,41.79960905,-87.74660844,2023,2023-05-12,04:46:00,4,Friday,May,$500 AND UNDER
13182247,JG390506,2023-08-16 22:00:00+00:00,044XX S LAVERGNE AVE,THEFT,$500 AND UNDER,RESIDENCE,False,False,814,8,22,56,06,41.81255914,-87.748185,2023,2023-08-16,22:00:00,22,Wednesday,August,$500 AND UNDER
13135409,JG335079,2023-07-10 10:46:00+00:00,050XX S CICERO AVE,THEFT,RETAIL THEFT,SMALL RETAIL STORE,False,False,814,8,23,56,06,41.80152523,-87.74298937,2023,2023-07-10,10:46:00,10,Monday,July,RETAIL THEFT
12967196,JG133758,2023-01-28 23:30:00+00:00,045XX S LA CROSSE AVE,CRIMINAL DAMAGE,TO PROPERTY,RESIDENCE,False,False,814,8,22,56,14,41.81025955,-87.74444979,2023,2023-01-28,23:30:00,23,Saturday,January,TO PROPERTY
13279925,JG507461,2023-11-16 12:30:00+00:00,058XX S ARCHER AVE,CRIMINAL DAMAGE,TO VEHICLE,PARKING LOT / GARAGE (NON RESIDENTIAL),False,False,814,8,23,56,14,41.79577056,-87.76200569,2023,2023-11-16,12:30:00,12,Thursday,November,TO VEHICLE
13033509,JG213104,2023-04-06 00:30:00+00:00,045XX S LEAMINGTON AVE,CRIMINAL DAMAGE,TO VEHICLE,STREET,False,False,814,8,22,56,14,41.81031341,-87.75178918,2023,2023-04-06,00:30:00,0,Thursday,April,TO VEHICLE
13056951,JG241158,2023-04-28 19:00:00+00:00,053XX S CENTRAL AVE,CRIMINAL DAMAGE,TO VEHICLE,STREET,False,False,814,8,23,56,14,41.7953663,-87.76238701,2023,2023-04-28,19:00:00,19,Friday,April,TO VEHICLE
12966763,JG133322,2023-01-29 01:50:00+00:00,046XX S CICERO AVE,ROBBERY,ARMED - KNIFE / CUTTING INSTRUMENT,GAS STATION,False,False,815,8,22,56,03,41.80872994,-87.74317633,2023,2023-01-29,01:50:00,1,Sunday,January,ARMED - KNIFE / CUTTING INSTRUMENT
13219358,JG434707,2023-09-22 14:46:00+00:00,041XX S PULASKI RD,ROBBERY,ARMED - HANDGUN,SMALL RETAIL STORE,False,False,815,8,14,57,03,41.81771848,-87.72392574,2023,2023-09-22,14:46:00,14,Friday,September,ARMED - HANDGUN
13237848,JG456784,2023-10-04 15:00:00+00:00,051XX S KEELER AVE,BATTERY,SIMPLE,CHURCH / SYNAGOGUE / PLACE OF WORSHIP,False,False,815,8,23,57,08B,41.80004351,-87.72825954,2023,2023-10-04,15:00:00,15,Wednesday,October,SIMPLE
13239894,JG459112,2023-10-11 08:30:00+00:00,053XX S KENNETH AVE,BATTERY,SIMPLE,RESIDENCE - YARD (FRONT / BACK),False,False,815,8,23,62,08B,41.79640869,-87.73427879,2023,2023-10-11,08:30:00,8,Wednesday,October,SIMPLE
13068848,JG255371,2023-05-10 14:40:00+00:00,053XX S PULASKI RD,BATTERY,SIMPLE,DEPARTMENT STORE,False,False,815,8,23,62,08B,41.79621616,-87.72324567,2023,2023-05-10,14:40:00,14,Wednesday,May,SIMPLE
13134015,JG333202,2023-07-08 20:27:00+00:00,045XX S KEATING AVE,ASSAULT,SIMPLE,ALLEY,False,False,815,8,22,56,08A,41.81033484,-87.74200981,2023,2023-07-08,20:27:00,20,Saturday,July,SIMPLE
13104080,JG297655,2023-06-11 19:00:00+00:00,050XX S KOLIN AVE,THEFT,OVER $500,STREET,False,False,815,8,14,57,06,41.80164375,-87.73197811,2023,2023-06-11,19:00:00,19,Sunday,June,OVER $500
13171531,JG377446,2023-08-10 10:14:00+00:00,051XX S TRIPP AVE,THEFT,OVER $500,RESIDENCE,False,False,815,8,23,57,06,41.79982488,-87.72947554,2023,2023-08-10,10:14:00,10,Thursday,August,OVER $500
13185330,JG394057,2023-08-22 20:00:00+00:00,049XX S KOLIN AVE,THEFT,OVER $500,STREET,False,False,815,8,14,57,06,41.80361443,-87.73203304,2023,2023-08-22,20:00:00,20,Tuesday,August,OVER $500
13083002,JG272825,2023-05-23 20:00:00+00:00,052XX S KEATING AVE,THEFT,$500 AND UNDER,STREET,False,False,815,8,23,56,06,41.79774505,-87.7416708,2023,2023-05-23,20:00:00,20,Tuesday,May,$500 AND UNDER
13085284,JG274364,2023-05-24 18:51:00+00:00,041XX S PULASKI RD,THEFT,RETAIL THEFT,DEPARTMENT STORE,False,False,815,8,14,57,06,41.81782278,-87.72392842,2023,2023-05-24,18:51:00,18,Wednesday,May,RETAIL THEFT
13143559,JG344556,2023-07-17 12:18:00+00:00,050XX S ARCHER AVE,THEFT,RETAIL THEFT,GROCERY FOOD STORE,False,False,815,8,14,57,06,41.80123566,-87.72639252,2023,2023-07-17,12:18:00,12,Monday,July,RETAIL THEFT
13206395,JG418662,2023-09-09 23:00:00+00:00,042XX W 47TH ST,CRIMINAL DAMAGE,TO VEHICLE,OTHER (SPECIFY),False,False,815,8,14,57,14,41.80778921,-87.73007566,2023,2023-09-09,23:00:00,23,Saturday,September,TO VEHICLE
13214262,JG428640,2023-09-17 20:00:00+00:00,042XX W 51ST ST,CRIMINAL DAMAGE,TO VEHICLE,STREET,False,False,815,8,23,57,14,41.80043993,-87.73006024,2023,2023-09-17,20:00:00,20,Sunday,September,TO VEHICLE
13298027,JG529151,2023-12-05 05:30:00+00:00,042XX S KILPATRICK AVE,CRIMINAL DAMAGE,TO VEHICLE,OTHER RAILROAD PROPERTY / TRAIN DEPOT,False,False,815,8,22,56,14,41.81576001,-87.7408924,2023,2023-12-05,05:30:00,5,Tuesday,December,TO VEHICLE
12955932,JG120320,2023-01-17 18:00:00+00:00,053XX S KILBOURN AVE,CRIMINAL DAMAGE,TO VEHICLE,STREET,False,False,815,8,23,62,14,41.79648917,-87.73550292,2023,2023-01-17,18:00:00,18,Tuesday,January,TO VEHICLE
13250801,JG472286,2023-10-21 04:05:00+00:00,033XX W 51ST ST,ROBBERY,ARMED - HANDGUN,PARKING LOT / GARAGE (NON RESIDENTIAL),True,False,821,8,14,63,03,41.80078316,-87.70651861,2023,2023-10-21,04:05:00,4,Saturday,October,ARMED - HANDGUN
12949283,JG112696,2023-01-09 11:00:00+00:00,049XX S ARCHER AVE,BATTERY,SIMPLE,SCHOOL - PUBLIC BUILDING,False,False,821,8,14,57,08B,41.80320189,-87.72198373,2023,2023-01-09,11:00:00,11,Monday,January,SIMPLE
12954691,JG118892,2023-01-16 23:43:00+00:00,036XX W 50TH ST,BATTERY,DOMESTIC BATTERY SIMPLE,APARTMENT,False,True,821,8,14,62,08B,41.80249102,-87.71529701,2023,2023-01-16,23:43:00,23,Monday,January,DOMESTIC BATTERY SIMPLE
12972089,JG139717,2023-02-03 16:30:00+00:00,046XX S DRAKE AVE,BATTERY,DOMESTIC BATTERY SIMPLE,APARTMENT,False,True,821,8,14,58,08B,41.80870769,-87.71240555,2023,2023-02-03,16:30:00,16,Friday,February,DOMESTIC BATTERY SIMPLE
13283537,JG511612,2023-11-19 16:15:00+00:00,044XX S ARCHER AVE,ASSAULT,SIMPLE,RESTAURANT,False,False,821,8,12,58,08A,41.81193716,-87.70775243,2023,2023-11-19,16:15:00,16,Sunday,November,SIMPLE
13270094,JG495987,2023-11-05 20:00:00+00:00,043XX S SAWYER AVE,THEFT,$500 AND UNDER,STREET,False,False,821,8,12,58,06,41.81460028,-87.70545214,2023,2023-11-05,20:00:00,20,Sunday,November,$500 AND UNDER
13081066,JG270322,2023-05-22 11:43:00+00:00,043XX S ARCHER AVE,THEFT,$500 AND UNDER,CONVENIENCE STORE,False,False,821,8,12,58,06,41.81380316,-87.70471526,2023,2023-05-22,11:43:00,11,Monday,May,$500 AND UNDER
13115730,JG310573,2023-06-21 13:00:00+00:00,032XX W 48TH PL,THEFT,$500 AND UNDER,CTA PARKING LOT / GARAGE / OTHER PROPERTY,False,False,821,8,14,58,06,41.80568609,-87.70480929,2023,2023-06-21,13:00:00,13,Wednesday,June,$500 AND UNDER
13222900,JG438718,2023-09-25 14:28:00+00:00,049XX S Kedzie Ave,THEFT,RETAIL THEFT,SMALL RETAIL STORE,False,False,821,8,14,63,06,41.803672,-87.70384602,2023,2023-09-25,14:28:00,14,Monday,September,RETAIL THEFT
13227294,JG443991,2023-09-26 20:42:00+00:00,049XX S KEDZIE AVE,THEFT,RETAIL THEFT,SMALL RETAIL STORE,False,False,821,8,14,63,06,41.803672,-87.70384602,2023,2023-09-26,20:42:00,20,Tuesday,September,RETAIL THEFT
13019411,JG195959,2023-03-23 09:30:00+00:00,039XX W 47TH ST,THEFT,RETAIL THEFT,DRUG STORE,False,False,821,8,14,57,06,41.80788793,-87.72279015,2023,2023-03-23,09:30:00,9,Thursday,March,RETAIL THEFT
13092833,JG283971,2023-05-28 13:03:00+00:00,039XX W 47TH ST,THEFT,RETAIL THEFT,DRUG STORE,False,False,821,8,14,57,06,41.80788793,-87.72279015,2023,2023-05-28,13:03:00,13,Sunday,May,RETAIL THEFT
13067455,JG253993,2023-05-08 09:30:00+00:00,044XX S PULASKI RD,CRIMINAL DAMAGE,TO PROPERTY,BANK,False,False,821,8,14,57,14,41.8124074,-87.72375599,2023,2023-05-08,09:30:00,9,Monday,May,TO PROPERTY
13266750,JG492092,2023-11-05 03:00:00+00:00,044XX S KEDZIE AVE,CRIMINAL DAMAGE,TO VEHICLE,STREET,False,False,821,8,12,58,14,41.81312234,-87.70417168,2023,2023-11-05,03:00:00,3,Sunday,November,TO VEHICLE
13297501,JG528425,2023-11-26 05:00:00+00:00,050XX S SPAULDING AVE,CRIMINAL DAMAGE,TO VEHICLE,STREET,False,False,821,8,14,63,14,41.80196717,-87.70623933,2023,2023-11-26,05:00:00,5,Sunday,November,TO VEHICLE
12943695,JG106122,2023-01-06 04:30:00+00:00,036XX W 47TH ST,CRIMINAL DAMAGE,TO VEHICLE,OTHER RAILROAD PROPERTY / TRAIN DEPOT,False,False,821,8,14,57,14,41.80797893,-87.71517457,2023,2023-01-06,04:30:00,4,Friday,January,TO VEHICLE
13193415,JG403462,2023-08-25 22:30:00+00:00,057XX S SAWYER AVE,ROBBERY,ARMED - KNIFE / CUTTING INSTRUMENT,SIDEWALK,False,False,822,8,14,63,03,41.78890665,-87.70465053,2023,2023-08-25,22:30:00,22,Friday,August,ARMED - KNIFE / CUTTING INSTRUMENT
13143290,JG344235,2023-07-14 12:20:00+00:00,035XX W 55TH ST,BATTERY,SIMPLE,SCHOOL - PUBLIC GROUNDS,False,False,822,8,14,63,08B,41.79339092,-87.7117283,2023,2023-07-14,12:20:00,12,Friday,July,SIMPLE
13158819,JG362712,2023-07-30 22:30:00+00:00,036XX W 55TH PL,BATTERY,DOMESTIC BATTERY SIMPLE,APARTMENT,False,True,822,8,23,62,08B,41.79241483,-87.71443304,2023,2023-07-30,22:30:00,22,Sunday,July,DOMESTIC BATTERY SIMPLE
13318920,JG554484,2023-12-25 22:57:00+00:00,056XX S LAWNDALE AVE,ASSAULT,AGGRAVATED - HANDGUN,STREET,False,False,822,8,23,62,04A,41.79106899,-87.71575144,2023,2023-12-25,22:57:00,22,Monday,December,AGGRAVATED
13273995,JG500419,2023-11-11 16:00:00+00:00,032XX W 59TH ST,ASSAULT,SIMPLE,APARTMENT,True,False,822,8,14,63,08A,41.78621921,-87.70501046,2023,2023-11-11,16:00:00,16,Saturday,November,SIMPLE
13285620,JG513504,2023-11-21 18:20:00+00:00,035XX W 60TH ST,THEFT,OVER $500,RESIDENCE,False,False,822,8,14,66,06,41.78429506,-87.7119995,2023,2023-11-21,18:20:00,18,Tuesday,November,OVER $500
13178611,JG386015,2023-08-16 22:30:00+00:00,051XX S SAWYER AVE,THEFT,OVER $500,STREET,False,False,822,8,14,63,06,41.79989924,-87.70496486,2023,2023-08-16,22:30:00,22,Wednesday,August,OVER $500
13182075,JG390032,2023-08-20 04:30:00+00:00,037XX W 54TH ST,THEFT,OVER $500,STREET,False,False,822,8,23,62,06,41.79515498,-87.71621463,2023,2023-08-20,04:30:00,4,Sunday,August,OVER $500
13209300,JG422548,2023-09-13 12:20:00+00:00,034XX W 55TH ST,THEFT,$500 AND UNDER,RESIDENCE - YARD (FRONT / BACK),False,False,822,8,14,63,06,41.79342731,-87.70932964,2023,2023-09-13,12:20:00,12,Wednesday,September,$500 AND UNDER
13261912,JG485915,2023-10-31 13:30:00+00:00,051XX S PULASKI RD,THEFT,RETAIL THEFT,SMALL RETAIL STORE,False,False,822,8,23,62,06,41.7995208,-87.72334268,2023,2023-10-31,13:30:00,13,Tuesday,October,RETAIL THEFT
13205643,JG417084,2023-09-08 23:45:00+00:00,036XX W 53RD ST,CRIMINAL DAMAGE,TO PROPERTY,RESIDENCE,False,False,822,8,23,62,14,41.79701763,-87.71404036,2023,2023-09-08,23:45:00,23,Friday,September,TO PROPERTY
13173930,JG380586,2023-08-13 02:25:00+00:00,038XX W 55TH PL,CRIMINAL DAMAGE,TO VEHICLE,STREET,False,True,822,8,23,62,14,41.79234631,-87.71905055,2023,2023-08-13,02:25:00,2,Sunday,August,TO VEHICLE
13055953,JG239945,2023-04-27 10:45:00+00:00,028XX W 63RD ST,ROBBERY,STRONG ARM - NO WEAPON,STREET,False,False,823,8,15,66,03,41.77910578,-87.69402593,2023,2023-04-27,10:45:00,10,Thursday,April,STRONG ARM - NO WEAPON
13097400,JG289600,2023-06-05 19:44:00+00:00,062XX S ALBANY AVE,BATTERY,AGGRAVATED - HANDGUN,APARTMENT,False,False,823,8,15,66,04B,41.78035315,-87.70073405,2023,2023-06-05,19:44:00,19,Monday,June,AGGRAVATED
12964884,JG130929,2023-01-26 18:00:00+00:00,063XX S LAWNDALE AVE,BATTERY,AGGRAVATED - KNIFE / CUTTING INSTRUMENT,SIDEWALK,False,False,823,8,23,65,04B,41.77853938,-87.71539505,2023,2023-01-26,18:00:00,18,Thursday,January,AGGRAVATED
13221423,JG437217,2023-09-23 22:00:00+00:00,063XX S FRANCISCO AVE,BATTERY,SIMPLE,STREET,False,False,823,8,15,66,08B,41.7786245,-87.6958162,2023,2023-09-23,22:00:00,22,Saturday,September,SIMPLE
13016488,JG193072,2023-03-20 21:00:00+00:00,063XX S CALIFORNIA AVE,BATTERY,SIMPLE,APARTMENT,False,False,823,8,17,66,08B,41.77843802,-87.69337264,2023,2023-03-20,21:00:00,21,Monday,March,SIMPLE
13190772,JG400540,2023-08-28 03:04:00+00:00,028XX W 63RD ST,ASSAULT,AGGRAVATED - HANDGUN,GAS STATION,False,False,823,8,15,66,04A,41.77911023,-87.69383891,2023,2023-08-28,03:04:00,3,Monday,August,AGGRAVATED
12958271,JG123092,2023-01-20 12:15:00+00:00,031XX W 63RD ST,ASSAULT,AGGRAVATED - KNIFE / CUTTING INSTRUMENT,DEPARTMENT STORE,False,False,823,8,17,66,04A,41.77899998,-87.70119097,2023,2023-01-20,12:15:00,12,Friday,January,AGGRAVATED
12987299,JG158001,2023-02-19 04:20:00+00:00,033XX W 62ND ST,ASSAULT,SIMPLE,STREET,False,True,823,8,23,66,08A,41.7807537,-87.70621874,2023,2023-02-19,04:20:00,4,Sunday,February,SIMPLE
13156970,JG359445,2023-07-28 12:15:00+00:00,060XX S FRANCISCO AVE,ASSAULT,SIMPLE,RESIDENCE,False,True,823,8,15,66,08A,41.78357048,-87.6959542,2023,2023-07-28,12:15:00,12,Friday,July,SIMPLE
13009923,JG184984,2023-03-14 09:15:00+00:00,036XX W 62ND ST,THEFT,OVER $500,RESIDENCE,False,False,823,8,23,65,06,41.78062183,-87.71378017,2023,2023-03-14,09:15:00,9,Tuesday,March,OVER $500
13152418,JG355072,2023-07-24 12:29:00+00:00,063XX S KEDZIE AVE,THEFT,OVER $500,PARKING LOT / GARAGE (NON RESIDENTIAL),False,False,823,8,14,66,06,41.77834098,-87.70312224,2023,2023-07-24,12:29:00,12,Monday,July,OVER $500
12945126,JG107835,2023-01-04 17:30:00+00:00,031XX W 61ST ST,THEFT,$500 AND UNDER,RESIDENCE - YARD (FRONT / BACK),False,False,823,8,16,66,06,41.78261839,-87.70244972,2023,2023-01-04,17:30:00,17,Wednesday,January,$500 AND UNDER
12956636,JG120876,2023-01-17 14:00:00+00:00,037XX W 61ST PL,THEFT,$500 AND UNDER,RESIDENCE - YARD (FRONT / BACK),False,False,823,8,23,65,06,41.78148508,-87.71661703,2023,2023-01-17,14:00:00,14,Tuesday,January,$500 AND UNDER
13288180,JG517297,2023-11-25 01:00:00+00:00,030XX W 63RD ST,THEFT,POCKET-PICKING,ALLEY,False,False,823,8,15,66,06,41.77902066,-87.69996255,2023,2023-11-25,01:00:00,1,Saturday,November,POCKET-PICKING
13080056,JG269358,2023-05-20 16:30:00+00:00,063XX S KEDZIE AVE,THEFT,POCKET-PICKING,SMALL RETAIL STORE,False,False,823,8,14,66,06,41.77834098,-87.70312224,2023,2023-05-20,16:30:00,16,Saturday,May,POCKET-PICKING
12996351,JG168915,2023-02-27 14:35:00+00:00,063XX S KEDZIE AVE,CRIMINAL DAMAGE,TO PROPERTY,PAWN SHOP,False,False,823,8,17,66,14,41.77778107,-87.70310939,2023,2023-02-27,14:35:00,14,Monday,February,TO PROPERTY
13029028,JG208001,2023-04-02 05:50:00+00:00,037XX W 63RD PL,CRIMINAL DAMAGE,TO PROPERTY,RESIDENCE,False,True,823,8,23,65,14,41.77783355,-87.71631472,2023,2023-04-02,05:50:00,5,Sunday,April,TO PROPERTY
13027101,JG205627,2023-03-31 08:30:00+00:00,064XX S SPRINGFIELD AVE,CRIMINAL DAMAGE,TO VEHICLE,STREET,False,False,823,8,23,65,14,41.77646051,-87.72025069,2023,2023-03-31,08:30:00,8,Friday,March,TO VEHICLE
13058200,JG242674,2023-04-29 22:00:00+00:00,033XX W 62ND PL,CRIMINAL DAMAGE,TO VEHICLE,RESIDENCE,False,False,823,8,14,66,14,41.77984821,-87.70624223,2023,2023-04-29,22:00:00,22,Saturday,April,TO VEHICLE
13257831,JG480426,2023-10-27 05:00:00+00:00,056XX S FAIRFIELD AVE,ROBBERY,ARMED - HANDGUN,VEHICLE NON-COMMERCIAL,False,False,824,8,15,63,03,41.79143845,-87.69251727,2023,2023-10-27,05:00:00,5,Friday,October,ARMED - HANDGUN
13205393,JG417170,2023-09-09 04:30:00+00:00,059XX S MOZART ST,BATTERY,AGGRAVATED - KNIFE / CUTTING INSTRUMENT,RESIDENCE - GARAGE,False,True,824,8,15,66,04B,41.78563323,-87.69479343,2023,2023-09-09,04:30:00,4,Saturday,September,AGGRAVATED
13020070,JG197379,2023-03-24 13:00:00+00:00,057XX S CLAREMONT AVE,BATTERY,SIMPLE,COMMERCIAL / BUSINESS OFFICE,False,False,824,8,16,63,08B,41.78969175,-87.68251662,2023,2023-03-24,13:00:00,13,Friday,March,SIMPLE
13075663,JG263784,2023-05-10 10:00:00+00:00,058XX S FAIRFIELD AVE,BATTERY,SIMPLE,APARTMENT,False,False,824,8,15,63,08B,41.7874202,-87.69240695,2023,2023-05-10,10:00:00,10,Wednesday,May,SIMPLE
13216072,JG430734,2023-08-31 22:30:00+00:00,029XX W 59TH ST,BATTERY,DOMESTIC BATTERY SIMPLE,RESIDENCE,False,True,824,8,15,63,08B,41.78633864,-87.69778582,2023,2023-08-31,22:30:00,22,Thursday,August,DOMESTIC BATTERY SIMPLE
13261352,JG484997,2023-10-30 17:45:00+00:00,059XX S CALIFORNIA AVE,BATTERY,DOMESTIC BATTERY SIMPLE,VEHICLE NON-COMMERCIAL,False,True,824,8,15,66,08B,41.78629341,-87.69359153,2023,2023-10-30,17:45:00,17,Monday,October,DOMESTIC BATTERY SIMPLE
13268460,JG493976,2023-11-06 15:55:00+00:00,056XX S FAIRFIELD AVE,BATTERY,DOMESTIC BATTERY SIMPLE,APARTMENT,False,True,824,8,15,63,08B,41.79114202,-87.69250922,2023,2023-11-06,15:55:00,15,Monday,November,DOMESTIC BATTERY SIMPLE
13310489,JG544286,2023-12-17 10:10:00+00:00,031XX W 59TH ST,BATTERY,DOMESTIC BATTERY SIMPLE,APARTMENT,False,True,824,8,14,63,08B,41.78627652,-87.7014495,2023,2023-12-17,10:10:00,10,Sunday,December,DOMESTIC BATTERY SIMPLE
12944692,JG107251,2023-01-07 02:10:00+00:00,028XX W 55TH ST,BATTERY,DOMESTIC BATTERY SIMPLE,APARTMENT,False,True,824,8,16,63,08B,41.79368219,-87.69429183,2023,2023-01-07,02:10:00,2,Saturday,January,DOMESTIC BATTERY SIMPLE
13042627,JG223944,2023-04-15 01:22:00+00:00,055XX S TROY ST,BATTERY,DOMESTIC BATTERY SIMPLE,APARTMENT,False,True,824,8,14,63,08B,41.79265624,-87.70231096,2023,2023-04-15,01:22:00,1,Saturday,April,DOMESTIC BATTERY SIMPLE
13182073,JG390036,2023-08-20 09:04:00+00:00,027XX W 59TH ST,BATTERY,DOMESTIC BATTERY SIMPLE,APARTMENT,False,True,824,8,16,66,08B,41.78642094,-87.69283858,2023,2023-08-20,09:04:00,9,Sunday,August,DOMESTIC BATTERY SIMPLE
13198568,JG409906,2023-09-03 21:20:00+00:00,024XX W 55TH ST,BATTERY,DOMESTIC BATTERY SIMPLE,PARK PROPERTY,False,True,824,8,15,63,08B,41.79385617,-87.68469313,2023,2023-09-03,21:20:00,21,Sunday,September,DOMESTIC BATTERY SIMPLE
13154089,JG356958,2023-07-26 15:01:00+00:00,024XX W 56TH ST,ASSAULT,AGGRAVATED - HANDGUN,ALLEY,False,False,824,8,15,63,04A,41.79202267,-87.68463827,2023,2023-07-26,15:01:00,15,Wednesday,July,AGGRAVATED
13094826,JG286467,2023-06-03 01:30:00+00:00,026XX W 60TH ST,THEFT,OVER $500,STREET,False,False,824,8,16,66,06,41.78465056,-87.68934722,2023,2023-06-03,01:30:00,1,Saturday,June,OVER $500
13295441,JG525992,2023-12-02 13:00:00+00:00,061XX S CAMPBELL AVE,ROBBERY,ARMED - HANDGUN,STREET,False,False,825,8,16,66,03,41.78230831,-87.68617346,2023,2023-12-02,13:00:00,13,Saturday,December,ARMED - HANDGUN
13150441,JG352836,2023-07-23 14:08:00+00:00,064XX S WESTERN AVE,ROBBERY,ARMED - HANDGUN,SMALL RETAIL STORE,True,False,825,8,16,66,03,41.77683252,-87.68357786,2023,2023-07-23,14:08:00,14,Sunday,July,ARMED - HANDGUN
13276921,JG503781,2023-11-14 12:16:00+00:00,064XX S FAIRFIELD AVE,BATTERY,AGGRAVATED - OTHER DANGEROUS WEAPON,RESIDENCE,False,False,825,8,16,66,04B,41.7764633,-87.69210544,2023,2023-11-14,12:16:00,12,Tuesday,November,AGGRAVATED
13223497,JG439548,2023-09-26 08:45:00+00:00,063XX S CLAREMONT AVE,BATTERY,DOMESTIC BATTERY SIMPLE,OTHER (SPECIFY),False,True,825,8,16,66,08B,41.77866106,-87.68227253,2023,2023-09-26,08:45:00,8,Tuesday,September,DOMESTIC BATTERY SIMPLE
13052549,JG236030,2023-04-03 13:00:00+00:00,064XX S ARTESIAN AVE,BATTERY,DOMESTIC BATTERY SIMPLE,APARTMENT,False,True,825,8,16,66,08B,41.77668844,-87.68479282,2023,2023-04-03,13:00:00,13,Monday,April,DOMESTIC BATTERY SIMPLE
13241509,JG461351,2023-10-12 20:21:00+00:00,063XX S FAIRFIELD AVE,ASSAULT,SIMPLE,SIDEWALK,True,False,825,8,16,66,08A,41.77862337,-87.69216091,2023,2023-10-12,20:21:00,20,Thursday,October,SIMPLE
13117612,JG313720,2023-06-24 07:30:00+00:00,027XX W 63RD ST,ASSAULT,SIMPLE,STREET,False,False,825,8,16,66,08A,41.77912577,-87.69268753,2023,2023-06-24,07:30:00,7,Saturday,June,SIMPLE
13145882,JG347405,2023-07-18 23:45:00+00:00,061XX S CAMPBELL AVE,THEFT,$500 AND UNDER,STREET,False,False,825,8,16,66,06,41.78214088,-87.68616781,2023,2023-07-18,23:45:00,23,Tuesday,July,$500 AND UNDER
13071068,JG257949,2023-05-12 10:15:00+00:00,025XX W 63RD ST,CRIMINAL DAMAGE,TO PROPERTY,OTHER (SPECIFY),False,False,825,8,16,66,14,41.77920221,-87.68771522,2023,2023-05-12,10:15:00,10,Friday,May,TO PROPERTY
13302908,JG535154,2023-12-09 19:40:00+00:00,060XX S CALIFORNIA AVE,CRIMINAL DAMAGE,TO VEHICLE,STREET,False,False,825,8,16,66,14,41.78362555,-87.69351905,2023,2023-12-09,19:40:00,19,Saturday,December,TO VEHICLE
13089687,JG280071,2023-05-29 14:00:00+00:00,060XX S MAPLEWOOD AVE,CRIMINAL DAMAGE,TO VEHICLE,STREET,False,False,825,8,16,66,14,41.78400039,-87.68743243,2023,2023-05-29,14:00:00,14,Monday,May,TO VEHICLE
13259541,JG482988,2023-10-29 03:00:00+00:00,027XX W MARQUETTE RD,ROBBERY,STRONG ARM - NO WEAPON,APARTMENT,False,False,831,8,16,66,03,41.77185809,-87.69107353,2023,2023-10-29,03:00:00,3,Sunday,October,STRONG ARM - NO WEAPON
13235169,JG453647,2023-10-06 15:25:00+00:00,069XX S FAIRFIELD AVE,BATTERY,SIMPLE,SCHOOL - PUBLIC GROUNDS,False,False,831,8,17,66,08B,41.7677407,-87.69188806,2023,2023-10-06,15:25:00,15,Friday,October,SIMPLE
13318458,JG553938,2023-12-25 00:00:00+00:00,027XX W 68TH ST,BATTERY,SIMPLE,HOSPITAL BUILDING / GROUNDS,False,False,831,8,16,66,08B,41.77002086,-87.6913338,2023,2023-12-25,00:00:00,0,Monday,December,SIMPLE
12938762,JG100563,2023-01-01 11:45:00+00:00,068XX S WASHTENAW AVE,BATTERY,SIMPLE,RESIDENCE - YARD (FRONT / BACK),False,True,831,8,17,66,08B,41.76924894,-87.69070365,2023,2023-01-01,11:45:00,11,Sunday,January,SIMPLE
13229265,JG442973,2023-09-28 18:20:00+00:00,070XX S CALIFORNIA AVE,BATTERY,DOMESTIC BATTERY SIMPLE,RESIDENCE,False,True,831,8,17,66,08B,41.76558744,-87.69305316,2023,2023-09-28,18:20:00,18,Thursday,September,DOMESTIC BATTERY SIMPLE
13008842,JG183957,2023-03-09 15:00:00+00:00,067XX S CALIFORNIA AVE,ASSAULT,SIMPLE,SCHOOL - PUBLIC GROUNDS,False,False,831,8,17,66,08A,41.77111794,-87.69318512,2023,2023-03-09,15:00:00,15,Thursday,March,SIMPLE
13105878,JG299630,2023-06-06 11:30:00+00:00,067XX S CALIFORNIA AVE,ASSAULT,SIMPLE,SCHOOL - PUBLIC GROUNDS,False,False,831,8,16,66,08A,41.77111794,-87.69318512,2023,2023-06-06,11:30:00,11,Tuesday,June,SIMPLE
13256685,JG479511,2023-10-26 11:00:00+00:00,066XX S SACRAMENTO AVE,THEFT,$500 AND UNDER,STREET,False,False,831,8,15,66,06,41.77281927,-87.69810626,2023,2023-10-26,11:00:00,11,Thursday,October,$500 AND UNDER
13316988,JG552321,2023-12-23 14:52:00+00:00,065XX S MOZART ST,THEFT,$500 AND UNDER,RESIDENCE,False,False,831,8,15,66,06,41.77490416,-87.69450026,2023,2023-12-23,14:52:00,14,Saturday,December,$500 AND UNDER
13000042,JG173257,2023-03-04 00:00:00+00:00,067XX S WASHTENAW AVE,THEFT,$500 AND UNDER,STREET,False,False,831,8,17,66,06,41.77140627,-87.69075911,2023,2023-03-04,00:00:00,0,Saturday,March,$500 AND UNDER
13001881,JG175507,2023-03-06 00:40:00+00:00,032XX W 66TH ST,THEFT,$500 AND UNDER,STREET,False,False,831,8,17,66,06,41.77349613,-87.7039102,2023,2023-03-06,00:40:00,0,Monday,March,$500 AND UNDER
12941574,JG103708,2023-01-04 04:09:00+00:00,070XX S TALMAN AVE,CRIMINAL DAMAGE,TO PROPERTY,APARTMENT,False,True,831,8,17,66,14,41.76584966,-87.68939598,2023,2023-01-04,04:09:00,4,Wednesday,January,TO PROPERTY
12944965,JG107611,2023-01-02 12:29:00+00:00,071XX S SAWYER AVE,CRIMINAL DAMAGE,TO PROPERTY,APARTMENT,False,False,831,8,17,66,14,41.7638862,-87.70402246,2023,2023-01-02,12:29:00,12,Monday,January,TO PROPERTY
13134373,JG333696,2023-07-08 21:30:00+00:00,072XX S SACRAMENTO AVE,CRIMINAL DAMAGE,TO PROPERTY,RESIDENCE - GARAGE,False,False,831,8,18,66,14,41.76177202,-87.69784503,2023,2023-07-08,21:30:00,21,Saturday,July,TO PROPERTY
13306788,JG539717,2023-12-13 15:56:00+00:00,070XX S CAMPBELL AVE,ROBBERY,STRONG ARM - NO WEAPON,STREET,False,False,832,8,17,66,03,41.76602387,-87.68572499,2023,2023-12-13,15:56:00,15,Wednesday,December,STRONG ARM - NO WEAPON
13034711,JG214511,2023-04-07 11:00:00+00:00,068XX S ARTESIAN AVE,BATTERY,DOMESTIC BATTERY SIMPLE,RESIDENCE,True,True,832,8,17,66,08B,41.76962628,-87.68460002,2023,2023-04-07,11:00:00,11,Friday,April,DOMESTIC BATTERY SIMPLE
13074023,JG261970,2023-05-15 19:00:00+00:00,023XX W 72ND ST,BATTERY,DOMESTIC BATTERY SIMPLE,APARTMENT,False,True,832,8,18,66,08B,41.76289302,-87.6823953,2023,2023-05-15,19:00:00,19,Monday,May,DOMESTIC BATTERY SIMPLE
13235612,JG454181,2023-10-06 20:00:00+00:00,024XX W 71ST ST,BATTERY,AGGRAVATED DOMESTIC BATTERY - OTHER DANGEROUS WEAPON,APARTMENT,False,True,832,8,17,66,04B,41.76468806,-87.68389834,2023,2023-10-06,20:00:00,20,Friday,October,AGGRAVATED
13059074,JG243648,2023-04-30 20:30:00+00:00,025XX W 65TH ST,ASSAULT,AGGRAVATED - OTHER FIREARM,APARTMENT,False,True,832,8,16,66,04A,41.77555738,-87.68764179,2023,2023-04-30,20:30:00,20,Sunday,April,AGGRAVATED
13250735,JG471168,2023-10-20 10:32:00+00:00,023XX W MARQUETTE RD,ASSAULT,SIMPLE,STREET,False,False,832,8,16,66,08A,41.77197964,-87.68243908,2023,2023-10-20,10:32:00,10,Friday,October,SIMPLE
13268215,JG493701,2023-11-05 09:20:00+00:00,024XX W LITHUANIAN PLAZA CT,THEFT,$500 AND UNDER,OTHER (SPECIFY),False,False,832,8,16,66,06,41.76831093,-87.68493952,2023,2023-11-05,09:20:00,9,Sunday,November,$500 AND UNDER
12955375,JG119438,2023-01-17 11:00:00+00:00,067XX S BELL AVE,THEFT,$500 AND UNDER,RESIDENCE,False,False,832,8,16,66,06,41.77132723,-87.67966694,2023,2023-01-17,11:00:00,11,Tuesday,January,$500 AND UNDER
13209921,JG422113,2023-09-13 06:09:00+00:00,070XX S WESTERN AVE,CRIMINAL DAMAGE,TO PROPERTY,RESTAURANT,False,False,832,8,17,66,14,41.76578498,-87.68327147,2023,2023-09-13,06:09:00,6,Wednesday,September,TO PROPERTY
13287318,JG516244,2023-11-24 17:30:00+00:00,065XX S CLAREMONT AVE,CRIMINAL DAMAGE,TO PROPERTY,RESIDENCE,False,True,832,8,16,66,14,41.77460712,-87.68216322,2023,2023-11-24,17:30:00,17,Friday,November,TO PROPERTY
13105939,JG298645,2023-06-12 20:15:00+00:00,072XX S OAKLEY AVE,CRIMINAL DAMAGE,TO PROPERTY,RESIDENCE,False,False,832,8,18,66,14,41.76222983,-87.6806243,2023,2023-06-12,20:15:00,20,Monday,June,TO PROPERTY
13149136,JG351395,2023-07-20 00:00:00+00:00,069XX S CAMPBELL AVE,CRIMINAL DAMAGE,TO PROPERTY,STREET,False,False,832,8,16,66,14,41.76737975,-87.68575901,2023,2023-07-20,00:00:00,0,Thursday,July,TO PROPERTY
12985718,JG156010,2023-02-17 11:00:00+00:00,065XX S OAKLEY AVE,CRIMINAL DAMAGE,TO VEHICLE,VEHICLE - COMMERCIAL,True,False,832,8,16,66,14,41.77462493,-87.68094957,2023,2023-02-17,11:00:00,11,Friday,February,TO VEHICLE
13195448,JG406136,2023-08-31 23:12:00+00:00,067XX S PULASKI RD,ROBBERY,ARMED - HANDGUN,GAS STATION,False,False,833,8,23,65,03,41.77111324,-87.72256712,2023,2023-08-31,23:12:00,23,Thursday,August,ARMED - HANDGUN
12943674,JG106086,2023-01-06 03:30:00+00:00,072XX S MILLARD AVE,BATTERY,DOMESTIC BATTERY SIMPLE,RESIDENCE,False,True,833,8,13,65,08B,41.76173812,-87.7137456,2023,2023-01-06,03:30:00,3,Friday,January,DOMESTIC BATTERY SIMPLE
13134444,JG333758,2023-07-09 09:38:00+00:00,037XX W 76TH ST,BATTERY,DOMESTIC BATTERY SIMPLE,RESIDENCE,True,True,833,8,18,70,08B,41.75502209,-87.71718562,2023,2023-07-09,09:38:00,9,Sunday,July,DOMESTIC BATTERY SIMPLE
13052338,JG235315,2023-04-24 10:30:00+00:00,036XX W 68TH ST,BATTERY,AGGRAVATED DOMESTIC BATTERY - OTHER DANGEROUS WEAPON,RESIDENCE,False,True,833,8,23,65,04B,41.76969026,-87.71358844,2023,2023-04-24,10:30:00,10,Monday,April,AGGRAVATED
13216861,JG431699,2023-09-20 11:45:00+00:00,076XX S CICERO AVE,THEFT,$500 AND UNDER,RESTAURANT,False,False,833,8,18,65,06,41.75459296,-87.74152854,2023,2023-09-20,11:45:00,11,Wednesday,September,$500 AND UNDER
12947469,JG110348,2023-01-09 18:20:00+00:00,076XX S CICERO AVE,THEFT,$500 AND UNDER,SMALL RETAIL STORE,False,False,833,8,18,65,06,41.75459296,-87.74152854,2023,2023-01-09,18:20:00,18,Monday,January,$500 AND UNDER
12954824,JG119052,2023-01-17 00:00:00+00:00,072XX S AVERS AVE,THEFT,$500 AND UNDER,STREET,False,False,833,8,13,65,06,41.76135821,-87.71863145,2023,2023-01-17,00:00:00,0,Tuesday,January,$500 AND UNDER
13113287,JG308758,2023-06-20 14:16:00+00:00,076XX S CICERO AVE,THEFT,RETAIL THEFT,SMALL RETAIL STORE,False,False,833,8,18,65,06,41.75459296,-87.74152854,2023,2023-06-20,14:16:00,14,Tuesday,June,RETAIL THEFT
13260022,JG483517,2023-10-29 15:00:00+00:00,076XX S CICERO AVE,CRIMINAL DAMAGE,TO VEHICLE,PARKING LOT / GARAGE (NON RESIDENTIAL),False,False,833,8,18,65,14,41.75459296,-87.74152854,2023,2023-10-29,15:00:00,15,Sunday,October,TO VEHICLE
13025184,JG203198,2023-03-29 09:31:00+00:00,067XX S KOLIN AVE,CRIMINAL DAMAGE,TO VEHICLE,RESIDENCE,False,False,833,8,13,65,14,41.77057366,-87.73108432,2023,2023-03-29,09:31:00,9,Wednesday,March,TO VEHICLE
13197327,JG408411,2023-09-02 16:54:00+00:00,046XX W 84TH PL,BATTERY,AGGRAVATED - HANDGUN,SIDEWALK,False,False,834,8,18,70,04B,41.73870909,-87.73732153,2023,2023-09-02,16:54:00,16,Saturday,September,AGGRAVATED
13319601,JG555334,2023-12-21 14:15:00+00:00,082XX S CHRISTIANA AVE,BATTERY,SIMPLE,SCHOOL - PUBLIC BUILDING,False,False,834,8,18,70,08B,41.74337985,-87.70586801,2023,2023-12-21,14:15:00,14,Thursday,December,SIMPLE
13076113,JG264653,2023-05-15 00:00:00+00:00,038XX W 81ST ST,BATTERY,SIMPLE,SCHOOL - PUBLIC BUILDING,False,False,834,8,18,70,08B,41.74590795,-87.71764288,2023,2023-05-15,00:00:00,0,Monday,May,SIMPLE
12972432,JG140143,2023-02-04 04:40:00+00:00,080XX S KENTON AVE,BATTERY,DOMESTIC BATTERY SIMPLE,RESIDENCE,False,True,834,8,18,70,08B,41.7454215,-87.73570207,2023,2023-02-04,04:40:00,4,Saturday,February,DOMESTIC BATTERY SIMPLE
13003986,JG178049,2023-03-08 07:00:00+00:00,035XX W 79TH ST,BATTERY,DOMESTIC BATTERY SIMPLE,APARTMENT,False,True,834,8,18,70,08B,41.74960671,-87.71091589,2023,2023-03-08,07:00:00,7,Wednesday,March,DOMESTIC BATTERY SIMPLE
13207917,JG420974,2023-09-06 14:30:00+00:00,039XX W 79TH ST,THEFT,OVER $500,SCHOOL - PUBLIC BUILDING,False,False,834,8,18,70,06,41.74946001,-87.72089612,2023,2023-09-06,14:30:00,14,Wednesday,September,OVER $500
13312866,JG547142,2023-12-17 16:00:00+00:00,086XX S KOLIN AVE,THEFT,$500 AND UNDER,APARTMENT,False,False,834,8,18,70,06,41.73573975,-87.72996264,2023,2023-12-17,16:00:00,16,Sunday,December,$500 AND UNDER
13046372,JG228611,2023-04-18 06:30:00+00:00,086XX S KENNETH AVE,THEFT,$500 AND UNDER,STREET,False,False,834,8,18,70,06,41.73575246,-87.73238799,2023,2023-04-18,06:30:00,6,Tuesday,April,$500 AND UNDER
13248282,JG469414,2023-10-19 00:05:00+00:00,035XX W 79TH ST,CRIMINAL DAMAGE,TO VEHICLE,DRIVEWAY - RESIDENTIAL,False,True,834,8,18,70,14,41.74960671,-87.71091589,2023,2023-10-19,00:05:00,0,Thursday,October,TO VEHICLE
13005755,JG180135,2023-03-09 23:50:00+00:00,085XX S CICERO AVE,CRIMINAL DAMAGE,TO VEHICLE,PARKING LOT / GARAGE (NON RESIDENTIAL),False,True,834,8,18,70,14,41.73770975,-87.7409581,2023,2023-03-09,23:50:00,23,Thursday,March,TO VEHICLE
13113586,JG308825,2023-06-20 07:00:00+00:00,080XX S WESTERN AVE,BATTERY,SIMPLE,NURSING / RETIREMENT HOME,False,False,835,8,18,70,08B,41.74806235,-87.68280166,2023,2023-06-20,07:00:00,7,Tuesday,June,SIMPLE
13168951,JG374802,2023-08-08 15:00:00+00:00,028XX W COLUMBUS AVE,BATTERY,SIMPLE,PARKING LOT / GARAGE (NON RESIDENTIAL),False,False,835,8,18,70,08B,41.75416912,-87.69417084,2023,2023-08-08,15:00:00,15,Tuesday,August,SIMPLE
13172150,JG378287,2023-08-11 10:00:00+00:00,074XX S WESTERN AVE,BATTERY,SIMPLE,AUTO / BOAT / RV DEALERSHIP,False,False,835,8,18,66,08B,41.75872283,-87.68308252,2023,2023-08-11,10:00:00,10,Friday,August,SIMPLE
13190847,JG400570,2023-08-28 03:57:00+00:00,079XX S WESTERN AVE,BATTERY,SIMPLE,STREET,False,False,835,8,18,70,08B,41.74987655,-87.68283832,2023,2023-08-28,03:57:00,3,Monday,August,SIMPLE
13252381,JG474340,2023-10-22 20:30:00+00:00,035XX W 77TH ST,BATTERY,DOMESTIC BATTERY SIMPLE,RESIDENCE,False,True,835,8,18,70,08B,41.75332269,-87.71094962,2023,2023-10-22,20:30:00,20,Sunday,October,DOMESTIC BATTERY SIMPLE
13318178,JG553402,2023-12-24 14:00:00+00:00,079XX S WHIPPLE ST,BATTERY,DOMESTIC BATTERY SIMPLE,RESIDENCE,False,True,835,8,18,70,08B,41.7492518,-87.69871245,2023,2023-12-24,14:00:00,14,Sunday,December,DOMESTIC BATTERY SIMPLE
12994009,JG165156,2023-02-25 05:24:00+00:00,078XX S CHRISTIANA AVE,BATTERY,DOMESTIC BATTERY SIMPLE,RESIDENCE,False,True,835,8,18,70,08B,41.75089768,-87.70608065,2023,2023-02-25,05:24:00,5,Saturday,February,DOMESTIC BATTERY SIMPLE
13150657,JG353030,2023-07-23 17:05:00+00:00,078XX S HOMAN AVE,BATTERY,DOMESTIC BATTERY SIMPLE,SIDEWALK,True,True,835,8,18,70,08B,41.75083854,-87.70731257,2023,2023-07-23,17:05:00,17,Sunday,July,DOMESTIC BATTERY SIMPLE
12995016,JG166523,2023-02-26 07:00:00+00:00,081XX S WESTERN AVE,THEFT,OVER $500,ALLEY,False,False,835,8,18,70,06,41.74613009,-87.68275521,2023,2023-02-26,07:00:00,7,Sunday,February,OVER $500
13004591,JG178797,2023-03-08 18:10:00+00:00,079XX S FRANCISCO AVE,THEFT,OVER $500,RESIDENCE - GARAGE,False,False,835,8,18,70,06,41.74901193,-87.69504287,2023,2023-03-08,18:10:00,18,Wednesday,March,OVER $500
13070333,JG257472,2023-05-10 01:00:00+00:00,035XX W 73RD PL,THEFT,OVER $500,STREET,False,False,835,8,17,66,06,41.75970026,-87.71091366,2023,2023-05-10,01:00:00,1,Wednesday,May,OVER $500
13177588,JG384856,2023-08-15 17:45:00+00:00,074XX S MAPLEWOOD AVE,THEFT,OVER $500,STREET,False,False,835,8,18,66,06,41.7587106,-87.68675147,2023,2023-08-15,17:45:00,17,Tuesday,August,OVER $500
13282876,JG510984,2023-11-19 22:31:00+00:00,025XX W 80TH PL,THEFT,$500 AND UNDER,STREET,False,False,835,8,18,70,06,41.74730952,-87.68701979,2023,2023-11-19,22:31:00,22,Sunday,November,$500 AND UNDER
13018301,JG195326,2023-03-22 18:50:00+00:00,081XX S KEDZIE AVE,THEFT,FROM BUILDING,RESIDENCE,False,False,835,8,18,70,06,41.74543486,-87.70227154,2023,2023-03-22,18:50:00,18,Wednesday,March,FROM BUILDING
13023594,JG201537,2023-03-27 22:40:00+00:00,080XX S MOZART ST,CRIMINAL DAMAGE,TO PROPERTY,STREET,False,True,835,8,18,70,14,41.74722931,-87.69377429,2023,2023-03-27,22:40:00,22,Monday,March,TO PROPERTY
13283322,JG511536,2023-11-20 12:15:00+00:00,078XX S HOMAN AVE,CRIMINAL DAMAGE,TO VEHICLE,STREET,False,False,835,8,18,70,14,41.75053662,-87.70730451,2023,2023-11-20,12:15:00,12,Monday,November,TO VEHICLE
13007483,JG180819,2023-03-05 19:30:00+00:00,073XX S KEDZIE AVE,CRIMINAL DAMAGE,TO VEHICLE,ALLEY,False,False,835,8,18,66,14,41.76038441,-87.70250994,2023,2023-03-05,19:30:00,19,Sunday,March,TO VEHICLE
13110705,JG305553,2023-06-18 05:00:00+00:00,026XX W 80TH ST,CRIMINAL DAMAGE,TO VEHICLE,RESIDENCE - YARD (FRONT / BACK),False,True,835,8,18,70,14,41.74819993,-87.68822016,2023,2023-06-18,05:00:00,5,Sunday,June,TO VEHICLE
13266128,JG491176,2023-11-03 15:00:00+00:00,037XX S KEDZIE AVE,BATTERY,SIMPLE,APARTMENT,False,False,911,9,12,58,08B,41.82503688,-87.70446964,2023,2023-11-03,15:00:00,15,Friday,November,SIMPLE
13004120,JG177006,2023-03-07 11:00:00+00:00,037XX S ST LOUIS AVE,BATTERY,SIMPLE,VEHICLE NON-COMMERCIAL,False,False,911,9,12,58,08B,41.82515648,-87.71182105,2023,2023-03-07,11:00:00,11,Tuesday,March,SIMPLE
12995610,JG167718,2023-02-27 12:15:00+00:00,027XX W 37TH PL,BATTERY,DOMESTIC BATTERY SIMPLE,APARTMENT,False,True,911,9,12,58,08B,41.8255582,-87.69302834,2023,2023-02-27,12:15:00,12,Monday,February,DOMESTIC BATTERY SIMPLE
13084074,JG273836,2023-05-24 19:45:00+00:00,038XX S KEDZIE AVE,BATTERY,DOMESTIC BATTERY SIMPLE,RESIDENCE,False,True,911,9,12,58,08B,41.82308813,-87.70441166,2023,2023-05-24,19:45:00,19,Wednesday,May,DOMESTIC BATTERY SIMPLE
13320759,JG556636,2023-12-27 10:30:00+00:00,037XX S ARCHER AVE,ASSAULT,SIMPLE,GROCERY FOOD STORE,False,True,911,9,12,59,08A,41.82551661,-87.6856101,2023,2023-12-27,10:30:00,10,Wednesday,December,SIMPLE
13107816,JG302065,2023-06-15 12:27:00+00:00,037XX S ARCHER AVE,ASSAULT,SIMPLE,GAS STATION,False,False,911,9,12,59,08A,41.82551661,-87.6856101,2023,2023-06-15,12:27:00,12,Thursday,June,SIMPLE
13222946,JG439090,2023-09-24 01:00:00+00:00,032XX S WESTERN AVE,CRIMINAL DAMAGE,TO VEHICLE,STREET,False,False,911,9,12,59,14,41.83510842,-87.68522717,2023,2023-09-24,01:00:00,1,Sunday,September,TO VEHICLE
13269847,JG495773,2023-11-07 22:48:00+00:00,016XX W 35TH ST,ROBBERY,ARMED - HANDGUN,SIDEWALK,False,False,912,9,11,59,03,41.83048051,-87.66729084,2023,2023-11-07,22:48:00,22,Tuesday,November,ARMED - HANDGUN
12963886,JG129682,2023-01-24 17:00:00+00:00,032XX S HOYNE AVE,BATTERY,DOMESTIC BATTERY SIMPLE,VEHICLE NON-COMMERCIAL,False,True,912,9,12,59,08B,41.83515176,-87.67787301,2023,2023-01-24,17:00:00,17,Tuesday,January,DOMESTIC BATTERY SIMPLE
13250005,JG471461,2023-10-18 06:50:00+00:00,036XX S HERMITAGE AVE,ASSAULT,AGGRAVATED - HANDGUN,APARTMENT,False,False,912,9,12,59,04A,41.82789772,-87.66911181,2023,2023-10-18,06:50:00,6,Wednesday,October,AGGRAVATED
13182162,JG390296,2023-08-20 12:00:00+00:00,033XX S OAKLEY AVE,ASSAULT,AGGRAVATED - KNIFE / CUTTING INSTRUMENT,APARTMENT,False,True,912,9,12,59,04A,41.83323071,-87.68268853,2023,2023-08-20,12:00:00,12,Sunday,August,AGGRAVATED
13009806,JG184925,2023-03-13 09:00:00+00:00,037XX S HERMITAGE AVE,THEFT,OVER $500,RESIDENCE,False,True,912,9,12,59,06,41.82580901,-87.66905635,2023,2023-03-13,09:00:00,9,Monday,March,OVER $500
13030410,JG209641,2023-04-03 14:00:00+00:00,031XX S ASHLAND AVE,THEFT,$500 AND UNDER,PARKING LOT / GARAGE (NON RESIDENTIAL),False,False,912,9,12,59,06,41.83638523,-87.66571041,2023,2023-04-03,14:00:00,14,Monday,April,$500 AND UNDER
13051593,JG234657,2023-04-23 15:19:00+00:00,019XX W 33RD ST,THEFT,RETAIL THEFT,DEPARTMENT STORE,False,False,912,9,12,59,06,41.83404223,-87.67436899,2023,2023-04-23,15:19:00,15,Sunday,April,RETAIL THEFT
13252816,JG475041,2023-10-23 10:30:00+00:00,019XX W 33RD ST,CRIMINAL DAMAGE,TO VEHICLE,PARKING LOT / GARAGE (NON RESIDENTIAL),False,False,912,9,12,59,14,41.83404223,-87.67436899,2023,2023-10-23,10:30:00,10,Monday,October,TO VEHICLE
13239592,JG457527,2023-10-09 23:58:00+00:00,030XX S ASHLAND AVE,ROBBERY,ARMED - HANDGUN,SIDEWALK,False,False,913,9,12,31,03,41.83889664,-87.66577972,2023,2023-10-09,23:58:00,23,Monday,October,ARMED - HANDGUN
13221439,JG437131,2023-09-24 11:20:00+00:00,008XX W 31ST ST,BATTERY,AGGRAVATED - OTHER DANGEROUS WEAPON,SMALL RETAIL STORE,True,False,913,9,11,60,04B,41.83804441,-87.646442,2023,2023-09-24,11:20:00,11,Sunday,September,AGGRAVATED
13109983,JG304585,2023-06-17 11:30:00+00:00,032XX S GREEN ST,BATTERY,SIMPLE,STREET,False,False,913,9,11,60,08B,41.8358892,-87.64719896,2023,2023-06-17,11:30:00,11,Saturday,June,SIMPLE
13193279,JG403485,2023-08-30 08:09:00+00:00,031XX S HALSTED ST,BATTERY,SIMPLE,SIDEWALK,False,False,913,9,11,60,08B,41.83748901,-87.64626446,2023,2023-08-30,08:09:00,8,Wednesday,August,SIMPLE
13306811,JG539941,2023-12-13 17:45:00+00:00,029XX S ARCHER AVE,BATTERY,DOMESTIC BATTERY SIMPLE,RESIDENCE,False,True,913,9,11,60,08B,41.84151986,-87.65821819,2023,2023-12-13,17:45:00,17,Wednesday,December,DOMESTIC BATTERY SIMPLE
13033863,JG213512,2023-04-06 16:45:00+00:00,027XX S BONFIELD ST,BATTERY,DOMESTIC BATTERY SIMPLE,APARTMENT,False,True,913,9,11,60,08B,41.84395398,-87.65821095,2023,2023-04-06,16:45:00,16,Thursday,April,DOMESTIC BATTERY SIMPLE
13069251,JG256048,2023-05-11 01:24:00+00:00,034XX S HALSTED ST,BATTERY,DOMESTIC BATTERY SIMPLE,VEHICLE NON-COMMERCIAL,False,True,913,9,11,60,08B,41.83227965,-87.64614038,2023,2023-05-11,01:24:00,1,Thursday,May,DOMESTIC BATTERY SIMPLE
13113773,JG308846,2023-06-20 16:16:00+00:00,008XX W 31ST ST,ASSAULT,SIMPLE,ALLEY,False,False,913,9,11,60,08A,41.83804287,-87.64664385,2023,2023-06-20,16:16:00,16,Tuesday,June,SIMPLE
13106767,JG300907,2023-06-09 22:00:00+00:00,030XX S BROAD ST,THEFT,OVER $500,STREET,False,False,913,9,11,60,06,41.83876418,-87.66141779,2023,2023-06-09,22:00:00,22,Friday,June,OVER $500
12996710,JG168807,2023-02-27 17:00:00+00:00,033XX S MORGAN ST,THEFT,$500 AND UNDER,SMALL RETAIL STORE,False,False,913,9,11,60,06,41.83463885,-87.65105794,2023,2023-02-27,17:00:00,17,Monday,February,$500 AND UNDER
13177518,JG384773,2023-08-16 00:30:00+00:00,028XX S ARCHER AVE,THEFT,$500 AND UNDER,APARTMENT,False,False,913,9,11,60,06,41.84219228,-87.65683123,2023,2023-08-16,00:30:00,0,Wednesday,August,$500 AND UNDER
13307414,JG540575,2023-12-14 10:20:00+00:00,011XX W 31ST ST,CRIMINAL DAMAGE,TO PROPERTY,CLEANING STORE,False,False,913,9,11,60,14,41.83794535,-87.65377875,2023,2023-12-14,10:20:00,10,Thursday,December,TO PROPERTY
12975188,JG143457,2023-02-06 22:00:00+00:00,030XX S BONFIELD ST,CRIMINAL DAMAGE,TO PROPERTY,RESIDENCE - GARAGE,False,True,913,9,11,60,14,41.83914008,-87.65347987,2023,2023-02-06,22:00:00,22,Monday,February,TO PROPERTY
13147771,JG349736,2023-07-21 03:30:00+00:00,033XX S CARPENTER ST,CRIMINAL DAMAGE,TO VEHICLE,STREET,False,False,913,9,11,60,14,41.83357566,-87.65225079,2023,2023-07-21,03:30:00,3,Friday,July,TO VEHICLE
12996359,JG168921,2023-02-28 12:01:00+00:00,025XX S ARCHER AVE,CRIMINAL DAMAGE,TO CITY OF CHICAGO PROPERTY,CTA TRAIN,False,False,913,9,11,60,14,41.84682019,-87.64729871,2023,2023-02-28,12:01:00,12,Tuesday,February,TO CITY OF CHICAGO PROPERTY
13068726,JG255571,2023-05-10 15:00:00+00:00,002XX W CERMAK RD,ROBBERY,STRONG ARM - NO WEAPON,STREET,False,False,914,9,11,34,03,41.8528371,-87.63299644,2023,2023-05-10,15:00:00,15,Wednesday,May,STRONG ARM - NO WEAPON
13225349,JG441390,2023-09-27 15:58:00+00:00,003XX W CERMAK RD,THEFT,RETAIL THEFT,SMALL RETAIL STORE,True,False,914,9,11,34,06,41.8528827,-87.63552861,2023,2023-09-27,15:58:00,15,Wednesday,September,RETAIL THEFT
13279645,JG507194,2023-11-16 20:21:00+00:00,021XX S ARCHER AVE,THEFT,RETAIL THEFT,RESTAURANT,False,False,914,9,11,34,06,41.85389176,-87.63268762,2023,2023-11-16,20:21:00,20,Thursday,November,RETAIL THEFT
12961058,JG126284,2023-01-23 09:24:00+00:00,003XX W CERMAK RD,THEFT,RETAIL THEFT,DRUG STORE,False,False,914,9,25,34,06,41.8528827,-87.63552861,2023,2023-01-23,09:24:00,9,Monday,January,RETAIL THEFT
13039990,JG220708,2023-04-12 16:11:00+00:00,021XX S ARCHER AVE,CRIMINAL DAMAGE,TO PROPERTY,RESTAURANT,False,False,914,9,11,34,14,41.85395139,-87.63256584,2023,2023-04-12,16:11:00,16,Wednesday,April,TO PROPERTY
13269170,JG495163,2023-11-06 20:00:00+00:00,024XX S ARCHER AVE,CRIMINAL DAMAGE,TO VEHICLE,PARKING LOT / GARAGE (NON RESIDENTIAL),False,False,914,9,11,60,14,41.84801296,-87.64484158,2023,2023-11-06,20:00:00,20,Monday,November,TO VEHICLE
13101042,JG293950,2023-06-09 03:16:00+00:00,021XX S CHINA PL,CRIMINAL DAMAGE,TO VEHICLE,STREET,False,False,914,9,11,34,14,41.85400184,-87.63454007,2023,2023-06-09,03:16:00,3,Friday,June,TO VEHICLE
13312615,JG545557,2023-12-17 17:00:00+00:00,002XX W 37TH PL,BATTERY,AGGRAVATED - OTHER DANGEROUS WEAPON,APARTMENT,False,False,915,9,3,34,04B,41.8263656,-87.63294013,2023,2023-12-17,17:00:00,17,Sunday,December,AGGRAVATED
13047619,JG230064,2023-04-19 20:05:00+00:00,037XX S WENTWORTH AVE,BATTERY,DOMESTIC BATTERY SIMPLE,RESIDENCE,False,True,915,9,3,34,08B,41.82667184,-87.63140681,2023,2023-04-19,20:05:00,20,Wednesday,April,DOMESTIC BATTERY SIMPLE
13321479,JG557511,2023-12-28 15:17:00+00:00,002XX W 37TH PL,ASSAULT,SIMPLE,CHA PARKING LOT / GROUNDS,False,False,915,9,3,34,08A,41.82637073,-87.63288137,2023,2023-12-28,15:17:00,15,Thursday,December,SIMPLE
13070495,JG257572,2023-05-12 08:14:00+00:00,009XX W PERSHING RD,ASSAULT,SIMPLE,GAS STATION,False,False,915,9,11,60,08A,41.82340473,-87.64982708,2023,2023-05-12,08:14:00,8,Friday,May,SIMPLE
13228015,JG444916,2023-09-26 00:00:00+00:00,005XX W 37TH ST,THEFT,OVER $500,STREET,False,False,915,9,11,60,06,41.82717686,-87.64046021,2023,2023-09-26,00:00:00,0,Tuesday,September,OVER $500
13319161,JG554005,2023-12-22 17:00:00+00:00,009XX W PERSHING RD,THEFT,OVER $500,PARKING LOT / GARAGE (NON RESIDENTIAL),False,False,915,9,11,60,06,41.82340473,-87.64982708,2023,2023-12-22,17:00:00,17,Friday,December,OVER $500
13023866,JG201790,2023-03-28 07:10:00+00:00,032XX S SHIELDS AVE,THEFT,OVER $500,STREET,False,False,915,9,11,34,06,41.83585569,-87.63526225,2023,2023-03-28,07:10:00,7,Tuesday,March,OVER $500
13197349,JG408369,2023-09-01 16:58:00+00:00,005XX W 33RD ST,THEFT,FROM BUILDING,RESIDENCE - PORCH / HALLWAY,False,False,915,9,11,60,06,41.83449145,-87.63928047,2023,2023-09-01,16:58:00,16,Friday,September,FROM BUILDING
13253604,JG475808,2023-10-23 23:20:00+00:00,037XX S PRINCETON AVE,CRIMINAL DAMAGE,TO VEHICLE,STREET,False,True,915,9,3,34,14,41.82679097,-87.63384175,2023,2023-10-23,23:20:00,23,Monday,October,TO VEHICLE
13056086,JG240107,2023-04-28 02:15:00+00:00,037XX S WELLS ST,CRIMINAL DAMAGE,TO STATE SUPPORTED PROPERTY,CHA APARTMENT,True,True,915,9,3,34,14,41.82671713,-87.63253271,2023,2023-04-28,02:15:00,2,Friday,April,TO STATE SUPPORTED PROPERTY
12950109,JG113470,2023-01-11 00:00:00+00:00,036XX S WELLS ST,CRIMINAL DAMAGE,TO CITY OF CHICAGO PROPERTY,STREET,False,False,915,9,11,34,14,41.82834795,-87.63265068,2023,2023-01-11,00:00:00,0,Wednesday,January,TO CITY OF CHICAGO PROPERTY
13059136,JG243629,2023-04-30 22:00:00+00:00,040XX S ALBANY AVE,BATTERY,SIMPLE,STREET,False,False,921,9,12,58,08B,41.81953177,-87.70195179,2023,2023-04-30,22:00:00,22,Sunday,April,SIMPLE
12973334,JG141221,2023-02-04 17:00:00+00:00,042XX S WASHTENAW AVE,THEFT,OVER $500,STREET,False,False,921,9,15,58,06,41.81644698,-87.69200389,2023,2023-02-04,17:00:00,17,Saturday,February,OVER $500
13052986,JG236458,2023-04-24 22:00:00+00:00,041XX S RICHMOND ST,THEFT,OVER $500,STREET,False,False,921,9,12,58,06,41.8186251,-87.69827377,2023,2023-04-24,22:00:00,22,Monday,April,OVER $500
13129306,JG327616,2023-07-04 17:45:00+00:00,025XX W PERSHING RD,THEFT,RETAIL THEFT,SMALL RETAIL STORE,False,False,921,9,12,58,06,41.82291697,-87.68790363,2023,2023-07-04,17:45:00,17,Tuesday,July,RETAIL THEFT
12978746,JG147656,2023-02-09 20:00:00+00:00,042XX S SACRAMENTO AVE,CRIMINAL DAMAGE,TO PROPERTY,RESIDENCE - GARAGE,False,False,921,9,15,58,14,41.81636164,-87.69937099,2023,2023-02-09,20:00:00,20,Thursday,February,TO PROPERTY
13188599,JG397946,2023-08-25 23:30:00+00:00,044XX S ALBANY AVE,ROBBERY,ARMED - HANDGUN,SIDEWALK,False,False,922,9,12,58,03,41.8126229,-87.70167483,2023,2023-08-25,23:30:00,23,Friday,August,ARMED - HANDGUN
12971436,JG138880,2023-02-03 00:12:00+00:00,029XX W POPE JOHN PAUL II DR,BATTERY,SIMPLE,APARTMENT,False,False,922,9,15,58,08B,41.81548167,-87.69854694,2023,2023-02-03,00:12:00,0,Friday,February,SIMPLE
12974109,JG141378,2023-02-05 00:01:00+00:00,025XX W 45TH ST,BATTERY,SIMPLE,RESIDENCE - YARD (FRONT / BACK),False,True,922,9,15,58,08B,41.8120213,-87.68774524,2023,2023-02-05,00:01:00,0,Sunday,February,SIMPLE
13042969,JG223083,2023-04-14 12:00:00+00:00,047XX S KEDZIE AVE,BATTERY,SIMPLE,PARKING LOT / GARAGE (NON RESIDENTIAL),False,False,922,9,14,58,08B,41.80773418,-87.70396398,2023,2023-04-14,12:00:00,12,Friday,April,SIMPLE
13042433,JG223750,2023-04-14 20:30:00+00:00,046XX S CALIFORNIA AVE,BATTERY,DOMESTIC BATTERY SIMPLE,RESIDENCE,False,True,922,9,12,58,08B,41.80941215,-87.69424189,2023,2023-04-14,20:30:00,20,Friday,April,DOMESTIC BATTERY SIMPLE
13198802,JG410116,2023-09-04 02:00:00+00:00,045XX S RICHMOND ST,BATTERY,DOMESTIC BATTERY SIMPLE,APARTMENT,False,True,922,9,12,58,08B,41.81089821,-87.69795761,2023,2023-09-04,02:00:00,2,Monday,September,DOMESTIC BATTERY SIMPLE
13216088,JG430983,2023-09-19 18:07:00+00:00,045XX S ALBANY AVE,ASSAULT,AGGRAVATED - HANDGUN,ALLEY,False,False,922,9,12,58,04A,41.81111878,-87.70162725,2023,2023-09-19,18:07:00,18,Tuesday,September,AGGRAVATED
13225223,JG441684,2023-09-27 17:50:00+00:00,043XX S ARCHER AVE,ASSAULT,AGGRAVATED - HANDGUN,RESTAURANT,False,False,922,9,12,58,04A,41.81441787,-87.70371146,2023,2023-09-27,17:50:00,17,Wednesday,September,AGGRAVATED
13084038,JG265972,2023-05-08 20:04:00+00:00,044XX S RICHMOND ST,ASSAULT,AGGRAVATED - HANDGUN,APARTMENT,False,True,922,9,12,58,04A,41.81314345,-87.69803446,2023,2023-05-08,20:04:00,20,Monday,May,AGGRAVATED
13023969,JG201890,2023-03-28 09:00:00+00:00,047XX S RICHMOND ST,ASSAULT,SIMPLE,STREET,False,True,922,9,14,58,08A,41.80773896,-87.69785311,2023,2023-03-28,09:00:00,9,Tuesday,March,SIMPLE
13175666,JG382498,2023-08-14 14:40:00+00:00,047XX S WESTERN AVE,ASSAULT,SIMPLE,DRUG STORE,False,False,922,9,15,58,08A,41.80802882,-87.68441446,2023,2023-08-14,14:40:00,14,Monday,August,SIMPLE
13014786,JG191051,2023-03-17 18:00:00+00:00,045XX S ALBANY AVE,THEFT,OVER $500,STREET,False,False,922,9,15,58,06,41.81093214,-87.70162175,2023,2023-03-17,18:00:00,18,Friday,March,OVER $500
13161984,JG366216,2023-07-28 12:00:00+00:00,047XX S KEDZIE AVE,THEFT,$500 AND UNDER,PARKING LOT / GARAGE (NON RESIDENTIAL),False,False,922,9,14,58,06,41.80776163,-87.70396371,2023,2023-07-28,12:00:00,12,Friday,July,$500 AND UNDER
12986144,JG156596,2023-02-17 19:33:00+00:00,047XX S WESTERN AVE,THEFT,RETAIL THEFT,SMALL RETAIL STORE,True,False,922,9,15,58,06,41.80802882,-87.68441446,2023,2023-02-17,19:33:00,19,Friday,February,RETAIL THEFT
13015246,JG191611,2023-03-19 20:45:00+00:00,047XX S WESTERN AVE,THEFT,RETAIL THEFT,SMALL RETAIL STORE,False,False,922,9,15,58,06,41.80802882,-87.68441446,2023,2023-03-19,20:45:00,20,Sunday,March,RETAIL THEFT
13059818,JG244612,2023-05-01 21:14:00+00:00,031XX W 54TH PL,BATTERY,AGGRAVATED - HANDGUN,ALLEY,False,False,923,9,14,63,04B,41.79445083,-87.70227868,2023,2023-05-01,21:14:00,21,Monday,May,AGGRAVATED
12995509,JG167883,2023-02-26 22:00:00+00:00,054XX S KEDZIE AVE,BATTERY,DOMESTIC BATTERY SIMPLE,PARKING LOT / GARAGE (NON RESIDENTIAL),False,True,923,9,14,63,08B,41.79417254,-87.70357593,2023,2023-02-26,22:00:00,22,Sunday,February,DOMESTIC BATTERY SIMPLE
13188604,JG397895,2023-08-25 23:20:00+00:00,031XX W 53RD ST,ASSAULT,AGGRAVATED - HANDGUN,STREET,False,False,923,9,14,63,04A,41.79720196,-87.70152556,2023,2023-08-25,23:20:00,23,Friday,August,AGGRAVATED
13286781,JG515452,2023-11-24 00:33:00+00:00,049XX S WESTERN AVE,ASSAULT,AGGRAVATED POLICE OFFICER - OTHER FIREARM,STREET,True,False,923,9,15,63,04A,41.80456528,-87.68436872,2023,2023-11-24,00:33:00,0,Friday,November,AGGRAVATED
13075337,JG263571,2023-05-17 01:58:00+00:00,029XX W 53RD ST,ASSAULT,SIMPLE,APARTMENT,False,True,923,9,14,63,08A,41.79726545,-87.69811062,2023,2023-05-17,01:58:00,1,Wednesday,May,SIMPLE
13010769,JG186203,2023-03-15 00:01:00+00:00,051XX S WESTERN AVE,THEFT,OVER $500,STREET,False,False,923,9,14,63,06,41.80039853,-87.68420538,2023,2023-03-15,00:01:00,0,Wednesday,March,OVER $500
13198197,JG409424,2023-09-02 01:00:00+00:00,025XX W 55TH ST,THEFT,OVER $500,APARTMENT,False,False,923,9,15,63,06,41.79381249,-87.6871689,2023,2023-09-02,01:00:00,1,Saturday,September,OVER $500
13054811,JG238174,2023-04-24 00:01:00+00:00,052XX S TALMAN AVE,THEFT,$500 AND UNDER,STREET,False,False,923,9,14,63,06,41.798583,-87.69027131,2023,2023-04-24,00:01:00,0,Monday,April,$500 AND UNDER
13193056,JG403277,2023-08-30 02:02:00+00:00,028XX W 55TH ST,THEFT,RETAIL THEFT,SMALL RETAIL STORE,False,False,923,9,14,63,06,41.79368664,-87.69410476,2023,2023-08-30,02:02:00,2,Wednesday,August,RETAIL THEFT
13253891,JG475990,2023-10-24 06:13:00+00:00,041XX S ASHLAND AVE,ROBBERY,ARMED - HANDGUN,SIDEWALK,False,False,924,9,11,61,03,41.81886567,-87.66521372,2023,2023-10-24,06:13:00,6,Tuesday,October,ARMED - HANDGUN
13020976,JG198255,2023-03-25 06:26:00+00:00,045XX S ASHLAND AVE,ROBBERY,ARMED - HANDGUN,SIDEWALK,False,False,924,9,15,61,03,41.81157042,-87.66504744,2023,2023-03-25,06:26:00,6,Saturday,March,ARMED - HANDGUN
13137577,JG337460,2023-07-11 23:00:00+00:00,019XX W 47TH ST,ROBBERY,VEHICULAR HIJACKING,STREET,False,False,924,9,15,61,03,41.80851233,-87.67438127,2023,2023-07-11,23:00:00,23,Tuesday,July,VEHICULAR HIJACKING
13262255,JG486275,2023-10-31 17:35:00+00:00,045XX S ASHLAND AVE,BATTERY,SIMPLE,PARKING LOT / GARAGE (NON RESIDENTIAL),False,False,924,9,15,61,08B,41.81155121,-87.66504764,2023,2023-10-31,17:35:00,17,Tuesday,October,SIMPLE
13233303,JG451323,2023-10-05 00:13:00+00:00,043XX S WOLCOTT AVE,BATTERY,DOMESTIC BATTERY SIMPLE,APARTMENT,False,True,924,9,15,61,08B,41.8152246,-87.67243059,2023,2023-10-05,00:13:00,0,Thursday,October,DOMESTIC BATTERY SIMPLE
13257149,JG479990,2023-10-26 20:10:00+00:00,046XX S ASHLAND AVE,BATTERY,DOMESTIC BATTERY SIMPLE,STREET,False,True,924,9,15,61,08B,41.80999498,-87.6650088,2023,2023-10-26,20:10:00,20,Thursday,October,DOMESTIC BATTERY SIMPLE
13111702,JG305910,2023-06-17 18:00:00+00:00,017XX W 47TH ST,BATTERY,DOMESTIC BATTERY SIMPLE,STREET,False,True,924,9,15,61,08B,41.80857807,-87.6676975,2023,2023-06-17,18:00:00,18,Saturday,June,DOMESTIC BATTERY SIMPLE
13274016,JG500422,2023-11-11 02:30:00+00:00,016XX W 43RD ST,ASSAULT,AGGRAVATED - HANDGUN,STREET,False,False,924,9,15,61,04A,41.815864,-87.66578418,2023,2023-11-11,02:30:00,2,Saturday,November,AGGRAVATED
13039984,JG220783,2023-04-12 17:01:00+00:00,046XX S HERMITAGE AVE,ASSAULT,SIMPLE,ALLEY,False,False,924,9,15,61,08A,41.80959894,-87.66864429,2023,2023-04-12,17:01:00,17,Wednesday,April,SIMPLE
13016978,JG193562,2023-03-21 12:41:00+00:00,016XX W 47TH ST,THEFT,RETAIL THEFT,SMALL RETAIL STORE,True,False,924,9,15,61,06,41.80859321,-87.66557723,2023,2023-03-21,12:41:00,12,Tuesday,March,RETAIL THEFT
13031797,JG210662,2023-04-02 10:56:00+00:00,016XX W 47TH ST,THEFT,RETAIL THEFT,DRUG STORE,False,False,924,9,15,61,06,41.80859321,-87.66557723,2023,2023-04-02,10:56:00,10,Sunday,April,RETAIL THEFT
13037549,JG217989,2023-04-10 16:00:00+00:00,043XX S ASHLAND AVE,THEFT,RETAIL THEFT,APPLIANCE STORE,False,False,924,9,11,61,06,41.81534434,-87.66514027,2023,2023-04-10,16:00:00,16,Monday,April,RETAIL THEFT
13143312,JG344214,2023-07-17 07:30:00+00:00,043XX S PACKERS AVE,CRIMINAL DAMAGE,TO VEHICLE,PARKING LOT / GARAGE (NON RESIDENTIAL),False,True,924,9,11,61,14,41.81572625,-87.65864689,2023,2023-07-17,07:30:00,7,Monday,July,TO VEHICLE
13016509,JG193056,2023-03-21 00:07:00+00:00,002XX W 47TH ST,ROBBERY,STRONG ARM - NO WEAPON,CTA PLATFORM,False,False,925,9,3,37,03,41.80912527,-87.63190651,2023,2023-03-21,00:07:00,0,Tuesday,March,STRONG ARM - NO WEAPON
13291491,JG519916,2023-11-27 20:58:00+00:00,003XX W 43RD ST,BATTERY,AGGRAVATED - OTHER DANGEROUS WEAPON,RESIDENCE,False,True,925,9,3,37,04B,41.81635188,-87.63566485,2023,2023-11-27,20:58:00,20,Monday,November,AGGRAVATED
13215615,JG430276,2023-09-19 09:10:00+00:00,046XX S EMERALD AVE,BATTERY,SIMPLE,OTHER (SPECIFY),False,False,925,9,15,61,08B,41.80973022,-87.64434932,2023,2023-09-19,09:10:00,9,Tuesday,September,SIMPLE
13236556,JG455336,2023-10-07 21:00:00+00:00,003XX W SWANN ST,BATTERY,SIMPLE,RESIDENCE,False,False,925,9,3,37,08B,41.80984003,-87.63391248,2023,2023-10-07,21:00:00,21,Saturday,October,SIMPLE
13039050,JG219677,2023-04-11 21:00:00+00:00,006XX W 46TH PL,ASSAULT,AGGRAVATED - HANDGUN,STREET,False,False,925,9,15,61,04A,41.80985282,-87.64146124,2023,2023-04-11,21:00:00,21,Tuesday,April,AGGRAVATED
13089314,JG279833,2023-05-29 16:37:00+00:00,043XX S WENTWORTH AVE,ASSAULT,SIMPLE,STREET,False,False,925,9,20,37,08A,41.81632186,-87.63118968,2023,2023-05-29,16:37:00,16,Monday,May,SIMPLE
13204086,JG416397,2023-07-13 00:00:00+00:00,004XX W PERSHING RD,THEFT,OVER $500,COMMERCIAL / BUSINESS OFFICE,False,False,925,9,11,61,06,41.82355979,-87.63771454,2023,2023-07-13,00:00:00,0,Thursday,July,OVER $500
13262004,JG485966,2023-10-27 08:00:00+00:00,046XX S HALSTED ST,THEFT,OVER $500,CURRENCY EXCHANGE,False,False,925,9,15,61,06,41.80976768,-87.64556305,2023,2023-10-27,08:00:00,8,Friday,October,OVER $500
13057344,JG241618,2023-04-27 14:30:00+00:00,004XX W 47TH ST,THEFT,OVER $500,STREET,False,False,925,9,15,61,06,41.80901652,-87.63749043,2023,2023-04-27,14:30:00,14,Thursday,April,OVER $500
13099951,JG291751,2023-06-07 12:30:00+00:00,009XX W 45TH ST,THEFT,OVER $500,STREET,False,False,925,9,15,61,06,41.81245653,-87.64868896,2023,2023-06-07,12:30:00,12,Wednesday,June,OVER $500
13292465,JG522148,2023-11-29 16:23:00+00:00,046XX S HALSTED ST,THEFT,$500 AND UNDER,SMALL RETAIL STORE,False,False,925,9,15,61,06,41.80980337,-87.64556634,2023,2023-11-29,16:23:00,16,Wednesday,November,$500 AND UNDER
13125692,JG323393,2023-07-01 01:00:00+00:00,042XX S EMERALD AVE,THEFT,$500 AND UNDER,STREET,False,False,925,9,11,61,06,41.81716833,-87.6445374,2023,2023-07-01,01:00:00,1,Saturday,July,$500 AND UNDER
12975787,JG144124,2023-02-07 13:30:00+00:00,046XX S HALSTED ST,THEFT,RETAIL THEFT,SMALL RETAIL STORE,False,False,925,9,11,61,06,41.80980337,-87.64556634,2023,2023-02-07,13:30:00,13,Tuesday,February,RETAIL THEFT
13057104,JG240608,2023-04-28 13:15:00+00:00,046XX S HALSTED ST,THEFT,RETAIL THEFT,CONVENIENCE STORE,False,False,925,9,15,61,06,41.80980337,-87.64556634,2023,2023-04-28,13:15:00,13,Friday,April,RETAIL THEFT
13127887,JG326024,2023-07-03 00:00:00+00:00,002XX W 47TH ST,THEFT,PURSE-SNATCHING,CTA TRAIN,False,False,925,9,20,37,06,41.80912527,-87.63190651,2023,2023-07-03,00:00:00,0,Monday,July,PURSE-SNATCHING
13139840,JG340063,2023-07-13 23:10:00+00:00,005XX W 43RD PL,CRIMINAL DAMAGE,TO VEHICLE,STREET,False,False,925,9,11,61,14,41.81538299,-87.63880817,2023,2023-07-13,23:10:00,23,Thursday,July,TO VEHICLE
13172007,JG378266,2023-08-10 17:30:00+00:00,042XX S PRINCETON AVE,CRIMINAL DAMAGE,TO VEHICLE,OTHER (SPECIFY),False,False,925,9,20,37,14,41.81691816,-87.63356767,2023,2023-08-10,17:30:00,17,Thursday,August,TO VEHICLE
13001019,JG174455,2023-03-05 04:10:00+00:00,017XX W 48TH ST,ROBBERY,ARMED - HANDGUN,SIDEWALK,False,False,931,9,15,61,03,41.8067422,-87.66912864,2023,2023-03-05,04:10:00,4,Sunday,March,ARMED - HANDGUN
13299195,JG530554,2023-12-06 08:45:00+00:00,049XX S HERMITAGE AVE,ASSAULT,SIMPLE,SIDEWALK,False,False,931,9,20,61,08A,41.80424677,-87.66850156,2023,2023-12-06,08:45:00,8,Wednesday,December,SIMPLE
13156881,JG360395,2023-07-29 04:56:00+00:00,049XX S DAMEN AVE,ASSAULT,SIMPLE,APARTMENT,True,True,931,9,15,61,08A,41.80389481,-87.6745753,2023,2023-07-29,04:56:00,4,Saturday,July,SIMPLE
13187762,JG396978,2023-08-25 05:00:00+00:00,047XX S HOYNE AVE,THEFT,OVER $500,RESIDENCE - YARD (FRONT / BACK),False,False,931,9,15,61,06,41.80789123,-87.67710193,2023,2023-08-25,05:00:00,5,Friday,August,OVER $500
12992681,JG164394,2023-02-24 10:00:00+00:00,048XX S ASHLAND AVE,CRIMINAL DAMAGE,TO PROPERTY,RESIDENCE,False,True,931,9,20,61,14,41.8058834,-87.66489748,2023,2023-02-24,10:00:00,10,Friday,February,TO PROPERTY
13007803,JG182723,2023-03-11 23:00:00+00:00,022XX W 50TH ST,CRIMINAL DAMAGE,TO VEHICLE,DRIVEWAY - RESIDENTIAL,False,False,931,9,15,63,14,41.80299185,-87.68080861,2023,2023-03-11,23:00:00,23,Saturday,March,TO VEHICLE
13044216,JG225965,2023-04-16 15:00:00+00:00,048XX S PAULINA ST,CRIMINAL DAMAGE,TO VEHICLE,PARKING LOT / GARAGE (NON RESIDENTIAL),False,False,931,9,15,61,14,41.80630374,-87.66733958,2023,2023-04-16,15:00:00,15,Sunday,April,TO VEHICLE
13259701,JG483100,2023-10-28 01:40:00+00:00,053XX S WINCHESTER AVE,ROBBERY,ARMED - HANDGUN,SIDEWALK,False,False,932,9,16,61,03,41.79715508,-87.67318105,2023,2023-10-28,01:40:00,1,Saturday,October,ARMED - HANDGUN
13309645,JG542969,2023-12-16 07:30:00+00:00,054XX S HONORE ST,ASSAULT,SIMPLE,STREET,False,True,932,9,16,61,08A,41.79512644,-87.67068981,2023,2023-12-16,07:30:00,7,Saturday,December,SIMPLE
13150009,JG350792,2023-07-20 19:30:00+00:00,051XX S DAMEN AVE,ASSAULT,SIMPLE,RESIDENCE,False,True,932,9,16,61,08A,41.80060396,-87.67449531,2023,2023-07-20,19:30:00,19,Thursday,July,SIMPLE
12985432,JG155747,2023-02-16 19:00:00+00:00,054XX S SEELEY AVE,THEFT,$500 AND UNDER,APARTMENT,False,False,932,9,16,61,06,41.7952834,-87.6755583,2023,2023-02-16,19:00:00,19,Thursday,February,$500 AND UNDER
13007342,JG182207,2023-03-11 18:00:00+00:00,017XX W 51ST ST,CRIMINAL DAMAGE,TO PROPERTY,OTHER (SPECIFY),False,False,932,9,16,61,14,41.80128294,-87.66897597,2023,2023-03-11,18:00:00,18,Saturday,March,TO PROPERTY
12945832,JG108554,2023-01-08 11:37:00+00:00,021XX W 54TH PL,CRIMINAL DAMAGE,TO VEHICLE,STREET,False,True,932,9,16,61,14,41.79480061,-87.67751419,2023,2023-01-08,11:37:00,11,Sunday,January,TO VEHICLE
13173999,JG380547,2023-08-13 01:39:00+00:00,050XX S JUSTINE ST,BATTERY,AGGRAVATED - HANDGUN,SIDEWALK,False,False,933,9,20,61,04B,41.80249483,-87.66359034,2023,2023-08-13,01:39:00,1,Sunday,August,AGGRAVATED
13318928,JG554482,2023-12-25 22:17:00+00:00,048XX S JUSTINE ST,BATTERY,DOMESTIC BATTERY SIMPLE,RESIDENCE,True,True,933,9,20,61,08B,41.80595314,-87.66367903,2023,2023-12-25,22:17:00,22,Monday,December,DOMESTIC BATTERY SIMPLE
13085620,JG275384,2023-05-25 21:00:00+00:00,015XX W 47TH ST,BATTERY,DOMESTIC BATTERY SIMPLE,HOTEL / MOTEL,False,True,933,9,20,61,08B,41.80861475,-87.66409147,2023,2023-05-25,21:00:00,21,Thursday,May,DOMESTIC BATTERY SIMPLE
13128449,JG326636,2023-07-03 22:00:00+00:00,048XX S LAFLIN ST,BATTERY,DOMESTIC BATTERY SIMPLE,APARTMENT,False,True,933,9,20,61,08B,41.80635776,-87.66247542,2023,2023-07-03,22:00:00,22,Monday,July,DOMESTIC BATTERY SIMPLE
13242992,JG462865,2023-10-14 03:00:00+00:00,014XX W 49TH PL,THEFT,OVER $500,STREET,False,False,933,9,20,61,06,41.80410323,-87.66081544,2023,2023-10-14,03:00:00,3,Saturday,October,OVER $500
12971687,JG139269,2023-02-02 11:00:00+00:00,015XX W 47TH ST,THEFT,RETAIL THEFT,PAWN SHOP,False,False,933,9,20,61,06,41.80861286,-87.66423821,2023,2023-02-02,11:00:00,11,Thursday,February,RETAIL THEFT
13321638,JG557765,2023-12-28 17:10:00+00:00,050XX S LAFLIN ST,CRIMINAL DAMAGE,TO VEHICLE,PARKING LOT / GARAGE (NON RESIDENTIAL),False,False,933,9,20,61,14,41.80230659,-87.66237097,2023,2023-12-28,17:10:00,17,Thursday,December,TO VEHICLE
13026336,JG204690,2023-03-30 13:00:00+00:00,048XX S THROOP ST,CRIMINAL DAMAGE,TO VEHICLE,STREET,False,False,933,9,20,61,14,41.80620026,-87.6576098,2023,2023-03-30,13:00:00,13,Thursday,March,TO VEHICLE
13027693,JG206422,2023-03-31 18:42:00+00:00,013XX W 48TH ST,CRIMINAL DAMAGE,TO VEHICLE,STREET,False,False,933,9,20,61,14,41.80686847,-87.65830702,2023,2023-03-31,18:42:00,18,Friday,March,TO VEHICLE
13119560,JG316100,2023-06-26 01:58:00+00:00,009XX W 53RD ST,BATTERY,AGGRAVATED - HANDGUN,RESIDENCE - YARD (FRONT / BACK),False,False,934,9,16,61,04B,41.79778359,-87.64927057,2023,2023-06-26,01:58:00,1,Monday,June,AGGRAVATED
13251970,JG470299,2023-10-19 15:15:00+00:00,053XX S RACINE AVE,BATTERY,"AGGRAVATED - HANDS, FISTS, FEET, SERIOUS INJURY",STREET,True,False,934,9,20,61,04B,41.79735622,-87.65494853,2023,2023-10-19,15:15:00,15,Thursday,October,AGGRAVATED
13064419,JG250090,2023-05-06 08:00:00+00:00,053XX S BISHOP ST,BATTERY,DOMESTIC BATTERY SIMPLE,RESIDENCE,False,True,934,9,16,61,08B,41.79708456,-87.66102085,2023,2023-05-06,08:00:00,8,Saturday,May,DOMESTIC BATTERY SIMPLE
13133321,JG332439,2023-07-08 08:21:00+00:00,054XX S CARPENTER ST,BATTERY,DOMESTIC BATTERY SIMPLE,ALLEY,True,True,934,9,16,61,08B,41.79543815,-87.65127217,2023,2023-07-08,08:21:00,8,Saturday,July,DOMESTIC BATTERY SIMPLE
13156922,JG360433,2023-07-29 05:59:00+00:00,051XX S MAY ST,BATTERY,DOMESTIC BATTERY SIMPLE,STREET,False,True,934,9,20,61,08B,41.80100775,-87.65383175,2023,2023-07-29,05:59:00,5,Saturday,July,DOMESTIC BATTERY SIMPLE
13248796,JG469915,2023-10-19 11:31:00+00:00,052XX S SANGAMON ST,ASSAULT,SIMPLE,APARTMENT,False,True,934,9,20,61,08A,41.79912349,-87.64892625,2023,2023-10-19,11:31:00,11,Thursday,October,SIMPLE
13533823,JH352091,2023-11-20 12:00:00+00:00,051XX S LOOMIS BLVD,THEFT,OVER $500,RESIDENCE,False,False,934,9,20,61,06,41.80023661,-87.65989131,2023,2023-11-20,12:00:00,12,Monday,November,OVER $500
13174916,JG381643,2023-08-10 05:42:00+00:00,052XX S LAFLIN ST,THEFT,OVER $500,STREET,False,False,934,9,16,61,06,41.7987961,-87.66227556,2023,2023-08-10,05:42:00,5,Thursday,August,OVER $500
13093256,JG284566,2023-06-01 20:50:00+00:00,047XX S PRINCETON AVE,BATTERY,AGGRAVATED - HANDGUN,STREET,False,False,935,9,20,37,04B,41.80860717,-87.63335002,2023,2023-06-01,20:50:00,20,Thursday,June,AGGRAVATED
13176381,JG383244,2023-08-14 18:00:00+00:00,053XX S SHIELDS AVE,ASSAULT,AGGRAVATED - HANDGUN,RESIDENCE,False,False,935,9,20,37,04A,41.7974629,-87.63429279,2023,2023-08-14,18:00:00,18,Monday,August,AGGRAVATED
13191310,JG401102,2023-08-28 11:30:00+00:00,041XX W ROOSEVELT RD,ROBBERY,ARMED - HANDGUN,SMALL RETAIL STORE,False,False,1011,10,24,29,03,41.86613052,-87.72815812,2023,2023-08-28,11:30:00,11,Monday,August,ARMED - HANDGUN
13288933,JG517982,2023-11-26 10:32:00+00:00,012XX S KEELER AVE,BATTERY,AGGRAVATED - KNIFE / CUTTING INSTRUMENT,APARTMENT,False,True,1011,10,24,29,04B,41.86549556,-87.73004746,2023,2023-11-26,10:32:00,10,Sunday,November,AGGRAVATED
13049002,JG230694,2023-04-19 15:45:00+00:00,039XX W 14TH ST,BATTERY,AGGRAVATED - OTHER DANGEROUS WEAPON,STREET,False,False,1011,10,24,29,04B,41.8625314,-87.72426032,2023,2023-04-19,15:45:00,15,Wednesday,April,AGGRAVATED
13242608,JG462706,2023-10-13 23:30:00+00:00,014XX S KENNETH AVE,BATTERY,SIMPLE,RESIDENCE - PORCH / HALLWAY,False,False,1011,10,24,29,08B,41.86179475,-87.73605137,2023,2023-10-13,23:30:00,23,Friday,October,SIMPLE
13303990,JG536333,2023-12-10 20:30:00+00:00,012XX S INDEPENDENCE BLVD,BATTERY,DOMESTIC BATTERY SIMPLE,ALLEY,True,True,1011,10,24,29,08B,41.86560161,-87.71950626,2023,2023-12-10,20:30:00,20,Sunday,December,DOMESTIC BATTERY SIMPLE
12989992,JG160976,2023-02-21 16:30:00+00:00,013XX S LAWNDALE AVE,BATTERY,DOMESTIC BATTERY SIMPLE,APARTMENT,False,True,1011,10,24,29,08B,41.86352869,-87.71777862,2023,2023-02-21,16:30:00,16,Tuesday,February,DOMESTIC BATTERY SIMPLE
13173067,JG379527,2023-08-12 07:29:00+00:00,013XX S LAWNDALE AVE,BATTERY,DOMESTIC BATTERY SIMPLE,APARTMENT,False,True,1011,10,24,29,08B,41.86358084,-87.71778179,2023,2023-08-12,07:29:00,7,Saturday,August,DOMESTIC BATTERY SIMPLE
13034456,JG214148,2023-04-07 11:00:00+00:00,012XX S INDEPENDENCE BLVD,BATTERY,AGGRAVATED DOMESTIC BATTERY - OTHER DANGEROUS WEAPON,APARTMENT,False,True,1011,10,24,29,04B,41.86545339,-87.71950034,2023,2023-04-07,11:00:00,11,Friday,April,AGGRAVATED
13304953,JG537251,2023-12-11 15:58:00+00:00,038XX W ROOSEVELT RD,ASSAULT,SIMPLE,TAVERN / LIQUOR STORE,False,False,1011,10,24,29,08A,41.86622945,-87.72093573,2023,2023-12-11,15:58:00,15,Monday,December,SIMPLE
13097379,JG289703,2023-06-05 22:27:00+00:00,013XX S TRIPP AVE,ASSAULT,SIMPLE,APARTMENT,False,True,1011,10,24,29,08A,41.86327875,-87.73119901,2023,2023-06-05,22:27:00,22,Monday,June,SIMPLE
13170749,JG375593,2023-08-09 08:28:00+00:00,014XX S MILLARD AVE,ASSAULT,SIMPLE,ALLEY,False,True,1011,10,24,29,08A,41.86162829,-87.71650097,2023,2023-08-09,08:28:00,8,Wednesday,August,SIMPLE
13265420,JG489534,2023-10-27 11:00:00+00:00,012XX S LAWNDALE AVE,THEFT,OVER $500,RESIDENCE - PORCH / HALLWAY,False,False,1011,10,24,29,06,41.86549387,-87.7178332,2023,2023-10-27,11:00:00,11,Friday,October,OVER $500
13222032,JG437923,2023-09-25 00:01:00+00:00,036XX W DOUGLAS BLVD,THEFT,$500 AND UNDER,APARTMENT,False,True,1011,10,24,29,06,41.86284846,-87.71579908,2023,2023-09-25,00:01:00,0,Monday,September,$500 AND UNDER
13254775,JG477065,2023-10-24 18:40:00+00:00,013XX S LAWNDALE AVE,CRIMINAL DAMAGE,TO PROPERTY,APARTMENT,False,False,1011,10,24,29,14,41.86393215,-87.71778944,2023,2023-10-24,18:40:00,18,Tuesday,October,TO PROPERTY
13008125,JG183120,2023-03-05 16:00:00+00:00,041XX W 21ST ST,BATTERY,"AGG. DOMESTIC BATTERY - HANDS, FISTS, FEET, SERIOUS INJURY",APARTMENT,False,True,1012,10,24,29,04B,41.85344966,-87.72822628,2023,2023-03-05,16:00:00,16,Sunday,March,"AGG. DOMESTIC BATTERY - HANDS, FISTS, FEET, SERIOUS INJURY"
13011454,JG186183,2023-03-13 17:02:00+00:00,015XX S KARLOV AVE,THEFT,$500 AND UNDER,RESIDENCE,False,False,1012,10,24,29,06,41.8601113,-87.72743663,2023,2023-03-13,17:02:00,17,Monday,March,$500 AND UNDER
13217314,JG432345,2023-09-20 19:28:00+00:00,040XX W CULLERTON ST,CRIMINAL DAMAGE,TO PROPERTY,RESIDENCE,False,False,1012,10,24,29,14,41.85439063,-87.72608845,2023,2023-09-20,19:28:00,19,Wednesday,September,TO PROPERTY
13289497,JG518745,2023-11-27 01:55:00+00:00,018XX S KEELER AVE,CRIMINAL DAMAGE,TO VEHICLE,STREET,False,False,1012,10,24,29,14,41.85593852,-87.72975553,2023,2023-11-27,01:55:00,1,Monday,November,TO VEHICLE
13051763,JG234971,2023-04-23 20:00:00+00:00,043XX W 21ST PL,CRIMINAL DAMAGE,TO VEHICLE,STREET,False,False,1012,10,24,29,14,41.85247726,-87.73275385,2023,2023-04-23,20:00:00,20,Sunday,April,TO VEHICLE
13068631,JG255351,2023-05-09 08:00:00+00:00,018XX S KARLOV AVE,CRIMINAL DAMAGE,TO VEHICLE,STREET,False,False,1012,10,24,29,14,41.85608465,-87.72728009,2023,2023-05-09,08:00:00,8,Tuesday,May,TO VEHICLE
13040524,JG221349,2023-04-13 06:22:00+00:00,025XX S RIDGEWAY AVE,ROBBERY,VEHICULAR HIJACKING,RESIDENCE - YARD (FRONT / BACK),False,False,1013,10,22,30,03,41.84539838,-87.71848094,2023,2023-04-13,06:22:00,6,Thursday,April,VEHICULAR HIJACKING
13214679,JG429229,2023-09-16 12:34:00+00:00,043XX W 26TH ST,ROBBERY,ATTEMPT ARMED - HANDGUN,RESTAURANT,False,False,1013,10,22,30,03,41.8441437,-87.73237671,2023,2023-09-16,12:34:00,12,Saturday,September,ATTEMPT ARMED - HANDGUN
12996425,JG168962,2023-02-28 11:49:00+00:00,040XX W 25TH PL,BATTERY,SIMPLE,RESIDENCE - YARD (FRONT / BACK),True,False,1013,10,22,30,08B,41.84515956,-87.72517014,2023,2023-02-28,11:49:00,11,Tuesday,February,SIMPLE
13098252,JG290749,2023-06-05 01:00:00+00:00,039XX W OGDEN AVE,BATTERY,SIMPLE,GAS STATION,False,False,1013,10,22,29,08B,41.85139331,-87.72390352,2023,2023-06-05,01:00:00,1,Monday,June,SIMPLE
13191367,JG400357,2023-08-27 21:43:00+00:00,022XX S KEELER AVE,BATTERY,DOMESTIC BATTERY SIMPLE,APARTMENT,False,True,1013,10,22,29,08B,41.85057524,-87.72956738,2023,2023-08-27,21:43:00,21,Sunday,August,DOMESTIC BATTERY SIMPLE
13080981,JG270308,2023-05-22 11:28:00+00:00,025XX S HARDING AVE,ASSAULT,SIMPLE,RESIDENCE,False,True,1013,10,22,30,08A,41.84530911,-87.72335569,2023,2023-05-22,11:28:00,11,Monday,May,SIMPLE
12957262,JG121898,2023-01-18 18:23:00+00:00,044XX W CERMAK RD,THEFT,OVER $500,OTHER (SPECIFY),False,False,1013,10,22,29,06,41.85139359,-87.73491854,2023,2023-01-18,18:23:00,18,Wednesday,January,OVER $500
13119964,JG316662,2023-06-23 18:00:00+00:00,025XX S HAMLIN AVE,THEFT,OVER $500,STREET,False,False,1013,10,22,30,06,41.84525122,-87.71970082,2023,2023-06-23,18:00:00,18,Friday,June,OVER $500
13225035,JG441449,2023-09-27 16:21:00+00:00,045XX W OGDEN AVE,CRIMINAL DAMAGE,TO PROPERTY,COMMERCIAL / BUSINESS OFFICE,False,False,1013,10,22,29,14,41.84655561,-87.73758781,2023,2023-09-27,16:21:00,16,Wednesday,September,TO PROPERTY
13109495,JG304029,2023-06-16 21:10:00+00:00,022XX S AVERS AVE,CRIMINAL DAMAGE,TO VEHICLE,APARTMENT,False,True,1013,10,22,30,14,41.8509035,-87.7210746,2023,2023-06-16,21:10:00,21,Friday,June,TO VEHICLE
13144299,JG345418,2023-07-16 23:30:00+00:00,022XX S KOLIN AVE,CRIMINAL DAMAGE,TO VEHICLE,VEHICLE NON-COMMERCIAL,False,False,1013,10,22,29,14,41.85082015,-87.73231055,2023,2023-07-16,23:30:00,23,Sunday,July,TO VEHICLE
13184121,JG392647,2023-08-21 18:00:00+00:00,024XX S HARDING AVE,CRIMINAL DAMAGE,TO VEHICLE,STREET,False,False,1013,10,22,30,14,41.84721388,-87.72340366,2023,2023-08-21,18:00:00,18,Monday,August,TO VEHICLE
13322233,JG558355,2023-12-29 10:00:00+00:00,015XX S LAWNDALE AVE,BATTERY,DOMESTIC BATTERY SIMPLE,APARTMENT,False,True,1014,10,24,29,08B,41.8600594,-87.71767607,2023,2023-12-29,10:00:00,10,Friday,December,DOMESTIC BATTERY SIMPLE
12940274,JG102194,2023-01-02 18:30:00+00:00,015XX S CENTRAL PARK AVE,BATTERY,DOMESTIC BATTERY SIMPLE,APARTMENT,False,True,1014,10,24,29,08B,41.86029057,-87.71524368,2023,2023-01-02,18:30:00,18,Monday,January,DOMESTIC BATTERY SIMPLE
13073104,JG260899,2023-05-15 04:00:00+00:00,015XX S MILLARD AVE,BATTERY,DOMESTIC BATTERY SIMPLE,VEHICLE NON-COMMERCIAL,False,True,1014,10,24,29,08B,41.859976,-87.71645445,2023,2023-05-15,04:00:00,4,Monday,May,DOMESTIC BATTERY SIMPLE
13136377,JG336125,2023-07-11 01:07:00+00:00,018XX S AVERS AVE,BATTERY,DOMESTIC BATTERY SIMPLE,APARTMENT,False,True,1014,10,24,29,08B,41.8559587,-87.72112549,2023,2023-07-11,01:07:00,1,Tuesday,July,DOMESTIC BATTERY SIMPLE
13067273,JG253710,2023-05-08 09:00:00+00:00,036XX W CERMAK RD,ASSAULT,SIMPLE,APARTMENT,False,False,1014,10,24,29,08A,41.85164065,-87.71677312,2023,2023-05-08,09:00:00,9,Monday,May,SIMPLE
12945504,JG108203,2023-01-08 00:10:00+00:00,018XX S HAMLIN AVE,THEFT,$500 AND UNDER,APARTMENT,False,False,1014,10,24,29,06,41.85658105,-87.7199853,2023,2023-01-08,00:10:00,0,Sunday,January,$500 AND UNDER
13019585,JG196753,2023-03-23 08:45:00+00:00,018XX S SPRINGFIELD AVE,THEFT,$500 AND UNDER,STREET,False,False,1014,10,24,29,06,41.85588851,-87.7223742,2023,2023-03-23,08:45:00,8,Thursday,March,$500 AND UNDER
13118969,JG315354,2023-06-25 12:45:00+00:00,019XX S HARDING AVE,THEFT,$500 AND UNDER,VEHICLE NON-COMMERCIAL,False,False,1014,10,24,29,06,41.8545722,-87.72358336,2023,2023-06-25,12:45:00,12,Sunday,June,$500 AND UNDER
13133525,JG331681,2023-07-05 09:00:00+00:00,018XX S HARDING AVE,THEFT,$500 AND UNDER,APARTMENT,False,False,1014,10,24,29,06,41.85605711,-87.72363166,2023,2023-07-05,09:00:00,9,Wednesday,July,$500 AND UNDER
12983475,JG153279,2023-02-14 23:00:00+00:00,016XX S MILLARD AVE,CRIMINAL DAMAGE,TO PROPERTY,RESIDENCE,False,False,1014,10,24,29,14,41.85841428,-87.71641072,2023,2023-02-14,23:00:00,23,Tuesday,February,TO PROPERTY
13002687,JG176483,2023-03-06 19:50:00+00:00,018XX S AVERS AVE,CRIMINAL DAMAGE,TO PROPERTY,APARTMENT,False,True,1014,10,24,29,14,41.8560081,-87.72112502,2023,2023-03-06,19:50:00,19,Monday,March,TO PROPERTY
13077306,JG265849,2023-05-11 19:00:00+00:00,016XX S SPRINGFIELD AVE,CRIMINAL DAMAGE,TO PROPERTY,APARTMENT,False,False,1014,10,24,29,14,41.85814188,-87.72243719,2023,2023-05-11,19:00:00,19,Thursday,May,TO PROPERTY
13159138,JG363089,2023-06-15 12:00:00+00:00,016XX S CENTRAL PARK AVE,ROBBERY,ARMED - HANDGUN,APARTMENT,False,False,1021,10,24,29,03,41.85838852,-87.71519225,2023,2023-06-15,12:00:00,12,Thursday,June,ARMED - HANDGUN
13111022,JG305887,2023-06-18 13:40:00+00:00,016XX S HOMAN AVE,BATTERY,AGGRAVATED - OTHER DANGEROUS WEAPON,SIDEWALK,False,False,1021,10,24,29,04B,41.85856801,-87.71031928,2023,2023-06-18,13:40:00,13,Sunday,June,AGGRAVATED
12976139,JG144418,2023-02-07 15:30:00+00:00,035XX W DOUGLAS BLVD,BATTERY,SIMPLE,SCHOOL - PUBLIC GROUNDS,False,False,1021,10,24,29,08B,41.8628717,-87.71348973,2023,2023-02-07,15:30:00,15,Tuesday,February,SIMPLE
12976772,JG145214,2023-02-08 11:15:00+00:00,016XX S CHRISTIANA AVE,BATTERY,SIMPLE,SCHOOL - PRIVATE GROUNDS,False,False,1021,10,24,29,08B,41.85826495,-87.70908882,2023,2023-02-08,11:15:00,11,Wednesday,February,SIMPLE
13105295,JG299058,2023-06-12 14:00:00+00:00,033XX W OGDEN AVE,BATTERY,SIMPLE,SCHOOL - PUBLIC GROUNDS,False,False,1021,10,24,29,08B,41.85688405,-87.70848556,2023,2023-06-12,14:00:00,14,Monday,June,SIMPLE
13050822,JG233885,2023-04-23 00:36:00+00:00,033XX W OGDEN AVE,BATTERY,DOMESTIC BATTERY SIMPLE,STREET,True,True,1021,10,24,29,08B,41.85658689,-87.70935108,2023,2023-04-23,00:36:00,0,Sunday,April,DOMESTIC BATTERY SIMPLE
13115157,JG303948,2023-06-16 19:45:00+00:00,014XX S TRUMBULL AVE,BATTERY,DOMESTIC BATTERY SIMPLE,RESIDENCE,False,True,1021,10,24,29,08B,41.86184627,-87.71163107,2023,2023-06-16,19:45:00,19,Friday,June,DOMESTIC BATTERY SIMPLE
12951689,JG115410,2023-01-13 23:30:00+00:00,015XX S HOMAN AVE,BATTERY,AGGRAVATED DOMESTIC BATTERY - KNIFE / CUTTING INSTRUMENT,APARTMENT,False,True,1021,10,24,29,04B,41.85995411,-87.71036457,2023,2023-01-13,23:30:00,23,Friday,January,AGGRAVATED
13005768,JG180089,2023-03-09 22:40:00+00:00,014XX S ST LOUIS AVE,ASSAULT,AGGRAVATED - KNIFE / CUTTING INSTRUMENT,APARTMENT,False,True,1021,10,24,29,04A,41.86176778,-87.71284694,2023,2023-03-09,22:40:00,22,Thursday,March,AGGRAVATED
13130147,JG328611,2023-07-05 13:00:00+00:00,015XX S HOMAN AVE,ASSAULT,AGGRAVATED - KNIFE / CUTTING INSTRUMENT,STREET,False,True,1021,10,24,29,04A,41.86025326,-87.710369,2023,2023-07-05,13:00:00,13,Wednesday,July,AGGRAVATED
13301022,JG532800,2023-12-07 22:00:00+00:00,015XX S DRAKE AVE,ASSAULT,SIMPLE,APARTMENT,True,True,1021,10,24,29,08A,41.86011657,-87.71401926,2023,2023-12-07,22:00:00,22,Thursday,December,SIMPLE
12988342,JG154724,2023-02-14 12:00:00+00:00,033XX W OGDEN AVE,ASSAULT,SIMPLE,SCHOOL - PUBLIC GROUNDS,False,False,1021,10,24,29,08A,41.85688405,-87.70848556,2023,2023-02-14,12:00:00,12,Tuesday,February,SIMPLE
13023092,JG200873,2023-03-19 23:00:00+00:00,015XX S ST LOUIS AVE,ASSAULT,SIMPLE,RESIDENCE,False,False,1021,10,24,29,08A,41.86028017,-87.71280626,2023,2023-03-19,23:00:00,23,Sunday,March,SIMPLE
13062823,JG248323,2023-05-04 20:12:00+00:00,014XX S TRUMBULL AVE,ASSAULT,SIMPLE,RESIDENCE - YARD (FRONT / BACK),False,False,1021,10,24,29,08A,41.861731,-87.71162851,2023,2023-05-04,20:12:00,20,Thursday,May,SIMPLE
13117650,JG313751,2023-06-24 00:00:00+00:00,034XX W ROOSEVELT RD,THEFT,$500 AND UNDER,GROCERY FOOD STORE,False,False,1021,10,24,29,06,41.86634153,-87.7111543,2023,2023-06-24,00:00:00,0,Saturday,June,$500 AND UNDER
12952285,JG116209,2023-01-14 16:22:00+00:00,034XX W ROOSEVELT RD,THEFT,RETAIL THEFT,SMALL RETAIL STORE,False,False,1021,10,24,29,06,41.86634153,-87.7111543,2023,2023-01-14,16:22:00,16,Saturday,January,RETAIL THEFT
13179780,JG387290,2023-08-18 08:15:00+00:00,034XX W ROOSEVELT RD,THEFT,RETAIL THEFT,DRUG STORE,True,False,1021,10,24,29,06,41.86634153,-87.7111543,2023,2023-08-18,08:15:00,8,Friday,August,RETAIL THEFT
13207844,JG420869,2023-09-10 10:00:00+00:00,014XX S DRAKE AVE,CRIMINAL DAMAGE,TO VEHICLE,STREET,False,False,1021,10,24,29,14,41.86188416,-87.71407195,2023,2023-09-10,10:00:00,10,Sunday,September,TO VEHICLE
13010710,JG186085,2023-03-14 22:00:00+00:00,012XX S HOMAN AVE,CRIMINAL DAMAGE,TO VEHICLE,STREET,False,False,1021,10,24,29,14,41.86438674,-87.71048674,2023,2023-03-14,22:00:00,22,Tuesday,March,TO VEHICLE
13126703,JG324569,2023-07-01 23:00:00+00:00,012XX S HOMAN AVE,CRIMINAL DAMAGE,TO VEHICLE,STREET,False,False,1021,10,24,29,14,41.86438674,-87.71048674,2023,2023-07-01,23:00:00,23,Saturday,July,TO VEHICLE
13166870,JG372231,2023-08-06 21:52:00+00:00,014XX S KEDZIE AVE,BATTERY,AGGRAVATED - HANDGUN,STREET,False,False,1022,10,24,29,04B,41.86120107,-87.70552141,2023,2023-08-06,21:52:00,21,Sunday,August,AGGRAVATED
12942859,JG105065,2023-01-05 08:10:00+00:00,013XX S SPAULDING AVE,BATTERY,SIMPLE,APARTMENT,False,False,1022,10,24,29,08B,41.86394804,-87.70803132,2023,2023-01-05,08:10:00,8,Thursday,January,SIMPLE
13131410,JG330116,2023-07-06 12:52:00+00:00,018XX S KEDZIE AVE,THEFT,OVER $500,STREET,False,False,1022,10,24,29,06,41.8563375,-87.70538544,2023,2023-07-06,12:52:00,12,Thursday,July,OVER $500
13215079,JG428760,2023-09-16 20:50:00+00:00,014XX S SACRAMENTO DR,THEFT,POCKET-PICKING,PARK PROPERTY,False,False,1022,10,24,29,06,41.8628421,-87.70201046,2023,2023-09-16,20:50:00,20,Saturday,September,POCKET-PICKING
13215083,JG428893,2023-09-16 17:45:00+00:00,014XX S SACRAMENTO DR,THEFT,POCKET-PICKING,PARK PROPERTY,False,False,1022,10,24,29,06,41.8628421,-87.70201046,2023,2023-09-16,17:45:00,17,Saturday,September,POCKET-PICKING
13039254,JG219915,2023-04-12 02:00:00+00:00,021XX S SPAULDING AVE,CRIMINAL DAMAGE,TO VEHICLE,ALLEY,False,False,1022,10,24,30,14,41.85289524,-87.70772421,2023,2023-04-12,02:00:00,2,Wednesday,April,TO VEHICLE
13108588,JG302944,2023-06-16 02:10:00+00:00,031XX W 19TH ST,CRIMINAL DAMAGE,TO VEHICLE,STREET,False,True,1022,10,24,29,14,41.85543717,-87.70384155,2023,2023-06-16,02:10:00,2,Friday,June,TO VEHICLE
13119510,JG315976,2023-06-25 22:40:00+00:00,012XX S ALBANY AVE,CRIMINAL DAMAGE,TO VEHICLE,DRIVEWAY - RESIDENTIAL,False,False,1022,10,24,29,14,41.86562,-87.70313958,2023,2023-06-25,22:40:00,22,Sunday,June,TO VEHICLE
13147911,JG349898,2023-07-21 08:20:00+00:00,018XX S CALIFORNIA AVE,CRIMINAL DAMAGE,TO VEHICLE,STREET,False,False,1022,10,24,29,14,41.85654706,-87.69560453,2023,2023-07-21,08:20:00,8,Friday,July,TO VEHICLE
13200181,JG411913,2023-09-04 19:50:00+00:00,021XX S MARSHALL BLVD,CRIMINAL DAMAGE,TO VEHICLE,PARKING LOT / GARAGE (NON RESIDENTIAL),False,False,1022,10,24,30,14,41.85346839,-87.69914417,2023,2023-09-04,19:50:00,19,Monday,September,TO VEHICLE
13191939,JG401962,2023-08-29 00:00:00+00:00,015XX S FAIRFIELD AVE,BATTERY,SIMPLE,SIDEWALK,False,False,1023,10,28,29,08B,41.86135928,-87.69440034,2023,2023-08-29,00:00:00,0,Tuesday,August,SIMPLE
13166873,JG372254,2023-08-06 22:30:00+00:00,026XX W 21ST PL,BATTERY,DOMESTIC BATTERY SIMPLE,RESIDENCE,False,True,1023,10,25,30,08B,41.85287136,-87.6914603,2023,2023-08-06,22:30:00,22,Sunday,August,DOMESTIC BATTERY SIMPLE
13271345,JG497031,2023-11-08 20:54:00+00:00,012XX S FAIRFIELD AVE,BATTERY,AGGRAVATED DOMESTIC BATTERY - KNIFE / CUTTING INSTRUMENT,APARTMENT,True,True,1023,10,28,29,04B,41.86513649,-87.69460136,2023,2023-11-08,20:54:00,20,Wednesday,November,AGGRAVATED
13236413,JG455194,2023-10-08 00:40:00+00:00,026XX W 13TH ST,ASSAULT,AGGRAVATED - HANDGUN,APARTMENT,False,True,1023,10,28,29,04A,41.86496042,-87.6925509,2023,2023-10-08,00:40:00,0,Sunday,October,AGGRAVATED
13215744,JG430426,2023-09-19 10:57:00+00:00,026XX W 21ST PL,ASSAULT,SIMPLE,ALLEY,False,False,1023,10,25,30,08A,41.85286946,-87.69161081,2023,2023-09-19,10:57:00,10,Tuesday,September,SIMPLE
13224303,JG440667,2023-09-27 01:19:00+00:00,015XX S FAIRFIELD AVE,ASSAULT,SIMPLE,HOSPITAL BUILDING / GROUNDS,False,False,1023,10,28,29,08A,41.86135928,-87.69440034,2023,2023-09-27,01:19:00,1,Wednesday,September,SIMPLE
13232837,JG442945,2023-09-27 01:00:00+00:00,012XX S FAIRFIELD AVE,THEFT,OVER $500,DRIVEWAY - RESIDENTIAL,False,False,1023,10,28,29,06,41.86513649,-87.69460136,2023,2023-09-27,01:00:00,1,Wednesday,September,OVER $500
13118757,JG315271,2023-06-24 18:19:00+00:00,021XX S FAIRFIELD AVE,CRIMINAL DAMAGE,TO VEHICLE,STREET,False,False,1023,10,25,30,14,41.85275516,-87.69424372,2023,2023-06-24,18:19:00,18,Saturday,June,TO VEHICLE
13238308,JG457293,2023-10-09 15:45:00+00:00,019XX S DRAKE AVE,ROBBERY,ARMED - OTHER DANGEROUS WEAPON,STREET,False,False,1024,10,24,29,03,41.85431073,-87.71369719,2023,2023-10-09,15:45:00,15,Monday,October,ARMED - OTHER DANGEROUS WEAPON
13077424,JG265823,2023-05-18 17:45:00+00:00,022XX S SAWYER AVE,BATTERY,AGGRAVATED - HANDGUN,STREET,False,False,1024,10,24,30,04B,41.85116766,-87.70645272,2023,2023-05-18,17:45:00,17,Thursday,May,AGGRAVATED
13057150,JG241377,2023-04-29 02:25:00+00:00,033XX W 19TH ST,BATTERY,SIMPLE,STREET,False,False,1024,10,24,29,08B,41.8553798,-87.7099281,2023,2023-04-29,02:25:00,2,Saturday,April,SIMPLE
13187918,JG397091,2023-08-25 12:00:00+00:00,022XX S TRUMBULL AVE,BATTERY,AGGRAVATED OF A SENIOR CITIZEN,APARTMENT,True,True,1024,10,22,30,04B,41.85089771,-87.711315,2023,2023-08-25,12:00:00,12,Friday,August,AGGRAVATED
13093430,JG284778,2023-06-02 08:00:00+00:00,034XX W 23RD ST,ASSAULT,AGGRAVATED - HANDGUN,APARTMENT,False,False,1024,10,22,30,04A,41.84986851,-87.71180211,2023,2023-06-02,08:00:00,8,Friday,June,AGGRAVATED
12956705,JG120274,2023-01-18 05:02:00+00:00,024XX S TRUMBULL AVE,ASSAULT,AGGRAVATED - KNIFE / CUTTING INSTRUMENT,APARTMENT,False,True,1024,10,22,30,04A,41.84720335,-87.71120765,2023,2023-01-18,05:02:00,5,Wednesday,January,AGGRAVATED
13109709,JG304281,2023-06-17 03:45:00+00:00,024XX S ST LOUIS AVE,ASSAULT,"AGGRAVATED POLICE OFFICER - HANDS, FISTS, FEET, NO INJURY",STREET,True,False,1024,10,22,30,08A,41.84759971,-87.71244068,2023,2023-06-17,03:45:00,3,Saturday,June,AGGRAVATED
13216452,JG430604,2023-09-19 13:03:00+00:00,034XX W OGDEN AVE,ASSAULT,SIMPLE,TAVERN / LIQUOR STORE,False,False,1024,10,24,29,08A,41.8555743,-87.71189003,2023,2023-09-19,13:03:00,13,Tuesday,September,SIMPLE
13114174,JG309581,2023-06-21 09:00:00+00:00,035XX W 24TH ST,THEFT,OVER $500,STREET,False,False,1024,10,22,30,06,41.84803953,-87.71410272,2023,2023-06-21,09:00:00,9,Wednesday,June,OVER $500
13288934,JG518017,2023-11-25 12:36:00+00:00,024XX S HOMAN AVE,THEFT,$500 AND UNDER,RESIDENCE - PORCH / HALLWAY,False,False,1024,10,25,30,06,41.84741908,-87.70999805,2023,2023-11-25,12:36:00,12,Saturday,November,$500 AND UNDER
13222546,JG438653,2023-09-25 13:30:00+00:00,023XX S TRUMBULL AVE,THEFT,FROM BUILDING,RESIDENCE,False,False,1024,10,22,30,06,41.84927286,-87.71126834,2023,2023-09-25,13:30:00,13,Monday,September,FROM BUILDING
13022531,JG200334,2023-03-26 03:01:00+00:00,032XX W CERMAK RD,CRIMINAL DAMAGE,TO STATE SUPPORTED PROPERTY,STREET,False,False,1024,10,12,30,14,41.85174434,-87.70702702,2023,2023-03-26,03:01:00,3,Sunday,March,TO STATE SUPPORTED PROPERTY
13177714,JG384948,2023-08-16 12:30:00+00:00,032XX W 26TH ST,CRIMINAL DAMAGE,TO STATE SUPPORTED PROPERTY,STREET,False,False,1024,10,25,30,14,41.84449499,-87.70670503,2023,2023-08-16,12:30:00,12,Wednesday,August,TO STATE SUPPORTED PROPERTY
12959728,JG124770,2023-01-21 20:37:00+00:00,038XX W 26TH ST,ROBBERY,ARMED - KNIFE / CUTTING INSTRUMENT,STREET,False,False,1031,10,22,30,03,41.84429163,-87.72141289,2023,2023-01-21,20:37:00,20,Saturday,January,ARMED - KNIFE / CUTTING INSTRUMENT
13172809,JG379156,2023-08-11 22:20:00+00:00,027XX S AVERS AVE,BATTERY,SIMPLE,SIDEWALK,False,False,1031,10,22,30,08B,41.84145911,-87.720816,2023,2023-08-11,22:20:00,22,Friday,August,SIMPLE
13316418,JG551458,2023-12-22 22:30:00+00:00,037XX W 26TH ST,BATTERY,DOMESTIC BATTERY SIMPLE,BAR OR TAVERN,False,True,1031,10,22,30,08B,41.84432476,-87.71888024,2023,2023-12-22,22:30:00,22,Friday,December,DOMESTIC BATTERY SIMPLE
13007800,JG182627,2023-03-12 05:20:00+00:00,028XX S HARDING AVE,BATTERY,DOMESTIC BATTERY SIMPLE,RESIDENCE - GARAGE,False,True,1031,10,22,30,08B,41.83988017,-87.72320908,2023,2023-03-12,05:20:00,5,Sunday,March,DOMESTIC BATTERY SIMPLE
13206633,JG419411,2023-09-11 02:45:00+00:00,027XX S PULASKI RD,ASSAULT,SIMPLE,APARTMENT,False,True,1031,10,22,30,08A,41.84170362,-87.7244799,2023,2023-09-11,02:45:00,2,Monday,September,SIMPLE
13221150,JG436880,2023-09-24 08:04:00+00:00,032XX S PULASKI RD,ASSAULT,SIMPLE,ALLEY,False,False,1031,10,22,30,08A,41.83443858,-87.72429923,2023,2023-09-24,08:04:00,8,Sunday,September,SIMPLE
13046016,JG227934,2023-04-18 09:30:00+00:00,041XX W 26TH ST,ASSAULT,SIMPLE,STREET,False,False,1031,10,22,30,08A,41.84421794,-87.7271829,2023,2023-04-18,09:30:00,9,Tuesday,April,SIMPLE
13248212,JG469385,2023-10-18 22:00:00+00:00,038XX W 31ST ST,CRIMINAL DAMAGE,TO VEHICLE,STREET,False,False,1031,10,22,30,14,41.83694053,-87.72104624,2023,2023-10-18,22:00:00,22,Wednesday,October,TO VEHICLE
13276555,JG503360,2023-11-13 20:30:00+00:00,026XX S KOSTNER AVE,CRIMINAL DAMAGE,TO VEHICLE,STREET,False,False,1031,10,22,30,14,41.84347022,-87.73426205,2023,2023-11-13,20:30:00,20,Monday,November,TO VEHICLE
12953880,JG117871,2023-01-16 04:00:00+00:00,039XX W 30TH ST,CRIMINAL DAMAGE,TO VEHICLE,STREET,False,False,1031,10,22,30,14,41.83873737,-87.72350251,2023,2023-01-16,04:00:00,4,Monday,January,TO VEHICLE
12998309,JG171202,2023-03-02 02:30:00+00:00,026XX S KOMENSKY AVE,CRIMINAL DAMAGE,TO VEHICLE,STREET,False,False,1031,10,22,30,14,41.84358741,-87.72574654,2023,2023-03-02,02:30:00,2,Thursday,March,TO VEHICLE
13226338,JG442845,2023-09-28 18:25:00+00:00,027XX S HOMAN AVE,BATTERY,SIMPLE,STREET,False,False,1032,10,22,30,08B,41.84216576,-87.70985087,2023,2023-09-28,18:25:00,18,Thursday,September,SIMPLE
12949655,JG113030,2023-01-12 04:10:00+00:00,032XX W 26TH ST,BATTERY,SIMPLE,SIDEWALK,False,False,1032,10,12,30,08B,41.84451499,-87.70534325,2023,2023-01-12,04:10:00,4,Thursday,January,SIMPLE
13025171,JG203244,2023-03-24 14:50:00+00:00,032XX W 28TH ST,BATTERY,"PROTECTED EMPLOYEE - HANDS, FISTS, FEET, NO / MINOR INJURY",SIDEWALK,False,False,1032,10,22,30,08B,41.84087026,-87.7052798,2023,2023-03-24,14:50:00,14,Friday,March,"PROTECTED EMPLOYEE - HANDS, FISTS, FEET, NO / MINOR INJURY"
12938600,JG100403,2023-01-01 08:30:00+00:00,027XX S SPAULDING AVE,BATTERY,DOMESTIC BATTERY SIMPLE,STREET,False,True,1032,10,22,30,08B,41.84179293,-87.70739932,2023,2023-01-01,08:30:00,8,Sunday,January,DOMESTIC BATTERY SIMPLE
13212102,JG426088,2023-09-16 01:30:00+00:00,027XX S SAWYER AVE,ASSAULT,AGGRAVATED POLICE OFFICER - OTHER DANGEROUS WEAPON,SCHOOL - PUBLIC GROUNDS,True,False,1032,10,22,30,04A,41.84211287,-87.70618513,2023,2023-09-16,01:30:00,1,Saturday,September,AGGRAVATED
13029848,JG208921,2023-04-02 09:40:00+00:00,026XX S TRUMBULL AVE,CRIMINAL DAMAGE,TO PROPERTY,RESIDENCE,False,False,1032,10,22,30,14,41.84350901,-87.71110398,2023,2023-04-02,09:40:00,9,Sunday,April,TO PROPERTY
13123759,JG320127,2023-06-28 20:45:00+00:00,027XX S CHRISTIANA AVE,CRIMINAL DAMAGE,TO PROPERTY,RESIDENCE - PORCH / HALLWAY,False,True,1032,10,22,30,14,41.84164587,-87.70861549,2023,2023-06-28,20:45:00,20,Wednesday,June,TO PROPERTY
12979051,JG148113,2023-02-10 16:00:00+00:00,026XX S HOMAN AVE,CRIMINAL DAMAGE,TO VEHICLE,STREET,False,False,1032,10,12,30,14,41.84375218,-87.70989418,2023,2023-02-10,16:00:00,16,Friday,February,TO VEHICLE
13063598,JG249381,2023-04-29 20:00:00+00:00,031XX S KEDZIE AVE,ROBBERY,ARMED - HANDGUN,SIDEWALK,False,False,1033,10,25,30,03,41.83674306,-87.70481008,2023,2023-04-29,20:00:00,20,Saturday,April,ARMED - HANDGUN
12947388,JG110334,2023-01-09 21:00:00+00:00,023XX S MARSHALL BLVD,BATTERY,"AGG. DOMESTIC BATTERY - HANDS, FISTS, FEET, SERIOUS INJURY",APARTMENT,False,True,1033,10,12,30,04B,41.84941717,-87.69901903,2023,2023-01-09,21:00:00,21,Monday,January,"AGG. DOMESTIC BATTERY - HANDS, FISTS, FEET, SERIOUS INJURY"
13117087,JG313067,2023-06-23 15:30:00+00:00,025XX S CALIFORNIA AVE,ASSAULT,SIMPLE,RESTAURANT,False,False,1033,10,24,30,08A,41.84582051,-87.69524863,2023,2023-06-23,15:30:00,15,Friday,June,SIMPLE
13205409,JG417733,2023-09-09 15:27:00+00:00,030XX W 26TH ST,THEFT,RETAIL THEFT,DRUG STORE,False,False,1033,10,25,30,06,41.84458068,-87.70180834,2023,2023-09-09,15:27:00,15,Saturday,September,RETAIL THEFT
13078420,JG267182,2023-05-19 18:40:00+00:00,022XX S SACRAMENTO AVE,CRIMINAL DAMAGE,TO PROPERTY,APARTMENT,False,False,1033,10,24,30,14,41.85101058,-87.70032831,2023,2023-05-19,18:40:00,18,Friday,May,TO PROPERTY
13030063,JG209123,2023-04-03 07:00:00+00:00,030XX W 24TH ST,CRIMINAL DAMAGE,TO VEHICLE,STREET,False,False,1033,10,12,30,14,41.84818205,-87.70197111,2023,2023-04-03,07:00:00,7,Monday,April,TO VEHICLE
13078621,JG267470,2023-05-20 02:20:00+00:00,023XX S ROCKWELL ST,BATTERY,AGGRAVATED - HANDGUN,STREET,False,False,1034,10,25,30,04B,41.84956724,-87.69047298,2023,2023-05-20,02:20:00,2,Saturday,May,AGGRAVATED
12939348,JG101221,2023-01-01 23:24:00+00:00,023XX S LEAVITT ST,BATTERY,"AGGRAVATED P.O. - HANDS, FISTS, FEET, NO / MINOR INJURY",VEHICLE NON-COMMERCIAL,True,False,1034,10,25,31,08B,41.84912495,-87.6806593,2023,2023-01-01,23:24:00,23,Sunday,January,AGGRAVATED
13207021,JG419833,2023-09-11 11:20:00+00:00,027XX W 24TH PL,BATTERY,SIMPLE,RESIDENCE - PORCH / HALLWAY,False,False,1034,10,24,30,08B,41.84738442,-87.69321814,2023,2023-09-11,11:20:00,11,Monday,September,SIMPLE
12945774,JG108434,2023-01-08 08:51:00+00:00,027XX S WESTERN AVE,BATTERY,SIMPLE,STREET,False,False,1034,10,25,31,08B,41.84241689,-87.6853149,2023,2023-01-08,08:51:00,8,Sunday,January,SIMPLE
13202900,JG414693,2023-09-07 09:42:00+00:00,022XX W 23RD PL,ASSAULT,AGGRAVATED - HANDGUN,APARTMENT,False,False,1034,10,25,31,04A,41.84936416,-87.68170658,2023,2023-09-07,09:42:00,9,Thursday,September,AGGRAVATED
13262374,JG486299,2023-10-31 18:00:00+00:00,025XX W CERMAK RD,ASSAULT,SIMPLE,GROCERY FOOD STORE,False,False,1034,10,28,31,08A,41.85199725,-87.68875288,2023,2023-10-31,18:00:00,18,Tuesday,October,SIMPLE
13020460,JG197475,2023-03-24 13:30:00+00:00,023XX S WESTERN AVE,ASSAULT,SIMPLE,SCHOOL - PUBLIC GROUNDS,False,False,1034,10,25,31,08A,41.84906484,-87.68555244,2023,2023-03-24,13:30:00,13,Friday,March,SIMPLE
13166421,JG371713,2023-08-05 01:00:00+00:00,027XX W 24TH ST,ASSAULT,SIMPLE,APARTMENT,False,True,1034,10,25,30,08A,41.84828889,-87.69350641,2023,2023-08-05,01:00:00,1,Saturday,August,SIMPLE
13107522,JG301692,2023-06-04 12:00:00+00:00,021XX W 23RD ST,THEFT,$500 AND UNDER,STREET,False,False,1034,10,25,31,06,41.8503145,-87.67895516,2023,2023-06-04,12:00:00,12,Sunday,June,$500 AND UNDER
13200645,JG412631,2023-09-01 18:00:00+00:00,024XX S OAKLEY AVE,THEFT,FROM BUILDING,APARTMENT,False,False,1034,10,25,31,06,41.84724503,-87.68306038,2023,2023-09-01,18:00:00,18,Friday,September,FROM BUILDING
12942518,JG104684,2023-01-04 19:51:00+00:00,040XX W CHICAGO AVE,ROBBERY,ARMED - HANDGUN,GAS STATION,False,False,1111,11,37,23,03,41.89536137,-87.72643142,2023,2023-01-04,19:51:00,19,Wednesday,January,ARMED - HANDGUN
12979802,JG148214,2023-02-10 16:30:00+00:00,041XX W AUGUSTA BLVD,ROBBERY,STRONG ARM - NO WEAPON,SIDEWALK,False,False,1111,11,37,23,03,41.89897265,-87.72900518,2023,2023-02-10,16:30:00,16,Friday,February,STRONG ARM - NO WEAPON
13301689,JG533658,2023-12-08 13:00:00+00:00,010XX N KEELER AVE,BATTERY,AGGRAVATED - KNIFE / CUTTING INSTRUMENT,SCHOOL - PRIVATE GROUNDS,False,False,1111,11,37,23,04B,41.90015571,-87.73115022,2023,2023-12-08,13:00:00,13,Friday,December,AGGRAVATED
13316375,JG551288,2023-12-22 19:18:00+00:00,047XX W RACE AVE,BATTERY,SIMPLE,APARTMENT,False,True,1111,11,28,25,08B,41.89050398,-87.74433402,2023,2023-12-22,19:18:00,19,Friday,December,SIMPLE
12996314,JG164207,2023-02-24 12:40:00+00:00,007XX N PULASKI RD,BATTERY,SIMPLE,SCHOOL - PUBLIC BUILDING,False,False,1111,11,37,23,08B,41.89427265,-87.72605239,2023,2023-02-24,12:40:00,12,Friday,February,SIMPLE
13113813,JG309291,2023-06-20 21:00:00+00:00,010XX N KILDARE AVE,BATTERY,SIMPLE,SIDEWALK,True,True,1111,11,37,23,08B,41.89912289,-87.73358422,2023,2023-06-20,21:00:00,21,Tuesday,June,SIMPLE
13282790,JG510947,2023-11-19 03:15:00+00:00,042XX W HADDON AVE,BATTERY,DOMESTIC BATTERY SIMPLE,RESIDENCE,False,True,1111,11,37,23,08B,41.90166891,-87.73188903,2023,2023-11-19,03:15:00,3,Sunday,November,DOMESTIC BATTERY SIMPLE
13025479,JG203750,2023-03-29 15:30:00+00:00,007XX N PULASKI RD,ASSAULT,SIMPLE,CTA BUS,False,False,1111,11,37,23,08A,41.89427265,-87.72605239,2023,2023-03-29,15:30:00,15,Wednesday,March,SIMPLE
13028001,JG206697,2023-03-31 23:00:00+00:00,046XX W ERIE ST,THEFT,OVER $500,RESIDENCE,False,True,1111,11,28,25,06,41.89232718,-87.7423964,2023,2023-03-31,23:00:00,23,Friday,March,OVER $500
13005810,JG180102,2023-03-09 22:11:00+00:00,008XX N KILDARE AVE,CRIMINAL DAMAGE,TO PROPERTY,RESIDENCE,False,False,1111,11,37,23,14,41.89639747,-87.73351055,2023,2023-03-09,22:11:00,22,Thursday,March,TO PROPERTY
13082096,JG271748,2023-05-23 10:55:00+00:00,041XX W CHICAGO AVE,CRIMINAL DAMAGE,TO PROPERTY,GOVERNMENT BUILDING / PROPERTY,False,False,1111,11,37,23,14,41.895317,-87.72894415,2023,2023-05-23,10:55:00,10,Tuesday,May,TO PROPERTY
13274553,JG498791,2023-11-10 10:57:00+00:00,009XX N LAWNDALE AVE,BATTERY,DOMESTIC BATTERY SIMPLE,APARTMENT,False,True,1112,11,27,23,08B,41.89801308,-87.71883601,2023,2023-11-10,10:57:00,10,Friday,November,DOMESTIC BATTERY SIMPLE
13305008,JG537646,2023-12-11 20:50:00+00:00,010XX N HAMLIN AVE,BATTERY,DOMESTIC BATTERY SIMPLE,APARTMENT,False,True,1112,11,27,23,08B,41.89976079,-87.72133541,2023,2023-12-11,20:50:00,20,Monday,December,DOMESTIC BATTERY SIMPLE
13053955,JG237529,2023-04-26 03:56:00+00:00,009XX N LAWNDALE AVE,BATTERY,DOMESTIC BATTERY SIMPLE,RESIDENCE,True,True,1112,11,27,23,08B,41.89790055,-87.71883341,2023,2023-04-26,03:56:00,3,Wednesday,April,DOMESTIC BATTERY SIMPLE
13121841,JG318358,2023-06-27 15:41:00+00:00,038XX W AUGUSTA BLVD,BATTERY,DOMESTIC BATTERY SIMPLE,SIDEWALK,False,True,1112,11,37,23,08B,41.89904979,-87.72283718,2023,2023-06-27,15:41:00,15,Tuesday,June,DOMESTIC BATTERY SIMPLE
13160045,JG364175,2023-07-31 23:00:00+00:00,011XX N RIDGEWAY AVE,BATTERY,DOMESTIC BATTERY SIMPLE,APARTMENT,False,True,1112,11,27,23,08B,41.90123645,-87.7201679,2023,2023-07-31,23:00:00,23,Monday,July,DOMESTIC BATTERY SIMPLE
13272977,JG497078,2023-11-08 21:53:00+00:00,007XX N CENTRAL PARK AVE,ASSAULT,AGGRAVATED - HANDGUN,ALLEY,False,False,1112,11,27,23,04A,41.89500278,-87.71630115,2023,2023-11-08,21:53:00,21,Wednesday,November,AGGRAVATED
13206433,JG418971,2023-09-10 14:36:00+00:00,008XX N LAWNDALE AVE,THEFT,$500 AND UNDER,APARTMENT,False,False,1112,11,27,23,06,41.89609727,-87.71877357,2023,2023-09-10,14:36:00,14,Sunday,September,$500 AND UNDER
13094327,JG285884,2023-06-02 23:50:00+00:00,039XX W CHICAGO AVE,CRIMINAL DAMAGE,TO PROPERTY,RESTAURANT,False,False,1112,11,37,23,14,41.89537219,-87.72536248,2023,2023-06-02,23:50:00,23,Friday,June,TO PROPERTY
13125439,JG323080,2023-07-01 00:30:00+00:00,039XX W CHICAGO AVE,CRIMINAL DAMAGE,TO PROPERTY,RESIDENCE - GARAGE,False,False,1112,11,37,23,14,41.89538937,-87.72394455,2023,2023-07-01,00:30:00,0,Saturday,July,TO PROPERTY
13004463,JG178567,2023-03-08 15:36:00+00:00,036XX W HURON ST,CRIMINAL DAMAGE,TO VEHICLE,SIDEWALK,False,False,1112,11,27,23,14,41.89360698,-87.71802614,2023,2023-03-08,15:36:00,15,Wednesday,March,TO VEHICLE
13061212,JG246127,2023-05-03 08:00:00+00:00,007XX N SPRINGFIELD AVE,CRIMINAL DAMAGE,TO VEHICLE,STREET,False,True,1112,11,37,23,14,41.89440789,-87.72360863,2023,2023-05-03,08:00:00,8,Wednesday,May,TO VEHICLE
12948529,JG111609,2023-01-10 22:45:00+00:00,044XX W WASHINGTON BLVD,ROBBERY,ARMED - HANDGUN,SIDEWALK,False,False,1113,11,28,26,03,41.88191366,-87.73673068,2023,2023-01-10,22:45:00,22,Tuesday,January,ARMED - HANDGUN
13128973,JG327264,2023-07-04 04:15:00+00:00,047XX W MAYPOLE AVE,ROBBERY,ATTEMPT AGGRAVATED,VEHICLE NON-COMMERCIAL,False,False,1113,11,28,25,03,41.88446822,-87.74410669,2023,2023-07-04,04:15:00,4,Tuesday,July,AGGRAVATED
12980108,JG145774,2023-02-08 20:35:00+00:00,044XX W MAYPOLE AVE,BATTERY,DOMESTIC BATTERY SIMPLE,SIDEWALK,False,True,1113,11,28,26,08B,41.88454759,-87.7371542,2023,2023-02-08,20:35:00,20,Wednesday,February,DOMESTIC BATTERY SIMPLE
12980214,JG149404,2023-02-11 23:58:00+00:00,044XX W JACKSON BLVD,BATTERY,DOMESTIC BATTERY SIMPLE,APARTMENT,False,True,1113,11,28,26,08B,41.87695498,-87.73623703,2023,2023-02-11,23:58:00,23,Saturday,February,DOMESTIC BATTERY SIMPLE
13157362,JG360884,2023-07-28 22:15:00+00:00,044XX W MAYPOLE AVE,BATTERY,DOMESTIC BATTERY SIMPLE,STREET,False,True,1113,11,28,26,08B,41.88454548,-87.73727541,2023,2023-07-28,22:15:00,22,Friday,July,DOMESTIC BATTERY SIMPLE
13108813,JG303120,2023-06-16 08:30:00+00:00,001XX S KOSTNER AVE,ASSAULT,AGGRAVATED - HANDGUN,STREET,False,False,1113,11,28,26,04A,41.87925046,-87.73542984,2023,2023-06-16,08:30:00,8,Friday,June,AGGRAVATED
13296830,JG527657,2023-12-03 22:37:00+00:00,047XX W WASHINGTON BLVD,ASSAULT,SIMPLE,STREET,False,True,1113,11,28,25,08A,41.881835,-87.74381875,2023,2023-12-03,22:37:00,22,Sunday,December,SIMPLE
12969754,JG136900,2023-02-01 10:23:00+00:00,045XX W ADAMS ST,ASSAULT,SIMPLE,APARTMENT,False,True,1113,11,28,26,08A,41.87782351,-87.73861205,2023,2023-02-01,10:23:00,10,Wednesday,February,SIMPLE
13010786,JG186238,2023-03-12 14:00:00+00:00,047XX W WEST END AVE,THEFT,OVER $500,RESIDENCE,False,True,1113,11,28,25,06,41.88314237,-87.74403441,2023,2023-03-12,14:00:00,14,Sunday,March,OVER $500
12944020,JG106442,2023-01-03 16:20:00+00:00,047XX W WEST END AVE,CRIMINAL DAMAGE,TO PROPERTY,RESIDENCE,False,False,1113,11,28,25,14,41.88314817,-87.74356064,2023,2023-01-03,16:20:00,16,Tuesday,January,TO PROPERTY
13026329,JG204432,2023-03-30 08:50:00+00:00,041XX W ADAMS ST,BATTERY,"PROTECTED EMPLOYEE - HANDS, FISTS, FEET, NO / MINOR INJURY",STREET,True,False,1115,11,28,26,08B,41.87793169,-87.7293687,2023,2023-03-30,08:50:00,8,Thursday,March,"PROTECTED EMPLOYEE - HANDS, FISTS, FEET, NO / MINOR INJURY"
13103741,JG297040,2023-06-11 16:09:00+00:00,043XX W WILCOX ST,BATTERY,DOMESTIC BATTERY SIMPLE,APARTMENT,False,True,1115,11,28,26,08B,41.8787706,-87.73392512,2023,2023-06-11,16:09:00,16,Sunday,June,DOMESTIC BATTERY SIMPLE
13056028,JG240079,2023-04-28 01:23:00+00:00,040XX W MADISON ST,ASSAULT,"PROTECTED EMPLOYEE - HANDS, FISTS, FEET, NO / MINOR INJURY",STREET,False,False,1115,11,28,26,08A,41.88071352,-87.72660676,2023,2023-04-28,01:23:00,1,Friday,April,"PROTECTED EMPLOYEE - HANDS, FISTS, FEET, NO / MINOR INJURY"
13148133,JG350085,2023-07-21 11:23:00+00:00,043XX W JACKSON BLVD,ASSAULT,SIMPLE,APARTMENT,False,False,1115,11,28,26,08A,41.87698808,-87.73363701,2023,2023-07-21,11:23:00,11,Friday,July,SIMPLE
13052830,JG236188,2023-04-24 08:00:00+00:00,043XX W ADAMS ST,THEFT,OVER $500,ALLEY,False,False,1115,11,28,26,06,41.87788051,-87.73374249,2023,2023-04-24,08:00:00,8,Monday,April,OVER $500
13030856,JG210051,2023-03-19 10:00:00+00:00,041XX W WILCOX ST,CRIMINAL DAMAGE,TO VEHICLE,RESIDENCE,False,False,1115,11,28,26,14,41.87882764,-87.72909955,2023,2023-03-19,10:00:00,10,Sunday,March,TO VEHICLE
12978471,JG147201,2023-02-10 07:26:00+00:00,006XX N ST LOUIS AVE,ROBBERY,ARMED - HANDGUN,STREET,False,False,1121,11,27,23,03,41.89263195,-87.71378972,2023,2023-02-10,07:26:00,7,Friday,February,ARMED - HANDGUN
13121199,JG318037,2023-06-25 20:00:00+00:00,010XX N HOMAN AVE,ROBBERY,ARMED - HANDGUN,SIDEWALK,False,False,1121,11,36,23,03,41.89930488,-87.71156172,2023,2023-06-25,20:00:00,20,Sunday,June,ARMED - HANDGUN
13254871,JG477275,2023-10-24 21:22:00+00:00,034XX W CHICAGO AVE,ROBBERY,ATTEMPT ARMED - HANDGUN,ALLEY,False,False,1121,11,27,23,03,41.89550125,-87.71204671,2023,2023-10-24,21:22:00,21,Tuesday,October,ATTEMPT ARMED - HANDGUN
13229213,JG446175,2023-10-01 11:21:00+00:00,007XX N SPAULDING AVE,BATTERY,"AGGRAVATED P.O. - HANDS, FISTS, FEET, NO / MINOR INJURY",STREET,True,True,1121,11,27,23,08B,41.89469972,-87.70897289,2023,2023-10-01,11:21:00,11,Sunday,October,AGGRAVATED
13037735,JG218151,2023-04-10 17:10:00+00:00,008XX N KEDZIE AVE,BATTERY,SIMPLE,SMALL RETAIL STORE,True,False,1121,11,27,23,08B,41.89587761,-87.70656663,2023,2023-04-10,17:10:00,17,Monday,April,SIMPLE
13303981,JG536421,2023-12-11 00:42:00+00:00,010XX N TRUMBULL AVE,BATTERY,DOMESTIC BATTERY SIMPLE,APARTMENT,True,True,1121,11,36,23,08B,41.89993453,-87.71280083,2023,2023-12-11,00:42:00,0,Monday,December,DOMESTIC BATTERY SIMPLE
12997312,JG169880,2023-03-01 07:15:00+00:00,007XX N SPAULDING AVE,BATTERY,DOMESTIC BATTERY SIMPLE,STREET,False,True,1121,11,27,23,08B,41.89456796,-87.70896683,2023,2023-03-01,07:15:00,7,Wednesday,March,DOMESTIC BATTERY SIMPLE
13088785,JG279030,2023-05-28 23:02:00+00:00,033XX W OHIO ST,BATTERY,DOMESTIC BATTERY SIMPLE,RESIDENCE,False,True,1121,11,27,23,08B,41.89185127,-87.7105028,2023,2023-05-28,23:02:00,23,Sunday,May,DOMESTIC BATTERY SIMPLE
13190553,JG400254,2023-08-27 19:30:00+00:00,010XX N CENTRAL PARK AVE,BATTERY,DOMESTIC BATTERY SIMPLE,RESIDENCE,False,True,1121,11,27,23,08B,41.89978683,-87.71645712,2023,2023-08-27,19:30:00,19,Sunday,August,DOMESTIC BATTERY SIMPLE
13071913,JG259531,2023-05-13 19:12:00+00:00,032XX W CHICAGO AVE,ASSAULT,AGGRAVATED - HANDGUN,STREET,False,False,1121,11,27,23,04A,41.89553576,-87.7082926,2023,2023-05-13,19:12:00,19,Saturday,May,AGGRAVATED
13209568,JG422985,2023-09-13 17:30:00+00:00,006XX N KEDZIE AVE,ASSAULT,SIMPLE,STREET,True,True,1121,11,27,23,08A,41.89268827,-87.70646926,2023,2023-09-13,17:30:00,17,Wednesday,September,SIMPLE
13020248,JG197691,2023-03-17 14:00:00+00:00,033XX W CHICAGO AVE,THEFT,OVER $500,GROCERY FOOD STORE,False,False,1121,11,27,23,06,41.89551359,-87.71077942,2023,2023-03-17,14:00:00,14,Friday,March,OVER $500
13066370,JG252747,2023-05-08 14:00:00+00:00,010XX N ST LOUIS AVE,THEFT,OVER $500,STREET,False,False,1121,11,36,23,06,41.89958432,-87.71401271,2023,2023-05-08,14:00:00,14,Monday,May,OVER $500
13183410,JG391676,2023-08-21 10:30:00+00:00,008XX N KEDZIE AVE,THEFT,$500 AND UNDER,CONVENIENCE STORE,False,False,1121,11,27,23,06,41.89587761,-87.70656663,2023,2023-08-21,10:30:00,10,Monday,August,$500 AND UNDER
13161836,JG366140,2023-08-02 03:00:00+00:00,035XX W CHICAGO AVE,THEFT,POCKET-PICKING,CTA BUS STOP,False,False,1121,11,27,23,06,41.89547982,-87.71417725,2023,2023-08-02,03:00:00,3,Wednesday,August,POCKET-PICKING
13281699,JG509606,2023-11-18 17:00:00+00:00,008XX N ST LOUIS AVE,CRIMINAL DAMAGE,TO VEHICLE,STREET,False,False,1121,11,27,23,14,41.8959393,-87.71388999,2023,2023-11-18,17:00:00,17,Saturday,November,TO VEHICLE
13038150,JG218575,2023-04-11 02:25:00+00:00,006XX N MONTICELLO AVE,BATTERY,AGGRAVATED - OTHER DANGEROUS WEAPON,ALLEY,False,False,1122,11,27,23,04B,41.89227288,-87.71744028,2023,2023-04-11,02:25:00,2,Tuesday,April,AGGRAVATED
13314844,JG549473,2023-12-21 11:50:00+00:00,0000X N HAMLIN BLVD,BATTERY,SIMPLE,RESIDENCE,False,False,1122,11,28,26,08B,41.88108866,-87.72076449,2023,2023-12-21,11:50:00,11,Thursday,December,SIMPLE
13081981,JG270054,2023-05-20 06:00:00+00:00,005XX N HAMLIN AVE,BATTERY,SIMPLE,STREET,False,False,1122,11,27,23,08B,41.89036299,-87.72105051,2023,2023-05-20,06:00:00,6,Saturday,May,SIMPLE
13239535,JG457509,2023-10-09 22:20:00+00:00,0000X N HAMLIN BLVD,BATTERY,DOMESTIC BATTERY SIMPLE,APARTMENT,True,True,1122,11,28,26,08B,41.88108866,-87.72076449,2023,2023-10-09,22:20:00,22,Monday,October,DOMESTIC BATTERY SIMPLE
12990218,JG161326,2023-02-21 22:30:00+00:00,039XX W WASHINGTON BLVD,BATTERY,DOMESTIC BATTERY SIMPLE,SIDEWALK,False,True,1122,11,28,26,08B,41.88185437,-87.72438898,2023,2023-02-21,22:30:00,22,Tuesday,February,DOMESTIC BATTERY SIMPLE
13191816,JG401690,2023-08-28 19:04:00+00:00,039XX W WILCOX ST,BATTERY,"AGG. DOMESTIC BATTERY - HANDS, FISTS, FEET, SERIOUS INJURY",APARTMENT,False,True,1122,11,28,26,04B,41.87889294,-87.7238002,2023,2023-08-28,19:04:00,19,Monday,August,"AGG. DOMESTIC BATTERY - HANDS, FISTS, FEET, SERIOUS INJURY"
13090166,JG280749,2023-05-30 01:00:00+00:00,001XX S HAMLIN BLVD,ASSAULT,AGGRAVATED - HANDGUN,PARK PROPERTY,False,True,1122,11,28,26,04A,41.87864577,-87.72067032,2023,2023-05-30,01:00:00,1,Tuesday,May,AGGRAVATED
13197395,JG408537,2023-09-02 16:04:00+00:00,038XX W OHIO ST,ASSAULT,AGGRAVATED - HANDGUN,STREET,True,False,1122,11,27,23,04A,41.89174266,-87.72143766,2023,2023-09-02,16:04:00,16,Saturday,September,AGGRAVATED
13215993,JG430826,2023-09-19 15:20:00+00:00,006XX N LAWNDALE AVE,ASSAULT,SIMPLE,SCHOOL - PUBLIC GROUNDS,False,False,1122,11,27,23,08A,41.89265544,-87.71867067,2023,2023-09-19,15:20:00,15,Tuesday,September,SIMPLE
13278819,JG506170,2023-11-16 07:45:00+00:00,036XX W FRANKLIN BLVD,ASSAULT,SIMPLE,APARTMENT,False,False,1122,11,27,23,08A,41.8899544,-87.71649297,2023,2023-11-16,07:45:00,7,Thursday,November,SIMPLE
12992309,JG163968,2023-02-10 15:30:00+00:00,004XX N CENTRAL PARK BLVD,THEFT,OVER $500,STREET,False,False,1122,11,27,23,06,41.88869523,-87.71657486,2023,2023-02-10,15:30:00,15,Friday,February,OVER $500
13032924,JG212396,2023-04-05 15:00:00+00:00,038XX W Washington Blvd,THEFT,OVER $500,PARKING LOT / GARAGE (NON RESIDENTIAL),False,False,1122,11,28,26,06,41.88189161,-87.72158674,2023,2023-04-05,15:00:00,15,Wednesday,April,OVER $500
13079289,JG267621,2023-05-19 03:00:00+00:00,038XX W WEST END AVE,THEFT,OVER $500,STREET,False,False,1122,11,28,26,06,41.88298116,-87.72211617,2023,2023-05-19,03:00:00,3,Friday,May,OVER $500
13031942,JG211338,2023-04-04 22:13:00+00:00,037XX W WEST END DR,THEFT,$500 AND UNDER,STREET,False,False,1122,11,28,27,06,41.88304793,-87.72074211,2023,2023-04-04,22:13:00,22,Tuesday,April,$500 AND UNDER
13096558,JG288620,2023-06-02 12:30:00+00:00,001XX S PULASKI RD,THEFT,$500 AND UNDER,OTHER (SPECIFY),False,False,1122,11,28,26,06,41.8785704,-87.7255952,2023,2023-06-02,12:30:00,12,Friday,June,$500 AND UNDER
13000730,JG173700,2023-03-04 08:45:00+00:00,003XX N HAMLIN AVE,THEFT,FROM BUILDING,OTHER (SPECIFY),False,False,1122,11,37,26,06,41.88629266,-87.72093513,2023,2023-03-04,08:45:00,8,Saturday,March,FROM BUILDING
13317638,JG553038,2023-12-24 01:00:00+00:00,036XX W FRANKLIN BLVD,CRIMINAL DAMAGE,TO VEHICLE,PARKING LOT / GARAGE (NON RESIDENTIAL),False,False,1122,11,27,23,14,41.88995194,-87.71654441,2023,2023-12-24,01:00:00,1,Sunday,December,TO VEHICLE
13187438,JG396465,2023-08-24 21:45:00+00:00,035XX W CARROLL AVE,BATTERY,AGGRAVATED - OTHER DANGEROUS WEAPON,STREET,False,False,1123,11,28,27,04B,41.88741762,-87.71424776,2023,2023-08-24,21:45:00,21,Thursday,August,AGGRAVATED
13227389,JG443756,2023-09-29 14:36:00+00:00,034XX W MADISON ST,BATTERY,SIMPLE,SIDEWALK,False,False,1123,11,28,27,08B,41.88090858,-87.7117658,2023,2023-09-29,14:36:00,14,Friday,September,SIMPLE
13062818,JG248273,2023-05-02 16:00:00+00:00,032XX W CARROLL AVE,BATTERY,SIMPLE,OTHER (SPECIFY),False,False,1123,11,28,27,08B,41.88751107,-87.70718827,2023,2023-05-02,16:00:00,16,Tuesday,May,SIMPLE
13061873,JG247177,2023-05-03 23:12:00+00:00,035XX W ADAMS ST,ASSAULT,AGGRAVATED - HANDGUN,APARTMENT,True,True,1123,11,28,27,04A,41.87828717,-87.71418534,2023,2023-05-03,23:12:00,23,Wednesday,May,AGGRAVATED
13189246,JG398659,2023-08-26 13:00:00+00:00,0000X S HOMAN AVE,ASSAULT,AGGRAVATED - HANDGUN,APARTMENT,False,True,1123,11,28,27,04A,41.88049,-87.71099137,2023,2023-08-26,13:00:00,13,Saturday,August,AGGRAVATED
13303988,JG536393,2023-12-10 23:08:00+00:00,032XX W WARREN BLVD,ASSAULT,AGGRAVATED - OTHER DANGEROUS WEAPON,STREET,False,True,1123,11,28,27,04A,41.8818597,-87.70751519,2023,2023-12-10,23:08:00,23,Sunday,December,AGGRAVATED
12967566,JG130915,2023-01-26 22:30:00+00:00,033XX W CARROLL AVE,ASSAULT,SIMPLE,OTHER (SPECIFY),False,False,1123,11,28,27,08A,41.88747592,-87.70980712,2023,2023-01-26,22:30:00,22,Thursday,January,SIMPLE
13060719,JG245576,2023-05-02 17:17:00+00:00,002XX N HOMAN AVE,ASSAULT,SIMPLE,STREET,False,False,1123,11,28,27,08A,41.88481014,-87.71111837,2023,2023-05-02,17:17:00,17,Tuesday,May,SIMPLE
13179113,JG386352,2023-08-12 13:30:00+00:00,032XX W WARREN BLVD,ASSAULT,SIMPLE,RESIDENCE,False,True,1123,11,28,27,08A,41.88186736,-87.70690554,2023,2023-08-12,13:30:00,13,Saturday,August,SIMPLE
13221429,JG437221,2023-09-24 13:00:00+00:00,033XX W FULTON BLVD,THEFT,$500 AND UNDER,ALLEY,False,False,1123,11,28,27,06,41.88636848,-87.71003457,2023,2023-09-24,13:00:00,13,Sunday,September,$500 AND UNDER
13242421,JG461628,2023-10-11 15:30:00+00:00,032XX W Warren Blvd,THEFT,$500 AND UNDER,RESIDENCE,False,False,1123,11,28,27,06,41.88185912,-87.70740871,2023,2023-10-11,15:30:00,15,Wednesday,October,$500 AND UNDER
12941870,JG103983,2023-01-04 10:20:00+00:00,035XX W MONROE ST,THEFT,$500 AND UNDER,RESIDENCE - YARD (FRONT / BACK),False,False,1123,11,28,27,06,41.87955051,-87.71436776,2023,2023-01-04,10:20:00,10,Wednesday,January,$500 AND UNDER
13042833,JG224161,2023-04-14 20:00:00+00:00,033XX W MAYPOLE AVE,CRIMINAL DAMAGE,TO VEHICLE,CHA PARKING LOT / GROUNDS,False,True,1123,11,28,27,14,41.88357991,-87.70945207,2023,2023-04-14,20:00:00,20,Friday,April,TO VEHICLE
13154441,JG357136,2023-07-26 17:04:00+00:00,028XX W JACKSON BLVD,ROBBERY,ARMED - OTHER DANGEROUS WEAPON,SIDEWALK,False,False,1124,11,27,27,03,41.87742729,-87.69694653,2023,2023-07-26,17:04:00,17,Wednesday,July,ARMED - OTHER DANGEROUS WEAPON
13165183,JG368688,2023-08-04 07:45:00+00:00,030XX W JACKSON BLVD,ROBBERY,STRONG ARM - NO WEAPON,APARTMENT,False,True,1124,11,28,27,03,41.87736964,-87.70141585,2023,2023-08-04,07:45:00,7,Friday,August,STRONG ARM - NO WEAPON
13178012,JG384315,2023-08-15 21:05:00+00:00,002XX S SACRAMENTO BLVD,BATTERY,AGGRAVATED - OTHER DANGEROUS WEAPON,OTHER (SPECIFY),False,False,1124,11,28,27,04B,41.87805684,-87.70112267,2023,2023-08-15,21:05:00,21,Tuesday,August,AGGRAVATED
12959985,JG125086,2023-01-22 05:00:00+00:00,030XX W JACKSON BLVD,BATTERY,SIMPLE,APARTMENT,False,False,1124,11,28,27,08B,41.87736158,-87.70194469,2023,2023-01-22,05:00:00,5,Sunday,January,SIMPLE
13264053,JG488509,2023-11-02 11:15:00+00:00,032XX W MONROE ST,BATTERY,"PROTECTED EMPLOYEE - HANDS, FISTS, FEET, NO / MINOR INJURY",SCHOOL - PUBLIC GROUNDS,False,False,1124,11,28,27,08B,41.87963387,-87.70797389,2023,2023-11-02,11:15:00,11,Thursday,November,"PROTECTED EMPLOYEE - HANDS, FISTS, FEET, NO / MINOR INJURY"
13316934,JG552144,2023-12-23 13:14:00+00:00,028XX W MONROE ST,BATTERY,DOMESTIC BATTERY SIMPLE,STREET,False,True,1124,11,27,27,08B,41.88016017,-87.69687535,2023,2023-12-23,13:14:00,13,Saturday,December,DOMESTIC BATTERY SIMPLE
13199934,JG411335,2023-09-05 00:25:00+00:00,001XX S KEDZIE AVE,BATTERY,DOMESTIC BATTERY SIMPLE,STREET,False,True,1124,11,28,27,08B,41.87932986,-87.70607106,2023,2023-09-05,00:25:00,0,Tuesday,September,DOMESTIC BATTERY SIMPLE
13240365,JG460018,2023-10-11 15:30:00+00:00,0000X S ALBANY AVE,BATTERY,AGGRAVATED DOMESTIC BATTERY - OTHER DANGEROUS WEAPON,VACANT LOT / LAND,False,True,1124,11,28,27,04B,41.88033366,-87.70295464,2023,2023-10-11,15:30:00,15,Wednesday,October,AGGRAVATED
13227227,JG443926,2023-09-27 08:45:00+00:00,032XX W ADAMS ST,ASSAULT,SIMPLE,SCHOOL - PUBLIC GROUNDS,False,False,1124,11,28,27,08A,41.87837031,-87.70724814,2023,2023-09-27,08:45:00,8,Wednesday,September,SIMPLE
13053228,JG236756,2023-04-24 00:00:00+00:00,030XX W JACKSON BLVD,THEFT,OVER $500,APARTMENT,False,False,1124,11,28,27,06,41.87735292,-87.70286643,2023,2023-04-24,00:00:00,0,Monday,April,OVER $500
12982577,JG152165,2023-02-06 07:00:00+00:00,002XX S CALIFORNIA AVE,THEFT,$500 AND UNDER,SIDEWALK,False,False,1124,11,27,27,06,41.87811752,-87.69621263,2023,2023-02-06,07:00:00,7,Monday,February,$500 AND UNDER
13052288,JG235574,2023-04-21 16:00:00+00:00,003XX S KEDZIE AVE,CRIMINAL DAMAGE,TO PROPERTY,OTHER (SPECIFY),False,False,1124,11,28,27,14,41.87692004,-87.70600283,2023,2023-04-21,16:00:00,16,Friday,April,TO PROPERTY
13102054,JG294439,2023-06-09 13:08:00+00:00,028XX W JACKSON BLVD,CRIMINAL DAMAGE,TO VEHICLE,STREET,False,False,1124,11,27,27,14,41.87742729,-87.69694653,2023,2023-06-09,13:08:00,13,Friday,June,TO VEHICLE
13129522,JG327845,2023-07-04 20:30:00+00:00,002XX S CAMPBELL AVE,BATTERY,AGGRAVATED - HANDGUN,STREET,False,False,1125,11,27,28,04B,41.87816386,-87.68878008,2023,2023-07-04,20:30:00,20,Tuesday,July,AGGRAVATED
13038806,JG219220,2023-04-11 05:00:00+00:00,024XX W VAN BUREN ST,THEFT,$500 AND UNDER,STREET,False,False,1125,11,27,28,06,41.87607484,-87.68671178,2023,2023-04-11,05:00:00,5,Tuesday,April,$500 AND UNDER
12968605,JG135491,2023-01-30 21:00:00+00:00,027XX W JACKSON BLVD,CRIMINAL DAMAGE,TO VEHICLE,STREET,False,False,1125,11,27,27,14,41.8774468,-87.69502224,2023,2023-01-30,21:00:00,21,Monday,January,TO VEHICLE
13178979,JG386340,2023-08-17 12:22:00+00:00,003XX S CICERO AVE,ROBBERY,ARMED - HANDGUN,PARKING LOT / GARAGE (NON RESIDENTIAL),False,False,1131,11,28,25,03,41.87616378,-87.74511196,2023,2023-08-17,12:22:00,12,Thursday,August,ARMED - HANDGUN
13280133,JG507563,2023-11-17 07:10:00+00:00,047XX W VAN BUREN ST,BATTERY,DOMESTIC BATTERY SIMPLE,APARTMENT,True,True,1131,11,24,25,08B,41.87504328,-87.74334141,2023,2023-11-17,07:10:00,7,Friday,November,DOMESTIC BATTERY SIMPLE
12956366,JG115609,2023-01-14 06:00:00+00:00,003XX S KILBOURN AVE,BATTERY,DOMESTIC BATTERY SIMPLE,RESIDENCE,False,True,1131,11,28,26,08B,41.87646356,-87.7377838,2023,2023-01-14,06:00:00,6,Saturday,January,DOMESTIC BATTERY SIMPLE
13097967,JG290065,2023-06-06 08:40:00+00:00,043XX W FLOURNOY ST,BATTERY,DOMESTIC BATTERY SIMPLE,APARTMENT,False,True,1131,11,24,26,08B,41.87246131,-87.73334887,2023,2023-06-06,08:40:00,8,Tuesday,June,DOMESTIC BATTERY SIMPLE
12951021,JG113086,2023-01-12 06:30:00+00:00,044XX W JACKSON BLVD,BATTERY,"AGG. DOMESTIC BATTERY - HANDS, FISTS, FEET, SERIOUS INJURY",APARTMENT,False,True,1131,11,28,26,04B,41.87695484,-87.73621133,2023,2023-01-12,06:30:00,6,Thursday,January,"AGG. DOMESTIC BATTERY - HANDS, FISTS, FEET, SERIOUS INJURY"
13310268,JG539254,2023-12-13 09:00:00+00:00,045XX W FIFTH AVE,THEFT,$500 AND UNDER,STREET,False,False,1131,11,24,26,06,41.86958326,-87.73769713,2023,2023-12-13,09:00:00,9,Wednesday,December,$500 AND UNDER
13142238,JG342987,2023-07-16 04:00:00+00:00,045XX W VAN BUREN ST,CRIMINAL DAMAGE,TO VEHICLE,RESIDENCE,False,True,1131,11,28,26,14,41.87510183,-87.73873275,2023,2023-07-16,04:00:00,4,Sunday,July,TO VEHICLE
13179704,JG387332,2023-08-17 20:00:00+00:00,043XX W FLOURNOY ST,CRIMINAL DAMAGE,TO VEHICLE,VEHICLE NON-COMMERCIAL,False,False,1131,11,24,26,14,41.87246144,-87.73337457,2023,2023-08-17,20:00:00,20,Thursday,August,TO VEHICLE
13204249,JG414955,2023-09-07 12:13:00+00:00,005XX S PULASKI RD,BATTERY,SIMPLE,CTA TRACKS - RIGHT OF WAY,False,False,1132,11,24,26,08B,41.87390705,-87.72543009,2023,2023-09-07,12:13:00,12,Thursday,September,SIMPLE
13175995,JG382931,2023-08-14 20:25:00+00:00,007XX S KARLOV AVE,BATTERY,SIMPLE,SIDEWALK,False,True,1132,11,24,26,08B,41.87113142,-87.72780253,2023,2023-08-14,20:25:00,20,Monday,August,SIMPLE
13259582,JG483035,2023-10-29 07:53:00+00:00,040XX W GRENSHAW ST,BATTERY,DOMESTIC BATTERY SIMPLE,APARTMENT,True,True,1132,11,24,29,08B,41.86707203,-87.72612265,2023,2023-10-29,07:53:00,7,Sunday,October,DOMESTIC BATTERY SIMPLE
13265613,JG490239,2023-11-03 03:46:00+00:00,039XX W VAN BUREN ST,BATTERY,DOMESTIC BATTERY SIMPLE,APARTMENT,False,True,1132,11,28,26,08B,41.87529,-87.72384912,2023,2023-11-03,03:46:00,3,Friday,November,DOMESTIC BATTERY SIMPLE
13036283,JG216401,2023-04-09 01:00:00+00:00,007XX S PULASKI RD,BATTERY,DOMESTIC BATTERY SIMPLE,VACANT LOT / LAND,False,True,1132,11,24,26,08B,41.87229051,-87.72539768,2023,2023-04-09,01:00:00,1,Sunday,April,DOMESTIC BATTERY SIMPLE
13161920,JG366306,2023-08-02 13:24:00+00:00,042XX W VAN BUREN ST,BATTERY,AGGRAVATED DOMESTIC BATTERY - KNIFE / CUTTING INSTRUMENT,ALLEY,False,True,1132,11,28,26,04B,41.87519639,-87.73107247,2023,2023-08-02,13:24:00,13,Wednesday,August,AGGRAVATED
13214370,JG428812,2023-09-18 05:45:00+00:00,005XX S PULASKI RD,ASSAULT,AGGRAVATED - HANDGUN,STREET,False,False,1132,11,28,26,04A,41.87428856,-87.72544116,2023,2023-09-18,05:45:00,5,Monday,September,AGGRAVATED
13260141,JG483553,2023-10-29 16:07:00+00:00,039XX W VAN BUREN ST,ASSAULT,SIMPLE,APARTMENT,True,False,1132,11,28,26,08A,41.87529208,-87.72372426,2023,2023-10-29,16:07:00,16,Sunday,October,SIMPLE
13269003,JG494808,2023-11-02 17:45:00+00:00,007XX S KILDARE AVE,ASSAULT,SIMPLE,SCHOOL - PUBLIC GROUNDS,False,False,1132,11,24,26,08A,41.8720272,-87.73272508,2023,2023-11-02,17:45:00,17,Thursday,November,SIMPLE
12955793,JG119302,2023-01-06 09:20:00+00:00,006XX S PULASKI RD,THEFT,$500 AND UNDER,SIDEWALK,False,False,1132,11,24,26,06,41.87284214,-87.72540347,2023,2023-01-06,09:20:00,9,Friday,January,$500 AND UNDER
13105234,JG298961,2023-06-12 14:15:00+00:00,007XX S KILDARE AVE,THEFT,$500 AND UNDER,SCHOOL - PUBLIC GROUNDS,False,False,1132,11,24,26,06,41.8720272,-87.73272508,2023,2023-06-12,14:15:00,14,Monday,June,$500 AND UNDER
13150418,JG352799,2023-07-22 00:34:00+00:00,040XX W HARRISON ST,CRIMINAL DAMAGE,TO VEHICLE,STREET,False,False,1132,11,24,26,14,41.87343914,-87.72620559,2023,2023-07-22,00:34:00,0,Saturday,July,TO VEHICLE
13145793,JG347227,2023-07-17 18:17:00+00:00,038XX W VAN BUREN ST,ROBBERY,ARMED - HANDGUN,SIDEWALK,False,False,1133,11,28,26,03,41.87531475,-87.72179267,2023,2023-07-17,18:17:00,18,Monday,July,ARMED - HANDGUN
13219598,JG434880,2023-09-22 17:20:00+00:00,036XX W FIFTH AVE,BATTERY,AGGRAVATED - HANDGUN,SIDEWALK,False,False,1133,11,28,27,04B,41.87539754,-87.71674679,2023,2023-09-22,17:20:00,17,Friday,September,AGGRAVATED
12965707,JG131739,2023-01-27 16:19:00+00:00,035XX W FIFTH AVE,ASSAULT,AGGRAVATED - KNIFE / CUTTING INSTRUMENT,APARTMENT,False,True,1133,11,28,27,04A,41.87606516,-87.71433897,2023,2023-01-27,16:19:00,16,Friday,January,AGGRAVATED
13247932,JG469145,2023-10-18 17:50:00+00:00,035XX W CONGRESS PKWY,ASSAULT,SIMPLE,APARTMENT,False,True,1133,11,28,27,08A,41.87450117,-87.71387306,2023,2023-10-18,17:50:00,17,Wednesday,October,SIMPLE
13211298,JG425077,2023-09-14 06:30:00+00:00,036XX W GRENSHAW ST,THEFT,$500 AND UNDER,STREET,False,False,1133,11,24,29,06,41.86718799,-87.71646956,2023,2023-09-14,06:30:00,6,Thursday,September,$500 AND UNDER
13046448,JG228727,2023-04-03 15:00:00+00:00,008XX S INDEPENDENCE BLVD,THEFT,$500 AND UNDER,RESIDENCE,False,False,1133,11,24,27,06,41.87050921,-87.71966859,2023,2023-04-03,15:00:00,15,Monday,April,$500 AND UNDER
13107123,JG301290,2023-06-14 16:30:00+00:00,035XX W LEXINGTON ST,THEFT,$500 AND UNDER,ALLEY,False,False,1133,11,24,27,06,41.87177521,-87.71421147,2023,2023-06-14,16:30:00,16,Wednesday,June,$500 AND UNDER
13164282,JG369066,2023-08-03 18:30:00+00:00,035XX W LEXINGTON ST,CRIMINAL DAMAGE,TO PROPERTY,APARTMENT,False,False,1133,11,24,27,14,41.87177923,-87.71393973,2023,2023-08-03,18:30:00,18,Thursday,August,TO PROPERTY
13291259,JG520852,2023-11-28 14:22:00+00:00,009XX S HOMAN AVE,BATTERY,SIMPLE,SCHOOL - PRIVATE GROUNDS,False,False,1134,11,24,29,08B,41.8694919,-87.71064279,2023,2023-11-28,14:22:00,14,Tuesday,November,SIMPLE
13007200,JG182030,2023-03-11 16:15:00+00:00,004XX S HOMAN AVE,BATTERY,DOMESTIC BATTERY SIMPLE,RESIDENCE - PORCH / HALLWAY,False,True,1134,11,28,27,08B,41.8751323,-87.71081937,2023,2023-03-11,16:15:00,16,Saturday,March,DOMESTIC BATTERY SIMPLE
13159681,JG363627,2023-07-30 21:00:00+00:00,032XX W ROOSEVELT RD,BATTERY,DOMESTIC BATTERY SIMPLE,STREET,False,True,1134,11,24,29,08B,41.86640116,-87.70597351,2023,2023-07-30,21:00:00,21,Sunday,July,DOMESTIC BATTERY SIMPLE
13296377,JG527194,2023-12-02 02:00:00+00:00,033XX W ARTHINGTON ST,THEFT,OVER $500,APARTMENT,False,False,1134,11,24,29,06,41.87002813,-87.70882386,2023,2023-12-02,02:00:00,2,Saturday,December,OVER $500
13314641,JG549329,2023-12-21 08:00:00+00:00,006XX S ALBANY AVE,THEFT,OVER $500,SIDEWALK,False,False,1134,11,24,27,06,41.87348678,-87.70345886,2023,2023-12-21,08:00:00,8,Thursday,December,OVER $500
13074484,JG262478,2023-05-14 06:00:00+00:00,030XX W LEXINGTON ST,THEFT,OVER $500,OTHER (SPECIFY),False,False,1134,11,28,27,06,41.87190449,-87.70216729,2023,2023-05-14,06:00:00,6,Sunday,May,OVER $500
12993534,JG165486,2023-02-25 01:00:00+00:00,011XX S SACRAMENTO BLVD,THEFT,$500 AND UNDER,STREET,False,False,1134,11,28,29,06,41.86745136,-87.70081598,2023,2023-02-25,01:00:00,1,Saturday,February,$500 AND UNDER
13088112,JG278350,2023-05-28 02:45:00+00:00,031XX W LEXINGTON ST,CRIMINAL DAMAGE,TO PROPERTY,APARTMENT,False,True,1134,11,24,27,14,41.87188308,-87.70426767,2023,2023-05-28,02:45:00,2,Sunday,May,TO PROPERTY
13233545,JG446960,2023-10-02 00:30:00+00:00,032XX W POLK ST,CRIMINAL DAMAGE,TO VEHICLE,STREET,False,True,1134,11,24,27,14,41.87095528,-87.70673305,2023,2023-10-02,00:30:00,0,Monday,October,TO VEHICLE
13289662,JG518997,2023-11-22 08:40:00+00:00,033XX W JACKSON BLVD,CRIMINAL DAMAGE,TO VEHICLE,STREET,False,False,1134,11,28,27,14,41.87729807,-87.70889996,2023,2023-11-22,08:40:00,8,Wednesday,November,TO VEHICLE
13316750,JG551859,2023-12-23 09:47:00+00:00,027XX W HARRISON ST,BATTERY,SIMPLE,OTHER (SPECIFY),False,False,1135,11,28,27,08B,41.87380752,-87.69445629,2023,2023-12-23,09:47:00,9,Saturday,December,SIMPLE
13085187,JG274988,2023-05-25 17:12:00+00:00,029XX W LEXINGTON ST,BATTERY,DOMESTIC BATTERY SIMPLE,APARTMENT,True,True,1135,11,28,27,08B,41.87193642,-87.69949404,2023,2023-05-25,17:12:00,17,Thursday,May,DOMESTIC BATTERY SIMPLE
13130270,JG328853,2023-07-05 15:15:00+00:00,008XX S WESTERN AVE,ASSAULT,SIMPLE,STREET,False,False,1135,11,28,28,08A,41.87087683,-87.6861547,2023,2023-07-05,15:15:00,15,Wednesday,July,SIMPLE
13050152,JG233100,2023-04-20 09:00:00+00:00,028XX W HARRISON ST,THEFT,OVER $500,PARKING LOT / GARAGE (NON RESIDENTIAL),False,False,1135,11,28,27,06,41.87378539,-87.69739022,2023,2023-04-20,09:00:00,9,Thursday,April,OVER $500
13238536,JG457796,2023-10-10 00:01:00+00:00,029XX W HARRISON ST,THEFT,$500 AND UNDER,STREET,False,False,1135,11,28,27,06,41.87375957,-87.69967062,2023,2023-10-10,00:01:00,0,Tuesday,October,$500 AND UNDER
13120421,JG317336,2023-06-26 09:00:00+00:00,028XX W POLK ST,THEFT,$500 AND UNDER,STREET,False,False,1135,11,28,27,06,41.87105127,-87.69723742,2023,2023-06-26,09:00:00,9,Monday,June,$500 AND UNDER
13249175,JG470497,2023-10-19 18:07:00+00:00,024XX W TAYLOR ST,CRIMINAL DAMAGE,TO VEHICLE,STREET,True,False,1135,11,28,28,14,41.86933027,-87.6873415,2023,2023-10-19,18:07:00,18,Thursday,October,TO VEHICLE
13040700,JG221391,2023-04-13 07:25:00+00:00,007XX S WASHTENAW AVE,CRIMINAL DAMAGE,TO VEHICLE,STREET,False,False,1135,11,28,27,14,41.87153595,-87.69359038,2023,2023-04-13,07:25:00,7,Thursday,April,TO VEHICLE
13072547,JG260093,2023-05-13 21:30:00+00:00,027XX W POLK ST,CRIMINAL DAMAGE,TO VEHICLE,STREET,False,False,1135,11,28,27,14,41.87107718,-87.69449082,2023,2023-05-13,21:30:00,21,Saturday,May,TO VEHICLE
12988114,JG158915,2023-02-19 21:07:00+00:00,010XX N FRANCISCO AVE,BATTERY,SIMPLE,HOSPITAL BUILDING / GROUNDS,True,False,1211,12,26,24,08B,41.90050559,-87.69928504,2023,2023-02-19,21:07:00,21,Sunday,February,SIMPLE
13065041,JG250925,2023-05-07 02:20:00+00:00,010XX N CALIFORNIA AVE,BATTERY,SIMPLE,SIDEWALK,True,False,1211,12,26,24,08B,41.89951213,-87.69679709,2023,2023-05-07,02:20:00,2,Sunday,May,SIMPLE
13097061,JG289414,2023-06-04 05:00:00+00:00,008XX N CALIFORNIA AVE,BATTERY,SIMPLE,STREET,False,False,1211,12,36,24,08B,41.89610607,-87.69671338,2023,2023-06-04,05:00:00,5,Sunday,June,SIMPLE
13007723,JG182515,2023-03-12 03:10:00+00:00,029XX W DIVISION ST,BATTERY,DOMESTIC BATTERY SIMPLE,VEHICLE NON-COMMERCIAL,False,True,1211,12,26,24,08B,41.90289863,-87.69979401,2023,2023-03-12,03:10:00,3,Sunday,March,DOMESTIC BATTERY SIMPLE
13264534,JG488876,2023-11-02 16:55:00+00:00,027XX W CORTEZ ST,ASSAULT,SIMPLE,STREET,False,False,1211,12,36,24,08A,41.90021138,-87.695218,2023,2023-11-02,16:55:00,16,Thursday,November,SIMPLE
13019611,JG196751,2023-03-23 22:25:00+00:00,010XX N FRANCISCO AVE,ASSAULT,SIMPLE,HOSPITAL BUILDING / GROUNDS,False,False,1211,12,26,24,08A,41.90050559,-87.69928504,2023,2023-03-23,22:25:00,22,Thursday,March,SIMPLE
13144209,JG345402,2023-07-17 20:30:00+00:00,027XX W HADDON AVE,THEFT,$500 AND UNDER,STREET,False,False,1211,12,36,24,06,41.90201044,-87.69500907,2023,2023-07-17,20:30:00,20,Monday,July,$500 AND UNDER
13002449,JG176175,2023-03-06 14:00:00+00:00,027XX W HADDON AVE,THEFT,ATTEMPT THEFT,APARTMENT,False,False,1211,12,1,24,06,41.90200923,-87.69528459,2023,2023-03-06,14:00:00,14,Monday,March,ATTEMPT THEFT
13268545,JG494352,2023-11-06 21:30:00+00:00,031XX W WALTON ST,CRIMINAL DAMAGE,TO VEHICLE,STREET,False,False,1211,12,36,23,14,41.89831934,-87.70494126,2023,2023-11-06,21:30:00,21,Monday,November,TO VEHICLE
13306001,JG538556,2023-12-12 14:30:00+00:00,011XX N WESTERN AVE,BATTERY,"PROTECTED EMPLOYEE - HANDS, FISTS, FEET, NO / MINOR INJURY",SCHOOL - PUBLIC BUILDING,False,False,1212,12,1,24,08B,41.90243771,-87.68701156,2023,2023-12-12,14:30:00,14,Tuesday,December,"PROTECTED EMPLOYEE - HANDS, FISTS, FEET, NO / MINOR INJURY"
13023972,JG201990,2023-03-28 11:00:00+00:00,010XX N HOYNE AVE,THEFT,OVER $500,STREET,False,False,1212,12,2,24,06,41.90069453,-87.67963484,2023,2023-03-28,11:00:00,11,Tuesday,March,OVER $500
13038813,JG219496,2023-04-10 07:10:00+00:00,009XX N LEAVITT ST,THEFT,OVER $500,STREET,False,False,1212,12,2,24,06,41.89888871,-87.6820298,2023,2023-04-10,07:10:00,7,Monday,April,OVER $500
13082119,JG271620,2023-05-08 00:00:00+00:00,011XX N WESTERN AVE,THEFT,$500 AND UNDER,SCHOOL - PUBLIC BUILDING,False,False,1212,12,1,24,06,41.90243771,-87.68701156,2023,2023-05-08,00:00:00,0,Monday,May,$500 AND UNDER
13207836,JG420860,2023-09-11 12:00:00+00:00,008XX N OAKLEY BLVD,CRIMINAL DAMAGE,TO VEHICLE,ALLEY,False,False,1212,12,36,24,14,41.89701975,-87.68442893,2023,2023-09-11,12:00:00,12,Monday,September,TO VEHICLE
12994625,JG166968,2023-02-25 19:00:00+00:00,020XX W WALTON ST,CRIMINAL DAMAGE,TO VEHICLE,RESIDENCE - YARD (FRONT / BACK),False,False,1212,12,2,24,14,41.89862552,-87.67821607,2023,2023-02-25,19:00:00,19,Saturday,February,TO VEHICLE
13194295,JG404697,2023-08-31 01:15:00+00:00,016XX W DIVISION ST,ROBBERY,ARMED - HANDGUN,TAVERN / LIQUOR STORE,False,False,1213,12,1,24,03,41.90331846,-87.66919026,2023,2023-08-31,01:15:00,1,Thursday,August,ARMED - HANDGUN
13265620,JG490093,2023-11-03 15:52:00+00:00,008XX N GREENVIEW AVE,BATTERY,AGGRAVATED - OTHER DANGEROUS WEAPON,CHA HALLWAY / STAIRWELL / ELEVATOR,False,False,1213,12,27,24,04B,41.89740192,-87.66493936,2023,2023-11-03,15:52:00,15,Friday,November,AGGRAVATED
12994930,JG167208,2023-02-26 22:20:00+00:00,016XX W DIVISION ST,BATTERY,SIMPLE,RESTAURANT,False,False,1213,12,1,24,08B,41.90333516,-87.66828275,2023,2023-02-26,22:20:00,22,Sunday,February,SIMPLE
12957237,JG121844,2023-01-19 11:33:00+00:00,013XX W CHICAGO AVE,THEFT,OVER $500,PARK PROPERTY,False,False,1213,12,27,24,06,41.89617609,-87.66085307,2023,2023-01-19,11:33:00,11,Thursday,January,OVER $500
12995021,JG167365,2023-02-22 07:30:00+00:00,010XX N WOOD ST,THEFT,OVER $500,STREET,False,False,1213,12,1,24,06,41.90056754,-87.67231165,2023,2023-02-22,07:30:00,7,Wednesday,February,OVER $500
13020505,JG196897,2023-03-22 10:34:00+00:00,008XX N MILWAUKEE AVE,THEFT,OVER $500,APARTMENT,False,False,1213,12,27,24,06,41.89791569,-87.65800652,2023,2023-03-22,10:34:00,10,Wednesday,March,OVER $500
13144193,JG345365,2023-07-16 07:30:00+00:00,009XX W FRY ST,THEFT,OVER $500,STREET,False,False,1213,12,27,24,06,41.89739138,-87.65147763,2023,2023-07-16,07:30:00,7,Sunday,July,OVER $500
13211363,JG425112,2023-09-08 09:00:00+00:00,011XX N MILWAUKEE AVE,THEFT,$500 AND UNDER,APARTMENT,False,False,1213,12,1,24,06,41.90247699,-87.66510684,2023,2023-09-08,09:00:00,9,Friday,September,$500 AND UNDER
13308006,JG540328,2023-12-08 08:00:00+00:00,011XX N PAULINA ST,THEFT,$500 AND UNDER,APARTMENT,False,False,1213,12,1,24,06,41.90250217,-87.66992237,2023,2023-12-08,08:00:00,8,Friday,December,$500 AND UNDER
13223934,JG440222,2023-09-19 13:00:00+00:00,015XX W DIVISION ST,CRIMINAL DAMAGE,TO PROPERTY,MOVIE HOUSE / THEATER,False,False,1213,12,1,24,14,41.90335676,-87.66680213,2023,2023-09-19,13:00:00,13,Tuesday,September,TO PROPERTY
12955873,JG120266,2023-01-18 03:50:00+00:00,014XX W CHICAGO AVE,CRIMINAL DAMAGE,TO PROPERTY,BAR OR TAVERN,False,False,1213,12,1,24,14,41.89613516,-87.66324095,2023,2023-01-18,03:50:00,3,Wednesday,January,TO PROPERTY
13108133,JG302622,2023-06-15 18:30:00+00:00,008XX N ELIZABETH ST,CRIMINAL DAMAGE,TO VEHICLE,DRIVEWAY - RESIDENTIAL,False,False,1213,12,27,24,14,41.89641787,-87.65996533,2023,2023-06-15,18:30:00,18,Thursday,June,TO VEHICLE
13190514,JG400017,2023-08-27 16:03:00+00:00,004XX N CARPENTER ST,ROBBERY,ARMED - HANDGUN,STREET,False,False,1214,12,27,24,03,41.89040523,-87.65344337,2023,2023-08-27,16:03:00,16,Sunday,August,ARMED - HANDGUN
13062505,JG247938,2023-04-30 16:40:00+00:00,010XX W LAKE ST,ROBBERY,ATTEMPT ARMED - HANDGUN,DRUG STORE,False,False,1214,12,27,28,03,41.88555738,-87.65364901,2023,2023-04-30,16:40:00,16,Sunday,April,ATTEMPT ARMED - HANDGUN
13078624,JG267430,2023-05-20 00:23:00+00:00,005XX N MILWAUKEE AVE,BATTERY,SIMPLE,CTA TRAIN,False,False,1214,12,27,24,08B,41.89141255,-87.6479346,2023,2023-05-20,00:23:00,0,Saturday,May,SIMPLE
12951746,JG115478,2023-01-14 00:30:00+00:00,002XX N GREEN ST,BATTERY,SIMPLE,HOTEL / MOTEL,False,False,1214,12,27,28,08B,41.88597499,-87.64865008,2023,2023-01-14,00:30:00,0,Saturday,January,SIMPLE
13055946,JG239934,2023-04-27 20:41:00+00:00,008XX W FULTON MARKET,BATTERY,DOMESTIC BATTERY SIMPLE,APARTMENT,False,True,1214,12,27,28,08B,41.88677625,-87.64910059,2023,2023-04-27,20:41:00,20,Thursday,April,DOMESTIC BATTERY SIMPLE
13089194,JG279461,2023-05-29 09:00:00+00:00,003XX N HALSTED ST,BATTERY,DOMESTIC BATTERY SIMPLE,APARTMENT,False,True,1214,12,34,28,08B,41.88870181,-87.64757061,2023,2023-05-29,09:00:00,9,Monday,May,DOMESTIC BATTERY SIMPLE
13208584,JG420933,2023-09-11 20:00:00+00:00,007XX W LAKE ST,THEFT,OVER $500,PARKING LOT / GARAGE (NON RESIDENTIAL),False,False,1214,12,27,28,06,41.88567557,-87.64676199,2023,2023-09-11,20:00:00,20,Monday,September,OVER $500
13226244,JG442022,2023-09-27 16:15:00+00:00,003XX N Desplaines St,THEFT,OVER $500,GROCERY FOOD STORE,False,False,1214,12,34,28,06,41.88852595,-87.64432226,2023,2023-09-27,16:15:00,16,Wednesday,September,OVER $500
13233128,JG451226,2023-10-04 18:45:00+00:00,006XX W HUBBARD ST,THEFT,OVER $500,STREET,False,False,1214,12,27,24,06,41.89011943,-87.64508374,2023,2023-10-04,18:45:00,18,Wednesday,October,OVER $500
13274410,JG500706,2023-11-11 18:00:00+00:00,007XX W LAKE ST,THEFT,OVER $500,PARKING LOT / GARAGE (NON RESIDENTIAL),False,False,1214,12,27,28,06,41.88567557,-87.64676199,2023,2023-11-11,18:00:00,18,Saturday,November,OVER $500
13297694,JG527972,2023-11-30 13:25:00+00:00,007XX N ABERDEEN ST,THEFT,OVER $500,APARTMENT,False,False,1214,12,27,24,06,41.89500262,-87.65450384,2023,2023-11-30,13:25:00,13,Thursday,November,OVER $500
13024464,JG202655,2023-03-27 19:30:00+00:00,003XX N CARPENTER ST,THEFT,OVER $500,STREET,False,False,1214,12,27,28,06,41.88717198,-87.65335279,2023,2023-03-27,19:30:00,19,Monday,March,OVER $500
13057718,JG242168,2023-04-29 17:50:00+00:00,002XX N HALSTED ST,THEFT,OVER $500,STREET,False,False,1214,12,27,28,06,41.88603939,-87.64748524,2023,2023-04-29,17:50:00,17,Saturday,April,OVER $500
13098486,JG291030,2023-06-06 17:39:00+00:00,004XX N UNION AVE,THEFT,OVER $500,STREET,False,False,1214,12,27,24,06,41.89037901,-87.64581182,2023,2023-06-06,17:39:00,17,Tuesday,June,OVER $500
13152455,JG355167,2023-07-22 00:45:00+00:00,002XX N CARPENTER ST,THEFT,OVER $500,STREET,False,False,1214,12,27,28,06,41.8859588,-87.65331424,2023,2023-07-22,00:45:00,0,Saturday,July,OVER $500
13167554,JG373143,2023-08-06 19:00:00+00:00,006XX W HUBBARD ST,THEFT,OVER $500,STREET,False,False,1214,12,27,24,06,41.89012316,-87.64478989,2023,2023-08-06,19:00:00,19,Sunday,August,OVER $500
13278130,JG498243,2023-11-09 18:40:00+00:00,007XX W FULTON MARKET,THEFT,$500 AND UNDER,PARKING LOT / GARAGE (NON RESIDENTIAL),False,False,1214,12,27,28,06,41.88679928,-87.64698133,2023,2023-11-09,18:40:00,18,Thursday,November,$500 AND UNDER
13177005,JG383694,2023-08-13 22:00:00+00:00,003XX N MORGAN ST,THEFT,$500 AND UNDER,SIDEWALK,False,False,1214,12,27,28,06,41.88715408,-87.65218512,2023,2023-08-13,22:00:00,22,Sunday,August,$500 AND UNDER
13246042,JG466718,2023-10-17 07:10:00+00:00,010XX W LAKE ST,THEFT,RETAIL THEFT,SMALL RETAIL STORE,False,False,1214,12,27,28,06,41.88555738,-87.65364901,2023,2023-10-17,07:10:00,7,Tuesday,October,RETAIL THEFT
13291268,JG521014,2023-11-28 17:40:00+00:00,011XX W FULTON MARKET,THEFT,RETAIL THEFT,SMALL RETAIL STORE,False,False,1214,12,27,28,06,41.88668656,-87.65479754,2023,2023-11-28,17:40:00,17,Tuesday,November,RETAIL THEFT
13017488,JG194091,2023-03-21 18:45:00+00:00,010XX W LAKE ST,THEFT,RETAIL THEFT,DRUG STORE,False,False,1214,12,27,28,06,41.88555738,-87.65364901,2023,2023-03-21,18:45:00,18,Tuesday,March,RETAIL THEFT
13054023,JG237665,2023-04-19 13:20:00+00:00,010XX W LAKE ST,THEFT,RETAIL THEFT,CONVENIENCE STORE,False,False,1214,12,27,28,06,41.88555738,-87.65364901,2023,2023-04-19,13:20:00,13,Wednesday,April,RETAIL THEFT
13279513,JG506052,2023-11-14 14:00:00+00:00,007XX N MORGAN ST,THEFT,FROM BUILDING,RESIDENCE,False,False,1214,12,27,24,06,41.89574064,-87.65261913,2023,2023-11-14,14:00:00,14,Tuesday,November,FROM BUILDING
13309918,JG542922,2023-12-15 20:01:00+00:00,009XX W FULTON MARKET,THEFT,FROM BUILDING,RESTAURANT,False,False,1214,12,27,28,06,41.88676369,-87.65021715,2023,2023-12-15,20:01:00,20,Friday,December,FROM BUILDING
13229842,JG447192,2023-10-01 21:00:00+00:00,007XX W OHIO ST,CRIMINAL DAMAGE,TO VEHICLE,STREET,False,False,1214,12,27,24,14,41.89225716,-87.64691188,2023,2023-10-01,21:00:00,21,Sunday,October,TO VEHICLE
13108524,JG302823,2023-06-15 23:00:00+00:00,017XX W ERIE ST,ROBBERY,ARMED - HANDGUN,SIDEWALK,False,False,1215,12,1,24,03,41.89328415,-87.67085151,2023,2023-06-15,23:00:00,23,Thursday,June,ARMED - HANDGUN
13077393,JG265527,2023-05-18 02:45:00+00:00,016XX W LAKE ST,BATTERY,AGGRAVATED - OTHER DANGEROUS WEAPON,CTA TRAIN,False,False,1215,12,27,28,04B,41.88531238,-87.66757363,2023,2023-05-18,02:45:00,2,Thursday,May,AGGRAVATED
12976963,JG145505,2023-02-07 15:30:00+00:00,014XX W SUPERIOR ST,BATTERY,SIMPLE,SCHOOL - PUBLIC GROUNDS,False,False,1215,12,27,24,08B,41.89519912,-87.66460973,2023,2023-02-07,15:30:00,15,Tuesday,February,SIMPLE
13056929,JG241145,2023-04-28 19:30:00+00:00,013XX W ERIE ST,ASSAULT,SIMPLE,APARTMENT,False,False,1215,12,27,24,08A,41.89343395,-87.66121239,2023,2023-04-28,19:30:00,19,Friday,April,SIMPLE
13076905,JG265352,2023-05-16 18:00:00+00:00,005XX N NOBLE ST,THEFT,OVER $500,STREET,False,False,1215,12,1,24,06,41.89152746,-87.66227911,2023,2023-05-16,18:00:00,18,Tuesday,May,OVER $500
13079575,JG268640,2023-05-20 23:00:00+00:00,012XX W CARROLL AVE,THEFT,OVER $500,STREET,False,False,1215,12,27,28,06,41.88769605,-87.65752289,2023,2023-05-20,23:00:00,23,Saturday,May,OVER $500
13178098,JG385526,2023-08-16 16:00:00+00:00,012XX W FULTON MARKET,THEFT,OVER $500,STREET,False,False,1215,12,27,28,06,41.88666506,-87.65766596,2023,2023-08-16,16:00:00,16,Wednesday,August,OVER $500
13210253,JG423516,2023-09-14 07:05:00+00:00,016XX W CHICAGO AVE,THEFT,$500 AND UNDER,APARTMENT,False,False,1215,12,1,24,06,41.89604714,-87.66887259,2023,2023-09-14,07:05:00,7,Thursday,September,$500 AND UNDER
13237781,JG456866,2023-10-09 10:00:00+00:00,007XX N ADA ST,THEFT,$500 AND UNDER,APARTMENT,False,False,1215,12,27,24,06,41.89458743,-87.66136558,2023,2023-10-09,10:00:00,10,Monday,October,$500 AND UNDER
13098584,JG291143,2023-06-06 19:30:00+00:00,014XX W FULTON ST,THEFT,$500 AND UNDER,STREET,False,False,1215,12,27,28,06,41.8865761,-87.66309113,2023,2023-06-06,19:30:00,19,Tuesday,June,$500 AND UNDER
13265093,JG487453,2023-10-15 07:00:00+00:00,016XX W GRAND AVE,CRIMINAL DAMAGE,TO PROPERTY,COMMERCIAL / BUSINESS OFFICE,False,False,1215,12,27,24,14,41.89097628,-87.66753686,2023,2023-10-15,07:00:00,7,Sunday,October,TO PROPERTY
13289579,JG518871,2023-11-26 12:30:00+00:00,006XX N NOBLE ST,CRIMINAL DAMAGE,TO VEHICLE,STREET,False,False,1215,12,1,24,14,41.89282843,-87.66231324,2023,2023-11-26,12:30:00,12,Sunday,November,TO VEHICLE
13127280,JG325040,2023-07-02 00:00:00+00:00,006XX N NOBLE ST,CRIMINAL DAMAGE,TO VEHICLE,STREET,False,False,1215,12,27,24,14,41.89402512,-87.66234846,2023,2023-07-02,00:00:00,0,Sunday,July,TO VEHICLE
13239356,JG458652,2023-10-10 19:12:00+00:00,023XX W GRAND AVE,ROBBERY,ARMED - HANDGUN,CAR WASH,False,False,1221,12,36,24,03,41.89069773,-87.68455536,2023,2023-10-10,19:12:00,19,Tuesday,October,ARMED - HANDGUN
13288768,JG517795,2023-11-26 05:15:00+00:00,022XX W HURON ST,ROBBERY,ARMED - HANDGUN,STREET,False,False,1221,12,36,24,03,41.8940019,-87.68263406,2023,2023-11-26,05:15:00,5,Sunday,November,ARMED - HANDGUN
13168348,JG373977,2023-08-08 01:00:00+00:00,020XX W SUPERIOR ST,ROBBERY,ARMED - HANDGUN,STREET,False,False,1221,12,36,24,03,41.89479137,-87.67765656,2023,2023-08-08,01:00:00,1,Tuesday,August,ARMED - HANDGUN
13272236,JG497940,2023-11-09 14:25:00+00:00,005XX N TROY ST,BATTERY,SIMPLE,RESIDENCE,False,True,1221,12,27,23,08B,41.89102648,-87.70518537,2023,2023-11-09,14:25:00,14,Thursday,November,SIMPLE
13276828,JG503662,2023-11-14 09:50:00+00:00,004XX N TROY ST,BATTERY,SIMPLE,SCHOOL - PUBLIC BUILDING,False,False,1221,12,27,23,08B,41.88909698,-87.70513082,2023,2023-11-14,09:50:00,9,Tuesday,November,SIMPLE
13307964,JG541130,2023-12-14 17:17:00+00:00,024XX W CHICAGO AVE,BATTERY,SIMPLE,SMALL RETAIL STORE,False,False,1221,12,36,24,08B,41.8957324,-87.68778438,2023,2023-12-14,17:17:00,17,Thursday,December,SIMPLE
13177131,JG384289,2023-08-15 20:45:00+00:00,024XX W ERIE ST,BATTERY,"AGGRAVATED - HANDS, FISTS, FEET, SERIOUS INJURY",PARK PROPERTY,False,False,1221,12,36,24,04B,41.89300086,-87.68857951,2023,2023-08-15,20:45:00,20,Tuesday,August,AGGRAVATED
13283321,JG511541,2023-11-17 06:00:00+00:00,018XX W ERIE ST,THEFT,OVER $500,STREET,False,False,1221,12,36,24,06,41.89324424,-87.67297482,2023,2023-11-17,06:00:00,6,Friday,November,OVER $500
13305172,JG537863,2023-12-11 15:00:00+00:00,005XX N TROY ST,THEFT,OVER $500,STREET,False,False,1221,12,27,23,06,41.89099355,-87.70518569,2023,2023-12-11,15:00:00,15,Monday,December,OVER $500
13069934,JG256988,2023-05-11 11:50:00+00:00,005XX N SACRAMENTO BLVD,THEFT,OVER $500,STREET,False,False,1221,12,27,23,06,41.89110478,-87.70194893,2023,2023-05-11,11:50:00,11,Thursday,May,OVER $500
13143645,JG344628,2023-07-17 09:45:00+00:00,018XX W GRAND AVE,THEFT,OVER $500,STREET,False,False,1221,12,27,24,06,41.8908932,-87.67263177,2023,2023-07-17,09:45:00,9,Monday,July,OVER $500
13176153,JG383100,2023-08-15 01:30:00+00:00,021XX W CHICAGO AVE,CRIMINAL DAMAGE,TO PROPERTY,BAR OR TAVERN,False,False,1221,12,36,24,14,41.89584682,-87.6808376,2023,2023-08-15,01:30:00,1,Tuesday,August,TO PROPERTY
13038413,JG218845,2023-03-01 01:00:00+00:00,007XX N SACRAMENTO BLVD,CRIMINAL DAMAGE,TO VEHICLE,PARKING LOT / GARAGE (NON RESIDENTIAL),False,False,1221,12,27,23,14,41.89399011,-87.70215558,2023,2023-03-01,01:00:00,1,Wednesday,March,TO VEHICLE
13113869,JG309294,2023-06-21 00:05:00+00:00,005XX N TROY ST,CRIMINAL DAMAGE,TO VEHICLE,STREET,False,False,1221,12,27,23,14,41.89099355,-87.70518569,2023,2023-06-21,00:05:00,0,Wednesday,June,TO VEHICLE
13144929,JG346258,2023-07-17 18:30:00+00:00,031XX W FRANKLIN BLVD,CRIMINAL DAMAGE,TO VEHICLE,STREET,False,False,1221,12,27,23,14,41.89008677,-87.70497054,2023,2023-07-17,18:30:00,18,Monday,July,TO VEHICLE
12974696,JG142919,2023-02-06 13:20:00+00:00,030XX W CARROLL AVE,BATTERY,SIMPLE,STREET,False,False,1222,12,27,27,08B,41.88757729,-87.70174128,2023,2023-02-06,13:20:00,13,Monday,February,SIMPLE
13042548,JG223656,2023-04-14 18:45:00+00:00,029XX W LAKE ST,BATTERY,SIMPLE,STREET,False,False,1222,12,27,27,08B,41.88411748,-87.69987309,2023,2023-04-14,18:45:00,18,Friday,April,SIMPLE
13051634,JG234816,2023-04-23 20:05:00+00:00,030XX W WASHINGTON BLVD,BATTERY,SIMPLE,RESIDENCE - YARD (FRONT / BACK),False,False,1222,12,27,27,08B,41.88283759,-87.70216987,2023,2023-04-23,20:05:00,20,Sunday,April,SIMPLE
13321310,JG557138,2023-12-28 10:20:00+00:00,031XX W MADISON ST,ASSAULT,AGGRAVATED - KNIFE / CUTTING INSTRUMENT,SMALL RETAIL STORE,False,False,1222,12,28,27,04A,41.88098896,-87.70485404,2023,2023-12-28,10:20:00,10,Thursday,December,AGGRAVATED
13102716,JG296095,2023-06-10 13:30:00+00:00,026XX W MAYPOLE AVE,THEFT,OVER $500,STREET,False,False,1222,12,27,28,06,41.88369465,-87.69192307,2023,2023-06-10,13:30:00,13,Saturday,June,OVER $500
13232298,JG450130,2023-10-04 04:50:00+00:00,003XX N SACRAMENTO BLVD,THEFT,$500 AND UNDER,STREET,False,False,1222,12,27,23,06,41.88782514,-87.70140096,2023,2023-10-04,04:50:00,4,Wednesday,October,$500 AND UNDER
13200636,JG412217,2023-09-04 22:00:00+00:00,031XX W MADISON ST,THEFT,$500 AND UNDER,STREET,False,False,1222,12,28,27,06,41.88099198,-87.70440234,2023,2023-09-04,22:00:00,22,Monday,September,$500 AND UNDER
13154700,JG356771,2023-07-16 03:00:00+00:00,030XX W WARREN BLVD,CRIMINAL DAMAGE,TO VEHICLE,STREET,False,False,1222,12,27,27,14,41.88193048,-87.70239546,2023,2023-07-16,03:00:00,3,Sunday,July,TO VEHICLE
13250246,JG471507,2023-10-20 14:14:00+00:00,022XX W WALNUT ST,ROBBERY,ARMED - HANDGUN,SIDEWALK,False,False,1223,12,27,28,03,41.88576892,-87.68258907,2023,2023-10-20,14:14:00,14,Friday,October,ARMED - HANDGUN
13019508,JG196597,2023-03-23 19:40:00+00:00,018XX W MAYPOLE AVE,ROBBERY,ARMED - HANDGUN,STREET,False,False,1223,12,27,28,03,41.88416317,-87.67243303,2023,2023-03-23,19:40:00,19,Thursday,March,ARMED - HANDGUN
13314415,JG548910,2023-12-20 21:45:00+00:00,018XX W WARREN BLVD,ROBBERY,STRONG ARM - NO WEAPON,STREET,False,False,1223,12,27,28,03,41.88229954,-87.67238246,2023,2023-12-20,21:45:00,21,Wednesday,December,STRONG ARM - NO WEAPON
13023881,JG201783,2023-03-28 06:50:00+00:00,023XX W MONROE ST,ROBBERY,STRONG ARM - NO WEAPON,STREET,False,False,1223,12,27,28,03,41.87987607,-87.68484477,2023,2023-03-28,06:50:00,6,Tuesday,March,STRONG ARM - NO WEAPON
13016612,JG192323,2023-03-20 12:35:00+00:00,021XX W FULTON ST,ROBBERY,ATTEMPT ARMED - OTHER DANGEROUS WEAPON,ALLEY,False,False,1223,12,27,28,03,41.88671942,-87.68034656,2023,2023-03-20,12:35:00,12,Monday,March,ATTEMPT ARMED - OTHER DANGEROUS WEAPON
13039117,JG219753,2023-04-11 22:00:00+00:00,001XX S WESTERN AVE,BATTERY,SIMPLE,STREET,False,False,1223,12,27,28,08B,41.87908613,-87.68637665,2023,2023-04-11,22:00:00,22,Tuesday,April,SIMPLE
13194760,JG405249,2023-08-31 11:30:00+00:00,0000X N WESTERN AVE,BATTERY,SIMPLE,COMMERCIAL / BUSINESS OFFICE,False,False,1223,12,27,28,08B,41.88175667,-87.68644519,2023,2023-08-31,11:30:00,11,Thursday,August,SIMPLE
13300009,JG531537,2023-12-06 23:25:00+00:00,021XX W WARREN BLVD,BATTERY,DOMESTIC BATTERY SIMPLE,APARTMENT,False,True,1223,12,27,28,08B,41.88217924,-87.68013574,2023,2023-12-06,23:25:00,23,Wednesday,December,DOMESTIC BATTERY SIMPLE
13010630,JG186006,2023-03-14 21:30:00+00:00,021XX W WASHINGTON BLVD,BATTERY,DOMESTIC BATTERY SIMPLE,ALLEY,False,True,1223,12,27,28,08B,41.88309196,-87.67993916,2023,2023-03-14,21:30:00,21,Tuesday,March,DOMESTIC BATTERY SIMPLE
13021321,JG198869,2023-03-24 00:30:00+00:00,023XX W WARREN BLVD,BATTERY,DOMESTIC BATTERY SIMPLE,RESIDENCE,False,True,1223,12,27,28,08B,41.88210387,-87.68475247,2023,2023-03-24,00:30:00,0,Friday,March,DOMESTIC BATTERY SIMPLE
13264418,JG488707,2023-10-31 18:50:00+00:00,019XX W MADISON ST,THEFT,$500 AND UNDER,SPORTS ARENA / STADIUM,False,False,1223,12,27,28,06,41.88134862,-87.67452579,2023,2023-10-31,18:50:00,18,Tuesday,October,$500 AND UNDER
13267726,JG493322,2023-11-04 04:00:00+00:00,0000X S OAKLEY BLVD,THEFT,$500 AND UNDER,STREET,False,False,1223,12,27,28,06,41.88080408,-87.68395407,2023,2023-11-04,04:00:00,4,Saturday,November,$500 AND UNDER
13150234,JG352722,2023-07-23 00:00:00+00:00,021XX W MONROE ST,THEFT,$500 AND UNDER,STREET,False,False,1223,12,27,28,06,41.87995832,-87.67998944,2023,2023-07-23,00:00:00,0,Sunday,July,$500 AND UNDER
13211563,JG425466,2023-08-17 14:30:00+00:00,021XX W WARREN BLVD,THEFT,FROM BUILDING,APARTMENT,False,False,1223,12,27,28,06,41.88218535,-87.67976111,2023,2023-08-17,14:30:00,14,Thursday,August,FROM BUILDING
13183488,JG392035,2023-08-21 14:05:00+00:00,020XX W WASHINGTON BLVD,THEFT,FROM BUILDING,RESIDENCE,False,False,1223,12,27,28,06,41.88313772,-87.67737545,2023,2023-08-21,14:05:00,14,Monday,August,FROM BUILDING
13224213,JG440557,2023-09-26 22:25:00+00:00,023XX W MADISON ST,CRIMINAL DAMAGE,TO VEHICLE,STREET,False,False,1223,12,27,28,14,41.8811831,-87.68498211,2023,2023-09-26,22:25:00,22,Tuesday,September,TO VEHICLE
13183656,JG387446,2023-08-18 10:37:00+00:00,011XX W RANDOLPH ST,ROBBERY,ARMED - HANDGUN,STREET,False,False,1224,12,27,28,03,41.8841465,-87.6559151,2023,2023-08-18,10:37:00,10,Friday,August,ARMED - HANDGUN
12943464,JG105862,2023-01-05 19:20:00+00:00,0000X S LAFLIN ST,ROBBERY,ARMED - OTHER FIREARM,ALLEY,False,False,1224,12,28,28,03,41.88094435,-87.66440585,2023,2023-01-05,19:20:00,19,Thursday,January,ARMED - OTHER FIREARM
13293859,JG523929,2023-11-30 22:15:00+00:00,009XX W RANDOLPH ST,BATTERY,SIMPLE,RESTAURANT,False,False,1224,12,27,28,08B,41.88422697,-87.65142666,2023,2023-11-30,22:15:00,22,Thursday,November,SIMPLE
13305693,JG538687,2023-12-12 13:30:00+00:00,007XX W RANDOLPH ST,BATTERY,SIMPLE,RESTAURANT,False,False,1224,12,27,28,08B,41.88453415,-87.64679257,2023,2023-12-12,13:30:00,13,Tuesday,December,SIMPLE
13162655,JG366329,2023-08-02 02:30:00+00:00,013XX W MONROE ST,BATTERY,DOMESTIC BATTERY SIMPLE,STREET,False,True,1224,12,27,28,08B,41.88028,-87.66013846,2023,2023-08-02,02:30:00,2,Wednesday,August,DOMESTIC BATTERY SIMPLE
13288663,JG517752,2023-11-26 04:33:00+00:00,014XX W LAKE ST,ASSAULT,AGGRAVATED - HANDGUN,STREET,True,False,1224,12,27,28,04A,41.88539325,-87.66354785,2023,2023-11-26,04:33:00,4,Sunday,November,AGGRAVATED
13260437,JG482858,2023-10-29 01:00:00+00:00,012XX W RANDOLPH ST,THEFT,OVER $500,STREET,False,False,1224,12,27,28,06,41.88433532,-87.65815322,2023,2023-10-29,01:00:00,1,Sunday,October,OVER $500
13293807,JG523869,2023-11-26 16:00:00+00:00,0000X N BISHOP ST,THEFT,OVER $500,STREET,False,False,1224,12,27,28,06,41.88196112,-87.66370488,2023,2023-11-26,16:00:00,16,Sunday,November,OVER $500
12966651,JG133166,2023-01-28 19:56:00+00:00,001XX N GREEN ST,THEFT,OVER $500,VEHICLE - COMMERCIAL,False,False,1224,12,27,28,06,41.88383137,-87.64858851,2023,2023-01-28,19:56:00,19,Saturday,January,OVER $500
13004067,JG178068,2023-03-02 20:00:00+00:00,007XX W RANDOLPH ST,THEFT,OVER $500,OTHER (SPECIFY),False,False,1224,12,27,28,06,41.884534,-87.64676687,2023,2023-03-02,20:00:00,20,Thursday,March,OVER $500
13096573,JG288667,2023-06-04 18:30:00+00:00,0000X N BISHOP ST,THEFT,OVER $500,RESIDENCE - GARAGE,False,False,1224,12,27,28,06,41.88184859,-87.66370238,2023,2023-06-04,18:30:00,18,Sunday,June,OVER $500
13107823,JG302124,2023-06-12 06:00:00+00:00,001XX S ASHLAND AVE,THEFT,OVER $500,CONSTRUCTION SITE,False,False,1224,12,34,28,06,41.87964349,-87.66675118,2023,2023-06-12,06:00:00,6,Monday,June,OVER $500
12967401,JG133776,2023-01-28 23:16:00+00:00,001XX N MORGAN ST,THEFT,POCKET-PICKING,BAR OR TAVERN,False,False,1224,12,27,28,06,41.88510653,-87.65212608,2023,2023-01-28,23:16:00,23,Saturday,January,POCKET-PICKING
13197938,JG409249,2023-09-02 21:45:00+00:00,015XX W RANDOLPH ST,THEFT,POCKET-PICKING,PARK PROPERTY,False,False,1224,12,27,28,06,41.88493299,-87.66462131,2023,2023-09-02,21:45:00,21,Saturday,September,POCKET-PICKING
13039947,JG220903,2023-04-08 16:00:00+00:00,009XX W WASHINGTON BLVD,THEFT,FROM BUILDING,APARTMENT,False,False,1224,12,34,28,06,41.88307898,-87.65127729,2023,2023-04-08,16:00:00,16,Saturday,April,FROM BUILDING
13114216,JG309792,2023-06-04 00:00:00+00:00,016XX W MADISON ST,THEFT,FROM BUILDING,APARTMENT,False,False,1224,12,27,28,06,41.88144179,-87.66783781,2023,2023-06-04,00:00:00,0,Sunday,June,FROM BUILDING
13133070,JG332190,2023-07-08 00:20:00+00:00,015XX W WARREN BLVD,CRIMINAL DAMAGE,TO PROPERTY,APARTMENT,False,True,1224,12,27,28,14,41.88238089,-87.66651709,2023,2023-07-08,00:20:00,0,Saturday,July,TO PROPERTY
13184817,JG391761,2023-08-21 09:30:00+00:00,013XX W RANDOLPH ST,CRIMINAL DAMAGE,TO VEHICLE,STREET,False,False,1224,12,27,28,14,41.88409095,-87.65953292,2023,2023-08-21,09:30:00,9,Monday,August,TO VEHICLE
13051619,JG234820,2023-04-23 00:00:00+00:00,016XX W LAKE ST,CRIMINAL DAMAGE,TO CITY OF CHICAGO PROPERTY,CTA TRAIN,False,False,1224,12,27,28,14,41.88531238,-87.66757363,2023,2023-04-23,00:00:00,0,Sunday,April,TO CITY OF CHICAGO PROPERTY
13156872,JG360276,2023-07-29 00:45:00+00:00,003XX S DAMEN AVE,ROBBERY,AGGRAVATED VEHICULAR HIJACKING,STREET,False,False,1225,12,27,28,03,41.87701875,-87.67653841,2023,2023-07-29,00:45:00,0,Saturday,July,AGGRAVATED
13200744,JG412680,2023-09-05 17:08:00+00:00,020XX W ADAMS ST,BATTERY,AGGRAVATED - OTHER DANGEROUS WEAPON,SIDEWALK,False,False,1225,12,27,28,04B,41.87874686,-87.67688424,2023,2023-09-05,17:08:00,17,Tuesday,September,AGGRAVATED
13242363,JG462291,2023-10-13 15:30:00+00:00,018XX W JACKSON BLVD,BATTERY,SIMPLE,APARTMENT,False,False,1225,12,27,28,08B,41.87753281,-87.67238752,2023,2023-10-13,15:30:00,15,Friday,October,SIMPLE
13268189,JG494032,2023-11-06 16:30:00+00:00,023XX W ROOSEVELT RD,BATTERY,SIMPLE,PARKING LOT / GARAGE (NON RESIDENTIAL),False,True,1225,12,28,28,08B,41.86663735,-87.68427735,2023,2023-11-06,16:30:00,16,Monday,November,SIMPLE
12966679,JG133124,2023-01-28 20:02:00+00:00,018XX W JACKSON BLVD,BATTERY,DOMESTIC BATTERY SIMPLE,APARTMENT,False,True,1225,12,27,28,08B,41.87753281,-87.67238752,2023,2023-01-28,20:02:00,20,Saturday,January,DOMESTIC BATTERY SIMPLE
13091672,JG282162,2023-05-31 04:00:00+00:00,020XX W OGDEN AVE,BATTERY,DOMESTIC BATTERY SIMPLE,APARTMENT,False,True,1225,12,28,28,08B,41.87176413,-87.67760557,2023,2023-05-31,04:00:00,4,Wednesday,May,DOMESTIC BATTERY SIMPLE
13149370,JG343768,2023-07-16 19:35:00+00:00,018XX W JACKSON BLVD,ASSAULT,SIMPLE,APARTMENT,False,True,1225,12,27,28,08A,41.87753281,-87.67238752,2023,2023-07-16,19:35:00,19,Sunday,July,SIMPLE
13275119,JG500972,2023-11-08 17:00:00+00:00,023XX W HARRISON ST,THEFT,$500 AND UNDER,RESIDENCE - YARD (FRONT / BACK),False,False,1225,12,28,28,06,41.87390022,-87.68552937,2023,2023-11-08,17:00:00,17,Wednesday,November,$500 AND UNDER
12988713,JG159633,2023-02-07 12:00:00+00:00,010XX S OAKLEY BLVD,THEFT,$500 AND UNDER,APARTMENT,False,False,1225,12,28,28,06,41.86840652,-87.68363899,2023,2023-02-07,12:00:00,12,Tuesday,February,$500 AND UNDER
13170313,JG376143,2023-08-05 17:30:00+00:00,023XX W HARRISON ST,THEFT,FROM BUILDING,APARTMENT,False,False,1225,12,28,28,06,41.87391599,-87.68443504,2023,2023-08-05,17:30:00,17,Saturday,August,FROM BUILDING
13214609,JG428813,2023-09-17 21:30:00+00:00,020XX W JACKSON BLVD,CRIMINAL DAMAGE,TO VEHICLE,PARKING LOT / GARAGE (NON RESIDENTIAL),False,False,1225,12,27,28,14,41.87748151,-87.67731946,2023,2023-09-17,21:30:00,21,Sunday,September,TO VEHICLE
13009994,JG185261,2023-03-14 09:00:00+00:00,022XX W HARRISON ST,CRIMINAL DAMAGE,TO VEHICLE,STREET,False,False,1225,12,28,28,14,41.87395682,-87.68195253,2023,2023-03-14,09:00:00,9,Tuesday,March,TO VEHICLE
13069569,JG256478,2023-05-11 11:35:00+00:00,005XX S CLAREMONT AVE,CRIMINAL DAMAGE,TO VEHICLE,STREET,False,True,1225,12,28,28,14,41.87470967,-87.68502551,2023,2023-05-11,11:35:00,11,Thursday,May,TO VEHICLE
13139111,JG339373,2023-07-13 04:00:00+00:00,020XX W JACKSON BLVD,CRIMINAL DAMAGE,TO VEHICLE,STREET,False,False,1225,12,27,28,14,41.8774702,-87.67822288,2023,2023-07-13,04:00:00,4,Thursday,July,TO VEHICLE
13083676,JG270583,2023-05-22 14:13:00+00:00,012XX W VAN BUREN ST,ROBBERY,ARMED - HANDGUN,STREET,False,False,1231,12,34,28,03,41.8765187,-87.65704949,2023,2023-05-22,14:13:00,14,Monday,May,ARMED - HANDGUN
13118998,JG315349,2023-06-24 23:15:00+00:00,002XX S ASHLAND AVE,BATTERY,SIMPLE,SIDEWALK,False,False,1231,12,34,28,08B,41.87857864,-87.66673654,2023,2023-06-24,23:15:00,23,Saturday,June,SIMPLE
13229656,JG445844,2023-10-01 03:15:00+00:00,011XX S LAFLIN ST,BATTERY,DOMESTIC BATTERY SIMPLE,APARTMENT,False,True,1231,12,28,28,08B,41.86821992,-87.66404656,2023,2023-10-01,03:15:00,3,Sunday,October,DOMESTIC BATTERY SIMPLE
13299565,JG531058,2023-12-06 14:15:00+00:00,018XX W HARRISON ST,BATTERY,DOMESTIC BATTERY SIMPLE,HOTEL / MOTEL,False,True,1231,12,27,28,08B,41.87408962,-87.6734878,2023,2023-12-06,14:15:00,14,Wednesday,December,DOMESTIC BATTERY SIMPLE
12984593,JG154599,2023-02-16 09:59:00+00:00,016XX W POLK ST,BATTERY,DOMESTIC BATTERY SIMPLE,HOSPITAL BUILDING / GROUNDS,True,True,1231,12,27,28,08B,41.87160276,-87.66815651,2023,2023-02-16,09:59:00,9,Thursday,February,DOMESTIC BATTERY SIMPLE
13272711,JG498898,2023-11-10 00:01:00+00:00,012XX W FLOURNOY ST,THEFT,OVER $500,STREET,False,False,1231,12,34,28,06,41.8732011,-87.65894968,2023,2023-11-10,00:01:00,0,Friday,November,OVER $500
13217798,JG432794,2023-09-21 00:00:00+00:00,016XX W HARRISON ST,THEFT,$500 AND UNDER,STREET,False,False,1231,12,27,28,06,41.8741964,-87.6667931,2023,2023-09-21,00:00:00,0,Thursday,September,$500 AND UNDER
13298535,JG529885,2023-12-05 08:00:00+00:00,009XX S LOOMIS ST,THEFT,$500 AND UNDER,STREET,False,False,1231,12,28,28,06,41.86997329,-87.66166014,2023,2023-12-05,08:00:00,8,Tuesday,December,$500 AND UNDER
13038848,JG219531,2023-04-11 18:30:00+00:00,014XX W FLOURNOY ST,THEFT,$500 AND UNDER,ALLEY,False,False,1231,12,28,28,06,41.87333166,-87.66296883,2023,2023-04-11,18:30:00,18,Tuesday,April,$500 AND UNDER
13176839,JG383889,2023-08-15 15:41:00+00:00,015XX W JACKSON BLVD,THEFT,RETAIL THEFT,GAS STATION,False,False,1231,12,34,28,06,41.87764878,-87.66539493,2023,2023-08-15,15:41:00,15,Tuesday,August,RETAIL THEFT
12966585,JG132345,2023-01-27 11:06:00+00:00,013XX W TAYLOR ST,THEFT,FROM BUILDING,APARTMENT,False,False,1231,12,28,28,06,41.86935292,-87.6606937,2023,2023-01-27,11:06:00,11,Friday,January,FROM BUILDING
13155455,JG358154,2023-07-26 16:55:00+00:00,017XX W HARRISON ST,THEFT,FROM BUILDING,HOSPITAL BUILDING / GROUNDS,False,False,1231,12,27,28,06,41.87413359,-87.67016442,2023,2023-07-26,16:55:00,16,Wednesday,July,FROM BUILDING
13095896,JG287726,2023-06-04 12:49:00+00:00,010XX W 14TH PL,BATTERY,AGGRAVATED - HANDGUN,STREET,False,False,1232,12,28,28,04B,41.86254129,-87.65178195,2023,2023-06-04,12:49:00,12,Sunday,June,AGGRAVATED
12950569,JG113739,2023-01-12 15:30:00+00:00,010XX W ADAMS ST,BATTERY,SIMPLE,PARKING LOT / GARAGE (NON RESIDENTIAL),False,False,1232,12,25,28,08B,41.87912376,-87.65299747,2023,2023-01-12,15:30:00,15,Thursday,January,SIMPLE
13062663,JG248227,2023-05-04 17:45:00+00:00,014XX S EMERALD AVE,ASSAULT,AGGRAVATED - HANDGUN,STREET,False,False,1232,12,25,28,04A,41.8631523,-87.64563735,2023,2023-05-04,17:45:00,17,Thursday,May,AGGRAVATED
13238717,JG457815,2023-10-06 15:02:00+00:00,010XX W 13TH ST,ASSAULT,SIMPLE,SCHOOL - PUBLIC GROUNDS,False,False,1232,12,28,28,08A,41.86550059,-87.65380275,2023,2023-10-06,15:02:00,15,Friday,October,SIMPLE
13026638,JG205174,2023-03-30 18:00:00+00:00,0000X S HALSTED ST,ASSAULT,SIMPLE,GROCERY FOOD STORE,False,False,1232,12,27,28,08A,41.88120318,-87.64734233,2023,2023-03-30,18:00:00,18,Thursday,March,SIMPLE
13235608,JG454072,2023-10-06 14:00:00+00:00,007XX W TAYLOR ST,THEFT,OVER $500,PARKING LOT / GARAGE (NON RESIDENTIAL),False,False,1232,12,28,28,06,41.86965324,-87.64606333,2023,2023-10-06,14:00:00,14,Friday,October,OVER $500
13262712,JG486944,2023-10-31 10:00:00+00:00,009XX W MADISON ST,THEFT,OVER $500,APARTMENT,False,False,1232,12,34,28,06,41.88171488,-87.65124039,2023,2023-10-31,10:00:00,10,Tuesday,October,OVER $500
13302404,JG533208,2023-12-07 19:00:00+00:00,011XX W ADAMS ST,THEFT,OVER $500,CHURCH / SYNAGOGUE / PLACE OF WORSHIP,False,False,1232,12,34,28,06,41.87907474,-87.65584749,2023,2023-12-07,19:00:00,19,Thursday,December,OVER $500
13127781,JG319649,2023-06-28 10:00:00+00:00,002XX S SANGAMON ST,THEFT,OVER $500,PARKING LOT / GARAGE (NON RESIDENTIAL),False,False,1232,12,34,28,06,41.87882789,-87.6507717,2023,2023-06-28,10:00:00,10,Wednesday,June,OVER $500
13258695,JG481981,2023-10-27 20:00:00+00:00,007XX W 15TH ST,THEFT,$500 AND UNDER,STREET,False,False,1232,12,25,28,06,41.86175302,-87.6452265,2023,2023-10-27,20:00:00,20,Friday,October,$500 AND UNDER
13303318,JG535699,2023-12-08 13:00:00+00:00,001XX S GREEN ST,THEFT,$500 AND UNDER,STREET,False,False,1232,12,34,28,06,41.88013972,-87.64848104,2023,2023-12-08,13:00:00,13,Friday,December,$500 AND UNDER
12981864,JG151226,2023-02-13 07:00:00+00:00,004XX S MORGAN ST,THEFT,$500 AND UNDER,APARTMENT,False,False,1232,12,25,28,06,41.87626576,-87.6518638,2023,2023-02-13,07:00:00,7,Monday,February,$500 AND UNDER
13310945,JG544468,2023-12-12 10:56:00+00:00,011XX W JACKSON BLVD,THEFT,RETAIL THEFT,DEPARTMENT STORE,False,False,1232,12,34,28,06,41.87782218,-87.65518141,2023,2023-12-12,10:56:00,10,Tuesday,December,RETAIL THEFT
12950727,JG114055,2023-01-12 19:22:00+00:00,011XX W JACKSON BLVD,THEFT,RETAIL THEFT,DEPARTMENT STORE,True,False,1232,12,25,28,06,41.87782218,-87.65518141,2023,2023-01-12,19:22:00,19,Thursday,January,RETAIL THEFT
13017580,JG194283,2023-03-21 20:30:00+00:00,0000X S MORGAN ST,THEFT,RETAIL THEFT,COMMERCIAL / BUSINESS OFFICE,False,False,1232,12,25,28,06,41.88105535,-87.65201121,2023,2023-03-21,20:30:00,20,Tuesday,March,RETAIL THEFT
13073811,JG261810,2023-05-15 17:26:00+00:00,011XX W JACKSON BLVD,THEFT,RETAIL THEFT,DEPARTMENT STORE,False,False,1232,12,34,28,06,41.87782218,-87.65518141,2023,2023-05-15,17:26:00,17,Monday,May,RETAIL THEFT
13290934,JG520564,2023-11-28 00:33:00+00:00,014XX S BLUE ISLAND AVE,CRIMINAL DAMAGE,TO PROPERTY,CHA APARTMENT,False,False,1232,12,28,28,14,41.86337575,-87.65645745,2023,2023-11-28,00:33:00,0,Tuesday,November,TO PROPERTY
13068392,JG255112,2023-05-09 23:30:00+00:00,009XX W ADAMS ST,CRIMINAL DAMAGE,TO VEHICLE,STREET,False,False,1232,12,34,28,14,41.87917402,-87.64990876,2023,2023-05-09,23:30:00,23,Tuesday,May,TO VEHICLE
13195878,JG406653,2023-08-31 23:00:00+00:00,012XX S UNION AVE,CRIMINAL DAMAGE,TO VEHICLE,STREET,False,False,1232,12,28,28,14,41.86581905,-87.64506909,2023,2023-08-31,23:00:00,23,Thursday,August,TO VEHICLE
13221010,JG436742,2023-09-24 04:02:00+00:00,016XX S BLUE ISLAND AVE,ROBBERY,ARMED - HANDGUN,STREET,False,False,1233,12,25,31,03,41.85925527,-87.65996256,2023,2023-09-24,04:02:00,4,Sunday,September,ARMED - HANDGUN
13192060,JG401988,2023-08-29 04:20:00+00:00,018XX S ALLPORT ST,ROBBERY,ARMED - HANDGUN,STREET,False,False,1233,12,25,31,03,41.85690615,-87.65761956,2023,2023-08-29,04:20:00,4,Tuesday,August,ARMED - HANDGUN
13133178,JG332264,2023-07-08 03:05:00+00:00,012XX S THROOP ST,ROBBERY,STRONG ARM - NO WEAPON,STREET,False,False,1233,12,28,28,03,41.86674489,-87.65912034,2023,2023-07-08,03:05:00,3,Saturday,July,STRONG ARM - NO WEAPON
13131834,JG330630,2023-07-06 15:30:00+00:00,012XX S ASHLAND AVE,ROBBERY,ATTEMPT STRONG ARM - NO WEAPON,PARKING LOT / GARAGE (NON RESIDENTIAL),False,False,1233,12,28,28,03,41.86633173,-87.66637917,2023,2023-07-06,15:30:00,15,Thursday,July,ATTEMPT STRONG ARM - NO WEAPON
13299919,JG531267,2023-12-06 17:57:00+00:00,016XX S BLUE ISLAND AVE,BATTERY,AGGRAVATED - HANDGUN,ALLEY,False,False,1233,12,25,31,04B,41.85916812,-87.66618931,2023,2023-12-06,17:57:00,17,Wednesday,December,AGGRAVATED
13260109,JG483716,2023-10-29 19:40:00+00:00,014XX S BLUE ISLAND AVE,BATTERY,SIMPLE,SIDEWALK,False,False,1233,12,28,28,08B,41.8629061,-87.65685888,2023,2023-10-29,19:40:00,19,Sunday,October,SIMPLE
13028759,JG207649,2023-04-01 20:20:00+00:00,016XX S BLUE ISLAND AVE,BATTERY,SIMPLE,RESTAURANT,True,False,1233,12,25,31,08B,41.8583897,-87.66070581,2023,2023-04-01,20:20:00,20,Saturday,April,SIMPLE
13117681,JG313800,2023-06-23 15:00:00+00:00,013XX W HASTINGS ST,BATTERY,SIMPLE,STREET,False,False,1233,12,28,28,08B,41.86427823,-87.65966022,2023,2023-06-23,15:00:00,15,Friday,June,SIMPLE
12998247,JG171084,2023-03-01 10:00:00+00:00,013XX S LOOMIS ST,BATTERY,DOMESTIC BATTERY SIMPLE,CHA APARTMENT,False,True,1233,12,25,28,08B,41.86393491,-87.66148472,2023,2023-03-01,10:00:00,10,Wednesday,March,DOMESTIC BATTERY SIMPLE
13006487,JG180783,2023-03-10 10:00:00+00:00,016XX S THROOP ST,ASSAULT,AGGRAVATED - HANDGUN,APARTMENT,False,True,1233,12,25,31,04A,41.85891701,-87.65890523,2023,2023-03-10,10:00:00,10,Friday,March,AGGRAVATED
13181733,JG389723,2023-08-20 00:54:00+00:00,018XX S THROOP ST,ASSAULT,AGGRAVATED - HANDGUN,STREET,False,False,1233,12,25,31,04A,41.85659221,-87.65883421,2023,2023-08-20,00:54:00,0,Sunday,August,AGGRAVATED
13244859,JG465373,2023-10-15 22:00:00+00:00,014XX W WASHBURNE AVE,THEFT,$500 AND UNDER,CHA PARKING LOT / GROUNDS,False,False,1233,12,28,28,06,41.86606531,-87.66210122,2023,2023-10-15,22:00:00,22,Sunday,October,$500 AND UNDER
12964149,JG130026,2023-01-25 09:00:00+00:00,013XX S THROOP ST,THEFT,$500 AND UNDER,RESIDENCE,False,False,1233,12,25,28,06,41.86398095,-87.65903924,2023,2023-01-25,09:00:00,9,Wednesday,January,$500 AND UNDER
12982988,JG152510,2023-02-14 13:28:00+00:00,013XX W HASTINGS ST,THEFT,$500 AND UNDER,STREET,True,False,1233,12,25,28,06,41.86427635,-87.65980709,2023,2023-02-14,13:28:00,13,Tuesday,February,$500 AND UNDER
13215292,JG427341,2023-09-17 01:55:00+00:00,015XX S RACINE AVE,THEFT,PURSE-SNATCHING,STREET,False,False,1233,12,25,28,06,41.86142499,-87.65652575,2023,2023-09-17,01:55:00,1,Sunday,September,PURSE-SNATCHING
13209466,JG422743,2023-09-13 00:00:00+00:00,013XX W 15TH ST,CRIMINAL DAMAGE,TO VEHICLE,STREET,False,True,1233,12,28,28,14,41.86155927,-87.65976218,2023,2023-09-13,00:00:00,0,Wednesday,September,TO VEHICLE
12954111,JG116823,2023-01-15 07:57:00+00:00,021XX W 18TH ST,ROBBERY,ARMED - HANDGUN,SIDEWALK,False,False,1234,12,25,31,03,41.85761326,-87.68023161,2023,2023-01-15,07:57:00,7,Sunday,January,ARMED - HANDGUN
12981641,JG150957,2023-02-11 23:50:00+00:00,018XX S ASHLAND AVE,ROBBERY,AGGRAVATED VEHICULAR HIJACKING,ALLEY,False,False,1234,12,25,31,03,41.85756791,-87.6661362,2023,2023-02-11,23:50:00,23,Saturday,February,AGGRAVATED
13043222,JG224584,2023-04-15 04:00:00+00:00,021XX S WOLCOTT AVE,ROBBERY,ATTEMPT STRONG ARM - NO WEAPON,ALLEY,False,False,1234,12,25,31,03,41.85381752,-87.6734356,2023,2023-04-15,04:00:00,4,Saturday,April,ATTEMPT STRONG ARM - NO WEAPON
13138466,JG338514,2023-07-12 18:55:00+00:00,020XX W 17TH ST,BATTERY,SIMPLE,SIDEWALK,False,False,1234,12,25,31,08B,41.85854321,-87.67680091,2023,2023-07-12,18:55:00,18,Wednesday,July,SIMPLE
13241804,JG460701,2023-10-12 11:07:00+00:00,020XX W 19TH ST,BATTERY,AGGRAVATED DOMESTIC BATTERY - OTHER DANGEROUS WEAPON,APARTMENT,False,True,1234,12,25,31,04B,41.85582153,-87.6769095,2023,2023-10-12,11:07:00,11,Thursday,October,AGGRAVATED
12987927,JG158328,2023-02-17 20:30:00+00:00,018XX W 21ST ST,ASSAULT,SIMPLE,SIDEWALK,False,False,1234,12,25,31,08A,41.85406451,-87.67200519,2023,2023-02-17,20:30:00,20,Friday,February,SIMPLE
13020550,JG197811,2023-03-24 18:15:00+00:00,022XX W CULLERTON ST,ASSAULT,SIMPLE,APARTMENT,False,False,1234,12,25,31,08A,41.85484683,-87.68164359,2023,2023-03-24,18:15:00,18,Friday,March,SIMPLE
13057072,JG241325,2023-04-28 23:45:00+00:00,021XX S WESTERN AVE,ASSAULT,SIMPLE,STREET,False,True,1234,12,25,31,08A,41.85266865,-87.68565923,2023,2023-04-28,23:45:00,23,Friday,April,SIMPLE
13203821,JG416048,2023-09-06 00:00:00+00:00,017XX W 18TH ST,THEFT,$500 AND UNDER,CTA TRAIN,False,False,1234,12,25,31,06,41.85774474,-87.66965834,2023,2023-09-06,00:00:00,0,Wednesday,September,$500 AND UNDER
13209666,JG422076,2023-09-11 11:40:00+00:00,020XX W CULLERTON ST,THEFT,$500 AND UNDER,RESIDENCE - YARD (FRONT / BACK),False,False,1234,12,25,31,06,41.8549107,-87.67695552,2023,2023-09-11,11:40:00,11,Monday,September,$500 AND UNDER
13315439,JG550071,2023-12-21 21:20:00+00:00,017XX W 18TH ST,THEFT,RETAIL THEFT,SMALL RETAIL STORE,False,False,1234,12,25,31,06,41.85775341,-87.6687846,2023,2023-12-21,21:20:00,21,Thursday,December,RETAIL THEFT
12999819,JG173010,2023-03-01 12:52:00+00:00,016XX W 19TH ST,THEFT,FROM BUILDING,RESIDENCE,False,False,1234,12,25,31,06,41.85594568,-87.6674892,2023,2023-03-01,12:52:00,12,Wednesday,March,FROM BUILDING
13284870,JG513444,2023-11-22 02:45:00+00:00,021XX S WESTERN AVE,CRIMINAL DAMAGE,TO PROPERTY,GAS STATION,False,False,1234,12,25,31,14,41.85354693,-87.68567974,2023,2023-11-22,02:45:00,2,Wednesday,November,TO PROPERTY
13124365,JG321641,2023-06-30 01:30:00+00:00,020XX W 18TH PL,CRIMINAL DAMAGE,TO PROPERTY,APARTMENT,False,False,1234,12,25,31,14,41.85674172,-87.67658074,2023,2023-06-30,01:30:00,1,Friday,June,TO PROPERTY
13210416,JG423554,2023-09-14 08:27:00+00:00,019XX W 19TH ST,CRIMINAL DAMAGE,TO VEHICLE,STREET,False,False,1234,12,25,31,14,41.85585299,-87.67473613,2023,2023-09-14,08:27:00,8,Thursday,September,TO VEHICLE
13255232,JG477770,2023-10-24 22:00:00+00:00,022XX W 18TH PL,CRIMINAL DAMAGE,TO VEHICLE,STREET,False,False,1234,12,25,31,14,41.85668717,-87.68194059,2023,2023-10-24,22:00:00,22,Tuesday,October,TO VEHICLE
12980533,JG149825,2023-02-11 19:30:00+00:00,018XX S PAULINA ST,CRIMINAL DAMAGE,TO VEHICLE,STREET,False,False,1234,12,25,31,14,41.85734916,-87.66863828,2023,2023-02-11,19:30:00,19,Saturday,February,TO VEHICLE
13099118,JG288642,2023-06-05 07:50:00+00:00,018XX W 21ST ST,CRIMINAL DAMAGE,TO VEHICLE,APARTMENT,False,True,1234,12,25,31,14,41.85406248,-87.67213002,2023,2023-06-05,07:50:00,7,Monday,June,TO VEHICLE
13259653,JG483003,2023-10-29 06:25:00+00:00,010XX W 18TH ST,ROBBERY,ARMED - HANDGUN,STREET,False,False,1235,12,25,31,03,41.85800004,-87.65325445,2023,2023-10-29,06:25:00,6,Sunday,October,ARMED - HANDGUN
12958284,JG122942,2023-01-20 10:00:00+00:00,008XX W CULLERTON ST,BATTERY,SIMPLE,SIDEWALK,False,False,1235,12,11,31,08B,41.85534584,-87.64671207,2023,2023-01-20,10:00:00,10,Friday,January,SIMPLE
13072803,JG260522,2023-05-14 17:21:00+00:00,021XX S ALLPORT ST,BATTERY,SIMPLE,STREET,True,False,1235,12,25,31,08B,41.85384576,-87.65752698,2023,2023-05-14,17:21:00,17,Sunday,May,SIMPLE
13216597,JG431489,2023-09-20 08:00:00+00:00,019XX S DESPLAINES ST,BATTERY,DOMESTIC BATTERY SIMPLE,APARTMENT,False,True,1235,12,25,31,08B,41.85573391,-87.64278027,2023,2023-09-20,08:00:00,8,Wednesday,September,DOMESTIC BATTERY SIMPLE
13318987,JG554594,2023-12-26 02:25:00+00:00,011XX W 18TH ST,BATTERY,DOMESTIC BATTERY SIMPLE,APARTMENT,True,True,1235,12,25,31,08B,41.8579925,-87.65383452,2023,2023-12-26,02:25:00,2,Tuesday,December,DOMESTIC BATTERY SIMPLE
13029945,JG208920,2023-04-02 23:15:00+00:00,011XX W 18TH ST,BATTERY,DOMESTIC BATTERY SIMPLE,STREET,False,True,1235,12,25,31,08B,41.85798765,-87.65440722,2023,2023-04-02,23:15:00,23,Sunday,April,DOMESTIC BATTERY SIMPLE
12985376,JG154720,2023-02-02 13:00:00+00:00,010XX W CERMAK RD,ASSAULT,SIMPLE,CTA BUS STOP,False,False,1235,12,25,31,08A,41.8525689,-87.65182176,2023,2023-02-02,13:00:00,13,Thursday,February,SIMPLE
12998258,JG171181,2023-03-01 15:34:00+00:00,016XX S HALSTED ST,ASSAULT,SIMPLE,COMMERCIAL / BUSINESS OFFICE,False,False,1235,12,11,31,08A,41.85968168,-87.64669872,2023,2023-03-01,15:34:00,15,Wednesday,March,SIMPLE
13210675,JG424374,2023-09-13 13:00:00+00:00,018XX S CARPENTER ST,THEFT,OVER $500,DRIVEWAY - RESIDENTIAL,False,False,1235,12,25,31,06,41.85708855,-87.65318702,2023,2023-09-13,13:00:00,13,Wednesday,September,OVER $500
12975630,JG143870,2023-02-07 11:00:00+00:00,005XX W CERMAK RD,THEFT,OVER $500,PARKING LOT / GARAGE (NON RESIDENTIAL),False,False,1235,12,25,31,06,41.85275005,-87.6408156,2023,2023-02-07,11:00:00,11,Tuesday,February,OVER $500
13094302,JG285956,2023-06-02 23:45:00+00:00,010XX W 18TH ST,THEFT,OVER $500,VEHICLE NON-COMMERCIAL,False,False,1235,12,25,31,06,41.85800715,-87.65260097,2023,2023-06-02,23:45:00,23,Friday,June,OVER $500
13141819,JG342572,2023-07-14 21:00:00+00:00,014XX W 21ST ST,THEFT,OVER $500,STREET,False,False,1235,12,25,31,06,41.85421844,-87.66305466,2023,2023-07-14,21:00:00,21,Friday,July,OVER $500
13188301,JG397567,2023-08-24 22:00:00+00:00,016XX S JEFFERSON ST,THEFT,OVER $500,STREET,False,False,1235,12,25,31,06,41.8596668,-87.64193036,2023,2023-08-24,22:00:00,22,Thursday,August,OVER $500
13322490,JG558684,2023-12-29 06:37:00+00:00,020XX S MORGAN ST,THEFT,$500 AND UNDER,APARTMENT,False,False,1235,12,25,31,06,41.85485555,-87.65147447,2023,2023-12-29,06:37:00,6,Friday,December,$500 AND UNDER
13033722,JG213113,2023-03-31 13:00:00+00:00,016XX S CARPENTER ST,THEFT,$500 AND UNDER,RESIDENCE - PORCH / HALLWAY,False,False,1235,12,25,31,06,41.85949119,-87.65342587,2023,2023-03-31,13:00:00,13,Friday,March,$500 AND UNDER
13279562,JG506626,2023-11-08 14:30:00+00:00,011XX W 18TH ST,THEFT,FROM BUILDING,APARTMENT,False,False,1235,12,25,31,06,41.85796918,-87.65546094,2023,2023-11-08,14:30:00,14,Wednesday,November,FROM BUILDING
13292549,JG522000,2023-11-17 15:00:00+00:00,011XX W 18TH ST,THEFT,FROM BUILDING,APARTMENT,False,False,1235,12,25,31,06,41.85796918,-87.65546094,2023,2023-11-17,15:00:00,15,Friday,November,FROM BUILDING
13194061,JG404316,2023-08-30 17:40:00+00:00,009XX W 21ST ST,CRIMINAL DAMAGE,TO VEHICLE,STREET,False,False,1235,12,25,31,14,41.85389798,-87.65011918,2023,2023-08-30,17:40:00,17,Wednesday,August,TO VEHICLE
13176974,JG384245,2023-08-15 17:30:00+00:00,018XX S RACINE AVE,CRIMINAL DAMAGE,TO VEHICLE,ALLEY,False,False,1235,12,25,31,14,41.85740674,-87.65641395,2023,2023-08-15,17:30:00,17,Tuesday,August,TO VEHICLE
12973229,JG141120,2023-02-05 02:09:00+00:00,026XX W LOGAN BLVD,BATTERY,DOMESTIC BATTERY SIMPLE,APARTMENT,True,True,1411,14,32,22,08B,41.92850178,-87.69326774,2023,2023-02-05,02:09:00,2,Sunday,February,DOMESTIC BATTERY SIMPLE
13057026,JG241298,2023-04-29 00:00:00+00:00,029XX N WHIPPLE ST,BATTERY,DOMESTIC BATTERY SIMPLE,APARTMENT,True,True,1411,14,35,21,08B,41.93463311,-87.70382415,2023,2023-04-29,00:00:00,0,Saturday,April,DOMESTIC BATTERY SIMPLE
13066369,JG252733,2023-05-08 12:00:00+00:00,030XX N CALIFORNIA AVE,ASSAULT,SIMPLE,RESIDENCE,False,True,1411,14,35,21,08A,41.93692403,-87.69775567,2023,2023-05-08,12:00:00,12,Monday,May,SIMPLE
12997082,JG168925,2023-02-28 10:12:00+00:00,027XX N CALIFORNIA AVE,THEFT,OVER $500,PARKING LOT / GARAGE (NON RESIDENTIAL),False,False,1411,14,32,22,06,41.93089679,-87.69758766,2023,2023-02-28,10:12:00,10,Tuesday,February,OVER $500
13040891,JG221815,2023-04-13 10:45:00+00:00,027XX N CALIFORNIA AVE,THEFT,OVER $500,PARKING LOT / GARAGE (NON RESIDENTIAL),False,False,1411,14,1,22,06,41.93089679,-87.69758766,2023,2023-04-13,10:45:00,10,Thursday,April,OVER $500
13055833,JG239133,2023-04-19 14:08:00+00:00,026XX N SACRAMENTO AVE,THEFT,$500 AND UNDER,RESIDENCE - PORCH / HALLWAY,False,False,1411,14,1,22,06,41.92917274,-87.70244095,2023,2023-04-19,14:08:00,14,Wednesday,April,$500 AND UNDER
12968200,JG135036,2023-01-26 09:00:00+00:00,027XX N FAIRFIELD AVE,THEFT,FROM BUILDING,SCHOOL - PUBLIC BUILDING,False,False,1411,14,32,22,06,41.93083807,-87.69640121,2023,2023-01-26,09:00:00,9,Thursday,January,FROM BUILDING
12978732,JG147554,2023-02-10 12:00:00+00:00,028XX N SACRAMENTO AVE,CRIMINAL DAMAGE,TO VEHICLE,STREET,False,False,1411,14,33,21,14,41.93260903,-87.70253572,2023,2023-02-10,12:00:00,12,Friday,February,TO VEHICLE
13033060,JG210107,2023-04-03 17:50:00+00:00,026XX N ROCKWELL ST,CRIMINAL DAMAGE,TO VEHICLE,STREET,False,False,1411,14,32,22,14,41.92923946,-87.69268341,2023,2023-04-03,17:50:00,17,Monday,April,TO VEHICLE
13173583,JG379836,2023-08-11 23:05:00+00:00,026XX W LOGAN BLVD,CRIMINAL DAMAGE,TO VEHICLE,STREET,False,False,1411,14,1,22,14,41.92849446,-87.69441805,2023,2023-08-11,23:05:00,23,Friday,August,TO VEHICLE
13268954,JG494710,2023-11-07 07:00:00+00:00,027XX N KEDZIE AVE,ASSAULT,AGGRAVATED - OTHER DANGEROUS WEAPON,RESIDENCE,True,True,1412,14,35,22,04A,41.93098088,-87.7073991,2023,2023-11-07,07:00:00,7,Tuesday,November,AGGRAVATED
13271667,JG497549,2023-09-24 11:00:00+00:00,027XX N MILWAUKEE AVE,THEFT,OVER $500,OTHER (SPECIFY),False,False,1412,14,35,22,06,41.93069352,-87.71006628,2023,2023-09-24,11:00:00,11,Sunday,September,OVER $500
13049725,JG232116,2023-04-18 12:35:00+00:00,027XX N MILWAUKEE AVE,THEFT,FROM BUILDING,APARTMENT,False,False,1412,14,35,22,06,41.93157405,-87.7115167,2023,2023-04-18,12:35:00,12,Tuesday,April,FROM BUILDING
13220149,JG435702,2023-09-23 00:15:00+00:00,023XX N KEDZIE BLVD,ROBBERY,ARMED - OTHER DANGEROUS WEAPON,SIDEWALK,False,False,1413,14,35,22,03,41.92386947,-87.70719302,2023,2023-09-23,00:15:00,0,Saturday,September,ARMED - OTHER DANGEROUS WEAPON
13299070,JG530433,2023-12-06 06:12:00+00:00,035XX W MEDILL AVE,ROBBERY,ARMED - HANDGUN,STREET,False,False,1413,14,35,22,03,41.92372166,-87.7143489,2023,2023-12-06,06:12:00,6,Wednesday,December,ARMED - HANDGUN
13307209,JG540275,2023-12-14 02:10:00+00:00,032XX W FULLERTON AVE,ROBBERY,ARMED - HANDGUN,SIDEWALK,False,False,1413,14,35,22,03,41.92470619,-87.70815127,2023,2023-12-14,02:10:00,2,Thursday,December,ARMED - HANDGUN
13043139,JG224582,2023-04-15 14:00:00+00:00,021XX N CENTRAL PARK AVE,ASSAULT,SIMPLE,APARTMENT,False,True,1413,14,35,22,08A,41.91962422,-87.71684297,2023,2023-04-15,14:00:00,14,Saturday,April,SIMPLE
13178957,JG386427,2023-08-11 19:00:00+00:00,024XX N KEDZIE BLVD,ASSAULT,SIMPLE,RESIDENCE,False,True,1413,14,35,22,08A,41.92580993,-87.70724754,2023,2023-08-11,19:00:00,19,Friday,August,SIMPLE
13073436,JG261298,2023-05-12 04:00:00+00:00,020XX N KEDZIE AVE,THEFT,$500 AND UNDER,RESIDENCE,False,False,1413,14,26,22,06,41.91787493,-87.7069834,2023,2023-05-12,04:00:00,4,Friday,May,$500 AND UNDER
13012081,JG187897,2023-03-16 13:00:00+00:00,021XX N SAWYER AVE,THEFT,FROM BUILDING,APARTMENT,False,False,1413,14,26,22,06,41.91992491,-87.7090063,2023,2023-03-16,13:00:00,13,Thursday,March,FROM BUILDING
13210611,JG424254,2023-09-14 15:00:00+00:00,034XX W SHAKESPEARE AVE,CRIMINAL DAMAGE,TO PROPERTY,RESIDENCE - PORCH / HALLWAY,False,False,1413,14,35,22,14,41.92007002,-87.71248821,2023,2023-09-14,15:00:00,15,Thursday,September,TO PROPERTY
13272424,JG498531,2023-11-09 16:30:00+00:00,024XX N ST LOUIS AVE,CRIMINAL DAMAGE,TO VEHICLE,STREET,False,False,1413,14,35,22,14,41.92551211,-87.71457412,2023,2023-11-09,16:30:00,16,Thursday,November,TO VEHICLE
13266200,JG491423,2023-11-03 19:27:00+00:00,034XX W ARMITAGE AVE,CRIMINAL DAMAGE,TO CITY OF CHICAGO PROPERTY,PARKING LOT / GARAGE (NON RESIDENTIAL),False,False,1413,14,26,22,14,41.91733616,-87.71237509,2023,2023-11-03,19:27:00,19,Friday,November,TO CITY OF CHICAGO PROPERTY
13050860,JG233867,2023-04-23 00:00:00+00:00,029XX W MC LEAN AVE,ROBBERY,ARMED - HANDGUN,SIDEWALK,False,False,1414,14,1,22,03,41.91850954,-87.70060229,2023,2023-04-23,00:00:00,0,Sunday,April,ARMED - HANDGUN
13158221,JG361234,2023-07-29 19:05:00+00:00,031XX W ARMITAGE AVE,ROBBERY,ATTEMPT STRONG ARM - NO WEAPON,DRUG STORE,False,False,1414,14,1,22,03,41.91740739,-87.70579017,2023,2023-07-29,19:05:00,19,Saturday,July,ATTEMPT STRONG ARM - NO WEAPON
13303056,JG535354,2023-12-10 01:28:00+00:00,024XX N MILWAUKEE AVE,BATTERY,SIMPLE,STREET,True,False,1414,14,1,22,08B,41.925283,-87.70122988,2023,2023-12-10,01:28:00,1,Sunday,December,SIMPLE
12972331,JG140022,2023-02-04 00:22:00+00:00,022XX N CALIFORNIA AVE,BATTERY,SIMPLE,RESTAURANT,True,False,1414,14,1,22,08B,41.92197387,-87.69732716,2023,2023-02-04,00:22:00,0,Saturday,February,SIMPLE
13135307,JG334862,2023-07-10 08:05:00+00:00,024XX N LINDEN PL,ASSAULT,SIMPLE,SIDEWALK,False,False,1414,14,35,22,08A,41.92570437,-87.70350037,2023,2023-07-10,08:05:00,8,Monday,July,SIMPLE
13264580,JG489162,2023-11-02 19:17:00+00:00,025XX N KEDZIE BLVD,THEFT,OVER $500,STREET,False,False,1414,14,35,22,06,41.92725913,-87.70729216,2023,2023-11-02,19:17:00,19,Thursday,November,OVER $500
13190314,JG400129,2023-08-27 17:20:00+00:00,029XX W ALTGELD ST,THEFT,OVER $500,STREET,False,False,1414,14,1,22,06,41.92658643,-87.70221288,2023,2023-08-27,17:20:00,17,Sunday,August,OVER $500
12973931,JG141485,2023-01-19 23:53:00+00:00,024XX N SACRAMENTO AVE,THEFT,RETAIL THEFT,SMALL RETAIL STORE,False,False,1414,14,32,22,06,41.92584345,-87.70234146,2023,2023-01-19,23:53:00,23,Thursday,January,RETAIL THEFT
13272237,JG498297,2023-11-09 19:45:00+00:00,025XX N KEDZIE BLVD,CRIMINAL DAMAGE,TO VEHICLE,PARKING LOT / GARAGE (NON RESIDENTIAL),False,False,1414,14,35,22,14,41.92766786,-87.70726244,2023,2023-11-09,19:45:00,19,Thursday,November,TO VEHICLE
13243155,JG463299,2023-10-14 12:46:00+00:00,016XX N RICHMOND ST,ROBBERY,ARMED - HANDGUN,STREET,False,False,1421,14,26,24,03,41.91076615,-87.70025628,2023,2023-10-14,12:46:00,12,Saturday,October,ARMED - HANDGUN
13268913,JG489601,2023-11-03 09:30:00+00:00,026XX W CORTLAND ST,BATTERY,DOMESTIC BATTERY SIMPLE,APARTMENT,False,True,1421,14,1,22,08B,41.91571318,-87.69268644,2023,2023-11-03,09:30:00,9,Friday,November,DOMESTIC BATTERY SIMPLE
12995632,JG167739,2023-02-26 18:20:00+00:00,018XX N KEDZIE AVE,ASSAULT,SIMPLE,APARTMENT,False,False,1421,14,1,22,08A,41.91502048,-87.70690109,2023,2023-02-26,18:20:00,18,Sunday,February,SIMPLE
13284227,JG512574,2023-11-20 21:00:00+00:00,018XX N CALIFORNIA AVE,THEFT,OVER $500,VEHICLE NON-COMMERCIAL,False,False,1421,14,1,22,06,41.91469775,-87.6971165,2023,2023-11-20,21:00:00,21,Monday,November,OVER $500
13152415,JG355131,2023-07-24 18:00:00+00:00,019XX N FAIRFIELD AVE,THEFT,OVER $500,OTHER (SPECIFY),False,False,1421,14,1,22,06,41.91652991,-87.69594829,2023,2023-07-24,18:00:00,18,Monday,July,OVER $500
13189129,JG398695,2023-08-25 17:00:00+00:00,017XX N HUMBOLDT BLVD,THEFT,OVER $500,STREET,False,False,1421,14,26,23,06,41.91260034,-87.70193919,2023,2023-08-25,17:00:00,17,Friday,August,OVER $500
13226248,JG442017,2023-05-09 12:00:00+00:00,019XX N FAIRFIELD AVE,THEFT,$500 AND UNDER,APARTMENT,False,False,1421,14,1,22,06,41.9166589,-87.69595068,2023,2023-05-09,12:00:00,12,Tuesday,May,$500 AND UNDER
13304306,JG534415,2023-12-08 09:30:00+00:00,019XX N RICHMOND ST,THEFT,$500 AND UNDER,STREET,False,False,1421,14,26,22,06,41.91626379,-87.70042607,2023,2023-12-08,09:30:00,9,Friday,December,$500 AND UNDER
13310939,JG544546,2023-12-16 17:00:00+00:00,029XX W NORTH AVE,THEFT,FROM BUILDING,RESIDENCE - GARAGE,False,False,1421,14,26,24,06,41.91017946,-87.70085723,2023,2023-12-16,17:00:00,17,Saturday,December,FROM BUILDING
13257586,JG480639,2023-10-27 10:47:00+00:00,017XX N KEDZIE AVE,CRIMINAL DAMAGE,TO PROPERTY,RESIDENCE,False,True,1421,14,26,23,14,41.91290427,-87.70682626,2023,2023-10-27,10:47:00,10,Friday,October,TO PROPERTY
13161448,JG363409,2023-07-31 12:33:00+00:00,017XX N RICHMOND ST,CRIMINAL DAMAGE,TO PROPERTY,APARTMENT,False,False,1421,14,26,24,14,41.91270667,-87.70031793,2023,2023-07-31,12:33:00,12,Monday,July,TO PROPERTY
13090030,JG280625,2023-05-28 10:13:00+00:00,018XX N KIMBALL AVE,BATTERY,SIMPLE,APARTMENT,False,False,1422,14,26,22,08B,41.91427332,-87.71181693,2023,2023-05-28,10:13:00,10,Sunday,May,SIMPLE
12960466,JG125707,2023-01-22 17:11:00+00:00,032XX W HIRSCH ST,BATTERY,DOMESTIC BATTERY SIMPLE,SIDEWALK,True,True,1422,14,26,23,08B,41.9064658,-87.70774149,2023,2023-01-22,17:11:00,17,Sunday,January,DOMESTIC BATTERY SIMPLE
13029035,JG207053,2023-04-01 10:56:00+00:00,015XX N KEDZIE AVE,BATTERY,"AGG. DOMESTIC BATTERY - HANDS, FISTS, FEET, SERIOUS INJURY",APARTMENT,False,True,1422,14,26,23,04B,41.90943651,-87.70699977,2023,2023-04-01,10:56:00,10,Saturday,April,"AGG. DOMESTIC BATTERY - HANDS, FISTS, FEET, SERIOUS INJURY"
13222617,JG438735,2023-09-15 21:54:00+00:00,012XX N KEDZIE AVE,ASSAULT,AGGRAVATED - HANDGUN,VEHICLE NON-COMMERCIAL,False,False,1422,14,26,23,04A,41.90306327,-87.7067939,2023,2023-09-15,21:54:00,21,Friday,September,AGGRAVATED
12999809,JG172263,2023-03-02 18:00:00+00:00,032XX W WABANSIA AVE,THEFT,OVER $500,STREET,False,False,1422,14,26,23,06,41.91191057,-87.70929382,2023,2023-03-02,18:00:00,18,Thursday,March,OVER $500
13028372,JG207081,2023-03-30 11:41:00+00:00,033XX W POTOMAC AVE,THEFT,OVER $500,RESIDENCE,False,False,1422,14,26,23,06,41.90462349,-87.71059909,2023,2023-03-30,11:41:00,11,Thursday,March,OVER $500
13196211,JG407255,2023-08-23 16:00:00+00:00,035XX W PIERCE AVE,THEFT,$500 AND UNDER,APARTMENT,False,False,1422,14,26,23,06,41.9090926,-87.71493844,2023,2023-08-23,16:00:00,16,Wednesday,August,$500 AND UNDER
12959559,JG124374,2023-01-16 23:00:00+00:00,035XX W NORTH AVE,THEFT,FROM BUILDING,RESIDENCE,False,False,1422,14,26,23,06,41.91000714,-87.71557988,2023,2023-01-16,23:00:00,23,Monday,January,FROM BUILDING
13300019,JG531369,2023-12-06 19:18:00+00:00,019XX N KIMBALL AVE,CRIMINAL DAMAGE,TO VEHICLE,RESIDENCE,True,False,1422,14,26,22,14,41.91625227,-87.71188223,2023,2023-12-06,19:18:00,19,Wednesday,December,TO VEHICLE
13019583,JG196746,2023-03-22 15:00:00+00:00,032XX W LE MOYNE ST,CRIMINAL DAMAGE,TO VEHICLE,STREET,False,False,1422,14,26,23,14,41.90827564,-87.70799567,2023,2023-03-22,15:00:00,15,Wednesday,March,TO VEHICLE
13064214,JG250019,2023-05-05 16:00:00+00:00,034XX W POTOMAC AVE,CRIMINAL DAMAGE,TO VEHICLE,STREET,False,False,1422,14,26,23,14,41.90459835,-87.71254628,2023,2023-05-05,16:00:00,16,Friday,May,TO VEHICLE
13202319,JG414308,2023-09-06 23:26:00+00:00,025XX W NORTH AVE,ROBBERY,ARMED - HANDGUN,TAVERN / LIQUOR STORE,False,False,1423,14,1,24,03,41.91029188,-87.68997426,2023,2023-09-06,23:26:00,23,Wednesday,September,ARMED - HANDGUN
13258072,JG481092,2023-10-27 16:00:00+00:00,012XX N WASHTENAW AVE,BATTERY,SIMPLE,SCHOOL - PRIVATE GROUNDS,False,False,1423,14,26,24,08B,41.90341775,-87.69442935,2023,2023-10-27,16:00:00,16,Friday,October,SIMPLE
13005518,JG179628,2023-03-09 15:18:00+00:00,013XX N ROCKWELL ST,BATTERY,SIMPLE,ALLEY,False,False,1423,14,26,24,08B,41.90525387,-87.69200855,2023,2023-03-09,15:18:00,15,Thursday,March,SIMPLE
13015098,JG191397,2023-03-09 12:00:00+00:00,014XX N WASHTENAW AVE,BATTERY,SIMPLE,SCHOOL - PUBLIC GROUNDS,False,False,1423,14,1,24,08B,41.90709251,-87.69446985,2023,2023-03-09,12:00:00,12,Thursday,March,SIMPLE
12944341,JG106847,2023-01-06 09:00:00+00:00,027XX W HIRSCH ST,THEFT,$500 AND UNDER,RESIDENCE,False,True,1423,14,26,24,06,41.90659394,-87.69512138,2023,2023-01-06,09:00:00,9,Friday,January,$500 AND UNDER
13033647,JG213352,2023-04-01 12:00:00+00:00,013XX N MAPLEWOOD AVE,THEFT,FROM BUILDING,APARTMENT,False,False,1423,14,26,24,06,41.90561751,-87.69078529,2023,2023-04-01,12:00:00,12,Saturday,April,FROM BUILDING
13187646,JG396832,2023-08-25 08:00:00+00:00,015XX N CALIFORNIA AVE,CRIMINAL DAMAGE,TO VEHICLE,STREET,False,False,1423,14,26,24,14,41.90887123,-87.69702374,2023,2023-08-25,08:00:00,8,Friday,August,TO VEHICLE
13250368,JG471929,2023-10-20 19:30:00+00:00,014XX N HONORE ST,ROBBERY,ARMED - HANDGUN,STREET,False,False,1424,14,1,24,03,41.90842019,-87.67590068,2023,2023-10-20,19:30:00,19,Friday,October,ARMED - HANDGUN
13150996,JG353426,2023-07-24 00:30:00+00:00,014XX N WICKER PARK AVE,ROBBERY,ARMED - HANDGUN,STREET,False,False,1424,14,1,24,03,41.90752964,-87.67517509,2023,2023-07-24,00:30:00,0,Monday,July,ARMED - HANDGUN
13298886,JG530057,2023-12-05 17:34:00+00:00,015XX N DAMEN AVE,BATTERY,AGGRAVATED - OTHER DANGEROUS WEAPON,CTA STATION,False,False,1424,14,1,24,04B,41.91011672,-87.67744465,2023,2023-12-05,17:34:00,17,Tuesday,December,AGGRAVATED
13246721,JG467539,2023-10-17 15:30:00+00:00,021XX W DIVISION ST,BATTERY,DOMESTIC BATTERY SIMPLE,RESIDENCE,False,True,1424,14,1,24,08B,41.90313335,-87.68045852,2023,2023-10-17,15:30:00,15,Tuesday,October,DOMESTIC BATTERY SIMPLE
13064130,JG249862,2023-05-06 03:30:00+00:00,015XX N MILWAUKEE AVE,BATTERY,AGGRAVATED DOMESTIC BATTERY - OTHER DANGEROUS WEAPON,STREET,True,True,1424,14,1,24,04B,41.90940839,-87.67594932,2023,2023-05-06,03:30:00,3,Saturday,May,AGGRAVATED
13080530,JG269711,2023-05-21 23:20:00+00:00,015XX N HONORE ST,THEFT,OVER $500,STREET,False,False,1424,14,1,24,06,41.90884644,-87.67462152,2023,2023-05-21,23:20:00,23,Sunday,May,OVER $500
13125184,JG321726,2023-06-28 22:00:00+00:00,019XX W SCHILLER ST,THEFT,OVER $500,STREET,False,False,1424,14,1,24,06,41.90717698,-87.67541015,2023,2023-06-28,22:00:00,22,Wednesday,June,OVER $500
13220632,JG436222,2023-09-23 16:54:00+00:00,015XX N MILWAUKEE AVE,THEFT,$500 AND UNDER,APARTMENT,False,False,1424,14,1,24,06,41.90963544,-87.67630335,2023,2023-09-23,16:54:00,16,Saturday,September,$500 AND UNDER
13266406,JG490822,2023-11-02 07:37:00+00:00,016XX W DIVISION ST,THEFT,RETAIL THEFT,DEPARTMENT STORE,False,False,1424,14,1,24,06,41.9033043,-87.67006468,2023,2023-11-02,07:37:00,7,Thursday,November,RETAIL THEFT
13307083,JG540189,2023-12-13 22:30:00+00:00,013XX N MILWAUKEE AVE,CRIMINAL DAMAGE,TO VEHICLE,STREET,False,False,1424,14,1,24,14,41.90537642,-87.66962812,2023,2023-12-13,22:30:00,22,Wednesday,December,TO VEHICLE
12950975,JG114532,2023-01-12 19:35:00+00:00,016XX W DIVISION ST,CRIMINAL DAMAGE,TO VEHICLE,STREET,False,False,1424,14,1,24,14,41.90331425,-87.6694107,2023,2023-01-12,19:35:00,19,Thursday,January,TO VEHICLE
12973698,JG141726,2023-02-04 21:00:00+00:00,014XX N LEAVITT ST,CRIMINAL DAMAGE,TO VEHICLE,STREET,False,False,1424,14,2,24,14,41.90775125,-87.6822777,2023,2023-02-04,21:00:00,21,Saturday,February,TO VEHICLE
12979720,JG148840,2023-02-11 02:00:00+00:00,015XX N HONORE ST,CRIMINAL DAMAGE,TO VEHICLE,STREET,False,False,1424,14,1,24,14,41.90890371,-87.67455848,2023,2023-02-11,02:00:00,2,Saturday,February,TO VEHICLE
13087469,JG277293,2023-05-26 23:00:00+00:00,020XX W CRYSTAL ST,CRIMINAL DAMAGE,TO VEHICLE,ALLEY,False,False,1424,14,1,24,14,41.90410752,-87.67804248,2023,2023-05-26,23:00:00,23,Friday,May,TO VEHICLE
13248957,JG470008,2023-10-19 12:40:00+00:00,023XX N WESTERN AVE,ROBBERY,ARMED - HANDGUN,BANK,False,False,1431,14,1,22,03,41.92333831,-87.68759437,2023,2023-10-19,12:40:00,12,Thursday,October,ARMED - HANDGUN
13170677,JG376721,2023-08-10 02:20:00+00:00,021XX N MILWAUKEE AVE,ROBBERY,STRONG ARM - NO WEAPON,STREET,False,False,1431,14,1,22,03,41.92056975,-87.69354176,2023,2023-08-10,02:20:00,2,Thursday,August,STRONG ARM - NO WEAPON
13294684,JG524071,2023-11-20 16:45:00+00:00,022XX N CAMPBELL AVE,THEFT,OVER $500,RESIDENCE - YARD (FRONT / BACK),False,False,1431,14,1,22,06,41.92271964,-87.68933132,2023,2023-11-20,16:45:00,16,Monday,November,OVER $500
13106254,JG300149,2023-06-13 19:37:00+00:00,026XX W ATTRILL ST,THEFT,OVER $500,STREET,False,False,1431,14,1,22,06,41.92049928,-87.69419284,2023,2023-06-13,19:37:00,19,Tuesday,June,OVER $500
13275438,JG501541,2023-11-12 14:09:00+00:00,020XX N MILWAUKEE AVE,THEFT,$500 AND UNDER,DEPARTMENT STORE,False,False,1431,14,1,22,06,41.91765602,-87.68875026,2023,2023-11-12,14:09:00,14,Sunday,November,$500 AND UNDER
13263665,JG488009,2023-11-01 03:41:00+00:00,020XX N CAMPBELL AVE,CRIMINAL DAMAGE,TO VEHICLE,STREET,False,False,1431,14,1,22,14,41.91920089,-87.68921605,2023,2023-11-01,03:41:00,3,Wednesday,November,TO VEHICLE
13024130,JG202157,2023-03-28 13:24:00+00:00,023XX W ARMITAGE AVE,ASSAULT,SIMPLE,STREET,True,False,1432,14,32,22,08A,41.91759395,-87.6860099,2023,2023-03-28,13:24:00,13,Tuesday,March,SIMPLE
13101295,JG294186,2023-06-02 09:00:00+00:00,022XX N ELSTON AVE,THEFT,OVER $500,COMMERCIAL / BUSINESS OFFICE,False,False,1432,14,32,22,06,41.92280678,-87.67422073,2023,2023-06-02,09:00:00,9,Friday,June,OVER $500
13286195,JG515019,2023-11-23 10:15:00+00:00,023XX W LOGAN BLVD,THEFT,$500 AND UNDER,PARKING LOT / GARAGE (NON RESIDENTIAL),False,False,1432,14,32,22,06,41.93004949,-87.68592073,2023,2023-11-23,10:15:00,10,Thursday,November,$500 AND UNDER
13278422,JG505090,2023-11-12 00:00:00+00:00,023XX N SEELEY AVE,THEFT,$500 AND UNDER,APARTMENT,False,False,1432,14,32,22,06,41.92431106,-87.67909618,2023,2023-11-12,00:00:00,0,Sunday,November,$500 AND UNDER
13317979,JG553352,2023-12-24 14:43:00+00:00,026XX N ELSTON AVE,THEFT,RETAIL THEFT,DEPARTMENT STORE,True,False,1432,14,32,22,06,41.92974382,-87.68427378,2023,2023-12-24,14:43:00,14,Sunday,December,RETAIL THEFT
12947266,JG109320,2023-01-07 21:58:00+00:00,026XX N ELSTON AVE,THEFT,RETAIL THEFT,DEPARTMENT STORE,False,False,1432,14,1,22,06,41.92974382,-87.68427378,2023,2023-01-07,21:58:00,21,Saturday,January,RETAIL THEFT
13084856,JG274717,2023-05-25 15:02:00+00:00,026XX N ELSTON AVE,THEFT,RETAIL THEFT,DEPARTMENT STORE,True,False,1432,14,32,22,06,41.92974382,-87.68427378,2023,2023-05-25,15:02:00,15,Thursday,May,RETAIL THEFT
13105946,JG298896,2023-06-12 14:45:00+00:00,025XX N ELSTON AVE,THEFT,RETAIL THEFT,DEPARTMENT STORE,False,False,1432,14,32,22,06,41.92823582,-87.68208415,2023,2023-06-12,14:45:00,14,Monday,June,RETAIL THEFT
13120875,JG317653,2023-06-27 03:28:00+00:00,020XX N DAMEN AVE,THEFT,RETAIL THEFT,SMALL RETAIL STORE,False,False,1432,14,32,22,06,41.91810626,-87.67763474,2023,2023-06-27,03:28:00,3,Tuesday,June,RETAIL THEFT
13271174,JG495902,2023-11-07 19:30:00+00:00,021XX N WESTERN AVE,CRIMINAL DAMAGE,TO VEHICLE,STREET,False,False,1432,14,32,22,14,41.92020658,-87.68749367,2023,2023-11-07,19:30:00,19,Tuesday,November,TO VEHICLE
13117433,JG313461,2023-06-24 00:07:00+00:00,013XX N PAULINA ST,ROBBERY,ARMED - HANDGUN,STREET,False,False,1433,14,1,24,03,41.90623208,-87.67000866,2023,2023-06-24,00:07:00,0,Saturday,June,ARMED - HANDGUN
13024076,JG201961,2023-03-26 23:20:00+00:00,017XX N ASHLAND AVE,ROBBERY,VEHICULAR HIJACKING,PARKING LOT / GARAGE (NON RESIDENTIAL),True,True,1433,14,32,24,03,41.91306318,-87.66775926,2023,2023-03-26,23:20:00,23,Sunday,March,VEHICULAR HIJACKING
13220721,JG436186,2023-09-23 17:00:00+00:00,013XX N PAULINA ST,ASSAULT,AGGRAVATED - OTHER DANGEROUS WEAPON,GROCERY FOOD STORE,False,False,1433,14,1,24,04A,41.906276,-87.67001188,2023,2023-09-23,17:00:00,17,Saturday,September,AGGRAVATED
12947105,JG109936,2023-01-07 00:00:00+00:00,013XX N ASHLAND AVE,THEFT,OVER $500,STREET,False,False,1433,14,1,24,06,41.90613288,-87.66756675,2023,2023-01-07,00:00:00,0,Saturday,January,OVER $500
13041414,JG222504,2023-04-13 17:00:00+00:00,017XX N HERMITAGE AVE,THEFT,OVER $500,PARKING LOT / GARAGE (NON RESIDENTIAL),False,False,1433,14,32,24,06,41.91335054,-87.67142292,2023,2023-04-13,17:00:00,17,Thursday,April,OVER $500
13045688,JG227701,2023-04-17 18:45:00+00:00,016XX N HERMITAGE AVE,THEFT,OVER $500,STREET,False,False,1433,14,32,24,06,41.91103408,-87.67136603,2023,2023-04-17,18:45:00,18,Monday,April,OVER $500
13215468,JG430275,2023-09-18 18:00:00+00:00,017XX N PAULINA ST,THEFT,$500 AND UNDER,STREET,False,False,1433,14,32,24,06,41.91298948,-87.67019955,2023,2023-09-18,18:00:00,18,Monday,September,$500 AND UNDER
13216758,JG431622,2023-09-18 14:10:00+00:00,013XX N ELSTON AVE,THEFT,$500 AND UNDER,STREET,False,False,1433,14,27,24,06,41.90558169,-87.65963761,2023,2023-09-18,14:10:00,14,Monday,September,$500 AND UNDER
13225584,JG442089,2023-09-27 18:00:00+00:00,014XX W WILLOW ST,THEFT,$500 AND UNDER,STREET,False,False,1433,14,32,24,06,41.91417126,-87.66341238,2023,2023-09-27,18:00:00,18,Wednesday,September,$500 AND UNDER
13142612,JG343417,2023-07-16 01:30:00+00:00,016XX W NORTH AVE,THEFT,$500 AND UNDER,RESTAURANT,False,False,1433,14,32,24,06,41.91062543,-87.66808217,2023,2023-07-16,01:30:00,1,Sunday,July,$500 AND UNDER
13207484,JG419545,2023-09-10 16:52:00+00:00,013XX N ASHLAND AVE,THEFT,RETAIL THEFT,DEPARTMENT STORE,False,False,1433,14,1,24,06,41.90613288,-87.66756675,2023,2023-09-10,16:52:00,16,Sunday,September,RETAIL THEFT
13074893,JG263145,2023-05-16 13:20:00+00:00,013XX N ASHLAND AVE,THEFT,RETAIL THEFT,DEPARTMENT STORE,False,False,1433,14,1,24,06,41.90613288,-87.66756675,2023,2023-05-16,13:20:00,13,Tuesday,May,RETAIL THEFT
13234549,JG452885,2023-10-05 18:30:00+00:00,017XX N HERMITAGE AVE,CRIMINAL DAMAGE,TO VEHICLE,STREET,False,False,1433,14,32,24,14,41.91352895,-87.67142843,2023,2023-10-05,18:30:00,18,Thursday,October,TO VEHICLE
13013111,JG189044,2023-03-17 14:30:00+00:00,013XX N DEAN ST,CRIMINAL DAMAGE,TO VEHICLE,STREET,False,False,1433,14,2,24,14,41.90698163,-87.67054827,2023,2023-03-17,14:30:00,14,Friday,March,TO VEHICLE
13161450,JG364487,2023-08-01 08:40:00+00:00,016XX N BOSWORTH AVE,CRIMINAL DAMAGE,TO VEHICLE,STREET,False,False,1433,14,32,24,14,41.9115963,-87.66656211,2023,2023-08-01,08:40:00,8,Tuesday,August,TO VEHICLE
13285927,JG514728,2023-11-23 03:35:00+00:00,014XX W NORTH AVE,CRIMINAL DAMAGE,TO STATE SUPPORTED PROPERTY,STREET,False,False,1433,14,27,24,14,41.91069949,-87.66288658,2023,2023-11-23,03:35:00,3,Thursday,November,TO STATE SUPPORTED PROPERTY
12976166,JG144451,2023-02-07 18:58:00+00:00,016XX N CLAREMONT AVE,ROBBERY,ARMED - HANDGUN,SIDEWALK,False,False,1434,14,32,24,03,41.9112439,-87.6860263,2023,2023-02-07,18:58:00,18,Tuesday,February,ARMED - HANDGUN
13215257,JG429936,2023-09-18 19:20:00+00:00,018XX W NORTH AVE,THEFT,OVER $500,STREET,False,False,1434,14,32,24,06,41.91053688,-87.67414124,2023,2023-09-18,19:20:00,19,Monday,September,OVER $500
13241435,JG460330,2023-10-05 16:50:00+00:00,018XX N MILWAUKEE AVE,THEFT,OVER $500,STREET,False,False,1434,14,32,22,06,41.91479053,-87.68427467,2023,2023-10-05,16:50:00,16,Thursday,October,OVER $500
13250318,JG470894,2023-10-16 10:10:00+00:00,019XX N CAMPBELL AVE,THEFT,OVER $500,RESIDENCE - GARAGE,False,False,1434,14,1,22,06,41.91701724,-87.68984058,2023,2023-10-16,10:10:00,10,Monday,October,OVER $500
13126238,JG323475,2023-06-28 06:47:00+00:00,017XX N WESTERN AVE,THEFT,OVER $500,RESIDENCE - GARAGE,False,False,1434,14,1,24,06,41.91325161,-87.68729926,2023,2023-06-28,06:47:00,6,Wednesday,June,OVER $500
13183985,JG392497,2023-08-19 22:30:00+00:00,023XX W ST PAUL AVE,THEFT,$500 AND UNDER,OTHER (SPECIFY),False,False,1434,14,32,24,06,41.91349949,-87.68599616,2023,2023-08-19,22:30:00,22,Saturday,August,$500 AND UNDER
13175908,JG382331,2023-08-13 17:15:00+00:00,024XX W NORTH AVE,THEFT,RETAIL THEFT,SMALL RETAIL STORE,False,False,1434,14,1,24,06,41.91030206,-87.68885364,2023,2023-08-13,17:15:00,17,Sunday,August,RETAIL THEFT
13281213,JG509017,2023-11-17 19:00:00+00:00,019XX W ARMITAGE AVE,THEFT,FROM BUILDING,APARTMENT,False,False,1434,14,32,22,06,41.91780037,-87.6754921,2023,2023-11-17,19:00:00,19,Friday,November,FROM BUILDING
13096090,JG287879,2023-06-04 12:30:00+00:00,018XX N Honore St,THEFT,FROM BUILDING,RESIDENCE - GARAGE,False,False,1434,14,32,22,06,41.91496473,-87.6739083,2023,2023-06-04,12:30:00,12,Sunday,June,FROM BUILDING
13046211,JG228387,2023-04-17 02:00:00+00:00,023XX W ST PAUL AVE,CRIMINAL DAMAGE,TO PROPERTY,APARTMENT,False,False,1434,14,32,24,14,41.91349949,-87.68599616,2023,2023-04-17,02:00:00,2,Monday,April,TO PROPERTY
13117039,JG312855,2023-06-23 05:00:00+00:00,010XX N CENTRAL AVE,ROBBERY,STRONG ARM - NO WEAPON,STREET,False,False,1511,15,29,25,03,41.8990219,-87.76554184,2023,2023-06-23,05:00:00,5,Friday,June,STRONG ARM - NO WEAPON
13182678,JG390841,2023-08-20 19:36:00+00:00,059XX W CHICAGO AVE,BATTERY,AGGRAVATED - HANDGUN,SIDEWALK,False,True,1511,15,29,25,04B,41.89473615,-87.77352069,2023,2023-08-20,19:36:00,19,Sunday,August,AGGRAVATED
12975121,JG143338,2023-02-06 20:27:00+00:00,011XX N MONITOR AVE,BATTERY,DOMESTIC BATTERY SIMPLE,APARTMENT,True,True,1511,15,29,25,08B,41.90117071,-87.77169396,2023,2023-02-06,20:27:00,20,Monday,February,DOMESTIC BATTERY SIMPLE
13014450,JG190651,2023-03-18 21:22:00+00:00,009XX N MENARD AVE,BATTERY,DOMESTIC BATTERY SIMPLE,APARTMENT,False,True,1511,15,29,25,08B,41.89708887,-87.77033763,2023,2023-03-18,21:22:00,21,Saturday,March,DOMESTIC BATTERY SIMPLE
13178677,JG386081,2023-08-17 08:30:00+00:00,009XX N PARKSIDE AVE,BATTERY,DOMESTIC BATTERY SIMPLE,APARTMENT,False,True,1511,15,29,25,08B,41.89750459,-87.76670496,2023,2023-08-17,08:30:00,8,Thursday,August,DOMESTIC BATTERY SIMPLE
13187218,JG396166,2023-08-24 17:30:00+00:00,009XX N WALLER AVE,ASSAULT,SIMPLE,RESIDENCE,False,False,1511,15,29,25,08A,41.89724433,-87.76790836,2023,2023-08-24,17:30:00,17,Thursday,August,SIMPLE
13099978,JG292699,2023-05-31 00:00:00+00:00,007XX N PARKSIDE AVE,THEFT,OVER $500,VEHICLE - COMMERCIAL,False,False,1511,15,29,25,06,41.89339328,-87.76661642,2023,2023-05-31,00:00:00,0,Wednesday,May,OVER $500
13104952,JG298701,2023-06-09 20:30:00+00:00,007XX N MENARD AVE,THEFT,$500 AND UNDER,STREET,False,False,1511,15,29,25,06,41.89421184,-87.77012049,2023,2023-06-09,20:30:00,20,Friday,June,$500 AND UNDER
13163426,JG368131,2023-04-01 09:00:00+00:00,009XX N MASSASOIT AVE,THEFT,$500 AND UNDER,DRIVEWAY - RESIDENTIAL,False,False,1511,15,29,25,06,41.89709662,-87.76912178,2023,2023-04-01,09:00:00,9,Saturday,April,$500 AND UNDER
13051636,JG234818,2023-04-23 20:27:00+00:00,011XX N PARKSIDE AVE,CRIMINAL DAMAGE,TO VEHICLE,ALLEY,False,False,1511,15,29,25,14,41.90107271,-87.76682769,2023,2023-04-23,20:27:00,20,Sunday,April,TO VEHICLE
13301091,JG532734,2023-12-07 22:16:00+00:00,001XX N PARKSIDE AVE,BATTERY,AGGRAVATED - HANDGUN,SIDEWALK,False,False,1512,15,29,25,04B,41.88320386,-87.766611,2023,2023-12-07,22:16:00,22,Thursday,December,AGGRAVATED
13253167,JG475319,2023-10-23 15:45:00+00:00,001XX N MAYFIELD AVE,BATTERY,DOMESTIC BATTERY SIMPLE,VEHICLE NON-COMMERCIAL,False,True,1512,15,29,25,08B,41.88263145,-87.77187103,2023,2023-10-23,15:45:00,15,Monday,October,DOMESTIC BATTERY SIMPLE
13097019,JG289170,2023-06-05 14:53:00+00:00,001XX N WALLER AVE,BATTERY,DOMESTIC BATTERY SIMPLE,APARTMENT,False,True,1512,15,29,25,08B,41.8831377,-87.76822003,2023,2023-06-05,14:53:00,14,Monday,June,DOMESTIC BATTERY SIMPLE
13277479,JG504199,2023-11-14 17:27:00+00:00,004XX N AUSTIN BLVD,ASSAULT,SIMPLE,RESTAURANT,False,False,1512,15,29,25,08A,41.88786856,-87.77490644,2023,2023-11-14,17:27:00,17,Tuesday,November,SIMPLE
12992976,JG164342,2023-02-23 15:00:00+00:00,003XX N PARKSIDE AVE,THEFT,OVER $500,STREET,False,False,1512,15,29,25,06,41.88633015,-87.76673026,2023,2023-02-23,15:00:00,15,Thursday,February,OVER $500
13108959,JG303422,2023-06-16 13:00:00+00:00,001XX N PARKSIDE AVE,THEFT,OVER $500,APARTMENT,False,True,1512,15,29,25,06,41.88285803,-87.76659936,2023,2023-06-16,13:00:00,13,Friday,June,OVER $500
13193650,JG403958,2023-08-30 00:00:00+00:00,057XX W OHIO ST,THEFT,OVER $500,STREET,False,False,1512,15,29,25,06,41.89106419,-87.76844399,2023,2023-08-30,00:00:00,0,Wednesday,August,OVER $500
13300465,JG532075,2023-12-06 19:00:00+00:00,059XX W FULTON ST,THEFT,$500 AND UNDER,RESIDENCE,False,False,1512,15,29,25,06,41.88560791,-87.77277777,2023,2023-12-06,19:00:00,19,Wednesday,December,$500 AND UNDER
13318723,JG554220,2023-12-24 01:30:00+00:00,005XX N CENTRAL AVE,THEFT,$500 AND UNDER,CHURCH / SYNAGOGUE / PLACE OF WORSHIP,False,False,1512,15,29,25,06,41.88976112,-87.76519783,2023,2023-12-24,01:30:00,1,Sunday,December,$500 AND UNDER
13185205,JG393815,2023-08-22 22:43:00+00:00,003XX N CENTRAL AVE,THEFT,$500 AND UNDER,APARTMENT,False,True,1512,15,29,25,06,41.88627534,-87.76507815,2023,2023-08-22,22:43:00,22,Tuesday,August,$500 AND UNDER
13238079,JG457244,2023-10-09 17:15:00+00:00,003XX N CENTRAL AVE,THEFT,PURSE-SNATCHING,CTA PARKING LOT / GARAGE / OTHER PROPERTY,False,False,1512,15,29,25,06,41.8868435,-87.76509882,2023,2023-10-09,17:15:00,17,Monday,October,PURSE-SNATCHING
13003808,JG177812,2023-03-07 22:32:00+00:00,005XX S CENTRAL AVE,BATTERY,"PROTECTED EMPLOYEE - HANDS, FISTS, FEET, NO / MINOR INJURY",OTHER (SPECIFY),False,False,1513,15,29,25,08B,41.87307587,-87.76460026,2023,2023-03-07,22:32:00,22,Tuesday,March,"PROTECTED EMPLOYEE - HANDS, FISTS, FEET, NO / MINOR INJURY"
13227357,JG444053,2023-09-29 16:51:00+00:00,001XX S CENTRAL AVE,BATTERY,DOMESTIC BATTERY SIMPLE,APARTMENT,False,True,1513,15,29,25,08B,41.87863126,-87.76480805,2023,2023-09-29,16:51:00,16,Friday,September,DOMESTIC BATTERY SIMPLE
12946352,JG109081,2023-01-08 19:38:00+00:00,010XX S MASON AVE,BATTERY,DOMESTIC BATTERY SIMPLE,RESIDENCE,False,True,1513,15,29,25,08B,41.86867704,-87.77301749,2023,2023-01-08,19:38:00,19,Sunday,January,DOMESTIC BATTERY SIMPLE
13042710,JG224014,2023-04-15 03:50:00+00:00,010XX S MAYFIELD AVE,BATTERY,DOMESTIC BATTERY SIMPLE,RESIDENCE,False,True,1513,15,29,25,08B,41.86848988,-87.77178185,2023,2023-04-15,03:50:00,3,Saturday,April,DOMESTIC BATTERY SIMPLE
13064161,JG249892,2023-05-06 04:00:00+00:00,0000X N AUSTIN BLVD,BATTERY,DOMESTIC BATTERY SIMPLE,STREET,False,True,1513,15,29,25,08B,41.8808367,-87.77468124,2023,2023-05-06,04:00:00,4,Saturday,May,DOMESTIC BATTERY SIMPLE
13126032,JG323802,2023-07-01 16:00:00+00:00,0000X N MAYFIELD AVE,BATTERY,DOMESTIC BATTERY SIMPLE,APARTMENT,False,True,1513,15,29,25,08B,41.88076232,-87.77181028,2023,2023-07-01,16:00:00,16,Saturday,July,DOMESTIC BATTERY SIMPLE
13078658,JG267548,2023-05-20 05:15:00+00:00,010XX S MAYFIELD AVE,CRIMINAL DAMAGE,TO PROPERTY,APARTMENT,False,False,1513,15,29,25,14,41.8681907,-87.77176978,2023,2023-05-20,05:15:00,5,Saturday,May,TO PROPERTY
13062979,JG248413,2023-05-04 21:57:00+00:00,0000X N MAYFIELD AVE,CRIMINAL DAMAGE,TO VEHICLE,STREET,False,False,1513,15,29,25,14,41.88076232,-87.77181028,2023,2023-05-04,21:57:00,21,Thursday,May,TO VEHICLE
13134863,JG334229,2023-07-09 17:17:00+00:00,052XX W MADISON ST,ROBBERY,ARMED - OTHER DANGEROUS WEAPON,STREET,False,False,1522,15,37,25,03,41.88034648,-87.75711079,2023,2023-07-09,17:17:00,17,Sunday,July,ARMED - OTHER DANGEROUS WEAPON
13274046,JG500507,2023-11-11 17:48:00+00:00,053XX W ADAMS ST,BATTERY,DOMESTIC BATTERY SIMPLE,STREET,False,True,1522,15,29,25,08B,41.87843334,-87.75812676,2023,2023-11-11,17:48:00,17,Saturday,November,DOMESTIC BATTERY SIMPLE
13277588,JG504636,2023-11-15 00:00:00+00:00,054XX W WASHINGTON BLVD,BATTERY,DOMESTIC BATTERY SIMPLE,APARTMENT,True,True,1522,15,29,25,08B,41.88228139,-87.76209864,2023,2023-11-15,00:00:00,0,Wednesday,November,DOMESTIC BATTERY SIMPLE
12950738,JG114258,2023-01-13 02:15:00+00:00,0000X N CENTRAL AVE,BATTERY,DOMESTIC BATTERY SIMPLE,VEHICLE NON-COMMERCIAL,True,True,1522,15,29,25,08B,41.88074466,-87.76487377,2023,2023-01-13,02:15:00,2,Friday,January,DOMESTIC BATTERY SIMPLE
12992703,JG164463,2023-02-23 20:00:00+00:00,055XX W QUINCY ST,BATTERY,DOMESTIC BATTERY SIMPLE,APARTMENT,False,True,1522,15,29,25,08B,41.87747005,-87.76251603,2023,2023-02-23,20:00:00,20,Thursday,February,DOMESTIC BATTERY SIMPLE
13155135,JG358198,2023-07-04 22:00:00+00:00,005XX S CENTRAL AVE,BATTERY,DOMESTIC BATTERY SIMPLE,PARK PROPERTY,False,True,1522,15,29,25,08B,41.87357813,-87.76461417,2023,2023-07-04,22:00:00,22,Tuesday,July,DOMESTIC BATTERY SIMPLE
13187718,JG396691,2023-08-25 07:28:00+00:00,052XX W ADAMS ST,BATTERY,DOMESTIC BATTERY SIMPLE,APARTMENT,False,True,1522,15,29,25,08B,41.87846055,-87.75589393,2023,2023-08-25,07:28:00,7,Friday,August,DOMESTIC BATTERY SIMPLE
13012577,JG187965,2023-03-16 14:00:00+00:00,053XX W MADISON ST,ASSAULT,AGGRAVATED - HANDGUN,COMMERCIAL / BUSINESS OFFICE,False,False,1522,15,29,25,04A,41.88032105,-87.75915638,2023,2023-03-16,14:00:00,14,Thursday,March,AGGRAVATED
12969691,JG136699,2023-02-01 07:30:00+00:00,055XX W MADISON ST,ASSAULT,AGGRAVATED - KNIFE / CUTTING INSTRUMENT,CTA BUS STOP,False,False,1522,15,29,25,04A,41.88025735,-87.76400046,2023,2023-02-01,07:30:00,7,Wednesday,February,AGGRAVATED
13294132,JG524150,2023-11-30 19:00:00+00:00,0000X N CENTRAL AVE,ASSAULT,SIMPLE,APARTMENT,True,True,1522,15,29,25,08A,41.88115363,-87.76488851,2023,2023-11-30,19:00:00,19,Thursday,November,SIMPLE
13038802,JG219263,2023-04-11 15:50:00+00:00,054XX W MADISON ST,ASSAULT,SIMPLE,COMMERCIAL / BUSINESS OFFICE,False,False,1522,15,29,25,08A,41.88028735,-87.76175286,2023,2023-04-11,15:50:00,15,Tuesday,April,SIMPLE
13071120,JG258481,2023-05-12 08:45:00+00:00,055XX W WASHINGTON BLVD,ASSAULT,SIMPLE,APARTMENT,True,True,1522,15,29,25,08A,41.88225489,-87.763946,2023,2023-05-12,08:45:00,8,Friday,May,SIMPLE
13188722,JG397120,2023-08-25 12:49:00+00:00,053XX W JACKSON BLVD,ASSAULT,SIMPLE,APARTMENT,False,True,1522,15,29,25,08A,41.87661707,-87.75821281,2023,2023-08-25,12:49:00,12,Friday,August,SIMPLE
12997983,JG170876,2023-03-02 00:25:00+00:00,052XX W ADAMS ST,CRIMINAL DAMAGE,TO PROPERTY,APARTMENT,False,True,1522,15,29,25,14,41.87846109,-87.75600042,2023,2023-03-02,00:25:00,0,Thursday,March,TO PROPERTY
13165041,JG370041,2023-08-05 03:30:00+00:00,053XX W JACKSON BLVD,CRIMINAL DAMAGE,TO PROPERTY,APARTMENT,False,False,1522,15,29,25,14,41.8766104,-87.75852498,2023,2023-08-05,03:30:00,3,Saturday,August,TO PROPERTY
13302318,JG534426,2023-12-09 07:00:00+00:00,054XX W WASHINGTON BLVD,CRIMINAL DAMAGE,TO VEHICLE,STREET,False,False,1522,15,37,25,14,41.8823011,-87.76054511,2023,2023-12-09,07:00:00,7,Saturday,December,TO VEHICLE
12971327,JG138689,2023-02-02 18:40:00+00:00,054XX W HARRISON ST,CRIMINAL DAMAGE,TO VEHICLE,PARKING LOT / GARAGE (NON RESIDENTIAL),False,False,1522,15,29,25,14,41.87286883,-87.76104056,2023,2023-02-02,18:40:00,18,Thursday,February,TO VEHICLE
13128033,JG326203,2023-07-03 16:30:00+00:00,055XX W WASHINGTON BLVD,CRIMINAL DAMAGE,TO VEHICLE,STREET,False,False,1522,15,29,25,14,41.88225903,-87.76367422,2023,2023-07-03,16:30:00,16,Monday,July,TO VEHICLE
13190938,JG400731,2023-08-26 19:00:00+00:00,003XX S LOTUS AVE,CRIMINAL DAMAGE,TO VEHICLE,STREET,False,False,1522,15,29,25,14,41.87541851,-87.7616457,2023,2023-08-26,19:00:00,19,Saturday,August,TO VEHICLE
13288258,JG517185,2023-11-25 15:54:00+00:00,001XX N CENTRAL AVE,BATTERY,SIMPLE,STREET,False,False,1523,15,37,25,08B,41.88274282,-87.7649442,2023,2023-11-25,15:54:00,15,Saturday,November,SIMPLE
13302626,JG534833,2023-12-09 12:00:00+00:00,003XX N CENTRAL AVE,BATTERY,SIMPLE,RESIDENCE,False,False,1523,15,37,25,08B,41.88639335,-87.76508077,2023,2023-12-09,12:00:00,12,Saturday,December,SIMPLE
13157091,JG360608,2023-07-29 09:55:00+00:00,003XX N CENTRAL AVE,BATTERY,SIMPLE,NURSING / RETIREMENT HOME,False,False,1523,15,37,25,08B,41.88639335,-87.76508077,2023,2023-07-29,09:55:00,9,Saturday,July,SIMPLE
13265842,JG490817,2023-11-04 05:46:00+00:00,005XX N LONG AVE,THEFT,OVER $500,RESIDENCE,False,False,1523,15,37,25,06,41.89059664,-87.76048203,2023,2023-11-04,05:46:00,5,Saturday,November,OVER $500
13088056,JG278322,2023-05-27 22:00:00+00:00,003XX N LOCKWOOD AVE,THEFT,$500 AND UNDER,STREET,False,False,1523,15,37,25,06,41.88613168,-87.75772351,2023,2023-05-27,22:00:00,22,Saturday,May,$500 AND UNDER
13258468,JG480807,2023-10-27 12:30:00+00:00,054XX W CHICAGO AVE,ROBBERY,ARMED - HANDGUN,SIDEWALK,False,False,1524,15,37,25,03,41.89488582,-87.76101668,2023,2023-10-27,12:30:00,12,Friday,October,ARMED - HANDGUN
13291304,JG521012,2023-11-27 22:30:00+00:00,054XX W AUGUSTA BLVD,ROBBERY,ARMED - HANDGUN,STREET,False,False,1524,15,37,25,03,41.89852606,-87.76239467,2023,2023-11-27,22:30:00,22,Monday,November,ARMED - HANDGUN
13197869,JG409098,2023-09-02 19:00:00+00:00,007XX N CENTRAL AVE,BATTERY,AGGRAVATED - OTHER DANGEROUS WEAPON,STREET,False,False,1524,15,37,25,04B,41.89382065,-87.76535652,2023,2023-09-02,19:00:00,19,Saturday,September,AGGRAVATED
13322565,JG558761,2023-12-29 14:00:00+00:00,007XX N CENTRAL AVE,BATTERY,DOMESTIC BATTERY SIMPLE,APARTMENT,True,True,1524,15,37,25,08B,41.893763,-87.76535336,2023,2023-12-29,14:00:00,14,Friday,December,DOMESTIC BATTERY SIMPLE
12942833,JG105040,2023-01-05 07:43:00+00:00,007XX N PINE AVE,ASSAULT,AGGRAVATED - HANDGUN,STREET,False,True,1524,15,37,25,04A,41.89365786,-87.76351785,2023,2023-01-05,07:43:00,7,Thursday,January,AGGRAVATED
13199326,JG410786,2023-09-04 13:00:00+00:00,006XX N LOREL AVE,ASSAULT,SIMPLE,RESIDENCE,False,True,1524,15,37,25,08A,41.89181979,-87.75922603,2023,2023-09-04,13:00:00,13,Monday,September,SIMPLE
13253930,JG476345,2023-10-06 12:50:00+00:00,007XX N LOTUS AVE,THEFT,OVER $500,RESIDENCE - PORCH / HALLWAY,False,False,1524,15,37,25,06,41.89378524,-87.76209164,2023,2023-10-06,12:50:00,12,Friday,October,OVER $500
13279544,JG506067,2023-11-07 07:45:00+00:00,006XX N LATROBE AVE,THEFT,OVER $500,STREET,False,False,1524,15,37,25,06,41.89204324,-87.75671919,2023,2023-11-07,07:45:00,7,Tuesday,November,OVER $500
13283038,JG511176,2023-11-19 16:00:00+00:00,010XX N CENTRAL AVE,CRIMINAL DAMAGE,TO VEHICLE,STREET,False,False,1524,15,37,25,14,41.89966692,-87.76556551,2023,2023-11-19,16:00:00,16,Sunday,November,TO VEHICLE
13152870,JG355604,2023-07-25 14:30:00+00:00,054XX W DIVISION ST,CRIMINAL DAMAGE,TO VEHICLE,STREET,False,False,1524,15,37,25,14,41.90218425,-87.76186618,2023,2023-07-25,14:30:00,14,Tuesday,July,TO VEHICLE
13022599,JG199762,2023-03-26 13:18:00+00:00,050XX W DIVISION ST,ROBBERY,AGGRAVATED,SMALL RETAIL STORE,False,False,1531,15,37,25,03,41.90228338,-87.75263412,2023,2023-03-26,13:18:00,13,Sunday,March,AGGRAVATED
13249258,JG469144,2023-10-18 18:55:00+00:00,049XX W CORTEZ ST,ROBBERY,ATTEMPT STRONG ARM - NO WEAPON,RESIDENCE,False,False,1531,15,37,25,03,41.89955966,-87.74964676,2023,2023-10-18,18:55:00,18,Wednesday,October,ATTEMPT STRONG ARM - NO WEAPON
13088436,JG278893,2023-05-28 13:00:00+00:00,009XX N LAVERGNE AVE,BATTERY,DOMESTIC BATTERY SIMPLE,APARTMENT,False,True,1531,15,37,25,08B,41.8972931,-87.75076198,2023,2023-05-28,13:00:00,13,Sunday,May,DOMESTIC BATTERY SIMPLE
13022463,JG200207,2023-03-26 20:37:00+00:00,049XX W RICE ST,ASSAULT,AGGRAVATED - HANDGUN,APARTMENT,False,False,1531,15,37,25,04A,41.89592582,-87.74901504,2023,2023-03-26,20:37:00,20,Sunday,March,AGGRAVATED
13116494,JG312374,2023-06-23 09:41:00+00:00,009XX N LAVERGNE AVE,ASSAULT,AGGRAVATED - HANDGUN,STREET,False,True,1531,15,37,25,04A,41.89810547,-87.75077664,2023,2023-06-23,09:41:00,9,Friday,June,AGGRAVATED
13147783,JG349699,2023-07-21 01:40:00+00:00,048XX W SUPERIOR ST,ASSAULT,SIMPLE,APARTMENT,False,True,1531,15,37,25,08A,41.89404724,-87.74656397,2023,2023-07-21,01:40:00,1,Friday,July,SIMPLE
13218484,JG433780,2023-09-21 20:00:00+00:00,008XX N LAWLER AVE,THEFT,$500 AND UNDER,STREET,False,False,1531,15,37,25,06,41.89557845,-87.75194557,2023,2023-09-21,20:00:00,20,Thursday,September,$500 AND UNDER
13318664,JG554153,2023-12-24 19:00:00+00:00,010XX N LAWLER AVE,THEFT,$500 AND UNDER,STREET,False,False,1531,15,37,25,06,41.89947299,-87.75203514,2023,2023-12-24,19:00:00,19,Sunday,December,$500 AND UNDER
13033874,JG213392,2023-04-06 14:20:00+00:00,050XX W THOMAS ST,CRIMINAL DAMAGE,TO PROPERTY,APARTMENT,False,True,1531,15,37,25,14,41.90044999,-87.75258828,2023,2023-04-06,14:20:00,14,Thursday,April,TO PROPERTY
12953550,JG117629,2023-01-15 17:00:00+00:00,011XX N LEAMINGTON AVE,CRIMINAL DAMAGE,TO VEHICLE,RESIDENCE - YARD (FRONT / BACK),False,False,1531,15,37,25,14,41.90094545,-87.75451595,2023,2023-01-15,17:00:00,17,Sunday,January,TO VEHICLE
13324405,JG560905,2023-12-31 07:00:00+00:00,001XX N LA CROSSE AVE,ROBBERY,STRONG ARM - NO WEAPON,SIDEWALK,False,False,1532,15,28,25,03,41.88384171,-87.74662798,2023,2023-12-31,07:00:00,7,Sunday,December,STRONG ARM - NO WEAPON
13103653,JG297001,2023-06-11 15:47:00+00:00,048XX W FERDINAND ST,BATTERY,AGGRAVATED - HANDGUN,SIDEWALK,False,False,1532,15,37,25,04B,41.88955483,-87.7470862,2023,2023-06-11,15:47:00,15,Sunday,June,AGGRAVATED
13142706,JG343429,2023-07-16 14:04:00+00:00,048XX W FULTON ST,BATTERY,AGGRAVATED - HANDGUN,STREET,False,False,1532,15,28,25,04B,41.88572104,-87.74706984,2023,2023-07-16,14:04:00,14,Sunday,July,AGGRAVATED
13323893,JG560189,2023-12-29 19:00:00+00:00,051XX W LAKE ST,BATTERY,SIMPLE,STREET,False,False,1532,15,28,25,08B,41.88710852,-87.75388066,2023,2023-12-29,19:00:00,19,Friday,December,SIMPLE
13139086,JG339255,2023-07-13 12:12:00+00:00,050XX W LAKE ST,BATTERY,SIMPLE,SIDEWALK,False,False,1532,15,28,25,08B,41.88699405,-87.75186549,2023,2023-07-13,12:12:00,12,Thursday,July,SIMPLE
12972181,JG139826,2023-02-02 21:30:00+00:00,050XX W WASHINGTON BLVD,BATTERY,DOMESTIC BATTERY SIMPLE,STREET,False,True,1532,15,28,25,08B,41.88174456,-87.75083347,2023,2023-02-02,21:30:00,21,Thursday,February,DOMESTIC BATTERY SIMPLE
13109468,JG304016,2023-06-16 20:42:00+00:00,049XX W OHIO ST,BATTERY,DOMESTIC BATTERY SIMPLE,STREET,False,True,1532,15,37,25,08B,41.89135156,-87.74909346,2023,2023-06-16,20:42:00,20,Friday,June,DOMESTIC BATTERY SIMPLE
13139740,JG340067,2023-07-13 22:38:00+00:00,002XX N LEAMINGTON AVE,BATTERY,DOMESTIC BATTERY SIMPLE,RESIDENCE,True,True,1532,15,28,25,08B,41.88488361,-87.75401461,2023,2023-07-13,22:38:00,22,Thursday,July,DOMESTIC BATTERY SIMPLE
13221937,JG437775,2023-09-24 22:30:00+00:00,050XX W WASHINGTON BLVD,BATTERY,AGGRAVATED DOMESTIC BATTERY - KNIFE / CUTTING INSTRUMENT,RESIDENCE,False,True,1532,15,28,25,04B,41.88173849,-87.7512595,2023,2023-09-24,22:30:00,22,Sunday,September,AGGRAVATED
13289147,JG518376,2023-11-26 12:00:00+00:00,048XX W WEST END AVE,THEFT,OVER $500,VACANT LOT / LAND,False,False,1532,15,28,25,06,41.88312885,-87.74567971,2023,2023-11-26,12:00:00,12,Sunday,November,OVER $500
13298575,JG529949,2023-11-22 10:00:00+00:00,005XX N LAVERGNE AVE,THEFT,$500 AND UNDER,APARTMENT,False,False,1532,15,37,25,06,41.88986595,-87.75052097,2023,2023-11-22,10:00:00,10,Wednesday,November,$500 AND UNDER
13184769,JG393553,2023-08-22 17:15:00+00:00,048XX W OHIO ST,THEFT,$500 AND UNDER,STREET,False,False,1532,15,37,25,06,41.89137266,-87.74677209,2023,2023-08-22,17:15:00,17,Tuesday,August,$500 AND UNDER
13229474,JG446773,2023-10-01 19:45:00+00:00,051XX W LAKE ST,CRIMINAL DAMAGE,TO PROPERTY,CTA TRAIN,False,False,1532,15,28,25,14,41.88712366,-87.7541633,2023,2023-10-01,19:45:00,19,Sunday,October,TO PROPERTY
13138929,JG339074,2023-07-13 10:20:00+00:00,001XX N LEAMINGTON AVE,CRIMINAL DAMAGE,TO PROPERTY,APARTMENT,False,True,1532,15,28,25,14,41.88365669,-87.75396693,2023,2023-07-13,10:20:00,10,Thursday,July,TO PROPERTY
13246597,JG467651,2023-10-17 17:55:00+00:00,002XX N LAVERGNE AVE,CRIMINAL DAMAGE,TO VEHICLE,STREET,False,False,1532,15,28,25,14,41.88480734,-87.75033191,2023,2023-10-17,17:55:00,17,Tuesday,October,TO VEHICLE
13305316,JG538088,2023-12-11 21:00:00+00:00,049XX W WASHINGTON BLVD,CRIMINAL DAMAGE,TO VEHICLE,STREET,False,False,1532,15,28,25,14,41.88176874,-87.74911099,2023,2023-12-11,21:00:00,21,Monday,December,TO VEHICLE
13113891,JG308574,2023-06-20 13:43:00+00:00,050XX W ADAMS ST,ROBBERY,ARMED - HANDGUN,STREET,False,False,1533,15,28,25,03,41.87852961,-87.75055054,2023,2023-06-20,13:43:00,13,Tuesday,June,ARMED - HANDGUN
13152877,JG355557,2023-07-25 13:00:00+00:00,006XX S CICERO AVE,ROBBERY,ATTEMPT AGGRAVATED,AUTO / BOAT / RV DEALERSHIP,False,False,1533,15,29,25,03,41.87223036,-87.74493507,2023,2023-07-25,13:00:00,13,Tuesday,July,AGGRAVATED
13072187,JG259759,2023-05-13 23:51:00+00:00,051XX W ROOSEVELT RD,BATTERY,AGGRAVATED - HANDGUN,STREET,False,False,1533,15,24,25,04B,41.86575277,-87.75442965,2023,2023-05-13,23:51:00,23,Saturday,May,AGGRAVATED
13090828,JG281303,2023-05-30 18:19:00+00:00,051XX W MADISON ST,BATTERY,AGGRAVATED - HANDGUN,GAS STATION,False,False,1533,15,28,25,04B,41.88039991,-87.75300855,2023,2023-05-30,18:19:00,18,Tuesday,May,AGGRAVATED
13318257,JG553714,2023-12-24 22:30:00+00:00,050XX W GLADYS AVE,BATTERY,AGGRAVATED - KNIFE / CUTTING INSTRUMENT,VEHICLE NON-COMMERCIAL,False,False,1533,15,29,25,04B,41.87581209,-87.75041,2023,2023-12-24,22:30:00,22,Sunday,December,AGGRAVATED
13041819,JG222729,2023-04-14 05:20:00+00:00,009XX S CICERO AVE,BATTERY,SIMPLE,STREET,False,False,1533,15,29,25,08B,41.86914542,-87.74485689,2023,2023-04-14,05:20:00,5,Friday,April,SIMPLE
13110645,JG305450,2023-06-18 02:30:00+00:00,0000X S LAVERGNE AVE,BATTERY,SIMPLE,SIDEWALK,False,False,1533,15,28,25,08B,41.88012367,-87.74940138,2023,2023-06-18,02:30:00,2,Sunday,June,SIMPLE
13179715,JG387226,2023-08-18 06:52:00+00:00,050XX W MONROE ST,BATTERY,DOMESTIC BATTERY SIMPLE,APARTMENT,False,True,1533,15,28,25,08B,41.87941607,-87.75218757,2023,2023-08-18,06:52:00,6,Friday,August,DOMESTIC BATTERY SIMPLE
12996384,JG164171,2023-02-24 12:25:00+00:00,050XX W QUINCY ST,BATTERY,AGGRAVATED DOMESTIC BATTERY - OTHER DANGEROUS WEAPON,STREET,False,True,1533,15,28,25,04B,41.87761564,-87.75106558,2023,2023-02-24,12:25:00,12,Friday,February,AGGRAVATED
12973002,JG140800,2023-02-04 17:57:00+00:00,051XX W LEXINGTON ST,ASSAULT,AGGRAVATED - HANDGUN,STREET,False,False,1533,15,29,25,04A,41.87106189,-87.75368415,2023,2023-02-04,17:57:00,17,Saturday,February,AGGRAVATED
13039090,JG219563,2023-04-11 18:44:00+00:00,001XX S CICERO AVE,ASSAULT,AGGRAVATED - KNIFE / CUTTING INSTRUMENT,STREET,False,False,1533,15,28,25,04A,41.87904308,-87.7452251,2023,2023-04-11,18:44:00,18,Tuesday,April,AGGRAVATED
13296540,JG527326,2023-12-03 16:05:00+00:00,049XX W VAN BUREN ST,ASSAULT,AGGRAVATED - OTHER DANGEROUS WEAPON,APARTMENT,False,False,1533,15,29,25,04A,41.87494053,-87.74793211,2023,2023-12-03,16:05:00,16,Sunday,December,AGGRAVATED
13270553,JG496008,2023-11-07 03:00:00+00:00,050XX W CONGRESS PKWY,THEFT,$500 AND UNDER,STREET,False,False,1533,15,29,25,06,41.87398921,-87.75135551,2023,2023-11-07,03:00:00,3,Tuesday,November,$500 AND UNDER
13272804,JG499038,2023-11-10 00:30:00+00:00,049XX W MADISON ST,THEFT,$500 AND UNDER,STREET,False,False,1533,15,28,25,06,41.88044331,-87.74965919,2023,2023-11-10,00:30:00,0,Friday,November,$500 AND UNDER
13261253,JG484360,2023-10-24 10:40:00+00:00,050XX W JACKSON BLVD,THEFT,FROM BUILDING,SCHOOL - PUBLIC GROUNDS,False,False,1533,15,28,25,06,41.87669369,-87.75217184,2023,2023-10-24,10:40:00,10,Tuesday,October,FROM BUILDING
13061095,JG246282,2023-05-02 18:00:00+00:00,048XX W ADAMS ST,CRIMINAL DAMAGE,TO VEHICLE,VACANT LOT / LAND,False,False,1533,15,28,25,14,41.87858834,-87.7459196,2023,2023-05-02,18:00:00,18,Tuesday,May,TO VEHICLE
13122469,JG319499,2023-06-24 20:30:00+00:00,048XX W MADISON ST,CRIMINAL DAMAGE,TO VEHICLE,STREET,False,True,1533,15,28,25,14,41.8804876,-87.74596464,2023,2023-06-24,20:30:00,20,Saturday,June,TO VEHICLE
13212464,JG426484,2023-09-15 03:19:00+00:00,064XX N SAYRE AVE,THEFT,OVER $500,STREET,False,False,1611,16,41,10,06,41.99865686,-87.80118486,2023,2023-09-15,03:19:00,3,Friday,September,OVER $500
13214509,JG428786,2023-09-18 06:30:00+00:00,067XX W SCHREIBER AVE,THEFT,OVER $500,STREET,False,False,1611,16,41,10,06,41.99811438,-87.79606838,2023,2023-09-18,06:30:00,6,Monday,September,OVER $500
13020594,JG197970,2023-03-24 00:01:00+00:00,065XX N ONARGA AVE,THEFT,OVER $500,STREET,False,False,1611,16,41,9,06,41.99917809,-87.8076996,2023,2023-03-24,00:01:00,0,Friday,March,OVER $500
13050812,JG233870,2023-04-22 16:00:00+00:00,067XX N NORTHWEST HWY,THEFT,OVER $500,SIDEWALK,False,False,1611,16,41,9,06,42.00327595,-87.81694108,2023,2023-04-22,16:00:00,16,Saturday,April,OVER $500
12978970,JG147926,2023-02-01 23:50:00+00:00,066XX W DEVON AVE,THEFT,$500 AND UNDER,RESIDENCE - GARAGE,False,False,1611,16,41,10,06,41.99731692,-87.79454838,2023,2023-02-01,23:50:00,23,Wednesday,February,$500 AND UNDER
13263228,JG487521,2023-11-01 05:30:00+00:00,075XX N OVERHILL AVE,THEFT,FROM BUILDING,RESIDENCE,False,True,1611,16,41,9,06,42.01719726,-87.81877885,2023,2023-11-01,05:30:00,5,Wednesday,November,FROM BUILDING
13014514,JG190707,2023-03-18 21:00:00+00:00,069XX W HOBART AVE,BATTERY,DOMESTIC BATTERY SIMPLE,RESIDENCE,True,True,1612,16,41,10,08B,41.98480476,-87.80250297,2023,2023-03-18,21:00:00,21,Saturday,March,DOMESTIC BATTERY SIMPLE
13023631,JG201583,2023-02-23 18:00:00+00:00,077XX W HIGGINS AVE,ASSAULT,SIMPLE,RESIDENCE,False,True,1612,16,41,10,08A,41.98415448,-87.82063761,2023,2023-02-23,18:00:00,18,Thursday,February,SIMPLE
13024435,JG202569,2023-03-23 23:00:00+00:00,059XX N NEVA AVE,THEFT,OVER $500,STREET,False,False,1612,16,41,10,06,41.98896032,-87.80566126,2023,2023-03-23,23:00:00,23,Thursday,March,OVER $500
13076196,JG263623,2023-04-04 16:00:00+00:00,066XX N OLMSTED AVE,THEFT,OVER $500,STREET,False,False,1612,16,41,9,06,42.00186001,-87.81634547,2023,2023-04-04,16:00:00,16,Tuesday,April,OVER $500
13182914,JG391168,2023-08-20 20:00:00+00:00,058XX N OKETO AVE,THEFT,$500 AND UNDER,STREET,False,False,1612,16,41,10,06,41.98612642,-87.81185666,2023,2023-08-20,20:00:00,20,Sunday,August,$500 AND UNDER
13254119,JG476532,2023-10-24 12:40:00+00:00,057XX N NAGLE AVE,THEFT,RETAIL THEFT,GAS STATION,False,False,1612,16,41,10,06,41.98543506,-87.78768584,2023,2023-10-24,12:40:00,12,Tuesday,October,RETAIL THEFT
12980619,JG149883,2023-02-11 03:04:00+00:00,071XX W HIGGINS AVE,BATTERY,SIMPLE,BAR OR TAVERN,False,False,1613,16,41,10,08B,41.98077882,-87.80543826,2023,2023-02-11,03:04:00,3,Saturday,February,SIMPLE
13102825,JG296146,2023-06-10 19:45:00+00:00,050XX N NORMANDY AVE,BATTERY,DOMESTIC BATTERY SIMPLE,RESIDENCE,False,True,1613,16,41,10,08B,41.97254514,-87.7939923,2023,2023-06-10,19:45:00,19,Saturday,June,DOMESTIC BATTERY SIMPLE
13089213,JG279667,2023-05-17 00:00:00+00:00,051XX N SAYRE AVE,THEFT,OVER $500,STREET,False,False,1613,16,41,10,06,41.97444217,-87.80121732,2023,2023-05-17,00:00:00,0,Wednesday,May,OVER $500
13007998,JG182954,2023-03-12 14:15:00+00:00,053XX N HARLEM AVE,CRIMINAL DAMAGE,TO PROPERTY,RESTAURANT,False,False,1613,16,41,10,14,41.97854395,-87.80699402,2023,2023-03-12,14:15:00,14,Sunday,March,TO PROPERTY
13202387,JG414391,2023-09-07 02:21:00+00:00,053XX N CUMBERLAND AVE,BATTERY,SIMPLE,PARKING LOT / GARAGE (NON RESIDENTIAL),False,False,1614,16,41,76,08B,41.97666168,-87.83661455,2023,2023-09-07,02:21:00,2,Thursday,September,SIMPLE
13239213,JG458653,2023-10-10 13:00:00+00:00,084XX W CATHERINE AVE,BATTERY,SIMPLE,PARKING LOT / GARAGE (NON RESIDENTIAL),False,False,1614,16,41,76,08B,41.97746494,-87.83770059,2023,2023-10-10,13:00:00,13,Tuesday,October,SIMPLE
13303608,JG536033,2023-12-08 19:00:00+00:00,084XX W CATHERINE AVE,BATTERY,SIMPLE,PARKING LOT / GARAGE (NON RESIDENTIAL),False,False,1614,16,41,76,08B,41.97746462,-87.83762703,2023,2023-12-08,19:00:00,19,Friday,December,SIMPLE
13026266,JG204402,2023-03-30 08:47:00+00:00,084XX W BERWYN AVE,BATTERY,SIMPLE,RESIDENCE,False,False,1614,16,41,76,08B,41.97520912,-87.8376813,2023,2023-03-30,08:47:00,8,Thursday,March,SIMPLE
13250064,JG471539,2023-10-20 14:17:00+00:00,085XX W GREGORY ST,BATTERY,DOMESTIC BATTERY SIMPLE,RESIDENCE,False,True,1614,16,41,76,08B,41.98015811,-87.83986802,2023,2023-10-20,14:17:00,14,Friday,October,DOMESTIC BATTERY SIMPLE
13059009,JG243694,2023-05-01 00:01:00+00:00,054XX N EAST RIVER RD,THEFT,$500 AND UNDER,PARKING LOT / GARAGE (NON RESIDENTIAL),False,False,1614,16,41,76,06,41.97784823,-87.84646896,2023,2023-05-01,00:01:00,0,Monday,May,$500 AND UNDER
13063407,JG249080,2023-05-05 08:30:00+00:00,084XX W BRYN MAWR AVE,THEFT,$500 AND UNDER,STREET,False,False,1614,16,41,76,06,41.98110446,-87.83786361,2023,2023-05-05,08:30:00,8,Friday,May,$500 AND UNDER
13165294,JG370468,2023-08-03 16:00:00+00:00,086XX W BERWYN AVE,THEFT,FROM BUILDING,RESIDENCE - PORCH / HALLWAY,False,False,1614,16,41,76,06,41.975142,-87.84185585,2023,2023-08-03,16:00:00,16,Thursday,August,FROM BUILDING
13203580,JG415717,2023-09-08 00:55:00+00:00,081XX W HIGGINS RD,CRIMINAL DAMAGE,TO VEHICLE,PARKING LOT / GARAGE (NON RESIDENTIAL),False,False,1614,16,41,10,14,41.98531674,-87.8290218,2023,2023-09-08,00:55:00,0,Friday,September,TO VEHICLE
13261018,JG482649,2023-10-28 22:00:00+00:00,055XX N PITTSBURGH AVE,CRIMINAL DAMAGE,TO VEHICLE,DRIVEWAY - RESIDENTIAL,False,False,1614,16,41,10,14,41.97960031,-87.83272633,2023,2023-10-28,22:00:00,22,Saturday,October,TO VEHICLE
13309528,JG541947,2023-12-15 11:10:00+00:00,085XX W CATALPA AVE,CRIMINAL DAMAGE,TO VEHICLE,ALLEY,False,False,1614,16,41,76,14,41.97924991,-87.8398971,2023,2023-12-15,11:10:00,11,Friday,December,TO VEHICLE
13009653,JG184863,2023-03-10 19:00:00+00:00,054XX N EAST RIVER RD,CRIMINAL DAMAGE,TO VEHICLE,STREET,False,False,1614,16,41,76,14,41.97796897,-87.84646804,2023,2023-03-10,19:00:00,19,Friday,March,TO VEHICLE
13078305,JG266718,2023-05-17 11:20:00+00:00,087XX W HIGGINS RD,CRIMINAL DAMAGE,TO VEHICLE,PARKING LOT / GARAGE (NON RESIDENTIAL),False,False,1614,16,41,76,14,41.98740462,-87.843494,2023,2023-05-17,11:20:00,11,Wednesday,May,TO VEHICLE
13153125,JG355653,2023-07-03 02:55:00+00:00,054XX N LAPORTE AVE,THEFT,OVER $500,STREET,False,False,1621,16,39,12,06,41.98087765,-87.75204928,2023,2023-07-03,02:55:00,2,Monday,July,OVER $500
13289049,JG518271,2023-11-23 13:00:00+00:00,066XX N CHICORA AVE,THEFT,$500 AND UNDER,STREET,False,False,1621,16,45,12,06,42.00191284,-87.76984495,2023,2023-11-23,13:00:00,13,Thursday,November,$500 AND UNDER
13321145,JG557066,2023-12-27 23:00:00+00:00,063XX W ESTES AVE,THEFT,$500 AND UNDER,STREET,False,False,1621,16,45,12,06,42.01014126,-87.78542522,2023,2023-12-27,23:00:00,23,Wednesday,December,$500 AND UNDER
13021644,JG199156,2023-03-25 22:49:00+00:00,056XX N MILWAUKEE AVE,ROBBERY,ARMED - KNIFE / CUTTING INSTRUMENT,ATM (AUTOMATIC TELLER MACHINE),False,False,1622,16,45,11,03,41.9846762,-87.77595917,2023,2023-03-25,22:49:00,22,Saturday,March,ARMED - KNIFE / CUTTING INSTRUMENT
13205678,JG418223,2023-09-10 00:51:00+00:00,049XX N AUSTIN AVE,BATTERY,SIMPLE,APARTMENT,False,True,1622,16,45,11,08B,41.97084291,-87.77827514,2023,2023-09-10,00:51:00,0,Sunday,September,SIMPLE
13055315,JG238961,2023-04-27 07:50:00+00:00,056XX N MC VICKER AVE,BATTERY,SIMPLE,SCHOOL - PUBLIC GROUNDS,True,False,1622,16,45,10,08B,41.98358889,-87.77923475,2023,2023-04-27,07:50:00,7,Thursday,April,SIMPLE
13190850,JG400574,2023-08-28 04:00:00+00:00,049XX N MELVINA AVE,BATTERY,SIMPLE,RESIDENCE,False,False,1622,16,45,11,08B,41.97083609,-87.78312924,2023,2023-08-28,04:00:00,4,Monday,August,SIMPLE
13049871,JG232714,2023-04-21 22:30:00+00:00,058XX N MARMORA AVE,BATTERY,DOMESTIC BATTERY SIMPLE,APARTMENT,True,True,1622,16,45,11,08B,41.98652633,-87.77437612,2023,2023-04-21,22:30:00,22,Friday,April,DOMESTIC BATTERY SIMPLE
13161342,JG365618,2023-08-02 00:25:00+00:00,056XX N MANGO AVE,BATTERY,DOMESTIC BATTERY SIMPLE,RESIDENCE,True,True,1622,16,45,11,08B,41.98366058,-87.77196264,2023,2023-08-02,00:25:00,0,Wednesday,August,DOMESTIC BATTERY SIMPLE
13007307,JG182194,2023-03-11 18:08:00+00:00,063XX W MONTROSE AVE,ASSAULT,SIMPLE,STREET,False,False,1622,16,38,15,08A,41.9602301,-87.78608096,2023,2023-03-11,18:08:00,18,Saturday,March,SIMPLE
13121302,JG318152,2023-06-25 12:00:00+00:00,048XX N MOBILE AVE,ASSAULT,SIMPLE,RESIDENCE - YARD (FRONT / BACK),False,False,1622,16,45,11,08A,41.96916285,-87.78557795,2023,2023-06-25,12:00:00,12,Sunday,June,SIMPLE
13253797,JG476117,2023-10-23 21:00:00+00:00,049XX N MOODY AVE,THEFT,OVER $500,STREET,False,False,1622,16,45,11,06,41.97123634,-87.78190125,2023,2023-10-23,21:00:00,21,Monday,October,OVER $500
13321264,JG557023,2023-12-28 02:14:00+00:00,053XX N NORTHWEST HWY,THEFT,OVER $500,VEHICLE - COMMERCIAL,False,False,1622,16,45,11,06,41.97750281,-87.77256838,2023,2023-12-28,02:14:00,2,Thursday,December,OVER $500
13159937,JG363959,2023-07-31 19:38:00+00:00,058XX N MERRIMAC AVE,THEFT,OVER $500,STREET,False,False,1622,16,45,10,06,41.98757996,-87.78401132,2023,2023-07-31,19:38:00,19,Monday,July,OVER $500
13080525,JG269699,2023-05-21 22:32:00+00:00,050XX N MENARD AVE,THEFT,ATTEMPT THEFT,STREET,False,False,1622,16,45,11,06,41.97244928,-87.77339599,2023,2023-05-21,22:32:00,22,Sunday,May,ATTEMPT THEFT
13251836,JG473617,2023-10-18 10:00:00+00:00,053XX N NORTHWEST HWY,THEFT,FROM BUILDING,COMMERCIAL / BUSINESS OFFICE,False,False,1622,16,45,11,06,41.97809801,-87.77363337,2023,2023-10-18,10:00:00,10,Wednesday,October,FROM BUILDING
13022354,JG199356,2023-03-25 16:00:00+00:00,057XX N MANGO AVE,CRIMINAL DAMAGE,TO VEHICLE,STREET,False,False,1622,16,45,11,14,41.98577338,-87.77191465,2023,2023-03-25,16:00:00,16,Saturday,March,TO VEHICLE
13149384,JG351524,2023-07-22 12:25:00+00:00,048XX W STRONG ST,BATTERY,AGGRAVATED - HANDGUN,ALLEY,True,False,1623,16,45,12,04B,41.97075221,-87.74893842,2023,2023-07-22,12:25:00,12,Saturday,July,AGGRAVATED
13315875,JG550666,2023-12-22 11:57:00+00:00,049XX W MONTROSE AVE,BATTERY,DOMESTIC BATTERY SIMPLE,APARTMENT,False,True,1623,16,45,15,08B,41.96068821,-87.75036504,2023,2023-12-22,11:57:00,11,Friday,December,DOMESTIC BATTERY SIMPLE
12977593,JG146155,2023-02-09 09:05:00+00:00,056XX W GOODMAN ST,BATTERY,DOMESTIC BATTERY SIMPLE,APARTMENT,False,True,1623,16,45,11,08B,41.97134599,-87.7672167,2023,2023-02-09,09:05:00,9,Thursday,February,DOMESTIC BATTERY SIMPLE
13230135,JG447571,2023-10-02 08:03:00+00:00,052XX N LUDLAM AVE,ASSAULT,SIMPLE,RESIDENCE,False,False,1623,16,45,11,08A,41.9769199,-87.76508211,2023,2023-10-02,08:03:00,8,Monday,October,SIMPLE
13312616,JG546916,2023-12-18 16:00:00+00:00,052XX W GIDDINGS ST,THEFT,OVER $500,STREET,False,False,1623,16,45,15,06,41.96684247,-87.75832864,2023,2023-12-18,16:00:00,16,Monday,December,OVER $500
13137868,JG337588,2023-07-11 17:00:00+00:00,052XX N LUNA AVE,THEFT,OVER $500,STREET,False,False,1623,16,45,11,06,41.9770732,-87.7672285,2023,2023-07-11,17:00:00,17,Tuesday,July,OVER $500
13157226,JG360896,2023-07-29 06:11:00+00:00,052XX N LONG AVE,THEFT,OVER $500,STREET,False,False,1623,16,45,11,06,41.97549248,-87.7627816,2023,2023-07-29,06:11:00,6,Saturday,July,OVER $500
13191014,JG400796,2023-08-28 04:53:00+00:00,052XX N LUDLAM AVE,THEFT,OVER $500,STREET,False,False,1623,16,45,11,06,41.9769199,-87.76508211,2023,2023-08-28,04:53:00,4,Monday,August,OVER $500
13228112,JG445068,2023-09-30 13:00:00+00:00,050XX W WINNEMAC AVE,THEFT,$500 AND UNDER,STREET,False,False,1623,16,45,12,06,41.9725259,-87.75345277,2023,2023-09-30,13:00:00,13,Saturday,September,$500 AND UNDER
13346316,JH124713,2023-11-22 14:15:00+00:00,053XX N ELSTON AVE,THEFT,$500 AND UNDER,COMMERCIAL / BUSINESS OFFICE,False,False,1623,16,45,11,06,41.97828306,-87.75668476,2023,2023-11-22,14:15:00,14,Wednesday,November,$500 AND UNDER
13073660,JG261630,2023-05-14 12:00:00+00:00,047XX N LARAMIE AVE,THEFT,FROM BUILDING,APARTMENT,False,False,1623,16,45,15,06,41.96734967,-87.75768426,2023,2023-05-14,12:00:00,12,Sunday,May,FROM BUILDING
13246765,JG467483,2023-10-14 12:00:00+00:00,048XX W AINSLIE ST,CRIMINAL DAMAGE,TO PROPERTY,APARTMENT,False,True,1623,16,45,12,14,41.96984208,-87.74858637,2023,2023-10-14,12:00:00,12,Saturday,October,TO PROPERTY
13002111,JG175879,2023-03-05 18:00:00+00:00,053XX W GIDDINGS ST,CRIMINAL DAMAGE,TO PROPERTY,CHURCH / SYNAGOGUE / PLACE OF WORSHIP,False,False,1623,16,45,15,14,41.96635091,-87.76045471,2023,2023-03-05,18:00:00,18,Sunday,March,TO PROPERTY
13126980,JG324907,2023-07-02 00:01:00+00:00,048XX W AINSLIE ST,CRIMINAL DAMAGE,TO PROPERTY,APARTMENT,False,True,1623,16,45,12,14,41.96984208,-87.74858637,2023,2023-07-02,00:01:00,0,Sunday,July,TO PROPERTY
13142502,JG343173,2023-07-15 15:00:00+00:00,056XX N ELSTON AVE,CRIMINAL DAMAGE,TO PROPERTY,RESTAURANT,False,False,1623,16,45,11,14,41.98388442,-87.76613831,2023,2023-07-15,15:00:00,15,Saturday,July,TO PROPERTY
13186238,JG395179,2023-08-23 23:30:00+00:00,045XX N MILWAUKEE AVE,CRIMINAL DAMAGE,TO VEHICLE,PARKING LOT / GARAGE (NON RESIDENTIAL),False,False,1623,16,45,15,14,41.96408297,-87.75746731,2023,2023-08-23,23:30:00,23,Wednesday,August,TO VEHICLE
13277565,JG504628,2023-11-15 02:05:00+00:00,040XX N MENARD AVE,BATTERY,SIMPLE,SIDEWALK,False,False,1624,16,38,15,08B,41.95361396,-87.77190654,2023,2023-11-15,02:05:00,2,Wednesday,November,SIMPLE
13295916,JG526625,2023-12-03 01:20:00+00:00,048XX W HUTCHINSON ST,BATTERY,SIMPLE,RESIDENCE - PORCH / HALLWAY,False,False,1624,16,45,15,08B,41.95796806,-87.74862141,2023,2023-12-03,01:20:00,1,Sunday,December,SIMPLE
13176115,JG383049,2023-08-14 20:15:00+00:00,041XX N NARRAGANSETT AVE,BATTERY,AGGRAVATED DOMESTIC BATTERY - OTHER DANGEROUS WEAPON,APARTMENT,False,True,1624,16,38,15,04B,41.95555391,-87.7866467,2023,2023-08-14,20:15:00,20,Monday,August,AGGRAVATED
13121308,JG318159,2023-06-27 02:55:00+00:00,052XX W PENSACOLA AVE,THEFT,OVER $500,VEHICLE NON-COMMERCIAL,False,False,1624,16,45,15,06,41.95967993,-87.75829744,2023,2023-06-27,02:55:00,2,Tuesday,June,OVER $500
12967385,JG133448,2023-01-26 14:55:00+00:00,053XX W CULLOM AVE,THEFT,$500 AND UNDER,RESIDENCE - PORCH / HALLWAY,False,False,1624,16,45,15,06,41.95873252,-87.76091267,2023,2023-01-26,14:55:00,14,Thursday,January,$500 AND UNDER
13122947,JG319931,2023-06-28 17:54:00+00:00,040XX N CICERO AVE,THEFT,RETAIL THEFT,DRUG STORE,False,False,1624,16,45,15,06,41.95469865,-87.74733882,2023,2023-06-28,17:54:00,17,Wednesday,June,RETAIL THEFT
13289383,JG518644,2023-11-26 22:00:00+00:00,035XX N OLCOTT AVE,BATTERY,DOMESTIC BATTERY SIMPLE,RESIDENCE,False,True,1631,16,38,17,08B,41.94401657,-87.81429881,2023,2023-11-26,22:00:00,22,Sunday,November,DOMESTIC BATTERY SIMPLE
13278423,JG504676,2023-11-02 18:04:00+00:00,033XX N Oriole Ave,THEFT,OVER $500,APARTMENT,False,False,1631,16,38,17,06,41.94049518,-87.81660989,2023,2023-11-02,18:04:00,18,Thursday,November,OVER $500
13167898,JG372742,2023-08-01 22:00:00+00:00,039XX N OCTAVIA AVE,THEFT,OVER $500,STREET,False,False,1631,16,38,17,06,41.95148989,-87.80964294,2023,2023-08-01,22:00:00,22,Tuesday,August,OVER $500
13002979,JG176809,2023-03-07 08:29:00+00:00,035XX N PONTIAC AVE,THEFT,$500 AND UNDER,DRIVEWAY - RESIDENTIAL,False,False,1631,16,38,17,06,41.94359808,-87.83505178,2023,2023-03-07,08:29:00,8,Tuesday,March,$500 AND UNDER
12974945,JG142752,2023-02-06 13:30:00+00:00,074XX W ADDISON ST,CRIMINAL DAMAGE,CRIMINAL DEFACEMENT,OTHER (SPECIFY),False,False,1631,16,38,17,14,41.94516488,-87.81214648,2023,2023-02-06,13:30:00,13,Monday,February,CRIMINAL DEFACEMENT
13067038,JG237853,2023-04-25 14:00:00+00:00,032XX N PONTIAC AVE,CRIMINAL DAMAGE,TO PROPERTY,APARTMENT,False,False,1631,16,38,17,14,41.93804546,-87.83480832,2023,2023-04-25,14:00:00,14,Tuesday,April,TO PROPERTY
13218029,JG433127,2023-07-20 00:00:00+00:00,072XX W BELMONT AVE,CRIMINAL DAMAGE,TO VEHICLE,ALLEY,False,False,1631,16,29,17,14,41.93798809,-87.80838984,2023,2023-07-20,00:00:00,0,Thursday,July,TO VEHICLE
12941534,JG103667,2023-01-04 01:40:00+00:00,036XX N PARIS AVE,CRIMINAL DAMAGE,TO VEHICLE,STREET,False,False,1631,16,38,17,14,41.94577287,-87.83032973,2023,2023-01-04,01:40:00,1,Wednesday,January,TO VEHICLE
12990494,JG161214,2023-02-17 23:00:00+00:00,037XX N HARLEM AVE,BATTERY,AGGRAVATED - OTHER DANGEROUS WEAPON,APARTMENT,False,False,1632,16,38,17,04B,41.94775707,-87.80709295,2023,2023-02-17,23:00:00,23,Friday,February,AGGRAVATED
13060206,JG230535,2023-04-18 11:30:00+00:00,038XX N NEW ENGLAND AVE,BATTERY,SIMPLE,SCHOOL - PUBLIC BUILDING,False,False,1632,16,38,17,08B,41.94951793,-87.79857569,2023,2023-04-18,11:30:00,11,Tuesday,April,SIMPLE
13127275,JG325156,2023-07-02 18:50:00+00:00,064XX W BERTEAU AVE,BATTERY,SIMPLE,APARTMENT,False,False,1632,16,38,17,08B,41.95656519,-87.7869432,2023,2023-07-02,18:50:00,18,Sunday,July,SIMPLE
13065275,JG251325,2023-05-07 12:40:00+00:00,068XX W IRVING PARK RD,ASSAULT,SIMPLE,STREET,False,False,1632,16,38,17,08A,41.95274344,-87.79703779,2023,2023-05-07,12:40:00,12,Sunday,May,SIMPLE
13219392,JG435017,2023-09-21 23:00:00+00:00,035XX N NAGLE AVE,THEFT,OVER $500,STREET,False,False,1632,16,38,17,06,41.944433,-87.78752098,2023,2023-09-21,23:00:00,23,Thursday,September,OVER $500
13244758,JG465292,2023-10-16 00:56:00+00:00,035XX N NEWCASTLE AVE,THEFT,OVER $500,APARTMENT,False,False,1632,16,38,17,06,41.94454704,-87.79716162,2023,2023-10-16,00:56:00,0,Monday,October,OVER $500
13093906,JG285581,2023-06-02 18:30:00+00:00,064XX W IRVING PARK RD,THEFT,RETAIL THEFT,SMALL RETAIL STORE,False,False,1632,16,38,17,06,41.95289994,-87.7877355,2023,2023-06-02,18:30:00,18,Friday,June,RETAIL THEFT
13290631,JG520160,2023-11-27 19:00:00+00:00,036XX N NEWLAND AVE,CRIMINAL DAMAGE,TO VEHICLE,STREET,False,False,1632,16,38,17,14,41.94601033,-87.79965263,2023,2023-11-27,19:00:00,19,Monday,November,TO VEHICLE
13322772,JG558172,2023-12-28 20:20:00+00:00,065XX W IRVING PARK RD,CRIMINAL DAMAGE,TO VEHICLE,PARKING LOT / GARAGE (NON RESIDENTIAL),False,False,1632,16,38,17,14,41.95286698,-87.78946363,2023,2023-12-28,20:20:00,20,Thursday,December,TO VEHICLE
13173824,JG380380,2023-08-12 22:20:00+00:00,054XX W IRVING PARK RD,BATTERY,SIMPLE,COMMERCIAL / BUSINESS OFFICE,False,False,1633,16,30,15,08B,41.95323186,-87.76286621,2023,2023-08-12,22:20:00,22,Saturday,August,SIMPLE
12974102,JG142132,2023-02-06 00:27:00+00:00,055XX W SCHOOL ST,BATTERY,DOMESTIC BATTERY SIMPLE,APARTMENT,True,True,1633,16,30,15,08B,41.94042395,-87.76495049,2023,2023-02-06,00:27:00,0,Monday,February,DOMESTIC BATTERY SIMPLE
13072479,JG260119,2023-05-14 09:54:00+00:00,057XX W ROSCOE ST,BATTERY,DOMESTIC BATTERY SIMPLE,RESIDENCE,False,True,1633,16,30,15,08B,41.94219053,-87.76981975,2023,2023-05-14,09:54:00,9,Sunday,May,DOMESTIC BATTERY SIMPLE
13189319,JG398910,2023-08-26 14:00:00+00:00,055XX W SCHOOL ST,BATTERY,DOMESTIC BATTERY SIMPLE,RESIDENCE,False,True,1633,16,30,15,08B,41.94042344,-87.76484758,2023,2023-08-26,14:00:00,14,Saturday,August,DOMESTIC BATTERY SIMPLE
13096847,JG288964,2023-06-05 10:45:00+00:00,055XX W SCHOOL ST,ASSAULT,AGGRAVATED - OTHER DANGEROUS WEAPON,RESIDENCE,False,False,1633,16,30,15,04A,41.94042395,-87.76495049,2023,2023-06-05,10:45:00,10,Monday,June,AGGRAVATED
13099869,JG292621,2023-06-08 02:35:00+00:00,060XX W ADDISON ST,ASSAULT,SIMPLE,SIDEWALK,False,False,1633,16,30,17,08A,41.94575283,-87.77833109,2023,2023-06-08,02:35:00,2,Thursday,June,SIMPLE
13199044,JG410194,2023-09-04 02:04:00+00:00,056XX W BELMONT AVE,ASSAULT,SIMPLE,BAR OR TAVERN,False,False,1633,16,30,15,08A,41.93857251,-87.76680098,2023,2023-09-04,02:04:00,2,Monday,September,SIMPLE
13269014,JG494868,2023-11-06 08:30:00+00:00,032XX N CENTRAL AVE,THEFT,OVER $500,PARKING LOT / GARAGE (NON RESIDENTIAL),False,False,1633,16,30,15,06,41.93901292,-87.76651407,2023,2023-11-06,08:30:00,8,Monday,November,OVER $500
12991285,JG162593,2023-02-22 17:00:00+00:00,055XX W CORNELIA AVE,THEFT,OVER $500,STREET,False,False,1633,16,36,15,06,41.94406765,-87.7653776,2023,2023-02-22,17:00:00,17,Wednesday,February,OVER $500
13088204,JG278404,2023-05-26 20:00:00+00:00,062XX W MELROSE ST,THEFT,OVER $500,STREET,False,False,1633,16,30,17,06,41.93928718,-87.7822648,2023,2023-05-26,20:00:00,20,Friday,May,OVER $500
13092641,JG283848,2023-06-01 05:00:00+00:00,057XX W HENDERSON ST,THEFT,OVER $500,STREET,False,False,1633,16,30,15,06,41.94126976,-87.77008147,2023,2023-06-01,05:00:00,5,Thursday,June,OVER $500
13147031,JG348636,2023-07-19 18:00:00+00:00,056XX W HENDERSON ST,THEFT,OVER $500,VEHICLE NON-COMMERCIAL,False,False,1633,16,30,15,06,41.94129745,-87.76789792,2023,2023-07-19,18:00:00,18,Wednesday,July,OVER $500
13096514,JG288566,2023-06-02 19:30:00+00:00,059XX W GRACE ST,THEFT,$500 AND UNDER,STREET,False,False,1633,16,38,15,06,41.94943094,-87.77511203,2023,2023-06-02,19:30:00,19,Friday,June,$500 AND UNDER
13105220,JG298940,2023-06-13 05:30:00+00:00,060XX W BELMONT AVE,THEFT,PURSE-SNATCHING,CTA BUS STOP,False,False,1633,16,30,17,06,41.9384404,-87.77682141,2023,2023-06-13,05:30:00,5,Tuesday,June,PURSE-SNATCHING
13213276,JG427500,2023-09-17 05:50:00+00:00,035XX N CENTRAL AVE,CRIMINAL DAMAGE,TO PROPERTY,SMALL RETAIL STORE,False,False,1633,16,30,15,14,41.9453614,-87.7667372,2023,2023-09-17,05:50:00,5,Sunday,September,TO PROPERTY
13116181,JG310656,2023-06-22 01:36:00+00:00,057XX W ADDISON ST,CRIMINAL DAMAGE,TO PROPERTY,APARTMENT,False,False,1633,16,30,15,14,41.94584324,-87.76985007,2023,2023-06-22,01:36:00,1,Thursday,June,TO PROPERTY
13181121,JG389066,2023-08-18 20:00:00+00:00,060XX W GRACE ST,CRIMINAL DAMAGE,TO PROPERTY,RESIDENCE - GARAGE,False,False,1633,16,38,17,14,41.94939745,-87.77782526,2023,2023-08-18,20:00:00,20,Friday,August,TO PROPERTY
13073148,JG260938,2023-05-15 05:15:00+00:00,057XX W GRACE ST,CRIMINAL DAMAGE,TO VEHICLE,STREET,False,False,1633,16,38,15,14,41.94948529,-87.77050542,2023,2023-05-15,05:15:00,5,Monday,May,TO VEHICLE
13239969,JG458744,2023-10-10 15:10:00+00:00,032XX N LECLAIRE AVE,BATTERY,SIMPLE,STREET,False,False,1634,16,31,15,08B,41.93989863,-87.75428142,2023,2023-10-10,15:10:00,15,Tuesday,October,SIMPLE
13294289,JG524375,2023-12-01 11:10:00+00:00,038XX N LARAMIE AVE,BATTERY,DOMESTIC BATTERY SIMPLE,STREET,True,True,1634,16,30,15,08B,41.95091975,-87.75707482,2023,2023-12-01,11:10:00,11,Friday,December,DOMESTIC BATTERY SIMPLE
12945976,JG108719,2023-01-08 14:25:00+00:00,035XX N CICERO AVE,BATTERY,DOMESTIC BATTERY SIMPLE,APARTMENT,True,True,1634,16,31,15,08B,41.94487553,-87.7470318,2023,2023-01-08,14:25:00,14,Sunday,January,DOMESTIC BATTERY SIMPLE
13264990,JG489825,2023-11-02 20:00:00+00:00,053XX W SCHOOL ST,THEFT,OVER $500,STREET,False,False,1634,16,31,15,06,41.94048025,-87.76026732,2023,2023-11-02,20:00:00,20,Thursday,November,OVER $500
13320741,JG555809,2023-12-14 21:00:00+00:00,051XX W ROSCOE ST,THEFT,OVER $500,ALLEY,False,False,1634,16,31,15,06,41.94237028,-87.75519268,2023,2023-12-14,21:00:00,21,Thursday,December,OVER $500
13085793,JG275674,2023-05-25 15:30:00+00:00,033XX N LAMON AVE,THEFT,$500 AND UNDER,STREET,False,False,1634,16,31,15,06,41.94094417,-87.74940181,2023,2023-05-25,15:30:00,15,Thursday,May,$500 AND UNDER
13141378,JG341964,2023-07-14 01:00:00+00:00,051XX W BELMONT AVE,THEFT,$500 AND UNDER,PARKING LOT / GARAGE (NON RESIDENTIAL),False,False,1634,16,31,15,06,41.93872201,-87.75495365,2023,2023-07-14,01:00:00,1,Friday,July,$500 AND UNDER
13021039,JG197337,2023-03-15 12:30:00+00:00,048XX W BERENICE AVE,CRIMINAL DAMAGE,TO PROPERTY,RESIDENCE,False,False,1634,16,30,15,14,41.95065398,-87.74847504,2023,2023-03-15,12:30:00,12,Wednesday,March,TO PROPERTY
13177377,JG383455,2023-08-14 13:00:00+00:00,100XX W BALMORAL AVE,THEFT,OVER $500,AIRPORT EXTERIOR - NON-SECURE AREA,False,False,1650,16,41,76,06,41.97618213,-87.87642115,2023,2023-08-14,13:00:00,13,Monday,August,OVER $500
13122828,JG320006,2023-06-28 18:54:00+00:00,0000X W TERMINAL ST,BATTERY,SIMPLE,AIRPORT TERMINAL UPPER LEVEL - SECURE AREA,True,False,1651,16,41,76,08B,41.9790063,-87.90646316,2023,2023-06-28,18:54:00,18,Wednesday,June,SIMPLE
13175416,JG381299,2023-08-13 15:22:00+00:00,0000X W TERMINAL ST,BATTERY,SIMPLE,AIRPORT TERMINAL LOWER LEVEL - NON-SECURE AREA,False,False,1651,16,41,76,08B,41.9790063,-87.90646316,2023,2023-08-13,15:22:00,15,Sunday,August,SIMPLE
13215549,JG430320,2023-08-01 17:00:00+00:00,100XX W OHARE ST,THEFT,OVER $500,AIRPORT TRANSPORTATION SYSTEM (ATS),False,False,1651,16,41,76,06,41.97629041,-87.90522722,2023,2023-08-01,17:00:00,17,Tuesday,August,OVER $500
13052018,JG235258,2023-04-07 17:15:00+00:00,100XX W OHARE ST,THEFT,OVER $500,AIRPORT TERMINAL UPPER LEVEL - SECURE AREA,False,False,1651,16,41,76,06,41.97629041,-87.90522722,2023,2023-04-07,17:15:00,17,Friday,April,OVER $500
13260266,JG483719,2023-10-29 18:00:00+00:00,0000X W TERMINAL ST,BATTERY,SIMPLE,AIRCRAFT,False,False,1653,16,41,76,08B,41.97676298,-87.90098372,2023,2023-10-29,18:00:00,18,Sunday,October,SIMPLE
13318617,JG554127,2023-12-25 12:15:00+00:00,0000X W TERMINAL ST,BATTERY,SIMPLE,AIRPORT TERMINAL UPPER LEVEL - NON-SECURE AREA,False,False,1653,16,41,76,08B,41.97676298,-87.90098372,2023,2023-12-25,12:15:00,12,Monday,December,SIMPLE
13195671,JG406401,2023-08-31 12:00:00+00:00,0000X W TERMINAL ST,THEFT,OVER $500,AIRPORT TERMINAL UPPER LEVEL - SECURE AREA,False,False,1653,16,41,76,06,41.97676298,-87.90098372,2023,2023-08-31,12:00:00,12,Thursday,August,OVER $500
13076801,JG264648,2023-05-17 18:20:00+00:00,0000X W TERMINAL ST,THEFT,$500 AND UNDER,AIRPORT TERMINAL LOWER LEVEL - SECURE AREA,False,False,1653,16,41,76,06,41.97676298,-87.90098372,2023,2023-05-17,18:20:00,18,Wednesday,May,$500 AND UNDER
13282219,JG509715,2023-11-18 18:20:00+00:00,0000X W OHARE ST,BATTERY,SIMPLE,AIRPORT TERMINAL UPPER LEVEL - SECURE AREA,False,False,1654,16,41,76,08B,41.98515794,-87.89386858,2023,2023-11-18,18:20:00,18,Saturday,November,SIMPLE
13196490,JG407115,2023-09-01 16:58:00+00:00,005XX W OHARE ST,BATTERY,SIMPLE,AIRPORT PARKING LOT,False,False,1654,16,41,76,08B,41.98043579,-87.88692046,2023,2023-09-01,16:58:00,16,Friday,September,SIMPLE
13049902,JG232770,2023-04-21 23:37:00+00:00,0000X W TERMINAL ST,BATTERY,AGGRAVATED - OTHER DANGEROUS WEAPON,AIRPORT TERMINAL UPPER LEVEL - SECURE AREA,False,False,1655,16,41,76,04B,41.97486195,-87.89037215,2023,2023-04-21,23:37:00,23,Friday,April,AGGRAVATED
13031861,JG208822,2023-04-02 20:30:00+00:00,0000X W TERMINAL ST,BATTERY,SIMPLE,AIRPORT TERMINAL UPPER LEVEL - NON-SECURE AREA,False,False,1655,16,41,76,08B,41.97486195,-87.89037215,2023,2023-04-02,20:30:00,20,Sunday,April,SIMPLE
12986299,JG155958,2023-02-17 11:43:00+00:00,0000X W TERMINAL ST,ASSAULT,"PROTECTED EMPLOYEE - HANDS, FISTS, FEET, NO / MINOR INJURY",AIRPORT TERMINAL LOWER LEVEL - NON-SECURE AREA,False,False,1655,16,41,76,08A,41.97486195,-87.89037215,2023,2023-02-17,11:43:00,11,Friday,February,"PROTECTED EMPLOYEE - HANDS, FISTS, FEET, NO / MINOR INJURY"
13215339,JG429123,2023-09-18 07:30:00+00:00,0000X W TERMINAL ST,THEFT,RETAIL THEFT,AIRPORT BUILDING NON-TERMINAL - NON-SECURE AREA,False,False,1655,16,41,76,06,41.97486195,-87.89037215,2023,2023-09-18,07:30:00,7,Monday,September,RETAIL THEFT
13265340,JG490006,2023-11-03 14:47:00+00:00,061XX N LINCOLN AVE,BATTERY,SIMPLE,SMALL RETAIL STORE,False,False,1711,17,50,13,08B,41.99401984,-87.71328195,2023,2023-11-03,14:47:00,14,Friday,November,SIMPLE
13170736,JG376744,2023-08-10 03:30:00+00:00,056XX N CHRISTIANA AVE,BATTERY,SIMPLE,APARTMENT,False,False,1711,17,39,13,08B,41.98381025,-87.71255714,2023,2023-08-10,03:30:00,3,Thursday,August,SIMPLE
13274436,JG500216,2023-11-11 13:34:00+00:00,056XX N ST LOUIS AVE,BATTERY,DOMESTIC BATTERY SIMPLE,APARTMENT,False,True,1711,17,39,13,08B,41.9836489,-87.71622203,2023,2023-11-11,13:34:00,13,Saturday,November,DOMESTIC BATTERY SIMPLE
13011493,JG186669,2023-03-15 13:45:00+00:00,058XX N ROGERS AVE,BATTERY,DOMESTIC BATTERY SIMPLE,RESIDENCE,False,True,1711,17,39,13,08B,41.9865378,-87.73790658,2023,2023-03-15,13:45:00,13,Wednesday,March,DOMESTIC BATTERY SIMPLE
13043416,JG224868,2023-04-15 18:15:00+00:00,056XX N ST LOUIS AVE,BATTERY,DOMESTIC BATTERY SIMPLE,APARTMENT,False,True,1711,17,39,13,08B,41.9836489,-87.71622203,2023,2023-04-15,18:15:00,18,Saturday,April,DOMESTIC BATTERY SIMPLE
13081357,JG270760,2023-05-22 16:37:00+00:00,056XX N ST LOUIS AVE,BATTERY,DOMESTIC BATTERY SIMPLE,APARTMENT,False,True,1711,17,39,13,08B,41.9836489,-87.71622203,2023,2023-05-22,16:37:00,16,Monday,May,DOMESTIC BATTERY SIMPLE
13201497,JG413398,2023-09-06 11:15:00+00:00,059XX N CENTRAL PARK AVE,BATTERY,DOMESTIC BATTERY SIMPLE,RESIDENCE,False,True,1711,17,39,13,08B,41.98895643,-87.71882653,2023,2023-09-06,11:15:00,11,Wednesday,September,DOMESTIC BATTERY SIMPLE
13254311,JG476742,2023-10-24 14:59:00+00:00,056XX N PULASKI RD,ASSAULT,AGGRAVATED - HANDGUN,STREET,False,False,1711,17,39,13,04A,41.98320077,-87.72844104,2023,2023-10-24,14:59:00,14,Tuesday,October,AGGRAVATED
13211620,JG425538,2023-09-13 05:30:00+00:00,060XX N KIRKWOOD AVE,THEFT,OVER $500,STREET,False,False,1711,17,39,12,06,41.99149929,-87.74268285,2023,2023-09-13,05:30:00,5,Wednesday,September,OVER $500
13289732,JG519170,2023-11-21 22:00:00+00:00,043XX W DEVON AVE,THEFT,OVER $500,RESIDENCE,False,False,1711,17,39,12,06,41.99719331,-87.73786612,2023,2023-11-21,22:00:00,22,Tuesday,November,OVER $500
12959590,JG124396,2023-01-21 03:00:00+00:00,061XX N KIMBALL AVE,THEFT,OVER $500,STREET,False,False,1711,17,50,13,06,41.99252019,-87.71405428,2023,2023-01-21,03:00:00,3,Saturday,January,OVER $500
13033093,JG212580,2023-04-05 22:50:00+00:00,061XX N LINCOLN AVE,THEFT,RETAIL THEFT,DEPARTMENT STORE,False,False,1711,17,50,13,06,41.99313112,-87.71183385,2023,2023-04-05,22:50:00,22,Wednesday,April,RETAIL THEFT
13283524,JG511686,2023-11-20 14:23:00+00:00,055XX N KEDZIE AVE,ROBBERY,ARMED - HANDGUN,ALLEY,False,False,1712,17,39,13,03,41.98176756,-87.70882917,2023,2023-11-20,14:23:00,14,Monday,November,ARMED - HANDGUN
13189774,JG399277,2023-08-27 00:56:00+00:00,035XX W LAWRENCE AVE,BATTERY,AGGRAVATED - KNIFE / CUTTING INSTRUMENT,STREET,False,False,1712,17,33,14,04B,41.96835964,-87.71751321,2023,2023-08-27,00:56:00,0,Sunday,August,AGGRAVATED
13324064,JG560509,2023-12-31 04:37:00+00:00,039XX W LAWRENCE AVE,BATTERY,SIMPLE,SIDEWALK,False,False,1712,17,33,14,08B,41.9682494,-87.72722196,2023,2023-12-31,04:37:00,4,Sunday,December,SIMPLE
12940389,JG102411,2023-01-03 01:00:00+00:00,048XX N MONTICELLO AVE,BATTERY,SIMPLE,RESIDENCE,False,False,1712,17,35,14,08B,41.96905083,-87.71949592,2023,2023-01-03,01:00:00,1,Tuesday,January,SIMPLE
12999881,JG172914,2023-03-03 15:00:00+00:00,035XX W LAWRENCE AVE,BATTERY,SIMPLE,SMALL RETAIL STORE,False,False,1712,17,33,14,08B,41.96835907,-87.71740658,2023,2023-03-03,15:00:00,15,Friday,March,SIMPLE
13076487,JG264722,2023-05-17 20:19:00+00:00,048XX N AVERS AVE,BATTERY,SIMPLE,ALLEY,False,False,1712,17,39,14,08B,41.96924175,-87.72442891,2023,2023-05-17,20:19:00,20,Wednesday,May,SIMPLE
13170137,JG375909,2023-08-09 12:30:00+00:00,050XX N HARDING AVE,ASSAULT,AGGRAVATED - KNIFE / CUTTING INSTRUMENT,STREET,False,False,1712,17,39,14,04A,41.97245202,-87.72693573,2023,2023-08-09,12:30:00,12,Wednesday,August,AGGRAVATED
13248685,JG469841,2023-10-19 10:36:00+00:00,031XX W FOSTER AVE,ASSAULT,SIMPLE,RESTAURANT,True,False,1712,17,39,13,08A,41.97575313,-87.70797957,2023,2023-10-19,10:36:00,10,Thursday,October,SIMPLE
13262046,JG485982,2023-10-30 15:00:00+00:00,049XX N PULASKI RD,ASSAULT,SIMPLE,SMALL RETAIL STORE,False,False,1712,17,39,14,08A,41.97070461,-87.72809962,2023,2023-10-30,15:00:00,15,Monday,October,SIMPLE
13202495,JG414497,2023-09-07 06:35:00+00:00,049XX N MONTICELLO AVE,THEFT,OVER $500,ALLEY,False,False,1712,17,33,14,06,41.97090893,-87.71954795,2023,2023-09-07,06:35:00,6,Thursday,September,OVER $500
13202725,JG414792,2023-09-07 09:35:00+00:00,047XX W FOSTER AVE,THEFT,OVER $500,PARKING LOT / GARAGE (NON RESIDENTIAL),False,False,1712,17,39,14,06,41.97536893,-87.74590268,2023,2023-09-07,09:35:00,9,Thursday,September,OVER $500
13295713,JG525844,2023-12-01 20:00:00+00:00,048XX N KOSTNER AVE,THEFT,OVER $500,STREET,False,False,1712,17,39,14,06,41.968588,-87.73791197,2023,2023-12-01,20:00:00,20,Friday,December,OVER $500
13114535,JG310196,2023-06-21 16:00:00+00:00,040XX W FOSTER AVE,THEFT,OVER $500,PARKING LOT / GARAGE (NON RESIDENTIAL),False,False,1712,17,39,13,06,41.97551745,-87.72956922,2023,2023-06-21,16:00:00,16,Wednesday,June,OVER $500
13199868,JG411472,2023-09-01 09:00:00+00:00,049XX N LAWNDALE AVE,THEFT,OVER $500,STREET,False,False,1712,17,33,14,06,41.97084134,-87.72076579,2023,2023-09-01,09:00:00,9,Friday,September,OVER $500
13225029,JG441347,2023-09-27 14:19:00+00:00,050XX N KOLMAR AVE,THEFT,$500 AND UNDER,RESIDENCE - YARD (FRONT / BACK),False,False,1712,17,39,14,06,41.97204466,-87.74302442,2023,2023-09-27,14:19:00,14,Wednesday,September,$500 AND UNDER
13256553,JG479256,2023-10-26 10:30:00+00:00,048XX N KARLOV AVE,THEFT,$500 AND UNDER,STREET,False,False,1712,17,39,14,06,41.96866737,-87.73050907,2023,2023-10-26,10:30:00,10,Thursday,October,$500 AND UNDER
13267961,JG493671,2023-11-06 10:35:00+00:00,047XX W FOSTER AVE,THEFT,$500 AND UNDER,PARKING LOT / GARAGE (NON RESIDENTIAL),False,False,1712,17,39,14,06,41.97536867,-87.7458512,2023,2023-11-06,10:35:00,10,Monday,November,$500 AND UNDER
13070376,JG257509,2023-05-11 11:00:00+00:00,055XX N CHRISTIANA AVE,THEFT,$500 AND UNDER,SCHOOL - PUBLIC BUILDING,False,False,1712,17,39,13,06,41.98175716,-87.71247777,2023,2023-05-11,11:00:00,11,Thursday,May,$500 AND UNDER
13058776,JG243408,2023-05-01 00:15:00+00:00,040XX W LAWRENCE AVE,THEFT,RETAIL THEFT,SMALL RETAIL STORE,False,False,1712,17,39,14,06,41.96823457,-87.72857162,2023,2023-05-01,00:15:00,0,Monday,May,RETAIL THEFT
13124706,JG322125,2023-06-30 11:10:00+00:00,040XX W LAWRENCE AVE,THEFT,RETAIL THEFT,CONVENIENCE STORE,False,False,1712,17,39,14,06,41.96823457,-87.72857162,2023,2023-06-30,11:10:00,11,Friday,June,RETAIL THEFT
13127043,JG324996,2023-07-02 16:07:00+00:00,046XX W FOSTER AVE,THEFT,RETAIL THEFT,CONVENIENCE STORE,False,False,1712,17,39,14,06,41.97537028,-87.74402343,2023,2023-07-02,16:07:00,16,Sunday,July,RETAIL THEFT
12994594,JG166950,2023-02-25 22:30:00+00:00,054XX N BERNARD ST,CRIMINAL DAMAGE,TO PROPERTY,RESIDENCE,False,False,1712,17,39,13,14,41.98015648,-87.71486921,2023,2023-02-25,22:30:00,22,Saturday,February,TO PROPERTY
12997846,JG170712,2023-03-01 05:30:00+00:00,050XX N TRIPP AVE,CRIMINAL DAMAGE,TO VEHICLE,STREET,False,False,1712,17,39,14,14,41.97262526,-87.734322,2023,2023-03-01,05:30:00,5,Wednesday,March,TO VEHICLE
13164873,JG369832,2023-08-04 21:56:00+00:00,046XX N KEDZIE AVE,ROBBERY,ARMED - HANDGUN,CONVENIENCE STORE,False,False,1713,17,33,14,03,41.96587627,-87.70839607,2023,2023-08-04,21:56:00,21,Friday,August,ARMED - HANDGUN
13138018,JG338028,2023-07-12 13:53:00+00:00,028XX W EASTWOOD AVE,ROBBERY,ATTEMPT ARMED - HANDGUN,STREET,False,False,1713,17,40,14,03,41.96565341,-87.69928296,2023,2023-07-12,13:53:00,13,Wednesday,July,ATTEMPT ARMED - HANDGUN
13288528,JG517605,2023-11-26 00:06:00+00:00,031XX W EASTWOOD AVE,BATTERY,DOMESTIC BATTERY SIMPLE,APARTMENT,False,True,1713,17,33,14,08B,41.96559547,-87.70722585,2023,2023-11-26,00:06:00,0,Sunday,November,DOMESTIC BATTERY SIMPLE
13280078,JG507643,2023-11-17 09:15:00+00:00,032XX W LAWRENCE AVE,ASSAULT,SIMPLE,STREET,False,False,1713,17,33,14,08A,41.96844544,-87.70901078,2023,2023-11-17,09:15:00,9,Friday,November,SIMPLE
13226616,JG443296,2023-09-28 19:30:00+00:00,029XX W WILSON AVE,THEFT,OVER $500,STREET,False,False,1713,17,40,14,06,41.9647536,-87.70132523,2023,2023-09-28,19:30:00,19,Thursday,September,OVER $500
13243950,JG464315,2023-10-13 11:09:00+00:00,029XX W LAWRENCE AVE,THEFT,OVER $500,COMMERCIAL / BUSINESS OFFICE,False,False,1713,17,40,14,06,41.96849859,-87.70316725,2023,2023-10-13,11:09:00,11,Friday,October,OVER $500
13045465,JG227010,2023-04-17 04:00:00+00:00,030XX W WILSON AVE,THEFT,OVER $500,STREET,False,False,1713,17,33,14,06,41.96473579,-87.70407944,2023,2023-04-17,04:00:00,4,Monday,April,OVER $500
13176292,JG383204,2023-08-14 18:00:00+00:00,033XX W WILSON AVE,THEFT,$500 AND UNDER,STREET,False,False,1713,17,33,14,06,41.96466666,-87.71255181,2023,2023-08-14,18:00:00,18,Monday,August,$500 AND UNDER
13238521,JG457703,2023-10-09 17:00:00+00:00,030XX W LAWRENCE AVE,CRIMINAL DAMAGE,TO PROPERTY,AUTO / BOAT / RV DEALERSHIP,False,False,1713,17,33,14,14,41.96848231,-87.70520456,2023,2023-10-09,17:00:00,17,Monday,October,TO PROPERTY
13238543,JG457842,2023-10-10 01:00:00+00:00,046XX N MANOR AVE,CRIMINAL DAMAGE,TO PROPERTY,RESIDENCE,False,False,1713,17,40,14,14,41.96639981,-87.70126851,2023,2023-10-10,01:00:00,1,Tuesday,October,TO PROPERTY
13117245,JG313107,2023-06-23 18:09:00+00:00,046XX W MONTROSE AVE,BATTERY,SIMPLE,CTA STATION,False,False,1722,17,39,16,08B,41.96077817,-87.74273134,2023,2023-06-23,18:09:00,18,Friday,June,SIMPLE
13069088,JG255933,2023-05-10 22:00:00+00:00,040XX N PULASKI RD,BATTERY,DOMESTIC BATTERY SIMPLE,SIDEWALK,True,True,1722,17,39,16,08B,41.95421769,-87.72763433,2023,2023-05-10,22:00:00,22,Wednesday,May,DOMESTIC BATTERY SIMPLE
13218641,JG433995,2023-09-22 03:05:00+00:00,044XX W MONTROSE AVE,THEFT,OVER $500,STREET,False,False,1722,17,39,16,06,41.960816,-87.73942561,2023,2023-09-22,03:05:00,3,Friday,September,OVER $500
13225688,JG442220,2023-09-27 21:00:00+00:00,040XX N KOLMAR AVE,THEFT,OVER $500,STREET,False,False,1722,17,45,16,06,41.95425027,-87.74177694,2023,2023-09-27,21:00:00,21,Wednesday,September,OVER $500
13301856,JG532895,2023-12-01 20:10:00+00:00,040XX N KEYSTONE AVE,THEFT,OVER $500,APARTMENT,False,False,1722,17,39,16,06,41.95433315,-87.72923613,2023,2023-12-01,20:10:00,20,Friday,December,OVER $500
13184171,JG392676,2023-08-19 09:00:00+00:00,043XX N CICERO AVE,THEFT,OVER $500,PARKING LOT / GARAGE (NON RESIDENTIAL),False,False,1722,17,45,15,06,41.95912582,-87.74748577,2023,2023-08-19,09:00:00,9,Saturday,August,OVER $500
13288174,JG517296,2023-11-25 17:42:00+00:00,046XX W IRVING PARK RD,THEFT,RETAIL THEFT,DEPARTMENT STORE,False,False,1722,17,45,15,06,41.95347181,-87.74355244,2023,2023-11-25,17:42:00,17,Saturday,November,RETAIL THEFT
13299799,JG531332,2023-12-05 17:35:00+00:00,046XX W IRVING PARK RD,THEFT,RETAIL THEFT,SMALL RETAIL STORE,False,False,1722,17,45,15,06,41.95347181,-87.74355244,2023,2023-12-05,17:35:00,17,Tuesday,December,RETAIL THEFT
12990176,JG161301,2023-02-21 21:03:00+00:00,046XX W IRVING PARK RD,THEFT,RETAIL THEFT,GROCERY FOOD STORE,False,False,1722,17,45,15,06,41.95344334,-87.74495705,2023,2023-02-21,21:03:00,21,Tuesday,February,RETAIL THEFT
13101514,JG294627,2023-04-11 19:00:00+00:00,041XX W BELLE PLAINE AVE,THEFT,FROM BUILDING,APARTMENT,False,False,1722,17,39,16,06,41.95545152,-87.73003805,2023,2023-04-11,19:00:00,19,Tuesday,April,FROM BUILDING
13267742,JG493342,2023-11-06 08:47:00+00:00,042XX N CICERO AVE,CRIMINAL DAMAGE,TO PROPERTY,RESTAURANT,False,False,1722,17,45,15,14,41.95825299,-87.74745332,2023,2023-11-06,08:47:00,8,Monday,November,TO PROPERTY
13105786,JG299830,2023-06-13 14:00:00+00:00,047XX W BELLE PLAINE AVE,CRIMINAL DAMAGE,TO PROPERTY,RESIDENCE,False,False,1722,17,45,15,14,41.9554863,-87.74627648,2023,2023-06-13,14:00:00,14,Tuesday,June,TO PROPERTY
13324574,JG561175,2023-12-24 12:00:00+00:00,040XX N KILBOURN AVE,CRIMINAL DAMAGE,TO VEHICLE,STREET,False,False,1722,17,45,16,14,41.95436467,-87.74054798,2023,2023-12-24,12:00:00,12,Sunday,December,TO VEHICLE
13210415,JG423815,2023-09-13 21:00:00+00:00,035XX W MONTROSE AVE,ROBBERY,ARMED - HANDGUN,STREET,False,False,1723,17,33,16,03,41.9610777,-87.71722302,2023,2023-09-13,21:00:00,21,Wednesday,September,ARMED - HANDGUN
13161608,JG364699,2023-08-01 11:00:00+00:00,041XX N PULASKI RD,BATTERY,"AGGRAVATED - HANDS, FISTS, FEET, NO / MINOR INJURY",SIDEWALK,False,False,1723,17,39,16,08B,41.95600717,-87.72768356,2023,2023-08-01,11:00:00,11,Tuesday,August,AGGRAVATED
13143111,JG344099,2023-07-16 01:00:00+00:00,041XX N ELSTON AVE,BATTERY,SIMPLE,APARTMENT,False,True,1723,17,39,16,08B,41.95710814,-87.72415471,2023,2023-07-16,01:00:00,1,Sunday,July,SIMPLE
13067915,JG254434,2023-05-09 19:01:00+00:00,046XX N LAWNDALE AVE,BATTERY,DOMESTIC BATTERY SIMPLE,APARTMENT,True,True,1723,17,33,14,08B,41.96528347,-87.72060577,2023,2023-05-09,19:01:00,19,Tuesday,May,DOMESTIC BATTERY SIMPLE
13228674,JG445757,2023-09-30 23:00:00+00:00,042XX N BERNARD ST,ASSAULT,AGGRAVATED - HANDGUN,APARTMENT,False,False,1723,17,33,16,04A,41.95795261,-87.71426775,2023,2023-09-30,23:00:00,23,Saturday,September,AGGRAVATED
12997023,JG169725,2023-02-28 23:26:00+00:00,044XX N PULASKI RD,ASSAULT,AGGRAVATED - OTHER DANGEROUS WEAPON,SMALL RETAIL STORE,False,False,1723,17,35,14,04A,41.96134274,-87.72783893,2023,2023-02-28,23:26:00,23,Tuesday,February,AGGRAVATED
12990297,JG161422,2023-02-22 03:15:00+00:00,034XX W CULLOM AVE,ASSAULT,SIMPLE,STREET,False,False,1723,17,35,16,08A,41.95930901,-87.71339061,2023,2023-02-22,03:15:00,3,Wednesday,February,SIMPLE
13021975,JG199539,2023-03-26 10:10:00+00:00,037XX W MONTROSE AVE,ASSAULT,SIMPLE,CONVENIENCE STORE,False,False,1723,17,35,16,08A,41.96101664,-87.72222764,2023,2023-03-26,10:10:00,10,Sunday,March,SIMPLE
13095483,JG287395,2023-06-04 06:30:00+00:00,037XX W SUNNYSIDE AVE,ASSAULT,SIMPLE,APARTMENT,True,True,1723,17,33,14,08A,41.96284966,-87.72117693,2023,2023-06-04,06:30:00,6,Sunday,June,SIMPLE
13229933,JG446240,2023-10-01 04:00:00+00:00,037XX W WINDSOR AVE,THEFT,OVER $500,APARTMENT,False,True,1723,17,33,14,06,41.96375171,-87.72205811,2023,2023-10-01,04:00:00,4,Sunday,October,OVER $500
13119240,JG315214,2023-06-22 15:30:00+00:00,046XX N MONTICELLO AVE,THEFT,OVER $500,STREET,False,False,1723,17,33,14,06,41.96520833,-87.71938205,2023,2023-06-22,15:30:00,15,Thursday,June,OVER $500
13195178,JG405402,2023-08-29 14:50:00+00:00,037XX W SUNNYSIDE AVE,THEFT,OVER $500,RESIDENCE - PORCH / HALLWAY,False,False,1723,17,33,14,06,41.96284188,-87.72177633,2023,2023-08-29,14:50:00,14,Tuesday,August,OVER $500
12949457,JG112808,2023-01-11 06:00:00+00:00,047XX N PULASKI RD,THEFT,$500 AND UNDER,PARKING LOT / GARAGE (NON RESIDENTIAL),False,False,1723,17,39,14,06,41.96793528,-87.7280192,2023,2023-01-11,06:00:00,6,Wednesday,January,$500 AND UNDER
13046205,JG228319,2023-04-18 14:43:00+00:00,044XX N KIMBALL AVE,THEFT,$500 AND UNDER,RESIDENCE - PORCH / HALLWAY,False,False,1723,17,35,14,06,41.96210691,-87.71316862,2023,2023-04-18,14:43:00,14,Tuesday,April,$500 AND UNDER
13077854,JG266380,2023-05-19 07:45:00+00:00,036XX W WILSON AVE,CRIMINAL DAMAGE,TO VEHICLE,STREET,False,False,1723,17,33,14,14,41.96470341,-87.71887213,2023,2023-05-19,07:45:00,7,Friday,May,TO VEHICLE
13174568,JG381190,2023-08-13 14:18:00+00:00,043XX N SPAULDING AVE,ROBBERY,ARMED - HANDGUN,STREET,False,False,1724,17,33,16,03,41.96053196,-87.71067638,2023,2023-08-13,14:18:00,14,Sunday,August,ARMED - HANDGUN
13012411,JG187997,2023-03-16 15:31:00+00:00,043XX N WHIPPLE ST,BATTERY,SIMPLE,STREET,False,False,1724,17,33,16,08B,41.96022141,-87.70455036,2023,2023-03-16,15:31:00,15,Thursday,March,SIMPLE
13151121,JG353598,2023-07-24 07:20:00+00:00,043XX N TROY ST,BATTERY,SIMPLE,STREET,False,False,1724,17,33,16,08B,41.96028965,-87.70699469,2023,2023-07-24,07:20:00,7,Monday,July,SIMPLE
13224087,JG440087,2023-09-26 15:05:00+00:00,031XX W SUNNYSIDE AVE,BATTERY,DOMESTIC BATTERY SIMPLE,APARTMENT,False,True,1724,17,33,14,08B,41.96302754,-87.70633913,2023,2023-09-26,15:05:00,15,Tuesday,September,DOMESTIC BATTERY SIMPLE
12965452,JG131815,2023-01-27 16:30:00+00:00,040XX N KEDZIE AVE,ASSAULT,SIMPLE,SMALL RETAIL STORE,False,False,1724,17,33,16,08A,41.95461481,-87.70803552,2023,2023-01-27,16:30:00,16,Friday,January,SIMPLE
13264139,JG488708,2023-11-01 22:00:00+00:00,042XX N FRANCISCO AVE,THEFT,OVER $500,VEHICLE NON-COMMERCIAL,False,False,1724,17,33,16,06,41.95829917,-87.70081914,2023,2023-11-01,22:00:00,22,Wednesday,November,OVER $500
12945319,JG107726,2023-01-07 12:00:00+00:00,045XX N KEDZIE AVE,THEFT,$500 AND UNDER,APARTMENT,False,False,1724,17,33,14,06,41.96358994,-87.70832281,2023,2023-01-07,12:00:00,12,Saturday,January,$500 AND UNDER
13033185,JG212732,2023-04-06 03:30:00+00:00,042XX N KEDZIE AVE,CRIMINAL DAMAGE,TO PROPERTY,SMALL RETAIL STORE,False,False,1724,17,33,16,14,41.95842992,-87.70815632,2023,2023-04-06,03:30:00,3,Thursday,April,TO PROPERTY
13203769,JG415848,2023-09-08 00:00:00+00:00,032XX N PULASKI RD,BATTERY,AGGRAVATED - OTHER DANGEROUS WEAPON,STREET,False,False,1731,17,30,16,04B,41.93932248,-87.72719091,2023,2023-09-08,00:00:00,0,Friday,September,AGGRAVATED
13075228,JG262805,2023-05-16 13:15:00+00:00,036XX N MILWAUKEE AVE,BATTERY,SIMPLE,SCHOOL - PUBLIC GROUNDS,False,False,1731,17,30,16,08B,41.94654248,-87.73608438,2023,2023-05-16,13:15:00,13,Tuesday,May,SIMPLE
13201513,JG413337,2023-09-06 10:10:00+00:00,035XX N CICERO AVE,BATTERY,SIMPLE,ALLEY,False,False,1731,17,30,15,08B,41.94559185,-87.74704729,2023,2023-09-06,10:10:00,10,Wednesday,September,SIMPLE
13038777,JG219037,2023-04-10 20:30:00+00:00,033XX N KEYSTONE AVE,BATTERY,DOMESTIC BATTERY SIMPLE,ALLEY,False,True,1731,17,30,16,08B,41.94118985,-87.72847806,2023,2023-04-10,20:30:00,20,Monday,April,DOMESTIC BATTERY SIMPLE
13201177,JG412944,2023-09-05 23:30:00+00:00,034XX N PULASKI RD,BATTERY,DOMESTIC BATTERY SIMPLE,APARTMENT,False,True,1731,17,30,16,08B,41.94438634,-87.72733776,2023,2023-09-05,23:30:00,23,Tuesday,September,DOMESTIC BATTERY SIMPLE
13071076,JG257485,2023-05-10 19:00:00+00:00,041XX W MELROSE ST,THEFT,OVER $500,STREET,False,False,1731,17,30,16,06,41.93996002,-87.73048549,2023,2023-05-10,19:00:00,19,Wednesday,May,OVER $500
13014294,JG190496,2023-03-18 17:45:00+00:00,039XX N CICERO AVE,THEFT,RETAIL THEFT,DEPARTMENT STORE,False,False,1731,17,45,15,06,41.95218468,-87.74728465,2023,2023-03-18,17:45:00,17,Saturday,March,RETAIL THEFT
13310250,JG544096,2023-12-17 04:40:00+00:00,033XX N KEATING AVE,CRIMINAL DAMAGE,TO PROPERTY,APARTMENT,False,False,1731,17,30,15,14,41.94161467,-87.74527899,2023,2023-12-17,04:40:00,4,Sunday,December,TO PROPERTY
13055025,JG237931,2023-04-26 11:57:00+00:00,038XX N CICERO AVE,CRIMINAL DAMAGE,TO PROPERTY,RESTAURANT,False,False,1731,17,45,15,14,41.95097429,-87.74724795,2023,2023-04-26,11:57:00,11,Wednesday,April,TO PROPERTY
13284523,JG513039,2023-11-18 02:00:00+00:00,047XX W ROSCOE ST,CRIMINAL DAMAGE,TO VEHICLE,APARTMENT,False,True,1731,17,30,15,14,41.94249299,-87.745848,2023,2023-11-18,02:00:00,2,Saturday,November,TO VEHICLE
13060046,JG244854,2023-05-02 06:45:00+00:00,033XX N HAMLIN AVE,ROBBERY,STRONG ARM - NO WEAPON,TAXICAB,False,False,1732,17,30,21,03,41.94167341,-87.72236827,2023,2023-05-02,06:45:00,6,Tuesday,May,STRONG ARM - NO WEAPON
13203157,JG415111,2023-09-07 14:40:00+00:00,036XX W CORNELIA AVE,BATTERY,SIMPLE,RESIDENCE,False,False,1732,17,30,21,08B,41.94466149,-87.71921164,2023,2023-09-07,14:40:00,14,Thursday,September,SIMPLE
13080322,JG269261,2023-05-21 15:13:00+00:00,036XX W ADDISON ST,BATTERY,SIMPLE,CTA BUS,False,False,1732,17,30,16,08B,41.94648894,-87.7186611,2023,2023-05-21,15:13:00,15,Sunday,May,SIMPLE
13190215,JG399895,2023-08-27 14:30:00+00:00,036XX W ADDISON ST,BATTERY,SIMPLE,CTA TRAIN,False,False,1732,17,30,16,08B,41.94648894,-87.7186611,2023,2023-08-27,14:30:00,14,Sunday,August,SIMPLE
12992959,JG164761,2023-02-24 21:20:00+00:00,038XX N CENTRAL PARK AVE,BATTERY,DOMESTIC BATTERY SIMPLE,APARTMENT,False,True,1732,17,45,16,08B,41.95100645,-87.71773542,2023,2023-02-24,21:20:00,21,Friday,February,DOMESTIC BATTERY SIMPLE
12964557,JG130693,2023-01-26 14:50:00+00:00,034XX W ADDISON ST,ASSAULT,AGGRAVATED - HANDGUN,STREET,False,False,1732,17,35,21,04A,41.94656289,-87.71302155,2023,2023-01-26,14:50:00,14,Thursday,January,AGGRAVATED
13221957,JG437758,2023-09-23 19:00:00+00:00,038XX N HAMLIN AVE,ASSAULT,SIMPLE,OTHER RAILROAD PROPERTY / TRAIN DEPOT,False,False,1732,17,30,16,08A,41.95055505,-87.72262167,2023,2023-09-23,19:00:00,19,Saturday,September,SIMPLE
13244981,JG465614,2023-10-13 12:00:00+00:00,037XX W CORNELIA AVE,THEFT,OVER $500,STREET,False,False,1732,17,30,21,06,41.94464022,-87.72088066,2023,2023-10-13,12:00:00,12,Friday,October,OVER $500
12958545,JG123543,2023-01-20 14:00:00+00:00,039XX N LAWNDALE AVE,THEFT,OVER $500,SCHOOL - PUBLIC GROUNDS,False,False,1732,17,45,16,06,41.95238912,-87.72022196,2023,2023-01-20,14:00:00,14,Friday,January,OVER $500
13083945,JG273719,2023-05-23 21:00:00+00:00,033XX N SPRINGFIELD AVE,THEFT,OVER $500,STREET,False,False,1732,17,30,21,06,41.94149427,-87.72480692,2023,2023-05-23,21:00:00,21,Tuesday,May,OVER $500
13239971,JG459396,2023-10-11 11:30:00+00:00,032XX N KIMBALL AVE,THEFT,RETAIL THEFT,SMALL RETAIL STORE,False,False,1732,17,35,21,06,41.93976548,-87.71251772,2023,2023-10-11,11:30:00,11,Wednesday,October,RETAIL THEFT
13308007,JG540497,2023-12-14 06:14:00+00:00,035XX N KIMBALL AVE,THEFT,RETAIL THEFT,DEPARTMENT STORE,False,False,1732,17,35,21,06,41.94523828,-87.71267048,2023,2023-12-14,06:14:00,6,Thursday,December,RETAIL THEFT
13005402,JG179606,2023-03-09 14:30:00+00:00,035XX N KIMBALL AVE,THEFT,RETAIL THEFT,DEPARTMENT STORE,True,False,1732,17,35,21,06,41.94523828,-87.71267048,2023,2023-03-09,14:30:00,14,Thursday,March,RETAIL THEFT
13180954,JG388771,2023-08-19 08:37:00+00:00,032XX N MILWAUKEE AVE,THEFT,RETAIL THEFT,DEPARTMENT STORE,False,False,1732,17,30,21,06,41.93956685,-87.72462309,2023,2023-08-19,08:37:00,8,Saturday,August,RETAIL THEFT
13088853,JG279234,2023-05-29 03:56:00+00:00,028XX W BYRON ST,BATTERY,DOMESTIC BATTERY SIMPLE,APARTMENT,False,True,1733,17,33,16,08B,41.95214456,-87.69994256,2023,2023-05-29,03:56:00,3,Monday,May,DOMESTIC BATTERY SIMPLE
13300003,JG530954,2023-12-06 13:00:00+00:00,038XX N CALIFORNIA AVE,ASSAULT,SIMPLE,NURSING / RETIREMENT HOME,False,False,1733,17,35,16,08A,41.95078177,-87.69815106,2023,2023-12-06,13:00:00,13,Wednesday,December,SIMPLE
13042915,JG224230,2023-04-14 23:00:00+00:00,039XX N MOZART ST,THEFT,OVER $500,STREET,False,False,1733,17,33,16,06,41.95286347,-87.69943179,2023,2023-04-14,23:00:00,23,Friday,April,OVER $500
13148586,JG349781,2023-07-18 11:22:00+00:00,032XX N ELSTON AVE,THEFT,OVER $500,STREET,False,False,1733,17,33,21,06,41.93989774,-87.69906035,2023,2023-07-18,11:22:00,11,Tuesday,July,OVER $500
13294033,JG524253,2023-11-29 18:59:00+00:00,033XX N TROY ST,THEFT,$500 AND UNDER,STREET,False,False,1733,17,33,21,06,41.94165911,-87.70647868,2023,2023-11-29,18:59:00,18,Wednesday,November,$500 AND UNDER
13264117,JG488597,2023-11-02 13:50:00+00:00,029XX W ADDISON ST,THEFT,RETAIL THEFT,SMALL RETAIL STORE,False,False,1733,17,33,21,06,41.94665304,-87.70087546,2023,2023-11-02,13:50:00,13,Thursday,November,RETAIL THEFT
12938483,JG100213,2023-01-01 03:18:00+00:00,031XX W IRVING PARK RD,THEFT,RETAIL THEFT,DRUG STORE,False,False,1733,17,33,16,06,41.95392479,-87.707307,2023,2023-01-01,03:18:00,3,Sunday,January,RETAIL THEFT
13308396,JG538168,2023-06-01 00:00:00+00:00,033XX N ALBANY AVE,CRIMINAL DAMAGE,TO PROPERTY,APARTMENT,False,False,1733,17,33,21,14,41.94156177,-87.70523728,2023,2023-06-01,00:00:00,0,Thursday,June,TO PROPERTY
13035708,JG215575,2023-04-08 15:54:00+00:00,029XX W ADDISON ST,CRIMINAL DAMAGE,TO CITY OF CHICAGO PROPERTY,STREET,False,False,1733,17,33,21,14,41.9466553,-87.70078722,2023,2023-04-08,15:54:00,15,Saturday,April,TO CITY OF CHICAGO PROPERTY
13105761,JG299832,2023-06-10 21:36:00+00:00,022XX N SHEFFIELD AVE,ASSAULT,SIMPLE,SCHOOL - PRIVATE GROUNDS,False,False,1811,18,43,7,08A,41.9226559,-87.65351999,2023,2023-06-10,21:36:00,21,Saturday,June,SIMPLE
13278472,JG504733,2023-11-10 13:30:00+00:00,020XX N Racine Ave,THEFT,$500 AND UNDER,RESIDENCE - PORCH / HALLWAY,False,False,1811,18,43,7,06,41.91891325,-87.65825181,2023,2023-11-10,13:30:00,13,Friday,November,$500 AND UNDER
13281189,JG508954,2023-11-17 22:15:00+00:00,022XX N CLIFTON AVE,THEFT,$500 AND UNDER,RESIDENCE,False,False,1811,18,43,7,06,41.92237547,-87.65714971,2023,2023-11-17,22:15:00,22,Friday,November,$500 AND UNDER
12993596,JG165685,2023-02-25 14:30:00+00:00,018XX N CLYBOURN AVE,THEFT,RETAIL THEFT,SMALL RETAIL STORE,False,False,1811,18,2,7,06,41.9140356,-87.65386865,2023,2023-02-25,14:30:00,14,Saturday,February,RETAIL THEFT
13003737,JG177777,2023-03-07 18:45:00+00:00,014XX W SHAKESPEARE AVE,CRIMINAL DAMAGE,TO VEHICLE,STREET,False,False,1811,18,2,7,14,41.92072965,-87.66429913,2023,2023-03-07,18:45:00,18,Tuesday,March,TO VEHICLE
12943277,JG105757,2023-01-03 14:54:00+00:00,009XX W FULLERTON AVE,BATTERY,SIMPLE,CTA TRAIN,False,False,1812,18,43,7,08B,41.9253986,-87.65233702,2023,2023-01-03,14:54:00,14,Tuesday,January,SIMPLE
13056026,JG240048,2023-04-27 23:40:00+00:00,009XX W FULLERTON AVE,BATTERY,SIMPLE,CTA TRAIN,False,False,1812,18,43,7,08B,41.92539845,-87.6523113,2023,2023-04-27,23:40:00,23,Thursday,April,SIMPLE
12982033,JG151635,2023-01-31 19:00:00+00:00,022XX N BISSELL ST,THEFT,OVER $500,STREET,False,False,1812,18,43,7,06,41.92230836,-87.65229639,2023,2023-01-31,19:00:00,19,Tuesday,January,OVER $500
13262898,JG487074,2023-10-28 16:47:00+00:00,009XX W FULLERTON AVE,THEFT,FROM BUILDING,SCHOOL - PRIVATE GROUNDS,False,False,1812,18,43,7,06,41.9254006,-87.65221206,2023,2023-10-28,16:47:00,16,Saturday,October,FROM BUILDING
13288378,JG517446,2023-11-25 19:30:00+00:00,022XX N LINCOLN AVE,THEFT,FROM BUILDING,RESTAURANT,False,False,1812,18,43,7,06,41.92264261,-87.64484089,2023,2023-11-25,19:30:00,19,Saturday,November,FROM BUILDING
13094452,JG286125,2023-05-26 20:30:00+00:00,017XX N HUDSON AVE,THEFT,OVER $500,STREET,False,False,1813,18,43,7,06,41.91325215,-87.63987172,2023,2023-05-26,20:30:00,20,Friday,May,OVER $500
13144814,JG346106,2023-07-15 13:00:00+00:00,019XX N DAYTON ST,THEFT,OVER $500,STREET,False,False,1813,18,43,7,06,41.91690043,-87.64968275,2023,2023-07-15,13:00:00,13,Saturday,July,OVER $500
13109050,JG303525,2023-06-15 21:20:00+00:00,009XX W WILLOW ST,THEFT,$500 AND UNDER,STREET,False,False,1813,18,43,7,06,41.91378583,-87.65108272,2023,2023-06-15,21:20:00,21,Thursday,June,$500 AND UNDER
13037467,JG217402,2023-04-09 19:00:00+00:00,017XX N CLYBOURN AVE,CRIMINAL DAMAGE,TO VEHICLE,PARKING LOT / GARAGE (NON RESIDENTIAL),False,False,1813,18,2,7,14,41.9126161,-87.65189243,2023,2023-04-09,19:00:00,19,Sunday,April,TO VEHICLE
13307779,JG539985,2023-12-13 18:18:00+00:00,018XX N CLARK ST,ASSAULT,SIMPLE,HOTEL / MOTEL,False,False,1814,18,43,7,08A,41.91525907,-87.63413676,2023,2023-12-13,18:18:00,18,Wednesday,December,SIMPLE
13239656,JG457516,2023-10-09 21:26:00+00:00,002XX W NORTH AVE,THEFT,$500 AND UNDER,ATHLETIC CLUB,False,False,1814,18,2,7,06,41.91115121,-87.63598179,2023,2023-10-09,21:26:00,21,Monday,October,$500 AND UNDER
13287062,JG515961,2023-11-21 18:00:00+00:00,003XX W CONCORD PL,THEFT,$500 AND UNDER,STREET,False,False,1814,18,2,7,06,41.91210356,-87.63735649,2023,2023-11-21,18:00:00,18,Tuesday,November,$500 AND UNDER
12940515,JG102530,2023-01-03 07:00:00+00:00,002XX W NORTH AVE,THEFT,$500 AND UNDER,OTHER (SPECIFY),False,False,1814,18,2,7,06,41.91114869,-87.63601856,2023,2023-01-03,07:00:00,7,Tuesday,January,$500 AND UNDER
13225143,JG441646,2023-09-27 18:43:00+00:00,021XX N CLARK ST,THEFT,FROM BUILDING,RESTAURANT,False,False,1814,18,43,7,06,41.92076283,-87.63756003,2023,2023-09-27,18:43:00,18,Wednesday,September,FROM BUILDING
13093727,JG285224,2023-05-23 12:00:00+00:00,018XX N CLARK ST,THEFT,FROM BUILDING,APARTMENT,False,False,1814,18,43,7,06,41.91600278,-87.63459159,2023,2023-05-23,12:00:00,12,Tuesday,May,FROM BUILDING
13092581,JG283708,2023-05-30 15:20:00+00:00,014XX N HUDSON AVE,BATTERY,SIMPLE,SCHOOL - PUBLIC BUILDING,False,False,1821,18,27,8,08B,41.90818535,-87.63971348,2023,2023-05-30,15:20:00,15,Tuesday,May,SIMPLE
13188385,JG396497,2023-08-24 22:15:00+00:00,015XX N WELLS ST,BATTERY,SIMPLE,SIDEWALK,False,False,1821,18,2,8,08B,41.90992481,-87.63467257,2023,2023-08-24,22:15:00,22,Thursday,August,SIMPLE
13221786,JG437459,2023-09-24 03:00:00+00:00,013XX N HUDSON AVE,BATTERY,AGGRAVATED DOMESTIC BATTERY - OTHER DANGEROUS WEAPON,STREET,False,True,1821,18,27,8,04B,41.90715332,-87.63968057,2023,2023-09-24,03:00:00,3,Sunday,September,AGGRAVATED
12969315,JG136415,2023-01-31 19:24:00+00:00,014XX N SEDGWICK ST,ASSAULT,SIMPLE,SIDEWALK,False,True,1821,18,27,8,08A,41.90843054,-87.63850953,2023,2023-01-31,19:24:00,19,Tuesday,January,SIMPLE
13102406,JG295645,2023-06-09 13:00:00+00:00,013XX N HUDSON AVE,ASSAULT,SIMPLE,SIDEWALK,False,False,1821,18,27,8,08A,41.90715332,-87.63968057,2023,2023-06-09,13:00:00,13,Friday,June,SIMPLE
13290970,JG520588,2023-11-25 16:00:00+00:00,015XX N WELLS ST,THEFT,OVER $500,SIDEWALK,False,False,1821,18,2,8,06,41.9102926,-87.63468326,2023,2023-11-25,16:00:00,16,Saturday,November,OVER $500
13297085,JG528106,2023-09-01 18:00:00+00:00,012XX N CLARK ST,THEFT,OVER $500,CTA STATION,False,True,1821,18,2,8,06,41.90437011,-87.63146007,2023,2023-09-01,18:00:00,18,Friday,September,OVER $500
13126061,JG323900,2023-06-30 11:00:00+00:00,012XX N CLYBOURN AVE,THEFT,OVER $500,APARTMENT,False,False,1821,18,27,8,06,41.90457987,-87.6406966,2023,2023-06-30,11:00:00,11,Friday,June,OVER $500
12968728,JG133693,2023-01-28 21:00:00+00:00,001XX W GERMANIA PL,THEFT,$500 AND UNDER,STREET,False,False,1821,18,2,8,06,41.91037682,-87.63184247,2023,2023-01-28,21:00:00,21,Saturday,January,$500 AND UNDER
13016245,JG191851,2023-02-21 17:00:00+00:00,014XX N CLEVELAND AVE,THEFT,$500 AND UNDER,DRIVEWAY - RESIDENTIAL,False,False,1821,18,27,8,06,41.90832165,-87.64092801,2023,2023-02-21,17:00:00,17,Tuesday,February,$500 AND UNDER
12979719,JG148667,2023-02-11 10:45:00+00:00,004XX W DIVISION ST,THEFT,RETAIL THEFT,GROCERY FOOD STORE,False,False,1821,18,27,8,06,41.90377576,-87.63932407,2023,2023-02-11,10:45:00,10,Saturday,February,RETAIL THEFT
13264448,JG488395,2023-11-02 06:35:00+00:00,003XX W DIVISION ST,THEFT,FROM BUILDING,APARTMENT,False,False,1821,18,2,8,06,41.90382411,-87.63643255,2023,2023-11-02,06:35:00,6,Thursday,November,FROM BUILDING
13254630,JG476219,2023-10-22 12:00:00+00:00,004XX W DIVISION ST,CRIMINAL DAMAGE,TO PROPERTY,GROCERY FOOD STORE,False,False,1821,18,27,8,14,41.90377576,-87.63932407,2023,2023-10-22,12:00:00,12,Sunday,October,TO PROPERTY
13128273,JG325660,2023-07-02 21:00:00+00:00,014XX N ORLEANS ST,CRIMINAL DAMAGE,TO VEHICLE,STREET,False,False,1821,18,27,8,14,41.90848233,-87.63754645,2023,2023-07-02,21:00:00,21,Sunday,July,TO VEHICLE
12975894,JG144104,2023-02-07 14:55:00+00:00,009XX N KINGSBURY ST,ROBBERY,AGGRAVATED,SIDEWALK,False,False,1822,18,27,8,03,41.89868035,-87.64398538,2023,2023-02-07,14:55:00,14,Tuesday,February,AGGRAVATED
13278307,JG505628,2023-11-15 11:48:00+00:00,006XX W DIVISION ST,ASSAULT,SIMPLE,APARTMENT,False,True,1822,18,27,8,08A,41.90370011,-87.64407833,2023,2023-11-15,11:48:00,11,Wednesday,November,SIMPLE
13204600,JG416988,2023-09-08 19:20:00+00:00,009XX W WEED ST,THEFT,OVER $500,STREET,False,False,1822,18,27,8,06,41.90980431,-87.65160639,2023,2023-09-08,19:20:00,19,Friday,September,OVER $500
13099007,JG291665,2023-06-07 08:30:00+00:00,014XX N LARRABEE ST,THEFT,OVER $500,STREET,False,False,1822,18,27,8,06,41.90740854,-87.64332575,2023,2023-06-07,08:30:00,8,Wednesday,June,OVER $500
13042323,JG223552,2023-04-14 11:00:00+00:00,011XX N HOWE ST,THEFT,$500 AND UNDER,STREET,False,False,1822,18,27,8,06,41.90301358,-87.64445672,2023,2023-04-14,11:00:00,11,Friday,April,$500 AND UNDER
13228390,JG445091,2023-09-26 18:43:00+00:00,015XX N CLYBOURN AVE,THEFT,RETAIL THEFT,DEPARTMENT STORE,False,False,1822,18,27,8,06,41.90928995,-87.64725845,2023,2023-09-26,18:43:00,18,Tuesday,September,RETAIL THEFT
13290306,JG518793,2023-11-24 19:03:00+00:00,015XX N CLYBOURN AVE,THEFT,RETAIL THEFT,DEPARTMENT STORE,False,False,1822,18,27,8,06,41.90928995,-87.64725845,2023,2023-11-24,19:03:00,19,Friday,November,RETAIL THEFT
13007247,JG182118,2023-03-11 17:30:00+00:00,009XX W WEED ST,THEFT,RETAIL THEFT,DEPARTMENT STORE,False,False,1822,18,27,8,06,41.90980431,-87.65160639,2023,2023-03-11,17:30:00,17,Saturday,March,RETAIL THEFT
13010388,JG184826,2023-03-08 18:09:00+00:00,015XX N KINGSBURY ST,THEFT,RETAIL THEFT,SMALL RETAIL STORE,False,False,1822,18,27,8,06,41.91021653,-87.65355647,2023,2023-03-08,18:09:00,18,Wednesday,March,RETAIL THEFT
13306662,JG539756,2023-12-13 15:00:00+00:00,015XX N CLYBOURN AVE,THEFT,FROM BUILDING,RESTAURANT,False,False,1822,18,27,8,06,41.90928995,-87.64725845,2023,2023-12-13,15:00:00,15,Wednesday,December,FROM BUILDING
13118192,JG314072,2023-06-17 09:30:00+00:00,009XX W WEED ST,CRIMINAL DAMAGE,CRIMINAL DEFACEMENT,SMALL RETAIL STORE,False,False,1822,18,27,8,14,41.90980431,-87.65160639,2023,2023-06-17,09:30:00,9,Saturday,June,CRIMINAL DEFACEMENT
12965966,JG132131,2023-01-27 22:00:00+00:00,004XX W DIVISION ST,BATTERY,DOMESTIC BATTERY SIMPLE,CHA APARTMENT,False,True,1823,18,27,8,08B,41.90375986,-87.6403271,2023,2023-01-27,22:00:00,22,Friday,January,DOMESTIC BATTERY SIMPLE
13047021,JG229264,2023-04-19 10:00:00+00:00,002XX W HILL ST,BATTERY,DOMESTIC BATTERY SIMPLE,RESIDENCE - GARAGE,False,True,1823,18,27,8,08B,41.90209473,-87.63499303,2023,2023-04-19,10:00:00,10,Wednesday,April,DOMESTIC BATTERY SIMPLE
13112710,JG307907,2023-06-19 17:00:00+00:00,002XX W DIVISION ST,ASSAULT,AGGRAVATED - OTHER DANGEROUS WEAPON,STREET,False,False,1823,18,27,8,04A,41.9038502,-87.63485635,2023,2023-06-19,17:00:00,17,Monday,June,AGGRAVATED
13030919,JG210195,2023-04-04 00:30:00+00:00,003XX W DIVISION ST,THEFT,OVER $500,APARTMENT,False,False,1823,18,27,8,06,41.90382797,-87.63616434,2023,2023-04-04,00:30:00,0,Tuesday,April,OVER $500
13029092,JG208081,2023-04-01 17:00:00+00:00,008XX N FRANKLIN ST,THEFT,$500 AND UNDER,PARKING LOT / GARAGE (NON RESIDENTIAL),False,False,1823,18,2,8,06,41.89793073,-87.63573262,2023,2023-04-01,17:00:00,17,Saturday,April,$500 AND UNDER
13278103,JG505372,2023-11-14 12:55:00+00:00,008XX N LARRABEE ST,THEFT,FROM BUILDING,APARTMENT,False,False,1823,18,27,8,06,41.89816674,-87.64299916,2023,2023-11-14,12:55:00,12,Tuesday,November,FROM BUILDING
13078935,JG267912,2023-05-19 08:20:00+00:00,008XX N LARRABEE ST,THEFT,FROM BUILDING,PARKING LOT / GARAGE (NON RESIDENTIAL),False,False,1823,18,27,8,06,41.89689306,-87.64293942,2023,2023-05-19,08:20:00,8,Friday,May,FROM BUILDING
13220204,JG435672,2023-09-21 00:30:00+00:00,0000X E BELLEVUE PL,ROBBERY,ARMED - HANDGUN,SIDEWALK,False,False,1824,18,42,8,03,41.90158321,-87.62674099,2023,2023-09-21,00:30:00,0,Thursday,September,ARMED - HANDGUN
13275457,JG501787,2023-11-12 19:30:00+00:00,010XX N CLARK ST,BATTERY,DOMESTIC BATTERY SIMPLE,STREET,False,True,1824,18,2,8,08B,41.90094196,-87.6313617,2023,2023-11-12,19:30:00,19,Sunday,November,DOMESTIC BATTERY SIMPLE
13283872,JG512191,2023-11-20 20:05:00+00:00,001XX W MAPLE ST,BATTERY,DOMESTIC BATTERY SIMPLE,APARTMENT,False,True,1824,18,27,8,08B,41.90182232,-87.63307118,2023,2023-11-20,20:05:00,20,Monday,November,DOMESTIC BATTERY SIMPLE
13041087,JG221909,2023-04-13 14:23:00+00:00,012XX N DEARBORN ST,ASSAULT,SIMPLE,SIDEWALK,True,False,1824,18,2,8,08A,41.90481404,-87.63001152,2023,2023-04-13,14:23:00,14,Thursday,April,SIMPLE
13192169,JG379292,2023-08-12 01:45:00+00:00,0000X W ELM ST,ASSAULT,SIMPLE,STREET,False,False,1824,18,2,8,08A,41.90316534,-87.62921044,2023,2023-08-12,01:45:00,1,Saturday,August,SIMPLE
13211856,JG425831,2023-09-15 17:45:00+00:00,010XX N RUSH ST,THEFT,OVER $500,RESTAURANT,False,False,1824,18,42,8,06,41.90178302,-87.62799506,2023,2023-09-15,17:45:00,17,Friday,September,OVER $500
13257011,JG479344,2023-10-25 20:45:00+00:00,0000X E DIVISION ST,THEFT,OVER $500,STREET,False,False,1824,18,2,8,06,41.90395531,-87.62780952,2023,2023-10-25,20:45:00,20,Wednesday,October,OVER $500
13338552,JH116050,2023-12-23 23:30:00+00:00,0000X W ELM ST,THEFT,OVER $500,VEHICLE NON-COMMERCIAL,False,False,1824,18,2,8,06,41.90316534,-87.62921044,2023,2023-12-23,23:30:00,23,Saturday,December,OVER $500
13010840,JG186264,2023-03-14 20:05:00+00:00,0000X E BANKS ST,THEFT,$500 AND UNDER,STREET,False,False,1824,18,43,8,06,41.90680274,-87.62629403,2023,2023-03-14,20:05:00,20,Tuesday,March,$500 AND UNDER
13152815,JG355628,2023-07-23 00:20:00+00:00,0000X W DIVISION ST,THEFT,$500 AND UNDER,RESTAURANT,False,False,1824,18,2,8,06,41.90393147,-87.62929019,2023,2023-07-23,00:20:00,0,Sunday,July,$500 AND UNDER
13216188,JG430390,2023-09-18 12:39:00+00:00,011XX N STATE ST,THEFT,RETAIL THEFT,SMALL RETAIL STORE,False,False,1824,18,2,8,06,41.90291151,-87.628541,2023,2023-09-18,12:39:00,12,Monday,September,RETAIL THEFT
13055774,JG239464,2023-04-26 10:30:00+00:00,011XX N CLARK ST,THEFT,RETAIL THEFT,DRUG STORE,False,False,1824,18,2,8,06,41.90347807,-87.6314331,2023,2023-04-26,10:30:00,10,Wednesday,April,RETAIL THEFT
13296562,JG527482,2023-12-03 17:00:00+00:00,010XX N RUSH ST,THEFT,FROM BUILDING,RESTAURANT,False,False,1824,18,42,8,06,41.90136194,-87.62779767,2023,2023-12-03,17:00:00,17,Sunday,December,FROM BUILDING
13001422,JG174771,2023-03-05 00:01:00+00:00,0000X W ELM ST,THEFT,FROM BUILDING,BAR OR TAVERN,False,False,1824,18,2,8,06,41.90316534,-87.62921044,2023,2023-03-05,00:01:00,0,Sunday,March,FROM BUILDING
12949654,JG113040,2023-01-12 04:50:00+00:00,0000X W DIVISION ST,CRIMINAL DAMAGE,TO PROPERTY,COMMERCIAL / BUSINESS OFFICE,False,False,1824,18,2,8,14,41.90391904,-87.63039603,2023,2023-01-12,04:50:00,4,Thursday,January,TO PROPERTY
13068037,JG254587,2023-05-09 11:00:00+00:00,0000X W GRAND AVE,ROBBERY,STRONG ARM - NO WEAPON,CTA TRAIN,False,False,1831,18,42,8,03,41.89166243,-87.62846635,2023,2023-05-09,11:00:00,11,Tuesday,May,STRONG ARM - NO WEAPON
13223115,JG439241,2023-09-26 01:40:00+00:00,0000X W HUBBARD ST,BATTERY,AGGRAVATED - OTHER DANGEROUS WEAPON,BAR OR TAVERN,False,False,1831,18,42,8,04B,41.89005721,-87.62849134,2023,2023-09-26,01:40:00,1,Tuesday,September,AGGRAVATED
13227611,JG444486,2023-09-30 01:18:00+00:00,004XX N CLARK ST,BATTERY,SIMPLE,SIDEWALK,True,False,1831,18,42,8,08B,41.89026522,-87.63108931,2023,2023-09-30,01:18:00,1,Saturday,September,SIMPLE
13259983,JG483385,2023-10-29 12:15:00+00:00,006XX N WELLS ST,BATTERY,SIMPLE,STREET,True,False,1831,18,42,8,08B,41.89437275,-87.63414057,2023,2023-10-29,12:15:00,12,Sunday,October,SIMPLE
13176062,JG383034,2023-08-13 01:38:00+00:00,001XX W HUBBARD ST,BATTERY,"PROTECTED EMPLOYEE - HANDS, FISTS, FEET, NO / MINOR INJURY",STREET,False,False,1831,18,42,8,08B,41.89001494,-87.63144829,2023,2023-08-13,01:38:00,1,Sunday,August,"PROTECTED EMPLOYEE - HANDS, FISTS, FEET, NO / MINOR INJURY"
13104506,JG297259,2023-06-11 16:00:00+00:00,005XX N KINGSBURY ST,BATTERY,DOMESTIC BATTERY SIMPLE,APARTMENT,False,True,1831,18,42,8,08B,41.89116226,-87.63961488,2023,2023-06-11,16:00:00,16,Sunday,June,DOMESTIC BATTERY SIMPLE
13309379,JG542964,2023-11-18 17:00:00+00:00,003XX N ORLEANS ST,THEFT,OVER $500,STREET,False,False,1831,18,42,8,06,41.88880255,-87.63694841,2023,2023-11-18,17:00:00,17,Saturday,November,OVER $500
12951379,JG114912,2023-01-13 05:30:00+00:00,004XX N ORLEANS ST,THEFT,OVER $500,PARKING LOT / GARAGE (NON RESIDENTIAL),False,False,1831,18,42,8,06,41.89018042,-87.63699221,2023,2023-01-13,05:30:00,5,Friday,January,OVER $500
13064122,JG249848,2023-05-06 00:30:00+00:00,004XX N CLARK ST,THEFT,OVER $500,BAR OR TAVERN,False,False,1831,18,42,8,06,41.88975195,-87.63107289,2023,2023-05-06,00:30:00,0,Saturday,May,OVER $500
13126950,JG324833,2023-07-02 00:01:00+00:00,001XX W HUBBARD ST,THEFT,OVER $500,RESTAURANT,False,False,1831,18,42,8,06,41.89001494,-87.63144829,2023,2023-07-02,00:01:00,0,Sunday,July,OVER $500
13147767,JG349686,2023-07-21 00:15:00+00:00,0000X W ILLINOIS ST,THEFT,OVER $500,HOTEL / MOTEL,False,True,1831,18,42,8,06,41.89082805,-87.63023475,2023,2023-07-21,00:15:00,0,Friday,July,OVER $500
13165840,JG371099,2023-08-05 13:30:00+00:00,0000X W ILLINOIS ST,THEFT,OVER $500,SIDEWALK,False,False,1831,18,42,8,06,41.89083129,-87.63031551,2023,2023-08-05,13:30:00,13,Saturday,August,OVER $500
12953910,JG116682,2023-01-14 00:30:00+00:00,003XX W ONTARIO ST,THEFT,$500 AND UNDER,PARKING LOT / GARAGE (NON RESIDENTIAL),False,False,1831,18,42,8,06,41.89316328,-87.63606731,2023,2023-01-14,00:30:00,0,Saturday,January,$500 AND UNDER
13244238,JG464801,2023-10-15 02:00:00+00:00,006XX N FRANKLIN ST,THEFT,POCKET-PICKING,BAR OR TAVERN,False,False,1831,18,42,8,06,41.89367653,-87.63562833,2023,2023-10-15,02:00:00,2,Sunday,October,POCKET-PICKING
13249942,JG471480,2023-10-19 23:00:00+00:00,001XX W HUBBARD ST,THEFT,POCKET-PICKING,BAR OR TAVERN,False,False,1831,18,42,8,06,41.89001352,-87.631665,2023,2023-10-19,23:00:00,23,Thursday,October,POCKET-PICKING
12993812,JG165348,2023-02-25 01:00:00+00:00,001XX W HUBBARD ST,THEFT,POCKET-PICKING,BAR OR TAVERN,False,False,1831,18,42,8,06,41.89001352,-87.631665,2023,2023-02-25,01:00:00,1,Saturday,February,POCKET-PICKING
13126664,JG324320,2023-07-02 00:11:00+00:00,007XX N WELLS ST,THEFT,POCKET-PICKING,GAS STATION,False,False,1831,18,42,8,06,41.89601133,-87.63418514,2023,2023-07-02,00:11:00,0,Sunday,July,POCKET-PICKING
13136165,JG334799,2023-07-09 00:35:00+00:00,0000X W HUBBARD ST,THEFT,POCKET-PICKING,BAR OR TAVERN,False,False,1831,18,42,8,06,41.89005157,-87.62891376,2023,2023-07-09,00:35:00,0,Sunday,July,POCKET-PICKING
13167955,JG373301,2023-08-04 23:25:00+00:00,004XX N CLARK ST,THEFT,POCKET-PICKING,RESTAURANT,False,False,1831,18,42,8,06,41.88961747,-87.63107069,2023,2023-08-04,23:25:00,23,Friday,August,POCKET-PICKING
13169199,JG374093,2023-08-06 02:30:00+00:00,001XX W HUBBARD ST,THEFT,POCKET-PICKING,BAR OR TAVERN,False,False,1831,18,42,8,06,41.89001352,-87.631665,2023,2023-08-06,02:30:00,2,Sunday,August,POCKET-PICKING
13017382,JG193634,2023-03-18 11:45:00+00:00,003XX N State St,THEFT,FROM BUILDING,RESTAURANT,False,False,1831,18,42,8,06,41.88828159,-87.62802976,2023,2023-03-18,11:45:00,11,Saturday,March,FROM BUILDING
13317233,JG552504,2023-12-22 23:30:00+00:00,002XX W OHIO ST,CRIMINAL DAMAGE,TO VEHICLE,PARKING LOT / GARAGE (NON RESIDENTIAL),False,False,1831,18,42,8,14,41.8923808,-87.63465078,2023,2023-12-22,23:30:00,23,Friday,December,TO VEHICLE
13273478,JG499776,2023-11-11 04:20:00+00:00,006XX N CLARK ST,BATTERY,SIMPLE,RESTAURANT,False,False,1832,18,42,8,08B,41.89262841,-87.63115524,2023,2023-11-11,04:20:00,4,Saturday,November,SIMPLE
13007796,JG182666,2023-03-12 09:15:00+00:00,006XX N CLARK ST,ASSAULT,SIMPLE,SMALL RETAIL STORE,False,False,1832,18,42,8,08A,41.89364666,-87.63117714,2023,2023-03-12,09:15:00,9,Sunday,March,SIMPLE
13028608,JG207432,2023-04-01 15:00:00+00:00,001XX W ONTARIO ST,THEFT,$500 AND UNDER,RESTAURANT,False,False,1832,18,42,8,06,41.89322348,-87.63153437,2023,2023-04-01,15:00:00,15,Saturday,April,$500 AND UNDER
13071741,JG259049,2023-05-02 17:00:00+00:00,001XX W DELAWARE PL,THEFT,$500 AND UNDER,STREET,False,False,1832,18,2,8,06,41.89925898,-87.63168501,2023,2023-05-02,17:00:00,17,Tuesday,May,$500 AND UNDER
13193340,JG403673,2023-07-23 13:10:00+00:00,0000X W CHICAGO AVE,THEFT,$500 AND UNDER,SIDEWALK,False,False,1832,18,42,8,06,41.8966717,-87.62863532,2023,2023-07-23,13:10:00,13,Sunday,July,$500 AND UNDER
13293407,JG523592,2023-11-30 16:37:00+00:00,006XX N CLARK ST,THEFT,RETAIL THEFT,SMALL RETAIL STORE,False,False,1832,18,42,8,06,41.89364666,-87.63117714,2023,2023-11-30,16:37:00,16,Thursday,November,RETAIL THEFT
12962216,JG127639,2023-01-24 10:35:00+00:00,006XX N LA SALLE DR,THEFT,RETAIL THEFT,DEPARTMENT STORE,False,False,1832,18,42,8,06,41.89346903,-87.63264823,2023,2023-01-24,10:35:00,10,Tuesday,January,RETAIL THEFT
13237118,JG456064,2023-10-08 17:00:00+00:00,001XX W ONTARIO ST,THEFT,POCKET-PICKING,RESTAURANT,False,False,1832,18,42,8,06,41.89322348,-87.63153437,2023,2023-10-08,17:00:00,17,Sunday,October,POCKET-PICKING
13016953,JG193646,2023-03-21 13:44:00+00:00,001XX W ONTARIO ST,THEFT,PURSE-SNATCHING,RESTAURANT,False,False,1832,18,42,8,06,41.89322348,-87.63153437,2023,2023-03-21,13:44:00,13,Tuesday,March,PURSE-SNATCHING
13255155,JG477621,2023-10-24 18:31:00+00:00,006XX N CLARK ST,CRIMINAL DAMAGE,TO PROPERTY,COMMERCIAL / BUSINESS OFFICE,False,False,1832,18,42,8,14,41.89437673,-87.63119486,2023,2023-10-24,18:31:00,18,Tuesday,October,TO PROPERTY
13071468,JG258913,2023-04-29 10:00:00+00:00,008XX N STATE ST,CRIMINAL DAMAGE,TO VEHICLE,PARKING LOT / GARAGE (NON RESIDENTIAL),False,False,1832,18,42,8,14,41.8981786,-87.62824042,2023,2023-04-29,10:00:00,10,Saturday,April,TO VEHICLE
13191338,JG401193,2023-08-28 12:09:00+00:00,0000X E CHICAGO AVE,BATTERY,"AGGRAVATED P.O. - HANDS, FISTS, FEET, NO / MINOR INJURY",VEHICLE NON-COMMERCIAL,True,False,1833,18,42,8,08B,41.89668286,-87.62777204,2023,2023-08-28,12:09:00,12,Monday,August,AGGRAVATED
13147014,JG348494,2023-07-20 07:39:00+00:00,007XX N WABASH AVE,BATTERY,SIMPLE,SIDEWALK,False,False,1833,18,42,8,08B,41.89611455,-87.626838,2023,2023-07-20,07:39:00,7,Thursday,July,SIMPLE
13119583,JG316004,2023-06-25 23:21:00+00:00,0000X E WALTON ST,BATTERY,DOMESTIC BATTERY SIMPLE,HOTEL / MOTEL,False,True,1833,18,42,8,08B,41.89994592,-87.62779856,2023,2023-06-25,23:21:00,23,Sunday,June,DOMESTIC BATTERY SIMPLE
13216191,JG430103,2023-09-17 19:24:00+00:00,008XX N MICHIGAN AVE,THEFT,$500 AND UNDER,SIDEWALK,False,False,1833,18,42,8,06,41.89705048,-87.62419043,2023,2023-09-17,19:24:00,19,Sunday,September,$500 AND UNDER
13290280,JG519238,2023-11-24 11:35:00+00:00,0000X E CHESTNUT ST,THEFT,$500 AND UNDER,RESIDENCE,False,False,1833,18,42,8,06,41.898333,-87.6274637,2023,2023-11-24,11:35:00,11,Friday,November,$500 AND UNDER
13287377,JG516237,2023-11-24 16:10:00+00:00,0000X E OAK ST,THEFT,RETAIL THEFT,SMALL RETAIL STORE,False,False,1833,18,42,8,06,41.90077567,-87.62662133,2023,2023-11-24,16:10:00,16,Friday,November,RETAIL THEFT
13154844,JG357800,2023-07-26 18:40:00+00:00,009XX N RUSH ST,THEFT,FROM BUILDING,COMMERCIAL / BUSINESS OFFICE,False,False,1833,18,42,8,06,41.90019227,-87.62724854,2023,2023-07-26,18:40:00,18,Wednesday,July,FROM BUILDING
13084915,JG274754,2023-05-25 13:40:00+00:00,009XX N MICHIGAN AVE,CRIMINAL DAMAGE,TO VEHICLE,PARKING LOT / GARAGE (NON RESIDENTIAL),False,False,1833,18,42,8,14,41.89941016,-87.62413127,2023,2023-05-25,13:40:00,13,Thursday,May,TO VEHICLE
13258509,JG481547,2023-10-28 00:20:00+00:00,006XX E GRAND AVE,BATTERY,AGGRAVATED - HANDGUN,SIDEWALK,False,False,1834,18,42,8,04B,41.89199038,-87.6114615,2023,2023-10-28,00:20:00,0,Saturday,October,AGGRAVATED
13205108,JG416858,2023-09-08 20:10:00+00:00,001XX E OHIO ST,BATTERY,SIMPLE,SIDEWALK,False,False,1834,18,42,8,08B,41.89256222,-87.62351287,2023,2023-09-08,20:10:00,20,Friday,September,SIMPLE
13271402,JG497181,2023-11-09 01:30:00+00:00,002XX E HURON ST,BATTERY,SIMPLE,HOSPITAL BUILDING / GROUNDS,True,False,1834,18,2,8,08B,41.89500328,-87.62152816,2023,2023-11-09,01:30:00,1,Thursday,November,SIMPLE
13297330,JG528473,2023-12-04 08:45:00+00:00,005XX N STATE ST,BATTERY,SIMPLE,CTA STATION,False,False,1834,18,42,8,08B,41.89140473,-87.62806151,2023,2023-12-04,08:45:00,8,Monday,December,SIMPLE
12972194,JG139700,2023-02-03 17:05:00+00:00,0000X E OHIO ST,BATTERY,SIMPLE,SIDEWALK,False,False,1834,18,42,8,08B,41.89250535,-87.62630482,2023,2023-02-03,17:05:00,17,Friday,February,SIMPLE
13066271,JG252503,2023-05-08 11:45:00+00:00,002XX E HURON ST,BATTERY,"PROTECTED EMPLOYEE - HANDS, FISTS, FEET, NO / MINOR INJURY",HOSPITAL BUILDING / GROUNDS,False,False,1834,18,2,8,08B,41.89500282,-87.62145471,2023,2023-05-08,11:45:00,11,Monday,May,"PROTECTED EMPLOYEE - HANDS, FISTS, FEET, NO / MINOR INJURY"
12945105,JG107751,2023-01-07 14:42:00+00:00,006XX N ST CLAIR ST,BATTERY,DOMESTIC BATTERY SIMPLE,HOTEL / MOTEL,False,True,1834,18,42,8,08B,41.8936523,-87.62272582,2023,2023-01-07,14:42:00,14,Saturday,January,DOMESTIC BATTERY SIMPLE
12945264,JG107811,2023-01-07 15:45:00+00:00,0000X E ONTARIO ST,BATTERY,DOMESTIC BATTERY SIMPLE,PARKING LOT / GARAGE (NON RESIDENTIAL),False,True,1834,18,42,8,08B,41.89330298,-87.62615278,2023,2023-01-07,15:45:00,15,Saturday,January,DOMESTIC BATTERY SIMPLE
13148217,JG350055,2023-07-21 11:20:00+00:00,004XX E ONTARIO ST,ASSAULT,SIMPLE,STREET,False,False,1834,18,2,8,08A,41.89345898,-87.61634822,2023,2023-07-21,11:20:00,11,Friday,July,SIMPLE
12962489,JG128012,2023-01-24 14:45:00+00:00,0000X E GRAND AVE,THEFT,OVER $500,DEPARTMENT STORE,False,False,1834,18,42,8,06,41.89169488,-87.62615583,2023,2023-01-24,14:45:00,14,Tuesday,January,OVER $500
12992870,JG163814,2023-02-23 15:20:00+00:00,0000X E ONTARIO ST,THEFT,OVER $500,APARTMENT,False,False,1834,18,42,8,06,41.89328168,-87.62759645,2023,2023-02-23,15:20:00,15,Thursday,February,OVER $500
13022876,JG200599,2023-03-26 17:00:00+00:00,0000X E HUBBARD ST,THEFT,OVER $500,PARKING LOT / GARAGE (NON RESIDENTIAL),False,False,1834,18,42,8,06,41.89008124,-87.62704405,2023,2023-03-26,17:00:00,17,Sunday,March,OVER $500
13087328,JG277546,2023-05-26 22:30:00+00:00,004XX N STATE ST,THEFT,OVER $500,STREET,False,False,1834,18,42,8,06,41.88945317,-87.62799483,2023,2023-05-26,22:30:00,22,Friday,May,OVER $500
13119378,JG315877,2023-06-24 20:18:00+00:00,006XX E GRAND AVE,THEFT,OVER $500,PARKING LOT / GARAGE (NON RESIDENTIAL),False,False,1834,18,42,8,06,41.89199038,-87.6114615,2023,2023-06-24,20:18:00,20,Saturday,June,OVER $500
13182766,JG390896,2023-08-18 20:00:00+00:00,004XX N STATE ST,THEFT,OVER $500,PARKING LOT / GARAGE (NON RESIDENTIAL),False,False,1834,18,42,8,06,41.88945317,-87.62799483,2023,2023-08-18,20:00:00,20,Friday,August,OVER $500
13234174,JG451739,2023-10-04 12:30:00+00:00,0000X E GRAND AVE,THEFT,$500 AND UNDER,HOTEL / MOTEL,False,False,1834,18,42,8,06,41.89169039,-87.62631748,2023,2023-10-04,12:30:00,12,Wednesday,October,$500 AND UNDER
13248698,JG469940,2023-10-18 11:30:00+00:00,002XX E HURON ST,THEFT,$500 AND UNDER,HOSPITAL BUILDING / GROUNDS,False,False,1834,18,2,8,06,41.89500328,-87.62152816,2023,2023-10-18,11:30:00,11,Wednesday,October,$500 AND UNDER
13071025,JG258195,2023-05-12 16:00:00+00:00,0000X E ONTARIO ST,THEFT,$500 AND UNDER,GROCERY FOOD STORE,False,False,1834,18,42,8,06,41.89330128,-87.62632175,2023,2023-05-12,16:00:00,16,Friday,May,$500 AND UNDER
13212803,JG426763,2023-09-16 14:34:00+00:00,007XX N MICHIGAN AVE,THEFT,RETAIL THEFT,DEPARTMENT STORE,True,False,1834,18,2,8,06,41.8951409,-87.62425563,2023,2023-09-16,14:34:00,14,Saturday,September,RETAIL THEFT
13259103,JG482317,2023-10-28 15:41:00+00:00,007XX N MICHIGAN AVE,THEFT,RETAIL THEFT,DEPARTMENT STORE,True,False,1834,18,2,8,06,41.8951409,-87.62425563,2023,2023-10-28,15:41:00,15,Saturday,October,RETAIL THEFT
12954183,JG118383,2023-01-16 13:04:00+00:00,0000X E GRAND AVE,THEFT,RETAIL THEFT,DEPARTMENT STORE,True,False,1834,18,42,8,06,41.89169488,-87.62615583,2023,2023-01-16,13:04:00,13,Monday,January,RETAIL THEFT
12974967,JG142547,2023-01-31 13:30:00+00:00,006XX N MICHIGAN AVE,THEFT,RETAIL THEFT,SMALL RETAIL STORE,False,False,1834,18,42,8,06,41.89281615,-87.6241932,2023,2023-01-31,13:30:00,13,Tuesday,January,RETAIL THEFT
12988664,JG159496,2023-02-20 12:05:00+00:00,0000X E GRAND AVE,THEFT,RETAIL THEFT,DEPARTMENT STORE,True,False,1834,18,42,8,06,41.89169488,-87.62615583,2023,2023-02-20,12:05:00,12,Monday,February,RETAIL THEFT
13008766,JG183907,2023-03-13 10:45:00+00:00,006XX N MICHIGAN AVE,THEFT,RETAIL THEFT,DEPARTMENT STORE,False,False,1834,18,42,8,06,41.89275303,-87.6241939,2023,2023-03-13,10:45:00,10,Monday,March,RETAIL THEFT
13045399,JG227345,2023-04-17 16:10:00+00:00,007XX N MICHIGAN AVE,THEFT,RETAIL THEFT,DEPARTMENT STORE,True,False,1834,18,42,8,06,41.8951409,-87.62425563,2023,2023-04-17,16:10:00,16,Monday,April,RETAIL THEFT
13059588,JG244430,2023-05-01 17:20:00+00:00,0000X E GRAND AVE,THEFT,RETAIL THEFT,DEPARTMENT STORE,True,False,1834,18,42,8,06,41.89169488,-87.62615583,2023,2023-05-01,17:20:00,17,Monday,May,RETAIL THEFT
13062344,JG247687,2023-05-04 12:00:00+00:00,0000X E GRAND AVE,THEFT,RETAIL THEFT,DEPARTMENT STORE,True,False,1834,18,42,8,06,41.89169488,-87.62615583,2023,2023-05-04,12:00:00,12,Thursday,May,RETAIL THEFT
13111231,JG306182,2023-06-18 17:50:00+00:00,007XX N MICHIGAN AVE,THEFT,RETAIL THEFT,DEPARTMENT STORE,True,False,1834,18,2,8,06,41.8951409,-87.62425563,2023,2023-06-18,17:50:00,17,Sunday,June,RETAIL THEFT
13136158,JG335802,2023-07-10 16:11:00+00:00,006XX N MICHIGAN AVE,THEFT,RETAIL THEFT,SMALL RETAIL STORE,False,False,1834,18,42,8,06,41.89275303,-87.6241939,2023,2023-07-10,16:11:00,16,Monday,July,RETAIL THEFT
13159818,JG362949,2023-07-30 18:49:00+00:00,0000X E GRAND AVE,THEFT,RETAIL THEFT,DEPARTMENT STORE,False,False,1834,18,42,8,06,41.89169488,-87.62615583,2023,2023-07-30,18:49:00,18,Sunday,July,RETAIL THEFT
13181107,JG388762,2023-08-19 08:15:00+00:00,004XX N MICHIGAN AVE,THEFT,RETAIL THEFT,DRUG STORE,True,False,1834,18,42,8,06,41.88990668,-87.62410051,2023,2023-08-19,08:15:00,8,Saturday,August,RETAIL THEFT
13188329,JG397553,2023-08-12 15:00:00+00:00,004XX E ILLINOIS ST,THEFT,RETAIL THEFT,DEPARTMENT STORE,False,False,1834,18,42,8,06,41.89106211,-87.61704346,2023,2023-08-12,15:00:00,15,Saturday,August,RETAIL THEFT
13304409,JG537011,2023-12-05 11:30:00+00:00,006XX N ST CLAIR ST,THEFT,POCKET-PICKING,HOSPITAL BUILDING / GROUNDS,False,False,1834,18,2,8,06,41.8945443,-87.62274532,2023,2023-12-05,11:30:00,11,Tuesday,December,POCKET-PICKING
12987947,JG158188,2023-02-18 15:00:00+00:00,0000X E GRAND AVE,THEFT,POCKET-PICKING,OTHER (SPECIFY),False,False,1834,18,42,8,06,41.89169488,-87.62615583,2023,2023-02-18,15:00:00,15,Saturday,February,POCKET-PICKING
13064240,JG249980,2023-05-05 03:15:00+00:00,006XX N MICHIGAN AVE,THEFT,POCKET-PICKING,SIDEWALK,False,False,1834,18,42,8,06,41.89314003,-87.62420431,2023,2023-05-05,03:15:00,3,Friday,May,POCKET-PICKING
13011936,JG187580,2023-03-11 14:00:00+00:00,005XX N WABASH AVE,THEFT,FROM BUILDING,RESTAURANT,False,False,1834,18,42,8,06,41.89191244,-87.62672638,2023,2023-03-11,14:00:00,14,Saturday,March,FROM BUILDING
13016355,JG192813,2023-03-18 14:30:00+00:00,005XX N PESHTIGO CT,THEFT,FROM BUILDING,APARTMENT,False,False,1834,18,42,8,06,41.89135235,-87.61518182,2023,2023-03-18,14:30:00,14,Saturday,March,FROM BUILDING
12952253,JG116116,2023-01-14 01:40:00+00:00,0000X E OHIO ST,CRIMINAL DAMAGE,TO PROPERTY,PARKING LOT / GARAGE (NON RESIDENTIAL),False,False,1834,18,42,8,14,41.89250768,-87.62623869,2023,2023-01-14,01:40:00,1,Saturday,January,TO PROPERTY
12957346,JG121996,2023-01-14 04:54:00+00:00,002XX E ILLINOIS ST,CRIMINAL DAMAGE,TO PROPERTY,PARKING LOT / GARAGE (NON RESIDENTIAL),False,False,1834,18,42,8,14,41.8909614,-87.62247652,2023,2023-01-14,04:54:00,4,Saturday,January,TO PROPERTY
13034210,JG213940,2023-04-06 21:00:00+00:00,0000X E GRAND AVE,CRIMINAL DAMAGE,TO VEHICLE,PARKING LOT / GARAGE (NON RESIDENTIAL),False,False,1834,18,42,8,14,41.89167877,-87.62755165,2023,2023-04-06,21:00:00,21,Thursday,April,TO VEHICLE
13124274,JG321625,2023-06-30 01:20:00+00:00,003XX E GRAND AVE,CRIMINAL DAMAGE,TO VEHICLE,STREET,False,False,1834,18,2,8,14,41.8918382,-87.61827986,2023,2023-06-30,01:20:00,1,Friday,June,TO VEHICLE
13282596,JG510749,2023-11-19 17:44:00+00:00,041XX N OAKLEY AVE,BATTERY,SIMPLE,STREET,False,False,1911,19,47,5,08B,41.95670792,-87.6861179,2023,2023-11-19,17:44:00,17,Sunday,November,SIMPLE
13116971,JG313083,2023-06-23 18:00:00+00:00,046XX N WESTERN AVE,BATTERY,SIMPLE,RESTAURANT,False,False,1911,19,47,4,08B,41.96610836,-87.68882833,2023,2023-06-23,18:00:00,18,Friday,June,SIMPLE
13298900,JG530253,2023-12-05 21:28:00+00:00,020XX W IRVING PARK RD,ASSAULT,SIMPLE,SIDEWALK,True,False,1911,19,47,5,08A,41.95413414,-87.6803537,2023,2023-12-05,21:28:00,21,Tuesday,December,SIMPLE
12972125,JG139560,2023-01-30 18:00:00+00:00,022XX W SUNNYSIDE AVE,THEFT,OVER $500,STREET,False,False,1911,19,47,4,06,41.96318339,-87.68547878,2023,2023-01-30,18:00:00,18,Monday,January,OVER $500
13035755,JG215018,2023-04-05 14:00:00+00:00,043XX N CAMPBELL AVE,THEFT,OVER $500,VEHICLE - COMMERCIAL,False,False,1911,19,47,5,06,41.96004917,-87.69177191,2023,2023-04-05,14:00:00,14,Wednesday,April,OVER $500
13140833,JG341136,2023-07-13 18:00:00+00:00,047XX N TALMAN AVE,THEFT,OVER $500,STREET,False,False,1911,19,40,4,06,41.96760271,-87.69499082,2023,2023-07-13,18:00:00,18,Thursday,July,OVER $500
13246946,JG466587,2023-10-17 02:04:00+00:00,025XX W CULLOM AVE,THEFT,$500 AND UNDER,RESIDENCE - GARAGE,False,False,1911,19,47,5,06,41.95946456,-87.69273738,2023,2023-10-17,02:04:00,2,Tuesday,October,$500 AND UNDER
13124526,JG321891,2023-06-30 08:30:00+00:00,043XX N WESTERN AVE,THEFT,$500 AND UNDER,GAS STATION,False,False,1911,19,47,5,06,41.96074801,-87.68866543,2023,2023-06-30,08:30:00,8,Friday,June,$500 AND UNDER
13323594,JG559998,2023-12-30 16:14:00+00:00,047XX N LINCOLN AVE,THEFT,RETAIL THEFT,SMALL RETAIL STORE,False,False,1911,19,47,4,06,41.96714156,-87.68760816,2023,2023-12-30,16:14:00,16,Saturday,December,RETAIL THEFT
13107644,JG301917,2023-06-15 10:25:00+00:00,046XX N LINCOLN AVE,THEFT,RETAIL THEFT,COMMERCIAL / BUSINESS OFFICE,False,False,1911,19,47,4,06,41.96547501,-87.68648879,2023,2023-06-15,10:25:00,10,Thursday,June,RETAIL THEFT
13269772,JG495717,2023-11-07 21:20:00+00:00,020XX W PENSACOLA AVE,CRIMINAL DAMAGE,TO PROPERTY,RESIDENCE - PORCH / HALLWAY,True,False,1911,19,47,5,14,41.96052204,-87.68024437,2023,2023-11-07,21:20:00,21,Tuesday,November,TO PROPERTY
12941957,JG103925,2023-01-02 23:30:00+00:00,045XX N RAVENSWOOD AVE,BATTERY,DOMESTIC BATTERY SIMPLE,DAY CARE CENTER,False,True,1912,19,47,3,08B,41.96380433,-87.67404102,2023,2023-01-02,23:30:00,23,Monday,January,DOMESTIC BATTERY SIMPLE
13066223,JG252266,2023-05-08 09:02:00+00:00,044XX N CLARK ST,BATTERY,DOMESTIC BATTERY SIMPLE,SIDEWALK,False,True,1912,19,47,3,08B,41.9621062,-87.66605782,2023,2023-05-08,09:02:00,9,Monday,May,DOMESTIC BATTERY SIMPLE
13058378,JG242640,2023-04-30 09:30:00+00:00,042XX N DAMEN AVE,ASSAULT,AGGRAVATED - HANDGUN,STREET,False,False,1912,19,47,5,04A,41.9590682,-87.67890254,2023,2023-04-30,09:30:00,9,Sunday,April,AGGRAVATED
12951233,JG114748,2023-01-13 13:09:00+00:00,045XX N WOLCOTT AVE,ASSAULT,SIMPLE,APARTMENT,False,False,1912,19,47,4,08A,41.96397789,-87.67607256,2023,2023-01-13,13:09:00,13,Friday,January,SIMPLE
13047187,JG228195,2023-04-18 11:30:00+00:00,045XX N ASHLAND AVE,ASSAULT,SIMPLE,APARTMENT,False,False,1912,19,47,3,08A,41.96433423,-87.66932542,2023,2023-04-18,11:30:00,11,Tuesday,April,SIMPLE
13204846,JG417248,2023-09-09 07:00:00+00:00,043XX N HERMITAGE AVE,THEFT,OVER $500,STREET,False,False,1912,19,47,6,06,41.96018338,-87.67237604,2023,2023-09-09,07:00:00,7,Saturday,September,OVER $500
13119251,JG315007,2023-06-23 01:05:00+00:00,019XX W CUYLER AVE,THEFT,OVER $500,APARTMENT,False,False,1912,19,47,5,06,41.95511161,-87.67755702,2023,2023-06-23,01:05:00,1,Friday,June,OVER $500
13070847,JG258084,2023-05-11 14:00:00+00:00,045XX N PAULINA ST,THEFT,$500 AND UNDER,STREET,False,False,1912,19,47,3,06,41.96384658,-87.67089316,2023,2023-05-11,14:00:00,14,Thursday,May,$500 AND UNDER
13066979,JG253307,2023-05-08 23:08:00+00:00,015XX W WILSON AVE,THEFT,RETAIL THEFT,SMALL RETAIL STORE,False,False,1912,19,47,3,06,41.96524969,-87.66818708,2023,2023-05-08,23:08:00,23,Monday,May,RETAIL THEFT
13115844,JG310718,2023-06-19 15:30:00+00:00,046XX N DAMEN AVE,THEFT,FROM BUILDING,COIN OPERATED MACHINE,False,False,1912,19,47,4,06,41.96561699,-87.67909659,2023,2023-06-19,15:30:00,15,Monday,June,FROM BUILDING
13286939,JG515808,2023-11-24 04:00:00+00:00,047XX N WINCHESTER AVE,CRIMINAL DAMAGE,TO VEHICLE,STREET,False,False,1912,19,47,4,14,41.96749131,-87.67765805,2023,2023-11-24,04:00:00,4,Friday,November,TO VEHICLE
13026032,JG204285,2023-03-29 19:00:00+00:00,017XX W BERTEAU AVE,CRIMINAL DAMAGE,TO VEHICLE,STREET,False,False,1912,19,47,6,14,41.95788994,-87.67297696,2023,2023-03-29,19:00:00,19,Wednesday,March,TO VEHICLE
13051165,JG234292,2023-04-22 15:00:00+00:00,014XX W WARNER AVE,CRIMINAL DAMAGE,TO VEHICLE,PARKING LOT / GARAGE (NON RESIDENTIAL),False,False,1912,19,47,6,14,41.95707867,-87.66556247,2023,2023-04-22,15:00:00,15,Saturday,April,TO VEHICLE
13295139,JG524350,2023-12-01 10:30:00+00:00,047XX N RACINE AVE,ROBBERY,STRONG ARM - NO WEAPON,SIDEWALK,False,False,1913,19,46,3,03,41.96776854,-87.65965937,2023,2023-12-01,10:30:00,10,Friday,December,STRONG ARM - NO WEAPON
13189692,JG399203,2023-08-26 21:00:00+00:00,046XX N BROADWAY,ROBBERY,STRONG ARM - NO WEAPON,SIDEWALK,False,False,1913,19,46,3,03,41.966054,-87.6578904,2023,2023-08-26,21:00:00,21,Saturday,August,STRONG ARM - NO WEAPON
13229279,JG446654,2023-10-01 16:00:00+00:00,012XX W LELAND AVE,ASSAULT,SIMPLE,RESIDENCE - PORCH / HALLWAY,False,False,1913,19,46,3,08A,41.96718966,-87.66015085,2023,2023-10-01,16:00:00,16,Sunday,October,SIMPLE
13272226,JG498289,2023-11-09 14:00:00+00:00,046XX N CLIFTON AVE,ASSAULT,SIMPLE,OTHER (SPECIFY),False,True,1913,19,46,3,08A,41.96591153,-87.65886264,2023,2023-11-09,14:00:00,14,Thursday,November,SIMPLE
13110411,JG305078,2023-06-17 19:13:00+00:00,045XX N MAGNOLIA AVE,ASSAULT,SIMPLE,APARTMENT,False,True,1913,19,46,3,08A,41.96431322,-87.66100108,2023,2023-06-17,19:13:00,19,Saturday,June,SIMPLE
13247760,JG468978,2023-10-18 17:00:00+00:00,014XX W LELAND AVE,THEFT,OVER $500,STREET,False,False,1913,19,46,3,06,41.96711625,-87.66496492,2023,2023-10-18,17:00:00,17,Wednesday,October,OVER $500
13278463,JG505012,2023-11-11 21:15:00+00:00,012XX W Leland Ave,THEFT,OVER $500,STREET,False,False,1913,19,46,3,06,41.96716644,-87.66180946,2023,2023-11-11,21:15:00,21,Saturday,November,OVER $500
13239270,JG457964,2023-10-10 08:48:00+00:00,044XX N BROADWAY,THEFT,RETAIL THEFT,DEPARTMENT STORE,False,False,1913,19,46,3,06,41.96307079,-87.65598421,2023,2023-10-10,08:48:00,8,Tuesday,October,RETAIL THEFT
13255308,JG477742,2023-10-25 09:23:00+00:00,044XX N BROADWAY,THEFT,RETAIL THEFT,SMALL RETAIL STORE,True,False,1913,19,46,3,06,41.96307079,-87.65598421,2023,2023-10-25,09:23:00,9,Wednesday,October,RETAIL THEFT
13319860,JG555497,2023-12-26 19:15:00+00:00,044XX N BROADWAY,THEFT,RETAIL THEFT,DEPARTMENT STORE,True,False,1913,19,46,3,06,41.96307079,-87.65598421,2023,2023-12-26,19:15:00,19,Tuesday,December,RETAIL THEFT
13130216,JG328723,2023-07-05 13:27:00+00:00,044XX N BROADWAY,THEFT,RETAIL THEFT,DEPARTMENT STORE,True,False,1913,19,46,3,06,41.96307079,-87.65598421,2023,2023-07-05,13:27:00,13,Wednesday,July,RETAIL THEFT
13202116,JG414129,2023-09-06 18:18:00+00:00,044XX N BROADWAY,THEFT,RETAIL THEFT,SMALL RETAIL STORE,False,False,1913,19,46,3,06,41.96307079,-87.65598421,2023,2023-09-06,18:18:00,18,Wednesday,September,RETAIL THEFT
12983885,JG154014,2023-02-15 18:03:00+00:00,046XX N RACINE AVE,CRIMINAL DAMAGE,TO PROPERTY,APARTMENT,True,True,1913,19,46,3,14,41.96625362,-87.65963856,2023,2023-02-15,18:03:00,18,Wednesday,February,TO PROPERTY
13021989,JG199589,2023-03-26 10:47:00+00:00,012XX W LELAND AVE,CRIMINAL DAMAGE,TO PROPERTY,RESIDENCE,False,False,1913,19,46,3,14,41.96716817,-87.66163662,2023,2023-03-26,10:47:00,10,Sunday,March,TO PROPERTY
13018888,JG195958,2023-03-23 10:20:00+00:00,044XX N BROADWAY,CRIMINAL DAMAGE,TO VEHICLE,STREET,False,False,1913,19,46,3,14,41.96283941,-87.65583591,2023,2023-03-23,10:20:00,10,Thursday,March,TO VEHICLE
13121175,JG318012,2023-06-26 22:30:00+00:00,044XX N RACINE AVE,CRIMINAL DAMAGE,TO VEHICLE,DRIVEWAY - RESIDENTIAL,False,False,1913,19,46,3,14,41.96315247,-87.65960505,2023,2023-06-26,22:30:00,22,Monday,June,TO VEHICLE
13304086,JG536368,2023-12-10 22:43:00+00:00,045XX N SHERIDAN RD,ROBBERY,AGGRAVATED,SIDEWALK,True,False,1914,19,46,3,03,41.96423542,-87.6547732,2023,2023-12-10,22:43:00,22,Sunday,December,AGGRAVATED
13199694,JG411213,2023-09-04 21:48:00+00:00,046XX N SHERIDAN RD,BATTERY,AGGRAVATED - KNIFE / CUTTING INSTRUMENT,STREET,False,False,1914,19,46,3,04B,41.96572562,-87.65479048,2023,2023-09-04,21:48:00,21,Monday,September,AGGRAVATED
13217292,JG432466,2023-09-20 17:30:00+00:00,046XX N MARINE DR,BATTERY,AGGRAVATED - OTHER DANGEROUS WEAPON,SIDEWALK,False,False,1914,19,46,3,04B,41.96640935,-87.64885216,2023,2023-09-20,17:30:00,17,Wednesday,September,AGGRAVATED
13069413,JG256163,2023-05-07 09:00:00+00:00,006XX W LAWRENCE DR,BATTERY,SIMPLE,SIDEWALK,True,False,1914,19,46,3,08B,41.96961755,-87.64613344,2023,2023-05-07,09:00:00,9,Sunday,May,SIMPLE
13304270,JG536730,2023-12-11 09:44:00+00:00,045XX N SHERIDAN RD,BATTERY,DOMESTIC BATTERY SIMPLE,APARTMENT,True,True,1914,19,46,3,08B,41.96410643,-87.65477089,2023,2023-12-11,09:44:00,9,Monday,December,DOMESTIC BATTERY SIMPLE
13302909,JG535094,2023-12-09 18:40:00+00:00,046XX N BROADWAY,ASSAULT,AGGRAVATED - HANDGUN,SIDEWALK,False,False,1914,19,46,3,04A,41.96635425,-87.65808212,2023,2023-12-09,18:40:00,18,Saturday,December,AGGRAVATED
13018963,JG195183,2023-03-22 16:00:00+00:00,046XX N KENMORE AVE,ASSAULT,AGGRAVATED - OTHER DANGEROUS WEAPON,APARTMENT,False,False,1914,19,46,3,04A,41.96651603,-87.65619776,2023,2023-03-22,16:00:00,16,Wednesday,March,AGGRAVATED
13313874,JG548365,2023-12-20 08:00:00+00:00,010XX W LELAND AVE,ASSAULT,SIMPLE,STREET,False,False,1914,19,46,3,08A,41.96725953,-87.65523752,2023,2023-12-20,08:00:00,8,Wednesday,December,SIMPLE
12943264,JG105607,2023-01-05 15:16:00+00:00,045XX N CLARENDON AVE,ASSAULT,SIMPLE,APARTMENT,False,False,1914,19,46,3,08A,41.96491786,-87.65000063,2023,2023-01-05,15:16:00,15,Thursday,January,SIMPLE
13037223,JG217534,2023-04-07 14:30:00+00:00,045XX N CLARENDON AVE,ASSAULT,SIMPLE,APARTMENT,False,False,1914,19,46,3,08A,41.96388038,-87.64997127,2023,2023-04-07,14:30:00,14,Friday,April,SIMPLE
13131577,JG330435,2023-07-06 17:45:00+00:00,045XX N SIMONDS DR,THEFT,OVER $500,LAKEFRONT / WATERFRONT / RIVERBANK,False,False,1914,19,46,3,06,41.96555998,-87.6403821,2023,2023-07-06,17:45:00,17,Thursday,July,OVER $500
13214584,JG428486,2023-09-14 21:00:00+00:00,047XX N MARINE DR,THEFT,RETAIL THEFT,DRUG STORE,False,False,1914,19,46,3,06,41.9679295,-87.64928817,2023,2023-09-14,21:00:00,21,Thursday,September,RETAIL THEFT
13289130,JG518245,2023-11-26 14:56:00+00:00,047XX N MARINE DR,THEFT,RETAIL THEFT,SMALL RETAIL STORE,False,False,1914,19,46,3,06,41.9679295,-87.64928817,2023,2023-11-26,14:56:00,14,Sunday,November,RETAIL THEFT
13180374,JG387971,2023-08-17 23:45:00+00:00,009XX W AGATITE AVE,THEFT,FROM BUILDING,RESIDENCE - PORCH / HALLWAY,False,False,1914,19,46,3,06,41.96270752,-87.65302454,2023,2023-08-17,23:45:00,23,Thursday,August,FROM BUILDING
13103542,JG297116,2023-06-11 03:00:00+00:00,045XX N BROADWAY,CRIMINAL DAMAGE,TO PROPERTY,SMALL RETAIL STORE,False,False,1914,19,46,3,14,41.96452247,-87.65691381,2023,2023-06-11,03:00:00,3,Sunday,June,TO PROPERTY
13048471,JG231021,2023-04-20 15:32:00+00:00,008XX W BUENA AVE,BATTERY,SIMPLE,APARTMENT,False,False,1915,19,46,3,08B,41.95845727,-87.65218736,2023,2023-04-20,15:32:00,15,Thursday,April,SIMPLE
13110271,JG305079,2023-06-17 15:30:00+00:00,008XX W BUENA AVE,BATTERY,SIMPLE,RESIDENCE,False,False,1915,19,46,3,08B,41.95845727,-87.65218736,2023,2023-06-17,15:30:00,15,Saturday,June,SIMPLE
13128343,JG326444,2023-07-03 19:00:00+00:00,040XX N KENMORE AVE,BATTERY,DOMESTIC BATTERY SIMPLE,APARTMENT,False,True,1915,19,46,3,08B,41.95507241,-87.65614979,2023,2023-07-03,19:00:00,19,Monday,July,DOMESTIC BATTERY SIMPLE
13182312,JG389590,2023-08-19 17:50:00+00:00,009XX W CUYLER AVE,BATTERY,AGGRAVATED DOMESTIC BATTERY - OTHER DANGEROUS WEAPON,APARTMENT,False,True,1915,19,46,3,04B,41.9554452,-87.65282972,2023,2023-08-19,17:50:00,17,Saturday,August,AGGRAVATED
13238472,JG457660,2023-10-09 21:14:00+00:00,008XX W IRVING PARK RD,ASSAULT,SIMPLE,HOSPITAL BUILDING / GROUNDS,False,False,1915,19,46,3,08A,41.95453556,-87.6512218,2023,2023-10-09,21:14:00,21,Monday,October,SIMPLE
13221541,JG437455,2023-09-23 15:00:00+00:00,006XX W MONTROSE DR,THEFT,OVER $500,LAKEFRONT / WATERFRONT / RIVERBANK,False,False,1915,19,46,3,06,41.96203391,-87.64589873,2023,2023-09-23,15:00:00,15,Saturday,September,OVER $500
13273110,JG498704,2023-11-09 17:45:00+00:00,043XX N SHERIDAN RD,THEFT,OVER $500,OTHER (SPECIFY),False,False,1915,19,46,3,06,41.96137851,-87.65474101,2023,2023-11-09,17:45:00,17,Thursday,November,OVER $500
13027324,JG205881,2023-03-29 19:00:00+00:00,040XX N KENMORE AVE,THEFT,OVER $500,STREET,False,False,1915,19,46,3,06,41.95511633,-87.65615301,2023,2023-03-29,19:00:00,19,Wednesday,March,OVER $500
13150541,JG352994,2023-07-16 19:00:00+00:00,009XX W GORDON TER,THEFT,OVER $500,STREET,False,False,1915,19,46,3,06,41.95741402,-87.65349996,2023,2023-07-16,19:00:00,19,Sunday,July,OVER $500
13122852,JG319091,2023-06-25 14:00:00+00:00,008XX W MONTROSE AVE,THEFT,$500 AND UNDER,STREET,False,False,1915,19,46,3,06,41.96183004,-87.65082413,2023,2023-06-25,14:00:00,14,Sunday,June,$500 AND UNDER
13034499,JG214269,2023-04-03 19:00:00+00:00,042XX N MARINE DR,THEFT,FROM BUILDING,APARTMENT,False,False,1915,19,46,3,06,41.96004678,-87.64676205,2023,2023-04-03,19:00:00,19,Monday,April,FROM BUILDING
13064058,JG249760,2023-05-05 21:30:00+00:00,021XX W BELMONT AVE,BATTERY,"AGGRAVATED - HANDS, FISTS, FEET, SERIOUS INJURY",BAR OR TAVERN,False,False,1921,19,32,5,04B,41.93953529,-87.68138479,2023,2023-05-05,21:30:00,21,Friday,May,AGGRAVATED
13285379,JG514080,2023-11-22 14:22:00+00:00,033XX N LEAVITT ST,ASSAULT,SIMPLE,ALLEY,False,False,1921,19,32,5,08A,41.94218045,-87.68327286,2023,2023-11-22,14:22:00,14,Wednesday,November,SIMPLE
13069248,JG256130,2023-05-11 05:40:00+00:00,036XX N WESTERN AVE,ASSAULT,SIMPLE,RESTAURANT,False,False,1921,19,47,5,08A,41.94755444,-87.68828374,2023,2023-05-11,05:40:00,5,Thursday,May,SIMPLE
13182991,JG391174,2023-08-21 06:15:00+00:00,033XX N LEAVITT ST,THEFT,OVER $500,STREET,False,False,1921,19,32,5,06,41.94227377,-87.68327558,2023,2023-08-21,06:15:00,6,Monday,August,OVER $500
13245539,JG465738,2023-10-14 11:00:00+00:00,039XX N HOYNE AVE,THEFT,$500 AND UNDER,VEHICLE NON-COMMERCIAL,False,False,1921,19,47,5,06,41.9532194,-87.68115712,2023,2023-10-14,11:00:00,11,Saturday,October,$500 AND UNDER
12962486,JG128061,2023-01-22 14:00:00+00:00,036XX N WESTERN AVE,THEFT,$500 AND UNDER,RESTAURANT,False,False,1921,19,47,5,06,41.94727721,-87.68827183,2023,2023-01-22,14:00:00,14,Sunday,January,$500 AND UNDER
13081340,JG270930,2023-05-21 23:00:00+00:00,020XX W MELROSE ST,THEFT,$500 AND UNDER,STREET,False,False,1921,19,32,5,06,41.94047312,-87.67933163,2023,2023-05-21,23:00:00,23,Sunday,May,$500 AND UNDER
12989519,JG160418,2023-02-21 09:20:00+00:00,033XX N WESTERN AVE,THEFT,RETAIL THEFT,SMALL RETAIL STORE,True,False,1921,19,47,5,06,41.94219754,-87.68824952,2023,2023-02-21,09:20:00,9,Tuesday,February,RETAIL THEFT
12958906,JG123876,2023-01-21 02:40:00+00:00,032XX N SOUTHPORT AVE,ROBBERY,ARMED - HANDGUN,SIDEWALK,False,False,1922,19,44,6,03,41.94108916,-87.6638511,2023,2023-01-21,02:40:00,2,Saturday,January,ARMED - HANDGUN
13028197,JG005000,2023-04-01 06:15:00+00:00,036XX N LINCOLN AVE,ROBBERY,ARMED - HANDGUN,SIDEWALK,False,False,1922,19,47,5,03,41.94831978,-87.67469686,2023,2023-04-01,06:15:00,6,Saturday,April,ARMED - HANDGUN
13213020,JG426952,2023-09-16 17:30:00+00:00,019XX W MELROSE ST,BATTERY,SIMPLE,NURSING / RETIREMENT HOME,False,False,1922,19,32,5,08B,41.94049927,-87.67718116,2023,2023-09-16,17:30:00,17,Saturday,September,SIMPLE
13156453,JG359773,2023-07-28 16:26:00+00:00,018XX W LARCHMONT AVE,BATTERY,SIMPLE,RESIDENCE - GARAGE,False,False,1922,19,47,5,08B,41.95326805,-87.67525618,2023,2023-07-28,16:26:00,16,Friday,July,SIMPLE
13021280,JG198599,2023-03-23 19:00:00+00:00,015XX W CORNELIA AVE,THEFT,OVER $500,STREET,False,False,1922,19,44,6,06,41.94517794,-87.66808331,2023,2023-03-23,19:00:00,19,Thursday,March,OVER $500
13138871,JG338972,2023-07-13 04:15:00+00:00,019XX W BYRON ST,THEFT,OVER $500,STREET,False,False,1922,19,47,5,06,41.95236254,-87.67670658,2023,2023-07-13,04:15:00,4,Thursday,July,OVER $500
13304604,JG537332,2023-12-08 19:00:00+00:00,014XX W MELROSE ST,THEFT,$500 AND UNDER,STREET,False,False,1922,19,32,6,06,41.94066219,-87.66498764,2023,2023-12-08,19:00:00,19,Friday,December,$500 AND UNDER
13092244,JG283396,2023-05-31 13:12:00+00:00,014XX W ROSCOE ST,THEFT,$500 AND UNDER,RESIDENCE - PORCH / HALLWAY,False,False,1922,19,32,6,06,41.94340065,-87.66494067,2023,2023-05-31,13:12:00,13,Wednesday,May,$500 AND UNDER
13118113,JG314516,2023-06-24 15:00:00+00:00,018XX W ADDISON ST,THEFT,$500 AND UNDER,SIDEWALK,False,False,1922,19,47,5,06,41.94690984,-87.67479959,2023,2023-06-24,15:00:00,15,Saturday,June,$500 AND UNDER
12974724,JG142802,2023-02-03 17:04:00+00:00,033XX N ASHLAND AVE,THEFT,RETAIL THEFT,DEPARTMENT STORE,False,False,1922,19,47,6,06,41.9417486,-87.66871808,2023,2023-02-03,17:04:00,17,Friday,February,RETAIL THEFT
12976009,JG143535,2023-01-20 05:00:00+00:00,018XX W IRVING PARK RD,THEFT,FROM BUILDING,RESIDENCE,False,False,1922,19,47,5,06,41.95420112,-87.67526129,2023,2023-01-20,05:00:00,5,Friday,January,FROM BUILDING
13291427,JG520144,2023-11-23 23:15:00+00:00,019XX W GRACE ST,CRIMINAL DAMAGE,TO VEHICLE,RESIDENCE,False,False,1922,19,47,5,14,41.95052768,-87.67736506,2023,2023-11-23,23:15:00,23,Thursday,November,TO VEHICLE
13309487,JG543110,2023-12-10 17:00:00+00:00,015XX W ROSCOE ST,CRIMINAL DAMAGE,TO VEHICLE,STREET,False,False,1922,19,47,6,14,41.94337538,-87.666731,2023,2023-12-10,17:00:00,17,Sunday,December,TO VEHICLE
13014403,JG190565,2023-03-18 19:17:00+00:00,037XX N WOLCOTT AVE,CRIMINAL DAMAGE,TO VEHICLE,STREET,False,False,1922,19,47,5,14,41.94904457,-87.67618922,2023,2023-03-18,19:17:00,19,Saturday,March,TO VEHICLE
13076647,JG265036,2023-05-03 20:00:00+00:00,014XX W CORNELIA AVE,CRIMINAL DAMAGE,TO VEHICLE,STREET,False,False,1922,19,47,6,14,41.94521235,-87.66597303,2023,2023-05-03,20:00:00,20,Wednesday,May,TO VEHICLE
13141231,JG341852,2023-07-14 00:00:00+00:00,009XX W ADDISON ST,ROBBERY,STRONG ARM - NO WEAPON,SIDEWALK,False,False,1923,19,44,6,03,41.94727182,-87.65264096,2023,2023-07-14,00:00:00,0,Friday,July,STRONG ARM - NO WEAPON
13319887,JG555503,2023-12-26 19:44:00+00:00,009XX W SHERIDAN RD,BATTERY,SIMPLE,CTA BUS,False,False,1923,19,46,6,08B,41.95268108,-87.6541017,2023,2023-12-26,19:44:00,19,Tuesday,December,SIMPLE
13088566,JG278911,2023-05-28 17:45:00+00:00,036XX N SHEFFIELD AVE,BATTERY,SIMPLE,CTA TRAIN,False,False,1923,19,44,6,08B,41.94778684,-87.65434481,2023,2023-05-28,17:45:00,17,Sunday,May,SIMPLE
13193417,JG403414,2023-08-11 21:35:00+00:00,010XX W ADDISON ST,BATTERY,SIMPLE,SPORTS ARENA / STADIUM,False,False,1923,19,44,6,08B,41.94722589,-87.65554544,2023,2023-08-11,21:35:00,21,Friday,August,SIMPLE
12954147,JG118053,2023-01-16 10:35:00+00:00,039XX N SHERIDAN RD,ASSAULT,SIMPLE,SMALL RETAIL STORE,False,False,1923,19,46,6,08A,41.95396241,-87.65452926,2023,2023-01-16,10:35:00,10,Monday,January,SIMPLE
13026736,JG204725,2023-03-10 19:30:00+00:00,011XX W Grace St,THEFT,OVER $500,STREET,False,False,1923,19,44,6,06,41.95108037,-87.65721402,2023,2023-03-10,19:30:00,19,Friday,March,OVER $500
13103168,JG296501,2023-06-10 20:00:00+00:00,010XX W ADDISON ST,THEFT,$500 AND UNDER,SIDEWALK,False,False,1923,19,44,6,06,41.94723566,-87.65487632,2023,2023-06-10,20:00:00,20,Saturday,June,$500 AND UNDER
13065888,JG252028,2023-05-08 04:30:00+00:00,036XX N SOUTHPORT AVE,THEFT,RETAIL THEFT,DRUG STORE,False,False,1923,19,44,6,06,41.94785746,-87.66403393,2023,2023-05-08,04:30:00,4,Monday,May,RETAIL THEFT
13110185,JG304792,2023-06-17 15:20:00+00:00,037XX N HALSTED ST,THEFT,POCKET-PICKING,SIDEWALK,False,False,1923,19,46,6,06,41.95043697,-87.64958919,2023,2023-06-17,15:20:00,15,Saturday,June,POCKET-PICKING
13121354,JG318257,2023-06-22 00:15:00+00:00,036XX N HALSTED ST,CRIMINAL DAMAGE,TO PROPERTY,COMMERCIAL / BUSINESS OFFICE,False,False,1923,19,44,6,14,41.94827959,-87.64951667,2023,2023-06-22,00:15:00,0,Thursday,June,TO PROPERTY
13282017,JG509951,2023-11-19 03:00:00+00:00,035XX N SEMINARY AVE,BATTERY,AGGRAVATED - HANDGUN,SIDEWALK,False,False,1924,19,44,6,04B,41.9456905,-87.65670857,2023,2023-11-19,03:00:00,3,Sunday,November,AGGRAVATED
13292643,JG522529,2023-11-29 20:40:00+00:00,012XX W ROSCOE ST,BATTERY,AGGRAVATED - OTHER DANGEROUS WEAPON,SIDEWALK,False,False,1924,19,44,6,04B,41.94347895,-87.6600254,2023,2023-11-29,20:40:00,20,Wednesday,November,AGGRAVATED
13237369,JG454613,2023-10-07 12:45:00+00:00,011XX W CORNELIA AVE,BATTERY,SIMPLE,APARTMENT,False,False,1924,19,44,6,08B,41.94534074,-87.65742906,2023,2023-10-07,12:45:00,12,Saturday,October,SIMPLE
13124119,JG321451,2023-06-29 21:04:00+00:00,034XX N SOUTHPORT AVE,BATTERY,SIMPLE,SMALL RETAIL STORE,False,False,1924,19,44,6,08B,41.94377618,-87.66392591,2023,2023-06-29,21:04:00,21,Thursday,June,SIMPLE
13282674,JG510431,2023-11-15 00:15:00+00:00,033XX N RACINE AVE,THEFT,OVER $500,VEHICLE NON-COMMERCIAL,False,False,1924,19,44,6,06,41.9421175,-87.65903628,2023,2023-11-15,00:15:00,0,Wednesday,November,OVER $500
13009695,JG184934,2023-03-05 17:00:00+00:00,032XX N KENMORE AVE,THEFT,OVER $500,RESIDENCE,False,False,1924,19,44,6,06,41.94070446,-87.65534619,2023,2023-03-05,17:00:00,17,Sunday,March,OVER $500
12950546,JG113889,2023-01-12 17:31:00+00:00,034XX N SOUTHPORT AVE,THEFT,RETAIL THEFT,CTA TRAIN,True,False,1924,19,44,6,06,41.94380913,-87.66392925,2023,2023-01-12,17:31:00,17,Thursday,January,RETAIL THEFT
12971227,JG138681,2023-02-02 17:53:00+00:00,032XX N Clark St,THEFT,RETAIL THEFT,DEPARTMENT STORE,False,False,1924,19,44,6,06,41.94044868,-87.65108159,2023,2023-02-02,17:53:00,17,Thursday,February,RETAIL THEFT
13109322,JG303950,2023-06-16 19:55:00+00:00,010XX W ADDISON ST,THEFT,RETAIL THEFT,CONVENIENCE STORE,False,False,1924,19,44,6,06,41.94722142,-87.65571826,2023,2023-06-16,19:55:00,19,Friday,June,RETAIL THEFT
13118989,JG315517,2023-06-25 15:30:00+00:00,033XX N HALSTED ST,THEFT,POCKET-PICKING,STREET,False,False,1924,19,44,6,06,41.943029,-87.64936326,2023,2023-06-25,15:30:00,15,Sunday,June,POCKET-PICKING
13261247,JG484078,2023-10-28 21:00:00+00:00,010XX W ADDISON ST,THEFT,FROM BUILDING,BAR OR TAVERN,False,False,1924,19,44,6,06,41.9471781,-87.65721482,2023,2023-10-28,21:00:00,21,Saturday,October,FROM BUILDING
13318099,JG553383,2023-12-23 15:20:00+00:00,011XX W ROSCOE ST,THEFT,FROM BUILDING,APARTMENT,False,False,1924,19,44,6,06,41.94352673,-87.65694832,2023,2023-12-23,15:20:00,15,Saturday,December,FROM BUILDING
13112502,JG306770,2023-06-18 03:45:00+00:00,034XX N HALSTED ST,THEFT,FROM BUILDING,BAR OR TAVERN,False,False,1924,19,44,6,06,41.94495301,-87.64941621,2023,2023-06-18,03:45:00,3,Sunday,June,FROM BUILDING
13200764,JG411645,2023-09-04 02:00:00+00:00,033XX N HALSTED ST,THEFT,FROM BUILDING,BAR OR TAVERN,False,False,1924,19,44,6,06,41.94310859,-87.64936609,2023,2023-09-04,02:00:00,2,Monday,September,FROM BUILDING
13244461,JG464374,2023-10-14 18:30:00+00:00,033XX N KENMORE AVE,CRIMINAL DAMAGE,TO VEHICLE,STREET,False,False,1924,19,44,6,14,41.94272183,-87.65540936,2023,2023-10-14,18:30:00,18,Saturday,October,TO VEHICLE
13245700,JG466214,2023-10-09 08:00:00+00:00,033XX N LAKEWOOD AVE,CRIMINAL DAMAGE,TO VEHICLE,RESIDENCE,False,False,1924,19,44,6,14,41.9421125,-87.66145858,2023,2023-10-09,08:00:00,8,Monday,October,TO VEHICLE
13290650,JG520165,2023-11-28 06:30:00+00:00,036XX N BROADWAY,BATTERY,SIMPLE,ATHLETIC CLUB,True,False,1925,19,46,6,08B,41.94853392,-87.6479884,2023,2023-11-28,06:30:00,6,Tuesday,November,SIMPLE
13124509,JG319380,2023-06-26 00:00:00+00:00,007XX W ROSCOE ST,BATTERY,SIMPLE,STREET,False,False,1925,19,44,6,08B,41.94363652,-87.64815848,2023,2023-06-26,00:00:00,0,Monday,June,SIMPLE
13314365,JG548857,2023-12-20 20:40:00+00:00,039XX N LAKE SHORE DR,BATTERY,DOMESTIC BATTERY SIMPLE,APARTMENT,True,True,1925,19,46,6,08B,41.95386239,-87.64510423,2023,2023-12-20,20:40:00,20,Wednesday,December,DOMESTIC BATTERY SIMPLE
13120698,JG317190,2023-06-26 00:00:00+00:00,007XX W ROSCOE ST,BATTERY,DOMESTIC BATTERY SIMPLE,SIDEWALK,False,True,1925,19,44,6,08B,41.94363447,-87.64827612,2023,2023-06-26,00:00:00,0,Monday,June,DOMESTIC BATTERY SIMPLE
13235544,JG451130,2023-10-04 18:00:00+00:00,036XX N BROADWAY,THEFT,OVER $500,STREET,False,False,1925,19,46,6,06,41.94853392,-87.6479884,2023,2023-10-04,18:00:00,18,Wednesday,October,OVER $500
13258738,JG482016,2023-10-27 20:00:00+00:00,033XX N HALSTED ST,THEFT,OVER $500,BAR OR TAVERN,False,False,1925,19,44,6,06,41.94305644,-87.64936297,2023,2023-10-27,20:00:00,20,Friday,October,OVER $500
12989651,JG160004,2023-02-20 08:00:00+00:00,035XX N LAKE SHORE DR,THEFT,OVER $500,STREET,False,False,1925,19,46,6,06,41.94795558,-87.64306511,2023,2023-02-20,08:00:00,8,Monday,February,OVER $500
13162997,JG367179,2023-08-02 17:30:00+00:00,036XX N LAKE SHORE DR,THEFT,OVER $500,STREET,False,False,1925,19,46,6,06,41.9495557,-87.64401833,2023,2023-08-02,17:30:00,17,Wednesday,August,OVER $500
13188117,JG397543,2023-08-24 15:00:00+00:00,007XX W BUCKINGHAM PL,THEFT,OVER $500,STREET,False,False,1925,19,44,6,06,41.94272517,-87.6481131,2023,2023-08-24,15:00:00,15,Thursday,August,OVER $500
13113601,JG308042,2023-06-19 08:35:00+00:00,006XX W PATTERSON AVE,THEFT,$500 AND UNDER,CHA HALLWAY / STAIRWELL / ELEVATOR,False,False,1925,19,46,6,06,41.94867749,-87.6467554,2023,2023-06-19,08:35:00,8,Monday,June,$500 AND UNDER
13153770,JG356675,2023-07-26 10:10:00+00:00,036XX N LAKE SHORE DR,THEFT,$500 AND UNDER,STREET,False,False,1925,19,46,6,06,41.94909298,-87.64373658,2023,2023-07-26,10:10:00,10,Wednesday,July,$500 AND UNDER
12975484,JG143138,2023-02-06 17:45:00+00:00,032XX N BROADWAY,THEFT,RETAIL THEFT,SMALL RETAIL STORE,False,False,1925,19,44,6,06,41.94031827,-87.64440819,2023,2023-02-06,17:45:00,17,Monday,February,RETAIL THEFT
13152922,JG354779,2023-07-24 23:41:00+00:00,037XX N BROADWAY,THEFT,RETAIL THEFT,SMALL RETAIL STORE,False,False,1925,19,46,6,06,41.94933263,-87.64847244,2023,2023-07-24,23:41:00,23,Monday,July,RETAIL THEFT
13201548,JG413511,2023-09-01 20:00:00+00:00,038XX N LAKE SHORE DR,CRIMINAL DAMAGE,TO PROPERTY,RESIDENCE - YARD (FRONT / BACK),False,False,1925,19,46,6,14,41.95285391,-87.64533566,2023,2023-09-01,20:00:00,20,Friday,September,TO PROPERTY
13079795,JG268559,2023-05-20 23:45:00+00:00,007XX W ADDISON ST,CRIMINAL DAMAGE,TO VEHICLE,STREET,False,False,1925,19,46,6,14,41.94731019,-87.64847938,2023,2023-05-20,23:45:00,23,Saturday,May,TO VEHICLE
13136128,JG335090,2023-07-06 11:00:00+00:00,036XX N PINE GROVE AVE,CRIMINAL DAMAGE,TO VEHICLE,STREET,False,False,1925,19,46,6,14,41.94924036,-87.64634867,2023,2023-07-06,11:00:00,11,Thursday,July,TO VEHICLE
13145625,JG347023,2023-07-18 22:00:00+00:00,035XX N LAKE SHORE DR,CRIMINAL DAMAGE,TO VEHICLE,STREET,False,False,1925,19,46,6,14,41.94806847,-87.64312638,2023,2023-07-18,22:00:00,22,Tuesday,July,TO VEHICLE
13080383,JG269654,2023-05-21 21:22:00+00:00,029XX N CLYBOURN AVE,ASSAULT,SIMPLE,APARTMENT,False,False,1931,19,32,5,08A,41.93355262,-87.67988745,2023,2023-05-21,21:22:00,21,Sunday,May,SIMPLE
13309753,JG543567,2023-12-16 13:30:00+00:00,017XX W FULLERTON AVE,THEFT,OVER $500,STREET,False,False,1931,19,32,7,06,41.92510186,-87.67199231,2023,2023-12-16,13:30:00,13,Saturday,December,OVER $500
13136160,JG334714,2023-07-07 01:44:00+00:00,021XX W BARRY AVE,THEFT,$500 AND UNDER,RESIDENCE - YARD (FRONT / BACK),False,False,1931,19,32,5,06,41.93769951,-87.68237011,2023,2023-07-07,01:44:00,1,Friday,July,$500 AND UNDER
13187169,JG395273,2023-07-22 00:00:00+00:00,022XX W BELMONT AVE,THEFT,$500 AND UNDER,APARTMENT,False,False,1931,19,32,5,06,41.93950553,-87.68388075,2023,2023-07-22,00:00:00,0,Saturday,July,$500 AND UNDER
13275087,JG501364,2023-11-12 10:21:00+00:00,018XX W FULLERTON AVE,THEFT,RETAIL THEFT,SMALL RETAIL STORE,False,False,1931,19,32,7,06,41.92507895,-87.67373434,2023,2023-11-12,10:21:00,10,Sunday,November,RETAIL THEFT
13333543,JH109878,2023-11-26 10:00:00+00:00,027XX N CLYBOURN AVE,THEFT,RETAIL THEFT,SMALL RETAIL STORE,True,False,1931,19,32,7,06,41.93121391,-87.67689045,2023,2023-11-26,10:00:00,10,Sunday,November,RETAIL THEFT
13019396,JG196605,2023-03-23 19:40:00+00:00,017XX W FULLERTON AVE,THEFT,RETAIL THEFT,DEPARTMENT STORE,False,False,1931,19,32,7,06,41.92510186,-87.67199231,2023,2023-03-23,19:40:00,19,Thursday,March,RETAIL THEFT
13201849,JG413752,2023-09-06 15:32:00+00:00,029XX N ASHLAND AVE,THEFT,RETAIL THEFT,GROCERY FOOD STORE,False,False,1931,19,32,6,06,41.93543292,-87.66850434,2023,2023-09-06,15:32:00,15,Wednesday,September,RETAIL THEFT
13235366,JG453838,2023-10-06 15:33:00+00:00,030XX N Clybourn Ave,THEFT,FROM BUILDING,RESIDENCE,False,False,1931,19,32,5,06,41.93647339,-87.68391887,2023,2023-10-06,15:33:00,15,Friday,October,FROM BUILDING
13005663,JG179692,2023-03-09 15:55:00+00:00,015XX W FULLERTON AVE,ASSAULT,AGGRAVATED - HANDGUN,SMALL RETAIL STORE,False,False,1932,19,32,7,04A,41.92517443,-87.66650894,2023,2023-03-09,15:55:00,15,Thursday,March,AGGRAVATED
13131813,JG330671,2023-07-06 21:00:00+00:00,024XX N LINCOLN AVE,ASSAULT,SIMPLE,ATHLETIC CLUB,False,False,1932,19,43,7,08A,41.92623742,-87.64987337,2023,2023-07-06,21:00:00,21,Thursday,July,SIMPLE
13136169,JG335095,2023-07-09 05:55:00+00:00,024XX N GREENVIEW AVE,THEFT,OVER $500,STREET,False,False,1932,19,32,7,06,41.92645176,-87.66578274,2023,2023-07-09,05:55:00,5,Sunday,July,OVER $500
13208868,JG421856,2023-09-12 21:01:00+00:00,028XX N ASHLAND AVE,THEFT,ATTEMPT THEFT,SMALL RETAIL STORE,False,False,1932,19,32,6,06,41.93295438,-87.66841615,2023,2023-09-12,21:01:00,21,Tuesday,September,ATTEMPT THEFT
13229789,JG447079,2023-10-02 03:52:00+00:00,012XX W LILL AVE,CRIMINAL DAMAGE,TO VEHICLE,RESIDENCE - GARAGE,False,False,1932,19,32,7,14,41.92775595,-87.65932351,2023,2023-10-02,03:52:00,3,Monday,October,TO VEHICLE
13287778,JG516804,2023-11-21 21:00:00+00:00,025XX N SOUTHPORT AVE,CRIMINAL DAMAGE,TO VEHICLE,STREET,False,False,1932,19,32,7,14,41.92764811,-87.66340369,2023,2023-11-21,21:00:00,21,Tuesday,November,TO VEHICLE
13280048,JG507510,2023-11-17 06:52:00+00:00,009XX W BELMONT AVE,BATTERY,AGGRAVATED - OTHER DANGEROUS WEAPON,CTA TRAIN,True,False,1933,19,44,6,04B,41.93991842,-87.65328888,2023,2023-11-17,06:52:00,6,Friday,November,AGGRAVATED
13173764,JG380242,2023-08-12 19:03:00+00:00,009XX W WOLFRAM ST,BATTERY,AGGRAVATED POLICE OFFICER - OTHER DANGEROUS WEAPON,APARTMENT,False,False,1933,19,44,6,04B,41.93355454,-87.65328298,2023,2023-08-12,19:03:00,19,Saturday,August,AGGRAVATED
13235827,JG453379,2023-10-06 09:45:00+00:00,008XX W WELLINGTON AVE,BATTERY,"PROTECTED EMPLOYEE - HANDS, FISTS, FEET, NO / MINOR INJURY",HOSPITAL BUILDING / GROUNDS,False,False,1933,19,44,6,08B,41.93633564,-87.65071012,2023,2023-10-06,09:45:00,9,Friday,October,"PROTECTED EMPLOYEE - HANDS, FISTS, FEET, NO / MINOR INJURY"
13086187,JG275008,2023-05-25 17:50:00+00:00,009XX W WELLINGTON AVE,ASSAULT,SIMPLE,STREET,False,False,1933,19,44,6,08A,41.9362977,-87.65264006,2023,2023-05-25,17:50:00,17,Thursday,May,SIMPLE
13105310,JG299061,2023-06-13 08:55:00+00:00,030XX N HALSTED ST,ASSAULT,SIMPLE,PARKING LOT / GARAGE (NON RESIDENTIAL),False,False,1933,19,44,6,08A,41.93743245,-87.64918049,2023,2023-06-13,08:55:00,8,Tuesday,June,SIMPLE
13239246,JG458174,2023-10-06 00:00:00+00:00,009XX W FLETCHER ST,THEFT,OVER $500,APARTMENT,False,False,1933,19,44,6,06,41.93896842,-87.6527403,2023,2023-10-06,00:00:00,0,Friday,October,OVER $500
13274166,JG500262,2023-11-10 23:30:00+00:00,008XX W OAKDALE AVE,THEFT,OVER $500,SIDEWALK,False,False,1933,19,44,6,06,41.93544606,-87.64971258,2023,2023-11-10,23:30:00,23,Friday,November,OVER $500
13063782,JG249133,2023-05-05 13:50:00+00:00,011XX W GEORGE ST,THEFT,OVER $500,STREET,False,False,1933,19,44,6,06,41.93440254,-87.6570043,2023,2023-05-05,13:50:00,13,Friday,May,OVER $500
13141218,JG341820,2023-07-14 21:30:00+00:00,013XX W FLETCHER ST,THEFT,OVER $500,STREET,False,False,1933,19,32,6,06,41.93887695,-87.66237833,2023,2023-07-14,21:30:00,21,Friday,July,OVER $500
13184907,JG392916,2023-08-14 12:30:00+00:00,031XX N Sheffield Ave,THEFT,$500 AND UNDER,RESIDENCE - YARD (FRONT / BACK),False,False,1933,19,44,6,06,41.93851793,-87.65405722,2023,2023-08-14,12:30:00,12,Monday,August,$500 AND UNDER
12954140,JG118156,2023-01-16 11:42:00+00:00,031XX N CLARK ST,THEFT,RETAIL THEFT,SMALL RETAIL STORE,True,False,1933,19,44,6,06,41.93859561,-87.64957603,2023,2023-01-16,11:42:00,11,Monday,January,RETAIL THEFT
12984024,JG154055,2023-02-15 18:34:00+00:00,009XX W BELMONT AVE,THEFT,RETAIL THEFT,SMALL RETAIL STORE,True,False,1933,19,44,6,06,41.93993967,-87.6522448,2023,2023-02-15,18:34:00,18,Wednesday,February,RETAIL THEFT
13060281,JG245256,2023-05-02 12:35:00+00:00,031XX N CLARK ST,THEFT,RETAIL THEFT,DEPARTMENT STORE,False,False,1933,19,44,6,06,41.93859561,-87.64957603,2023,2023-05-02,12:35:00,12,Tuesday,May,RETAIL THEFT
13061654,JG246662,2023-04-30 17:30:00+00:00,009XX W BELMONT AVE,THEFT,RETAIL THEFT,SMALL RETAIL STORE,False,False,1933,19,44,6,06,41.93993562,-87.65248743,2023,2023-04-30,17:30:00,17,Sunday,April,RETAIL THEFT
13173289,JG379860,2023-08-12 13:40:00+00:00,009XX W BELMONT AVE,THEFT,POCKET-PICKING,CTA PLATFORM,False,False,1933,19,44,6,06,41.93991842,-87.65328888,2023,2023-08-12,13:40:00,13,Saturday,August,POCKET-PICKING
13043747,JG225017,2023-04-15 21:01:00+00:00,010XX W WOLFRAM ST,CRIMINAL DAMAGE,TO PROPERTY,RESIDENCE,False,False,1933,19,44,6,14,41.93352855,-87.6549187,2023,2023-04-15,21:01:00,21,Saturday,April,TO PROPERTY
13012121,JG187762,2023-03-16 11:30:00+00:00,030XX N HALSTED ST,CRIMINAL DAMAGE,TO VEHICLE,PARKING LOT / GARAGE (NON RESIDENTIAL),False,False,1933,19,44,6,14,41.93743245,-87.64918049,2023,2023-03-16,11:30:00,11,Thursday,March,TO VEHICLE
13013940,JG190082,2023-03-18 00:01:00+00:00,011XX W WOLFRAM ST,CRIMINAL DAMAGE,TO VEHICLE,STREET,False,False,1933,19,44,6,14,41.9334884,-87.65741823,2023,2023-03-18,00:01:00,0,Saturday,March,TO VEHICLE
13196757,JG407587,2023-09-02 01:34:00+00:00,029XX N PINE GROVE AVE,ROBBERY,ARMED - OTHER DANGEROUS WEAPON,SIDEWALK,False,False,1934,19,44,6,03,41.93501177,-87.64180444,2023,2023-09-02,01:34:00,1,Saturday,September,ARMED - OTHER DANGEROUS WEAPON
13181522,JG389571,2023-08-19 21:05:00+00:00,031XX N BROADWAY,ROBBERY,VEHICULAR HIJACKING,STREET,False,False,1934,19,44,6,03,41.93903097,-87.64436324,2023,2023-08-19,21:05:00,21,Saturday,August,VEHICULAR HIJACKING
13269071,JG494305,2023-11-06 18:58:00+00:00,031XX N BROADWAY,BATTERY,SIMPLE,SIDEWALK,False,False,1934,19,44,6,08B,41.93982147,-87.64439149,2023,2023-11-06,18:58:00,18,Monday,November,SIMPLE
12940308,JG102301,2023-01-02 22:10:00+00:00,031XX N BROADWAY,BATTERY,SIMPLE,STREET,False,False,1934,19,44,6,08B,41.93812796,-87.64433621,2023,2023-01-02,22:10:00,22,Monday,January,SIMPLE
13300294,JG531683,2023-12-07 06:30:00+00:00,028XX N CLARK ST,BATTERY,DOMESTIC BATTERY SIMPLE,APARTMENT,False,True,1934,19,44,6,08B,41.93391329,-87.64578549,2023,2023-12-07,06:30:00,6,Thursday,December,DOMESTIC BATTERY SIMPLE
13135259,JG334814,2023-07-10 07:00:00+00:00,029XX N SHERIDAN RD,THEFT,OVER $500,STREET,False,False,1934,19,44,6,06,41.93512615,-87.63938489,2023,2023-07-10,07:00:00,7,Monday,July,OVER $500
13160621,JG364863,2023-08-01 12:00:00+00:00,031XX N BROADWAY,THEFT,OVER $500,COMMERCIAL / BUSINESS OFFICE,False,False,1934,19,44,6,06,41.93846556,-87.64434728,2023,2023-08-01,12:00:00,12,Tuesday,August,OVER $500
13224714,JG441053,2023-07-30 23:00:00+00:00,029XX N COMMONWEALTH AVE,THEFT,$500 AND UNDER,STREET,False,False,1934,19,44,6,06,41.9347556,-87.6380107,2023,2023-07-30,23:00:00,23,Sunday,July,$500 AND UNDER
13227418,JG442755,2023-09-27 20:00:00+00:00,006XX W WELLINGTON AVE,THEFT,$500 AND UNDER,STREET,False,False,1934,19,44,6,06,41.93649737,-87.64470659,2023,2023-09-27,20:00:00,20,Wednesday,September,$500 AND UNDER
12971048,JG138631,2023-02-02 07:10:00+00:00,031XX N CAMBRIDGE AVE,THEFT,$500 AND UNDER,STREET,False,False,1934,19,44,6,06,41.93930917,-87.64316572,2023,2023-02-02,07:10:00,7,Thursday,February,$500 AND UNDER
12971640,JG139202,2023-01-26 13:03:00+00:00,005XX W BRIAR PL,THEFT,$500 AND UNDER,RESIDENCE - PORCH / HALLWAY,False,False,1934,19,44,6,06,41.93871368,-87.64270903,2023,2023-01-26,13:03:00,13,Thursday,January,$500 AND UNDER
12978835,JG147767,2023-02-07 00:00:00+00:00,005XX W BRIAR PL,THEFT,$500 AND UNDER,RESIDENCE,False,False,1934,19,44,6,06,41.93871571,-87.64259139,2023,2023-02-07,00:00:00,0,Tuesday,February,$500 AND UNDER
13091491,JG282482,2023-05-21 10:00:00+00:00,028XX N CLARK ST,THEFT,$500 AND UNDER,STREET,False,False,1934,19,44,6,06,41.93362097,-87.64554607,2023,2023-05-21,10:00:00,10,Sunday,May,$500 AND UNDER
12998838,JG171864,2023-03-02 19:37:00+00:00,030XX N CLARK ST,THEFT,RETAIL THEFT,SMALL RETAIL STORE,False,False,1934,19,44,6,06,41.93688045,-87.64819037,2023,2023-03-02,19:37:00,19,Thursday,March,RETAIL THEFT
13140418,JG340920,2023-07-14 15:45:00+00:00,007XX W DIVERSEY PKWY,THEFT,RETAIL THEFT,SMALL RETAIL STORE,False,False,1934,19,44,6,06,41.93273899,-87.64811709,2023,2023-07-14,15:45:00,15,Friday,July,RETAIL THEFT
13253902,JG476102,2023-10-24 07:35:00+00:00,027XX N HALSTED ST,BATTERY,SIMPLE,SIDEWALK,False,False,1935,19,43,7,08B,41.9317864,-87.6489799,2023,2023-10-24,07:35:00,7,Tuesday,October,SIMPLE
13079774,JG268825,2023-05-21 01:00:00+00:00,024XX N CLARK ST,BATTERY,SIMPLE,SIDEWALK,False,False,1935,19,43,7,08B,41.9259162,-87.64069002,2023,2023-05-21,01:00:00,1,Sunday,May,SIMPLE
13249042,JG470470,2023-10-12 20:30:00+00:00,024XX N CANNON DR,THEFT,$500 AND UNDER,PARKING LOT / GARAGE (NON RESIDENTIAL),False,False,1935,19,43,7,06,41.92623171,-87.63388835,2023,2023-10-12,20:30:00,20,Thursday,October,$500 AND UNDER
12956665,JG120476,2023-01-15 12:46:00+00:00,006XX W WRIGHTWOOD AVE,THEFT,$500 AND UNDER,APARTMENT,False,False,1935,19,43,7,06,41.92933468,-87.644203,2023,2023-01-15,12:46:00,12,Sunday,January,$500 AND UNDER
13308086,JG541353,2023-12-14 20:14:00+00:00,024XX N LAKE SHORE DR NB,THEFT,ATTEMPT THEFT,RESTAURANT,False,False,1935,19,43,7,06,41.92655891,-87.63129407,2023,2023-12-14,20:14:00,20,Thursday,December,ATTEMPT THEFT
13287756,JG516685,2023-11-25 08:00:00+00:00,027XX N CLARK ST,THEFT,RETAIL THEFT,RESTAURANT,False,False,1935,19,43,7,06,41.93228551,-87.64479232,2023,2023-11-25,08:00:00,8,Saturday,November,RETAIL THEFT
13112040,JG307279,2023-06-19 13:30:00+00:00,027XX N CLARK ST,THEFT,RETAIL THEFT,SMALL RETAIL STORE,False,False,1935,19,43,7,06,41.93221397,-87.64476002,2023,2023-06-19,13:30:00,13,Monday,June,RETAIL THEFT
13137297,JG336531,2023-06-27 13:10:00+00:00,026XX N HALSTED ST,THEFT,RETAIL THEFT,SMALL RETAIL STORE,False,False,1935,19,43,7,06,41.93010112,-87.64892442,2023,2023-06-27,13:10:00,13,Tuesday,June,RETAIL THEFT
13168031,JG373381,2023-08-07 07:30:00+00:00,027XX N LEHMANN CT,THEFT,FROM BUILDING,APARTMENT,False,False,1935,19,43,7,06,41.93195643,-87.64345814,2023,2023-08-07,07:30:00,7,Monday,August,FROM BUILDING
13205561,JG418210,2023-09-10 00:30:00+00:00,025XX W FOSTER AVE,BATTERY,SIMPLE,APARTMENT,False,False,2011,20,40,4,08B,41.97586261,-87.69299232,2023,2023-09-10,00:30:00,0,Sunday,September,SIMPLE
13220508,JG436218,2023-09-23 17:50:00+00:00,027XX W PETERSON AVE,BATTERY,SIMPLE,VEHICLE NON-COMMERCIAL,False,True,2011,20,40,2,08B,41.99044666,-87.69867648,2023,2023-09-23,17:50:00,17,Saturday,September,SIMPLE
13072089,JG259669,2023-05-13 22:00:00+00:00,059XX N LINCOLN AVE,BATTERY,SIMPLE,HOTEL / MOTEL,False,False,2011,20,50,2,08B,41.9892934,-87.70553704,2023,2023-05-13,22:00:00,22,Saturday,May,SIMPLE
13174006,JG380663,2023-08-13 04:40:00+00:00,055XX N LINCOLN AVE,BATTERY,SIMPLE,STREET,False,False,2011,20,40,4,08B,41.98172916,-87.69289308,2023,2023-08-13,04:40:00,4,Sunday,August,SIMPLE
13004702,JG178896,2023-03-08 20:50:00+00:00,025XX W CATALPA AVE,BATTERY,DOMESTIC BATTERY SIMPLE,APARTMENT,False,True,2011,20,40,4,08B,41.98132321,-87.69341941,2023,2023-03-08,20:50:00,20,Wednesday,March,DOMESTIC BATTERY SIMPLE
13016481,JG193068,2023-03-21 00:34:00+00:00,024XX W FARRAGUT AVE,BATTERY,DOMESTIC BATTERY SIMPLE,RESIDENCE,True,True,2011,20,40,4,08B,41.97678622,-87.689835,2023,2023-03-21,00:34:00,0,Tuesday,March,DOMESTIC BATTERY SIMPLE
13004873,JG179053,2023-03-09 01:40:00+00:00,024XX W FARRAGUT AVE,ASSAULT,SIMPLE,APARTMENT,True,True,2011,20,40,4,08A,41.97678622,-87.689835,2023,2023-03-09,01:40:00,1,Thursday,March,SIMPLE
13110551,JG305370,2023-06-18 00:48:00+00:00,059XX N ROCKWELL ST,ASSAULT,SIMPLE,APARTMENT,False,True,2011,20,40,2,08A,41.98927913,-87.69449474,2023,2023-06-18,00:48:00,0,Sunday,June,SIMPLE
13189207,JG398776,2023-08-26 16:23:00+00:00,053XX N WESTERN AVE,ASSAULT,SIMPLE,NURSING / RETIREMENT HOME,False,False,2011,20,40,4,08A,41.97849532,-87.68925142,2023,2023-08-26,16:23:00,16,Saturday,August,SIMPLE
13323799,JG560108,2023-12-29 19:00:00+00:00,026XX W BALMORAL AVE,THEFT,OVER $500,STREET,False,False,2011,20,40,4,06,41.97949563,-87.69490883,2023,2023-12-29,19:00:00,19,Friday,December,OVER $500
12971929,JG139657,2023-02-02 18:00:00+00:00,054XX N CALIFORNIA AVE,THEFT,OVER $500,OTHER (SPECIFY),False,False,2011,20,40,4,06,41.98071521,-87.69907838,2023,2023-02-02,18:00:00,18,Thursday,February,OVER $500
13177901,JG385120,2023-08-16 05:00:00+00:00,026XX W BERWYN AVE,THEFT,OVER $500,PARKING LOT / GARAGE (NON RESIDENTIAL),False,False,2011,20,40,4,06,41.97767026,-87.6953169,2023,2023-08-16,05:00:00,5,Wednesday,August,OVER $500
13197522,JG408678,2023-09-02 12:00:00+00:00,027XX W SUMMERDALE AVE,THEFT,OVER $500,RESIDENCE,False,False,2011,20,40,4,06,41.97856974,-87.69718357,2023,2023-09-02,12:00:00,12,Saturday,September,OVER $500
13219341,JG434922,2023-09-22 17:27:00+00:00,052XX N LINCOLN AVE,THEFT,RETAIL THEFT,GROCERY FOOD STORE,True,False,2011,20,40,4,06,41.97701762,-87.69244749,2023,2023-09-22,17:27:00,17,Friday,September,RETAIL THEFT
13062825,JG247835,2023-04-26 11:20:00+00:00,058XX N ARTESIAN AVE,THEFT,FROM BUILDING,RESIDENCE,False,False,2011,20,40,2,06,41.98759277,-87.69079656,2023,2023-04-26,11:20:00,11,Wednesday,April,FROM BUILDING
13205661,JG418321,2023-09-10 03:41:00+00:00,025XX W FARRAGUT AVE,CRIMINAL DAMAGE,TO PROPERTY,APARTMENT,False,False,2011,20,40,4,14,41.9767739,-87.693031,2023,2023-09-10,03:41:00,3,Sunday,September,TO PROPERTY
13310693,JG543677,2023-12-11 08:15:00+00:00,056XX N VIRGINIA AVE,CRIMINAL DAMAGE,TO PROPERTY,RESIDENCE,False,False,2011,20,50,2,14,41.98378711,-87.70527483,2023,2023-12-11,08:15:00,8,Monday,December,TO PROPERTY
13084283,JG274075,2023-05-24 23:00:00+00:00,058XX N LINCOLN AVE,CRIMINAL DAMAGE,TO VEHICLE,ALLEY,False,False,2011,20,50,2,14,41.98721057,-87.70203743,2023,2023-05-24,23:00:00,23,Wednesday,May,TO VEHICLE
13251489,JG473229,2023-10-21 23:40:00+00:00,059XX N RIDGE AVE,BATTERY,DOMESTIC BATTERY SIMPLE,HOTEL / MOTEL,False,True,2012,20,40,77,08B,41.99060508,-87.67181128,2023,2023-10-21,23:40:00,23,Saturday,October,DOMESTIC BATTERY SIMPLE
13266664,JG491985,2023-11-05 01:44:00+00:00,059XX N RIDGE AVE,BATTERY,DOMESTIC BATTERY SIMPLE,RESTAURANT,False,True,2012,20,40,77,08B,41.9899332,-87.6704609,2023,2023-11-05,01:44:00,1,Sunday,November,DOMESTIC BATTERY SIMPLE
13027044,JG205231,2023-03-27 18:00:00+00:00,020XX W BERWYN AVE,BATTERY,DOMESTIC BATTERY SIMPLE,APARTMENT,False,True,2012,20,40,4,08B,41.97783593,-87.68036906,2023,2023-03-27,18:00:00,18,Monday,March,DOMESTIC BATTERY SIMPLE
13050373,JG233371,2023-04-21 10:30:00+00:00,057XX N ASHLAND AVE,ASSAULT,SIMPLE,OTHER (SPECIFY),False,True,2012,20,40,77,08A,41.98532225,-87.66986506,2023,2023-04-21,10:30:00,10,Friday,April,SIMPLE
13243147,JG463390,2023-10-13 18:30:00+00:00,019XX W FARRAGUT AVE,THEFT,OVER $500,STREET,False,False,2012,20,40,4,06,41.97695719,-87.67833694,2023,2023-10-13,18:30:00,18,Friday,October,OVER $500
13325517,JH100811,2023-12-26 09:51:00+00:00,059XX N RIDGE AVE,THEFT,$500 AND UNDER,CAR WASH,False,False,2012,20,40,77,06,41.98995817,-87.67050846,2023,2023-12-26,09:51:00,9,Tuesday,December,$500 AND UNDER
13049978,JG232853,2023-04-22 02:35:00+00:00,054XX N ASHLAND AVE,THEFT,$500 AND UNDER,APARTMENT,True,False,2012,20,40,77,06,41.98044504,-87.66973181,2023,2023-04-22,02:35:00,2,Saturday,April,$500 AND UNDER
13168830,JG374549,2023-08-02 21:30:00+00:00,059XX N RIDGE AVE,THEFT,$500 AND UNDER,HOTEL / MOTEL,False,False,2012,20,40,77,06,41.99060508,-87.67181128,2023,2023-08-02,21:30:00,21,Wednesday,August,$500 AND UNDER
13024317,JG202323,2023-03-28 15:14:00+00:00,054XX N CLARK ST,THEFT,RETAIL THEFT,DRUG STORE,False,False,2012,20,40,77,06,41.9810519,-87.66837572,2023,2023-03-28,15:14:00,15,Tuesday,March,RETAIL THEFT
13221554,JG437425,2023-09-24 10:00:00+00:00,021XX W FARRAGUT AVE,THEFT,FROM BUILDING,APARTMENT,False,False,2012,20,40,4,06,41.97689599,-87.68253377,2023,2023-09-24,10:00:00,10,Sunday,September,FROM BUILDING
13257994,JG481263,2023-10-25 20:00:00+00:00,021XX W BERWYN AVE,CRIMINAL DAMAGE,TO VEHICLE,STREET,False,False,2012,20,40,4,14,41.97780288,-87.68276358,2023,2023-10-25,20:00:00,20,Wednesday,October,TO VEHICLE
12966229,JG132497,2023-01-28 09:32:00+00:00,059XX N RIDGE AVE,BATTERY,SIMPLE,STREET,False,False,2013,20,48,77,08B,41.98921516,-87.66919932,2023,2023-01-28,09:32:00,9,Saturday,January,SIMPLE
13096648,JG288800,2023-05-30 13:00:00+00:00,056XX N RIDGE AVE,THEFT,$500 AND UNDER,APARTMENT,False,False,2013,20,48,77,06,41.98473802,-87.66188966,2023,2023-05-30,13:00:00,13,Tuesday,May,$500 AND UNDER
12948383,JG111517,2023-01-10 08:20:00+00:00,056XX N RIDGE AVE,THEFT,RETAIL THEFT,DRUG STORE,False,False,2013,20,48,77,06,41.98410903,-87.66085538,2023,2023-01-10,08:20:00,8,Tuesday,January,RETAIL THEFT
12964442,JG130206,2023-01-26 12:20:00+00:00,013XX W HOLLYWOOD AVE,THEFT,RETAIL THEFT,SMALL RETAIL STORE,False,False,2013,20,48,77,06,41.98553936,-87.66330468,2023,2023-01-26,12:20:00,12,Thursday,January,RETAIL THEFT
13138503,JG338543,2023-07-12 20:32:00+00:00,052XX N BROADWAY,THEFT,POCKET-PICKING,PARKING LOT / GARAGE (NON RESIDENTIAL),False,False,2013,20,48,77,06,41.97677903,-87.65987702,2023,2023-07-12,20:32:00,20,Wednesday,July,POCKET-PICKING
13220362,JG436076,2023-09-20 17:00:00+00:00,013XX W ARDMORE AVE,CRIMINAL DAMAGE,TO VEHICLE,STREET,False,False,2013,20,48,77,14,41.98810273,-87.66382586,2023,2023-09-20,17:00:00,17,Wednesday,September,TO VEHICLE
13103737,JG297258,2023-06-11 14:00:00+00:00,010XX W BRYN MAWR AVE,THEFT,OVER $500,SIDEWALK,False,False,2022,20,48,77,06,41.98367081,-87.65726287,2023,2023-06-11,14:00:00,14,Sunday,June,OVER $500
13102244,JG295377,2023-05-31 23:00:00+00:00,058XX N SHERIDAN RD,THEFT,FROM BUILDING,RESIDENCE - GARAGE,False,False,2022,20,48,77,06,41.98781954,-87.6553173,2023,2023-05-31,23:00:00,23,Wednesday,May,FROM BUILDING
13201048,JG412874,2023-09-05 11:59:00+00:00,010XX W HOLLYWOOD AVE,CRIMINAL DAMAGE,TO PROPERTY,STREET,False,False,2022,20,48,77,14,41.98550017,-87.65708903,2023,2023-09-05,11:59:00,11,Tuesday,September,TO PROPERTY
13280672,JG508323,2023-11-17 17:15:00+00:00,052XX N SHERIDAN RD,BATTERY,"PROTECTED EMPLOYEE - HANDS, FISTS, FEET, NO / MINOR INJURY",CTA BUS,False,False,2023,20,48,77,08B,41.97731845,-87.65501313,2023,2023-11-17,17:15:00,17,Friday,November,"PROTECTED EMPLOYEE - HANDS, FISTS, FEET, NO / MINOR INJURY"
13291581,JG521188,2023-11-28 19:17:00+00:00,052XX N SHERIDAN RD,BATTERY,AGGRAVATED OF A SENIOR CITIZEN,SIDEWALK,False,False,2023,20,48,77,04B,41.9771126,-87.65500796,2023,2023-11-28,19:17:00,19,Tuesday,November,AGGRAVATED
13207950,JG421007,2023-09-12 09:25:00+00:00,053XX N SHERIDAN RD,ASSAULT,SIMPLE,NURSING / RETIREMENT HOME,False,False,2023,20,48,77,08A,41.97912164,-87.65505652,2023,2023-09-12,09:25:00,9,Tuesday,September,SIMPLE
13189100,JG398561,2023-08-26 13:52:00+00:00,053XX N BROADWAY,THEFT,RETAIL THEFT,GROCERY FOOD STORE,True,False,2023,20,48,77,06,41.97899124,-87.65994197,2023,2023-08-26,13:52:00,13,Saturday,August,RETAIL THEFT
13290048,JG519635,2023-11-16 12:00:00+00:00,054XX N KENMORE AVE,THEFT,FROM BUILDING,APARTMENT,False,False,2023,20,48,77,06,41.98084002,-87.65653885,2023,2023-11-16,12:00:00,12,Thursday,November,FROM BUILDING
12991044,JG161955,2023-02-22 14:35:00+00:00,010XX W ARGYLE ST,ROBBERY,ARMED - HANDGUN,SMALL RETAIL STORE,False,False,2024,20,48,3,03,41.9732849,-87.65694613,2023,2023-02-22,14:35:00,14,Wednesday,February,ARMED - HANDGUN
13030807,JG209500,2023-04-03 13:43:00+00:00,008XX W FOSTER AVE,BATTERY,AGGRAVATED - OTHER DANGEROUS WEAPON,STREET,False,False,2024,20,48,3,04B,41.97643764,-87.65224587,2023,2023-04-03,13:43:00,13,Monday,April,AGGRAVATED
13322979,JG558125,2023-12-29 01:00:00+00:00,049XX N KENMORE AVE,BATTERY,SIMPLE,OTHER (SPECIFY),False,False,2024,20,48,3,08B,41.97216969,-87.65629968,2023,2023-12-29,01:00:00,1,Friday,December,SIMPLE
13079283,JG267502,2023-05-20 03:15:00+00:00,009XX W FOSTER AVE,BATTERY,DOMESTIC BATTERY SIMPLE,APARTMENT,False,True,2024,20,48,3,08B,41.97641637,-87.65375025,2023,2023-05-20,03:15:00,3,Saturday,May,DOMESTIC BATTERY SIMPLE
13151957,JG352904,2023-07-23 15:00:00+00:00,049XX N SHERIDAN RD,ASSAULT,AGGRAVATED - HANDGUN,STREET,False,False,2024,20,48,3,04A,41.97201322,-87.65489659,2023,2023-07-23,15:00:00,15,Sunday,July,AGGRAVATED
13264891,JG489663,2023-11-03 10:35:00+00:00,048XX N MARINE DR,ASSAULT,SIMPLE,STREET,False,False,2024,20,46,3,08A,41.9703018,-87.64996883,2023,2023-11-03,10:35:00,10,Friday,November,SIMPLE
13105907,JG299478,2023-06-13 12:46:00+00:00,050XX N SHERIDAN RD,ASSAULT,SIMPLE,APARTMENT,False,False,2024,20,48,3,08A,41.97467824,-87.65496392,2023,2023-06-13,12:46:00,12,Tuesday,June,SIMPLE
13187529,JG395668,2023-08-24 04:46:00+00:00,048XX N SHERIDAN RD,ASSAULT,SIMPLE,STREET,False,False,2024,20,46,3,08A,41.9710471,-87.65487007,2023,2023-08-24,04:46:00,4,Thursday,August,SIMPLE
13294177,JG524361,2023-11-30 15:00:00+00:00,008XX W GUNNISON ST,THEFT,OVER $500,STREET,False,False,2024,20,46,3,06,41.97007425,-87.65139068,2023,2023-11-30,15:00:00,15,Thursday,November,OVER $500
13153015,JG355745,2023-07-04 02:00:00+00:00,009XX W MARGATE TER,THEFT,OVER $500,DRIVEWAY - RESIDENTIAL,False,False,2024,20,48,3,06,41.97244578,-87.65333278,2023,2023-07-04,02:00:00,2,Tuesday,July,OVER $500
13204390,JG416836,2023-09-07 20:00:00+00:00,048XX N KENMORE AVE,CRIMINAL DAMAGE,TO VEHICLE,PARKING LOT / GARAGE (NON RESIDENTIAL),False,False,2024,20,46,3,14,41.97037743,-87.65624879,2023,2023-09-07,20:00:00,20,Thursday,September,TO VEHICLE
13154326,JG356855,2023-07-01 13:00:00+00:00,010XX W AINSLIE ST,CRIMINAL DAMAGE,TO VEHICLE,STREET,False,False,2024,20,46,3,14,41.97155238,-87.65678795,2023,2023-07-01,13:00:00,13,Saturday,July,TO VEHICLE
13236421,JG454231,2023-10-06 21:30:00+00:00,050XX N LINCOLN AVE,ROBBERY,STRONG ARM - NO WEAPON,STREET,False,False,2031,20,40,4,03,41.97330815,-87.69158738,2023,2023-10-06,21:30:00,21,Friday,October,STRONG ARM - NO WEAPON
13307928,JG541102,2023-12-14 16:57:00+00:00,048XX N LINCOLN AVE,ROBBERY,AGGRAVATED,DRUG STORE,False,False,2031,20,47,4,03,41.96876382,-87.68866183,2023,2023-12-14,16:57:00,16,Thursday,December,AGGRAVATED
13225161,JG441653,2023-09-27 17:30:00+00:00,027XX W FOSTER AVE,BATTERY,SIMPLE,HOSPITAL BUILDING / GROUNDS,False,False,2031,20,40,4,08B,41.97582767,-87.69756759,2023,2023-09-27,17:30:00,17,Wednesday,September,SIMPLE
13246570,JG467607,2023-10-14 18:00:00+00:00,050XX N WESTERN AVE,THEFT,OVER $500,STREET,False,False,2031,20,40,4,06,41.97244041,-87.68903663,2023,2023-10-14,18:00:00,18,Saturday,October,OVER $500
13086246,JG276246,2023-05-26 09:00:00+00:00,026XX W AINSLIE ST,THEFT,OVER $500,STREET,False,False,2031,20,40,4,06,41.97074845,-87.69564339,2023,2023-05-26,09:00:00,9,Friday,May,OVER $500
13151843,JG353882,2023-07-24 03:40:00+00:00,049XX N MOZART ST,THEFT,OVER $500,STREET,False,False,2031,20,40,4,06,41.97119518,-87.70000024,2023,2023-07-24,03:40:00,3,Monday,July,OVER $500
13264199,JG488820,2023-11-02 09:00:00+00:00,049XX N FRANCISCO AVE,THEFT,$500 AND UNDER,APARTMENT,False,False,2031,20,40,4,06,41.97118544,-87.7012212,2023,2023-11-02,09:00:00,9,Thursday,November,$500 AND UNDER
13276676,JG503486,2023-08-31 09:00:00+00:00,027XX W GUNNISON ST,THEFT,$500 AND UNDER,STREET,False,False,2031,20,40,4,06,41.96963583,-87.6978976,2023,2023-08-31,09:00:00,9,Thursday,August,$500 AND UNDER
13304560,JG537311,2023-12-11 14:43:00+00:00,050XX N WESTERN AVE,THEFT,FROM BUILDING,RESIDENCE,False,False,2031,20,40,4,06,41.97254471,-87.68903925,2023,2023-12-11,14:43:00,14,Monday,December,FROM BUILDING
13202528,JG414601,2023-09-07 06:00:00+00:00,049XX N CLAREMONT AVE,CRIMINAL DAMAGE,TO VEHICLE,STREET,False,False,2031,20,40,4,14,41.97110514,-87.68777773,2023,2023-09-07,06:00:00,6,Thursday,September,TO VEHICLE
13111924,JG307167,2023-06-18 20:00:00+00:00,048XX N CLAREMONT AVE,CRIMINAL DAMAGE,TO VEHICLE,STREET,False,False,2031,20,47,4,14,41.96954886,-87.6877199,2023,2023-06-18,20:00:00,20,Sunday,June,TO VEHICLE
13117927,JG314119,2023-06-24 13:24:00+00:00,048XX N FRANCISCO AVE,CRIMINAL DAMAGE,TO VEHICLE,ALLEY,True,False,2031,20,40,4,14,41.96938944,-87.70048881,2023,2023-06-24,13:24:00,13,Saturday,June,TO VEHICLE
13204536,JG416798,2023-09-08 16:30:00+00:00,018XX W LAWRENCE AVE,ROBBERY,STRONG ARM - NO WEAPON,SIDEWALK,False,False,2032,20,47,4,03,41.96881582,-87.67461815,2023,2023-09-08,16:30:00,16,Friday,September,STRONG ARM - NO WEAPON
13179538,JG387052,2023-08-18 00:42:00+00:00,019XX W WINONA ST,ROBBERY,VEHICULAR HIJACKING,STREET,False,False,2032,20,40,4,03,41.97474172,-87.67673786,2023,2023-08-18,00:42:00,0,Friday,August,VEHICULAR HIJACKING
13183536,JG392091,2023-08-16 17:55:00+00:00,050XX N HERMITAGE AVE,ASSAULT,AGGRAVATED - OTHER FIREARM,APARTMENT,False,True,2032,20,47,3,04A,41.97283885,-87.67271225,2023,2023-08-16,17:55:00,17,Wednesday,August,AGGRAVATED
13023411,JG200408,2023-03-22 20:35:00+00:00,021XX W ARGYLE ST,THEFT,OVER $500,STREET,False,False,2032,20,40,4,06,41.97233523,-87.68352161,2023,2023-03-22,20:35:00,20,Wednesday,March,OVER $500
13104806,JG298056,2023-06-08 22:00:00+00:00,019XX W Lawrence Ave,THEFT,OVER $500,OTHER (SPECIFY),False,False,2032,20,47,4,06,41.96876777,-87.67821125,2023,2023-06-08,22:00:00,22,Thursday,June,OVER $500
13141320,JG341688,2023-07-15 07:06:00+00:00,049XX N HERMITAGE AVE,THEFT,OVER $500,STREET,False,False,2032,20,47,3,06,41.97201819,-87.67268763,2023,2023-07-15,07:06:00,7,Saturday,July,OVER $500
13140178,JG340593,2023-07-14 11:05:00+00:00,048XX N CLARK ST,THEFT,RETAIL THEFT,SMALL RETAIL STORE,False,False,2032,20,47,3,06,41.96985114,-87.66761337,2023,2023-07-14,11:05:00,11,Friday,July,RETAIL THEFT
13268452,JG493445,2023-11-03 20:50:00+00:00,049XX N WOLCOTT AVE,CRIMINAL DAMAGE,TO VEHICLE,STREET,False,False,2032,20,47,4,14,41.9715202,-87.67628921,2023,2023-11-03,20:50:00,20,Friday,November,TO VEHICLE
13089836,JG280161,2023-05-29 21:50:00+00:00,011XX W ARGYLE ST,BATTERY,AGGRAVATED OF A SENIOR CITIZEN,CTA TRAIN,False,False,2033,20,48,3,04B,41.97326586,-87.65837318,2023,2023-05-29,21:50:00,21,Monday,May,AGGRAVATED
13077779,JG266425,2023-05-18 00:00:00+00:00,050XX N WINTHROP AVE,THEFT,OVER $500,APARTMENT,False,False,2033,20,48,3,06,41.97430506,-87.65776278,2023,2023-05-18,00:00:00,0,Thursday,May,OVER $500
13291420,JG520513,2023-11-28 01:00:00+00:00,013XX W Argyle St,THEFT,$500 AND UNDER,RESIDENCE - YARD (FRONT / BACK),False,False,2033,20,47,3,06,41.97261733,-87.66337394,2023,2023-11-28,01:00:00,1,Tuesday,November,$500 AND UNDER
13069573,JG256571,2023-05-07 00:00:00+00:00,050XX N BROADWAY,THEFT,$500 AND UNDER,APARTMENT,False,False,2033,20,47,3,06,41.97403168,-87.65980667,2023,2023-05-07,00:00:00,0,Sunday,May,$500 AND UNDER
13084012,JG273132,2023-05-23 00:00:00+00:00,013XX W CARMEN AVE,THEFT,$500 AND UNDER,STREET,False,False,2033,20,47,3,06,41.974572,-87.66304086,2023,2023-05-23,00:00:00,0,Tuesday,May,$500 AND UNDER
13329847,JH105748,2023-12-30 23:15:00+00:00,024XX W 103RD ST,BATTERY,SIMPLE,SMALL RETAIL STORE,False,False,2211,22,19,72,08B,41.70637659,-87.68239441,2023,2023-12-30,23:15:00,23,Saturday,December,SIMPLE
13307396,JG540387,2023-12-14 04:30:00+00:00,104XX S SPRINGFIELD AVE,THEFT,OVER $500,STREET,False,False,2211,22,19,74,06,41.7033528,-87.71835297,2023,2023-12-14,04:30:00,4,Thursday,December,OVER $500
13251544,JG473363,2023-10-22 02:50:00+00:00,024XX W 103RD ST,THEFT,RETAIL THEFT,SMALL RETAIL STORE,False,False,2211,22,19,72,06,41.70637659,-87.68239441,2023,2023-10-22,02:50:00,2,Sunday,October,RETAIL THEFT
13187661,JG396764,2023-08-25 07:55:00+00:00,031XX W 103RD ST,THEFT,RETAIL THEFT,GROCERY FOOD STORE,True,False,2211,22,19,74,06,41.70620429,-87.69968529,2023,2023-08-25,07:55:00,7,Friday,August,RETAIL THEFT
13303562,JG534812,2023-12-09 14:54:00+00:00,114XX S OAKLEY AVE,BATTERY,SIMPLE,NURSING / RETIREMENT HOME,False,False,2212,22,19,75,08B,41.68570275,-87.67887592,2023,2023-12-09,14:54:00,14,Saturday,December,SIMPLE
12959330,JG118375,2023-01-16 13:00:00+00:00,114XX S OAKLEY AVE,BATTERY,SIMPLE,NURSING / RETIREMENT HOME,False,False,2212,22,19,75,08B,41.68570275,-87.67887592,2023,2023-01-16,13:00:00,13,Monday,January,SIMPLE
13235419,JG453901,2023-10-06 19:15:00+00:00,105XX S WALDEN PKWY,BATTERY,DOMESTIC BATTERY SIMPLE,STREET,False,True,2212,22,19,72,08B,41.70241215,-87.66963583,2023,2023-10-06,19:15:00,19,Friday,October,DOMESTIC BATTERY SIMPLE
13071896,JG259137,2023-05-05 12:03:00+00:00,017XX W PRYOR AVE,THEFT,FROM BUILDING,SCHOOL - PUBLIC GROUNDS,False,False,2212,22,19,75,06,41.69204178,-87.66592364,2023,2023-05-05,12:03:00,12,Friday,May,FROM BUILDING
12996204,JG168860,2023-02-27 16:00:00+00:00,112XX S HOMEWOOD AVE,CRIMINAL DAMAGE,TO VEHICLE,STREET,False,False,2212,22,19,75,14,41.68892363,-87.67008936,2023,2023-02-27,16:00:00,16,Monday,February,TO VEHICLE
13003930,JG177927,2023-03-08 03:12:00+00:00,105XX S BELL AVE,CRIMINAL DAMAGE,TO VEHICLE,STREET,False,False,2212,22,19,72,14,41.70204208,-87.67783506,2023,2023-03-08,03:12:00,3,Wednesday,March,TO VEHICLE
13222538,JG438514,2023-09-25 13:20:00+00:00,012XX W 95TH ST,ROBBERY,ARMED - HANDGUN,SMALL RETAIL STORE,False,False,2213,22,21,73,03,41.7213261,-87.65368286,2023,2023-09-25,13:20:00,13,Monday,September,ARMED - HANDGUN
12967296,JG134002,2023-01-29 17:30:00+00:00,100XX S CLAREMONT AVE,ROBBERY,ARMED - HANDGUN,STREET,False,False,2213,22,19,72,03,41.71113305,-87.68055548,2023,2023-01-29,17:30:00,17,Sunday,January,ARMED - HANDGUN
13174210,JG380801,2023-08-13 08:06:00+00:00,012XX W 95TH ST,ROBBERY,ARMED - HANDGUN,SMALL RETAIL STORE,False,False,2213,22,21,73,03,41.7213261,-87.65368286,2023,2023-08-13,08:06:00,8,Sunday,August,ARMED - HANDGUN
13204203,JG415240,2023-09-05 16:00:00+00:00,095XX S LOOMIS ST,BATTERY,SIMPLE,SCHOOL - PUBLIC GROUNDS,False,False,2213,22,21,73,08B,41.72028483,-87.65767183,2023,2023-09-05,16:00:00,16,Tuesday,September,SIMPLE
13130670,JG329255,2023-07-05 19:49:00+00:00,095XX S WESTERN AVE,ASSAULT,SIMPLE,MEDICAL / DENTAL OFFICE,False,False,2213,22,19,72,08A,41.72048047,-87.68205062,2023,2023-07-05,19:49:00,19,Wednesday,July,SIMPLE
13059645,JG243493,2023-04-24 03:00:00+00:00,098XX S HOYNE AVE,THEFT,OVER $500,STREET,False,False,2213,22,19,72,06,41.71502082,-87.67461923,2023,2023-04-24,03:00:00,3,Monday,April,OVER $500
12990391,JG161538,2023-02-22 01:00:00+00:00,095XX S WINCHESTER AVE,THEFT,$500 AND UNDER,DRIVEWAY - RESIDENTIAL,False,False,2213,22,19,72,06,41.72049816,-87.6707428,2023,2023-02-22,01:00:00,1,Wednesday,February,$500 AND UNDER
13181619,JG389666,2023-08-19 21:00:00+00:00,096XX S RACINE AVE,THEFT,$500 AND UNDER,STREET,False,True,2213,22,21,73,06,41.71893656,-87.65288389,2023,2023-08-19,21:00:00,21,Saturday,August,$500 AND UNDER
13087001,JG277092,2023-05-27 00:30:00+00:00,098XX S VANDERPOEL AVE,CRIMINAL DAMAGE,TO PROPERTY,RESIDENCE,False,False,2213,22,19,72,14,41.71496833,-87.66552534,2023,2023-05-27,00:30:00,0,Saturday,May,TO PROPERTY
13091143,JG281950,2023-05-30 23:00:00+00:00,091XX S ASHLAND AVE,BATTERY,DOMESTIC BATTERY SIMPLE,SIDEWALK,False,True,2221,22,21,73,08B,41.72758472,-87.66282666,2023,2023-05-30,23:00:00,23,Tuesday,May,DOMESTIC BATTERY SIMPLE
13236044,JG454500,2023-10-07 10:55:00+00:00,022XX W 95TH ST,ASSAULT,AGGRAVATED - HANDGUN,STREET,False,False,2221,22,19,72,04A,41.72100632,-87.67752149,2023,2023-10-07,10:55:00,10,Saturday,October,AGGRAVATED
13243289,JG463545,2023-10-14 16:10:00+00:00,090XX S HERMITAGE AVE,THEFT,$500 AND UNDER,STREET,False,False,2221,22,21,73,06,41.72954651,-87.66700464,2023,2023-10-14,16:10:00,16,Saturday,October,$500 AND UNDER
12953442,JG116768,2023-01-14 04:59:00+00:00,093XX S DAMEN AVE,THEFT,$500 AND UNDER,RESIDENCE - PORCH / HALLWAY,False,False,2221,22,19,72,06,41.72389689,-87.67286916,2023,2023-01-14,04:59:00,4,Saturday,January,$500 AND UNDER
12991895,JG162574,2023-02-16 13:00:00+00:00,089XX S Winchester Ave,THEFT,$500 AND UNDER,RESIDENCE - PORCH / HALLWAY,False,False,2221,22,21,71,06,41.73111348,-87.66747204,2023,2023-02-16,13:00:00,13,Thursday,February,$500 AND UNDER
13074715,JG262772,2023-05-16 12:50:00+00:00,094XX S ASHLAND AVE,THEFT,$500 AND UNDER,GROCERY FOOD STORE,False,False,2221,22,21,73,06,41.72257838,-87.66270655,2023,2023-05-16,12:50:00,12,Tuesday,May,$500 AND UNDER
13248795,JG469840,2023-10-19 10:40:00+00:00,093XX S ASHLAND AVE,THEFT,RETAIL THEFT,SMALL RETAIL STORE,True,False,2221,22,21,73,06,41.72363784,-87.66273216,2023,2023-10-19,10:40:00,10,Thursday,October,RETAIL THEFT
12981352,JG150725,2023-02-13 06:30:00+00:00,091XX S ASHLAND AVE,THEFT,FROM BUILDING,RESTAURANT,False,False,2221,22,21,73,06,41.72758472,-87.66282666,2023,2023-02-13,06:30:00,6,Monday,February,FROM BUILDING
13183274,JG389034,2023-08-18 00:30:00+00:00,090XX S LEAVITT ST,CRIMINAL DAMAGE,TO VEHICLE,STREET,False,False,2221,22,19,72,14,41.72928283,-87.67745929,2023,2023-08-18,00:30:00,0,Friday,August,TO VEHICLE
13269892,JG495771,2023-11-07 23:00:00+00:00,089XX S ELIZABETH ST,BATTERY,DOMESTIC BATTERY SIMPLE,RESIDENCE,False,True,2222,22,21,73,08B,41.73154486,-87.65442877,2023,2023-11-07,23:00:00,23,Tuesday,November,DOMESTIC BATTERY SIMPLE
13040042,JG220863,2023-04-12 17:51:00+00:00,087XX S ELIZABETH ST,ASSAULT,AGGRAVATED - HANDGUN,STREET,False,False,2222,22,21,71,04A,41.73519818,-87.65453686,2023,2023-04-12,17:51:00,17,Wednesday,April,AGGRAVATED
12979102,JG148032,2023-02-08 11:34:00+00:00,087XX S ABERDEEN ST,ASSAULT,SIMPLE,SCHOOL - PUBLIC GROUNDS,False,False,2222,22,21,71,08A,41.73506684,-87.65089641,2023,2023-02-08,11:34:00,11,Wednesday,February,SIMPLE
13173150,JG379618,2023-08-12 10:50:00+00:00,091XX S RACINE AVE,ASSAULT,SIMPLE,RESIDENCE - YARD (FRONT / BACK),False,False,2222,22,21,73,08A,41.72790632,-87.65310796,2023,2023-08-12,10:50:00,10,Saturday,August,SIMPLE
13021874,JG199548,2023-03-26 10:10:00+00:00,090XX S MORGAN ST,CRIMINAL DAMAGE,TO PROPERTY,RESIDENCE,False,True,2222,22,21,73,14,41.72992511,-87.64831676,2023,2023-03-26,10:10:00,10,Sunday,March,TO PROPERTY
13217904,JG432777,2023-09-20 21:30:00+00:00,090XX S ADA ST,CRIMINAL DAMAGE,TO VEHICLE,STREET,False,False,2222,22,21,73,14,41.72945946,-87.6568027,2023,2023-09-20,21:30:00,21,Wednesday,September,TO VEHICLE
13244947,JG465573,2023-10-15 13:15:00+00:00,090XX S RACINE AVE,CRIMINAL DAMAGE,TO VEHICLE,STREET,False,False,2222,22,21,73,14,41.72984137,-87.65316082,2023,2023-10-15,13:15:00,13,Sunday,October,TO VEHICLE
13320237,JG555072,2023-12-26 13:39:00+00:00,096XX S WALLACE ST,BATTERY,DOMESTIC BATTERY SIMPLE,RESIDENCE,False,True,2223,22,9,73,08B,41.71877236,-87.63828901,2023,2023-12-26,13:39:00,13,Tuesday,December,DOMESTIC BATTERY SIMPLE
13009688,JG184891,2023-03-13 02:45:00+00:00,091XX S PARNELL AVE,ASSAULT,AGGRAVATED - HANDGUN,STREET,False,False,2223,22,21,73,04A,41.72792704,-87.63732211,2023,2023-03-13,02:45:00,2,Monday,March,AGGRAVATED
13107348,JG301590,2023-06-15 02:00:00+00:00,092XX S WALLACE ST,ASSAULT,AGGRAVATED - HANDGUN,RESIDENCE,False,True,2223,22,9,73,04A,41.72606518,-87.6384815,2023,2023-06-15,02:00:00,2,Thursday,June,AGGRAVATED
13306852,JG540026,2023-12-13 18:00:00+00:00,096XX S HALSTED ST,THEFT,OVER $500,STREET,False,False,2223,22,21,73,06,41.71894159,-87.64314419,2023,2023-12-13,18:00:00,18,Wednesday,December,OVER $500
13173576,JG379455,2023-07-01 09:35:00+00:00,087XX S HALSTED ST,THEFT,$500 AND UNDER,GOVERNMENT BUILDING / PROPERTY,False,False,2223,22,21,71,06,41.73530317,-87.64359556,2023,2023-07-01,09:35:00,9,Saturday,July,$500 AND UNDER
12973707,JG141671,2023-02-05 14:21:00+00:00,092XX S HALSTED ST,CRIMINAL DAMAGE,TO PROPERTY,RESIDENCE,False,False,2223,22,21,73,14,41.72639088,-87.64334654,2023,2023-02-05,14:21:00,14,Sunday,February,TO PROPERTY
13321760,JG557251,2023-12-28 01:20:00+00:00,096XX S GENOA AVE,CRIMINAL DAMAGE,TO VEHICLE,RESIDENCE,False,False,2223,22,21,73,14,41.71875097,-87.65028153,2023,2023-12-28,01:20:00,1,Thursday,December,TO VEHICLE
12956146,JG120639,2023-01-17 01:00:00+00:00,093XX S SANGAMON ST,CRIMINAL DAMAGE,TO VEHICLE,STREET,False,False,2223,22,21,73,14,41.72438984,-87.64693958,2023,2023-01-17,01:00:00,1,Tuesday,January,TO VEHICLE
13111132,JG305958,2023-06-18 14:00:00+00:00,092XX S PARNELL AVE,CRIMINAL DAMAGE,TO VEHICLE,STREET,False,False,2223,22,9,73,14,41.72630765,-87.63728098,2023,2023-06-18,14:00:00,14,Sunday,June,TO VEHICLE
13156862,JG360392,2023-07-29 04:42:00+00:00,095XX S EMERALD AVE,CRIMINAL DAMAGE,TO VEHICLE,STREET,False,False,2223,22,21,73,14,41.72094894,-87.64198351,2023,2023-07-29,04:42:00,4,Saturday,July,TO VEHICLE
13169470,JG375330,2023-08-09 02:30:00+00:00,091XX S EMERALD AVE,CRIMINAL DAMAGE,TO VEHICLE,STREET,False,False,2223,22,21,73,14,41.72780537,-87.64217011,2023,2023-08-09,02:30:00,2,Wednesday,August,TO VEHICLE
13266161,JG491186,2023-11-04 12:11:00+00:00,099XX S MAY ST,ROBBERY,AGGRAVATED VEHICULAR HIJACKING,VEHICLE NON-COMMERCIAL,True,False,2232,22,21,73,03,41.71260533,-87.65148199,2023,2023-11-04,12:11:00,12,Saturday,November,AGGRAVATED
13046378,JG228528,2023-04-18 17:05:00+00:00,010XX W 103RD ST,ROBBERY,AGGRAVATED,SIDEWALK,False,False,2232,22,21,73,03,41.70686819,-87.64800125,2023,2023-04-18,17:05:00,17,Tuesday,April,AGGRAVATED
13144055,JG343650,2023-07-16 16:44:00+00:00,105XX S ABERDEEN ST,BATTERY,AGGRAVATED - HANDGUN,PARKING LOT / GARAGE (NON RESIDENTIAL),False,False,2232,22,21,73,04B,41.70252966,-87.64942422,2023,2023-07-16,16:44:00,16,Sunday,July,AGGRAVATED
13056596,JG240808,2023-04-27 15:30:00+00:00,100XX S UNION AVE,BATTERY,"PROTECTED EMPLOYEE - HANDS, FISTS, FEET, NO / MINOR INJURY",SCHOOL - PUBLIC BUILDING,False,False,2232,22,21,73,08B,41.71159031,-87.64053457,2023,2023-04-27,15:30:00,15,Thursday,April,"PROTECTED EMPLOYEE - HANDS, FISTS, FEET, NO / MINOR INJURY"
13264988,JG489735,2023-11-03 11:06:00+00:00,011XX W 101ST ST,BATTERY,DOMESTIC BATTERY SIMPLE,RESIDENCE,False,True,2232,22,21,73,08B,41.71047829,-87.6505266,2023,2023-11-03,11:06:00,11,Friday,November,DOMESTIC BATTERY SIMPLE
13129691,JG328060,2023-07-05 02:20:00+00:00,101XX S ABERDEEN ST,ASSAULT,AGGRAVATED - HANDGUN,RESIDENCE,False,False,2232,22,21,73,04A,41.70997147,-87.65021334,2023,2023-07-05,02:20:00,2,Wednesday,July,AGGRAVATED
13207716,JG420667,2023-09-11 19:00:00+00:00,103XX S PEORIA ST,ASSAULT,SIMPLE,RESIDENCE,False,True,2232,22,21,73,08A,41.70597622,-87.64523481,2023,2023-09-11,19:00:00,19,Monday,September,SIMPLE
12993622,JG165731,2023-02-25 15:00:00+00:00,100XX S ABERDEEN ST,THEFT,OVER $500,RESIDENCE,False,False,2232,22,34,73,06,41.71141795,-87.6502493,2023,2023-02-25,15:00:00,15,Saturday,February,OVER $500
12950842,JG111030,2023-01-10 04:00:00+00:00,004XX W 100TH PL,THEFT,$500 AND UNDER,STREET,False,False,2232,22,9,73,06,41.71158757,-87.63464167,2023,2023-01-10,04:00:00,4,Tuesday,January,$500 AND UNDER
13032931,JG212488,2023-04-05 14:40:00+00:00,013XX W 107TH ST,THEFT,$500 AND UNDER,RESIDENCE - PORCH / HALLWAY,False,False,2232,22,34,73,06,41.69948162,-87.65653111,2023,2023-04-05,14:40:00,14,Wednesday,April,$500 AND UNDER
13024146,JG202242,2023-03-27 18:00:00+00:00,011XX W 105TH ST,THEFT,POCKET-PICKING,RESIDENCE,False,False,2232,22,34,73,06,41.70318983,-87.6515302,2023,2023-03-27,18:00:00,18,Monday,March,POCKET-PICKING
13062218,JG247344,2023-05-04 06:45:00+00:00,101XX S MORGAN ST,CRIMINAL DAMAGE,TO VEHICLE,VEHICLE - COMMERCIAL,False,False,2232,22,21,73,14,41.70971819,-87.64777321,2023,2023-05-04,06:45:00,6,Thursday,May,TO VEHICLE
12977375,JG145239,2023-02-07 21:34:00+00:00,106XX S EMERALD AVE,BATTERY,AGGRAVATED - OTHER DANGEROUS WEAPON,RESIDENCE,False,False,2233,22,34,49,04B,41.70075837,-87.64143083,2023,2023-02-07,21:34:00,21,Tuesday,February,AGGRAVATED
13150014,JG352290,2023-07-23 00:37:00+00:00,008XX W 105TH ST,BATTERY,"AGGRAVATED P.O. - HANDS, FISTS, FEET, NO / MINOR INJURY",SIDEWALK,False,False,2233,22,21,73,08B,41.70327218,-87.64325686,2023,2023-07-23,00:37:00,0,Sunday,July,AGGRAVATED
12974753,JG142946,2023-02-06 15:30:00+00:00,113XX S PARNELL AVE,BATTERY,SIMPLE,RESIDENCE,False,False,2233,22,34,49,08B,41.68791342,-87.63619027,2023,2023-02-06,15:30:00,15,Monday,February,SIMPLE
13315868,JG550523,2023-12-22 10:31:00+00:00,006XX W 111TH ST,ASSAULT,AGGRAVATED - HANDGUN,STREET,False,False,2233,22,21,49,04A,41.69239352,-87.63913325,2023,2023-12-22,10:31:00,10,Friday,December,AGGRAVATED
13092729,JG284088,2023-06-01 01:00:00+00:00,105XX S WALLACE ST,THEFT,OVER $500,STREET,False,False,2233,22,21,49,06,41.70228173,-87.63783677,2023,2023-06-01,01:00:00,1,Thursday,June,OVER $500
13211271,JG424960,2023-09-07 10:00:00+00:00,007XX W 111TH ST,THEFT,FROM BUILDING,OTHER (SPECIFY),False,False,2233,22,21,49,06,41.69238109,-87.64025743,2023,2023-09-07,10:00:00,10,Thursday,September,FROM BUILDING
13066783,JG252882,2023-05-08 00:34:00+00:00,109XX S EMERALD AVE,CRIMINAL DAMAGE,TO PROPERTY,RESIDENCE,False,False,2233,22,21,49,14,41.695222,-87.64125583,2023,2023-05-08,00:34:00,0,Monday,May,TO PROPERTY
13117992,JG313265,2023-06-23 20:42:00+00:00,110XX S HALSTED ST,CRIMINAL DAMAGE,TO PROPERTY,RESTAURANT,False,False,2233,22,21,75,14,41.69325851,-87.64240826,2023,2023-06-23,20:42:00,20,Friday,June,TO PROPERTY
13084255,JG267863,2023-05-20 11:03:00+00:00,016XX W WASECA PL,BATTERY,DOMESTIC BATTERY SIMPLE,RESIDENCE,False,True,2234,22,21,75,08B,41.68871849,-87.66358188,2023,2023-05-20,11:03:00,11,Saturday,May,DOMESTIC BATTERY SIMPLE
13214064,JG428461,2023-09-17 20:02:00+00:00,114XX S VINCENNES AVE,ASSAULT,AGGRAVATED - HANDGUN,CHURCH / SYNAGOGUE / PLACE OF WORSHIP,True,True,2234,22,21,75,04A,41.68619909,-87.66687,2023,2023-09-17,20:02:00,20,Sunday,September,AGGRAVATED
13273301,JG499453,2023-11-10 19:30:00+00:00,113XX S PEORIA ST,ASSAULT,SIMPLE,RESIDENCE,False,True,2234,22,21,75,08A,41.68793435,-87.64466924,2023,2023-11-10,19:30:00,19,Friday,November,SIMPLE
12992288,JG163846,2023-02-24 07:00:00+00:00,117XX S MARSHFIELD AVE,ASSAULT,SIMPLE,GROCERY FOOD STORE,False,False,2234,22,34,75,08A,41.68041843,-87.66243795,2023,2023-02-24,07:00:00,7,Friday,February,SIMPLE
13045444,JG227543,2023-04-17 19:30:00+00:00,113XX S THROOP ST,THEFT,FROM BUILDING,STREET,False,False,2234,22,21,75,06,41.68727589,-87.6543855,2023,2023-04-17,19:30:00,19,Monday,April,FROM BUILDING
13004896,JG179071,2023-03-09 01:36:00+00:00,010XX W 112TH PL,CRIMINAL DAMAGE,TO PROPERTY,RESIDENCE,True,False,2234,22,34,75,14,41.6894479,-87.64812028,2023,2023-03-09,01:36:00,1,Thursday,March,TO PROPERTY
13095335,JG287275,2023-03-05 02:30:00+00:00,113XX S ABERDEEN ST,CRIMINAL DAMAGE,TO PROPERTY,RESIDENCE,False,False,2234,22,21,75,14,41.68813635,-87.64954374,2023,2023-03-05,02:30:00,2,Sunday,March,TO PROPERTY
13117379,JG313529,2023-06-24 01:30:00+00:00,014XX W 110TH ST,CRIMINAL DAMAGE,TO PROPERTY,RESIDENCE,False,False,2234,22,21,75,14,41.69399354,-87.6575626,2023,2023-06-24,01:30:00,1,Saturday,June,TO PROPERTY
13077558,JG266135,2023-05-19 00:06:00+00:00,074XX N WESTERN AVE,BATTERY,SIMPLE,SIDEWALK,True,False,2411,24,50,2,08B,42.01659005,-87.69020667,2023,2023-05-19,00:06:00,0,Friday,May,SIMPLE
13134040,JG333357,2023-07-09 00:10:00+00:00,024XX W TOUHY AVE,BATTERY,SIMPLE,ATHLETIC CLUB,False,False,2411,24,50,2,08B,42.01225988,-87.69121437,2023,2023-07-09,00:10:00,0,Sunday,July,SIMPLE
13241938,JG461693,2023-10-13 07:18:00+00:00,022XX W MORSE AVE,BATTERY,DOMESTIC BATTERY SIMPLE,APARTMENT,False,True,2411,24,40,2,08B,42.00722727,-87.68685339,2023,2023-10-13,07:18:00,7,Friday,October,DOMESTIC BATTERY SIMPLE
12958948,JG123701,2023-01-20 14:45:00+00:00,071XX N KEDZIE AVE,BATTERY,DOMESTIC BATTERY SIMPLE,PARKING LOT / GARAGE (NON RESIDENTIAL),False,True,2411,24,50,2,08B,42.01090985,-87.70914396,2023,2023-01-20,14:45:00,14,Friday,January,DOMESTIC BATTERY SIMPLE
12960647,JG125848,2023-01-22 20:00:00+00:00,074XX N OAKLEY AVE,BATTERY,DOMESTIC BATTERY SIMPLE,APARTMENT,False,True,2411,24,50,2,08B,42.01627583,-87.68751613,2023,2023-01-22,20:00:00,20,Sunday,January,DOMESTIC BATTERY SIMPLE
13017138,JG193884,2023-02-05 16:00:00+00:00,026XX W FARGO AVE,BATTERY,DOMESTIC BATTERY SIMPLE,APARTMENT,False,True,2411,24,50,2,08B,42.01669237,-87.69575867,2023,2023-02-05,16:00:00,16,Sunday,February,DOMESTIC BATTERY SIMPLE
13191088,JG400776,2023-08-28 08:55:00+00:00,025XX W FITCH AVE,ASSAULT,SIMPLE,APARTMENT,False,True,2411,24,50,2,08A,42.01129516,-87.6938918,2023,2023-08-28,08:55:00,8,Monday,August,SIMPLE
13301333,JG531880,2023-11-10 13:00:00+00:00,025XX W FITCH AVE,THEFT,$500 AND UNDER,RESIDENCE,False,False,2411,24,50,2,06,42.01129972,-87.69372617,2023,2023-11-10,13:00:00,13,Friday,November,$500 AND UNDER
13043415,JG224812,2023-04-14 16:50:00+00:00,071XX N Kedzie Ave,THEFT,$500 AND UNDER,RESIDENCE - GARAGE,False,False,2411,24,50,2,06,42.01090985,-87.70914396,2023,2023-04-14,16:50:00,16,Friday,April,$500 AND UNDER
13115313,JG311063,2023-06-21 11:21:00+00:00,026XX W TOUHY AVE,THEFT,$500 AND UNDER,RESIDENCE,False,False,2411,24,50,2,06,42.01214786,-87.69622722,2023,2023-06-21,11:21:00,11,Wednesday,June,$500 AND UNDER
13024027,JG201791,2023-01-01 03:00:00+00:00,023XX W TOUHY AVE,THEFT,FROM BUILDING,APARTMENT,False,False,2411,24,50,2,06,42.01225755,-87.6878622,2023,2023-01-01,03:00:00,3,Sunday,January,FROM BUILDING
13150528,JG353037,2023-07-23 02:50:00+00:00,068XX N KEDZIE AVE,CRIMINAL DAMAGE,TO VEHICLE,PARKING LOT / GARAGE (NON RESIDENTIAL),False,False,2411,24,50,2,14,42.00538405,-87.70932675,2023,2023-07-23,02:50:00,2,Sunday,July,TO VEHICLE
13063673,JG249214,2023-05-05 15:30:00+00:00,066XX N DAMEN AVE,BATTERY,AGGRAVATED - OTHER DANGEROUS WEAPON,ALLEY,False,False,2412,24,40,2,04B,42.00240696,-87.68028345,2023,2023-05-05,15:30:00,15,Friday,May,AGGRAVATED
13095263,JG287196,2023-06-04 00:54:00+00:00,066XX N CAMPBELL AVE,BATTERY,AGGRAVATED - OTHER DANGEROUS WEAPON,STREET,False,False,2412,24,50,2,04B,42.00181682,-87.69243046,2023,2023-06-04,00:54:00,0,Sunday,June,AGGRAVATED
13039054,JG218473,2023-04-10 00:00:00+00:00,065XX N CLAREMONT AVE,BATTERY,SIMPLE,RESIDENCE - YARD (FRONT / BACK),False,False,2412,24,50,2,08B,41.99970496,-87.68871751,2023,2023-04-10,00:00:00,0,Monday,April,SIMPLE
13290501,JG520019,2023-11-27 08:20:00+00:00,064XX N OAKLEY AVE,THEFT,$500 AND UNDER,APARTMENT,False,False,2412,24,50,2,06,41.99848498,-87.68746428,2023,2023-11-27,08:20:00,8,Monday,November,$500 AND UNDER
12959646,JG124742,2023-01-19 21:00:00+00:00,065XX N ARTESIAN AVE,THEFT,$500 AND UNDER,STREET,False,False,2412,24,50,2,06,42.0005173,-87.69117792,2023,2023-01-19,21:00:00,21,Thursday,January,$500 AND UNDER
12994658,JG167006,2023-02-26 17:00:00+00:00,066XX N CAMPBELL AVE,THEFT,$500 AND UNDER,STREET,False,False,2412,24,50,2,06,42.00215165,-87.69243814,2023,2023-02-26,17:00:00,17,Sunday,February,$500 AND UNDER
13297087,JG528112,2023-12-03 10:17:00+00:00,064XX N CLAREMONT AVE,THEFT,FROM BUILDING,APARTMENT,False,False,2412,24,50,2,06,41.99872236,-87.68868696,2023,2023-12-03,10:17:00,10,Sunday,December,FROM BUILDING
12954618,JG118758,2023-01-16 15:00:00+00:00,028XX W DEVON AVE,CRIMINAL DAMAGE,TO PROPERTY,SMALL RETAIL STORE,True,False,2412,24,50,2,14,41.99753051,-87.70136154,2023,2023-01-16,15:00:00,15,Monday,January,TO PROPERTY
13227097,JG443935,2023-09-29 16:25:00+00:00,064XX N SEELEY AVE,CRIMINAL DAMAGE,TO VEHICLE,STREET,False,False,2412,24,50,2,14,41.99884579,-87.68138675,2023,2023-09-29,16:25:00,16,Friday,September,TO VEHICLE
13301057,JG532855,2023-12-08 02:27:00+00:00,064XX N ALBANY AVE,CRIMINAL DAMAGE,TO VEHICLE,STREET,False,False,2412,24,50,2,14,41.99797846,-87.70698577,2023,2023-12-08,02:27:00,2,Friday,December,TO VEHICLE
13051383,JG233705,2023-04-21 16:00:00+00:00,063XX N WASHTENAW AVE,BATTERY,SIMPLE,SIDEWALK,False,False,2413,24,50,2,08B,41.99667586,-87.69716882,2023,2023-04-21,16:00:00,16,Friday,April,SIMPLE
13213532,JG427841,2023-09-16 18:00:00+00:00,062XX N HOYNE AVE,BATTERY,DOMESTIC BATTERY SIMPLE,APARTMENT,True,True,2413,24,50,2,08B,41.99479298,-87.68241768,2023,2023-09-16,18:00:00,18,Saturday,September,DOMESTIC BATTERY SIMPLE
13267905,JG493484,2023-11-06 10:10:00+00:00,063XX N WASHTENAW AVE,BATTERY,DOMESTIC BATTERY SIMPLE,APARTMENT,False,True,2413,24,50,2,08B,41.99669507,-87.69716863,2023,2023-11-06,10:10:00,10,Monday,November,DOMESTIC BATTERY SIMPLE
13304940,JG537446,2023-12-11 17:40:00+00:00,022XX W THOME AVE,BATTERY,DOMESTIC BATTERY SIMPLE,APARTMENT,True,True,2413,24,50,2,08B,41.99507827,-87.68530991,2023,2023-12-11,17:40:00,17,Monday,December,DOMESTIC BATTERY SIMPLE
13039197,JG219824,2023-04-12 00:29:00+00:00,062XX N FRANCISCO AVE,ASSAULT,AGGRAVATED - HANDGUN,STREET,True,True,2413,24,50,2,04A,41.99454264,-87.7019613,2023,2023-04-12,00:29:00,0,Wednesday,April,AGGRAVATED
13212525,JG426418,2023-09-16 07:17:00+00:00,021XX W DEVON AVE,ASSAULT,AGGRAVATED - OTHER DANGEROUS WEAPON,ALLEY,True,False,2413,24,50,2,04A,41.9978248,-87.68426668,2023,2023-09-16,07:17:00,7,Saturday,September,AGGRAVATED
13209384,JG422687,2023-09-13 11:40:00+00:00,060XX N WESTERN AVE,ASSAULT,SIMPLE,SMALL RETAIL STORE,False,False,2413,24,40,2,08A,41.99094269,-87.68968508,2023,2023-09-13,11:40:00,11,Wednesday,September,SIMPLE
13005414,JG179758,2023-03-08 15:24:00+00:00,062XX N MOZART ST,THEFT,OVER $500,RESIDENCE,False,False,2413,24,50,2,06,41.9948324,-87.70075918,2023,2023-03-08,15:24:00,15,Wednesday,March,OVER $500
13214952,JG429226,2023-09-17 22:00:00+00:00,022XX W GRANVILLE AVE,THEFT,$500 AND UNDER,STREET,False,False,2413,24,50,2,06,41.99414909,-87.6864781,2023,2023-09-17,22:00:00,22,Sunday,September,$500 AND UNDER
12952010,JG115791,2023-01-14 05:00:00+00:00,063XX N ARTESIAN AVE,THEFT,$500 AND UNDER,STREET,False,False,2413,24,50,2,06,41.99657056,-87.69107045,2023,2023-01-14,05:00:00,5,Saturday,January,$500 AND UNDER
13023899,JG201970,2023-03-23 18:00:00+00:00,063XX N RICHMOND ST,THEFT,$500 AND UNDER,APARTMENT,False,False,2413,24,50,2,06,41.99645415,-87.70324101,2023,2023-03-23,18:00:00,18,Thursday,March,$500 AND UNDER
13185519,JG394391,2023-08-23 12:15:00+00:00,063XX N MOZART ST,THEFT,$500 AND UNDER,PARKING LOT / GARAGE (NON RESIDENTIAL),False,False,2413,24,50,2,06,41.99654511,-87.70081948,2023,2023-08-23,12:15:00,12,Wednesday,August,$500 AND UNDER
13170260,JG376323,2023-08-09 17:00:00+00:00,028XX W DEVON AVE,THEFT,RETAIL THEFT,DEPARTMENT STORE,False,False,2413,24,50,2,06,41.9975448,-87.70046744,2023,2023-08-09,17:00:00,17,Wednesday,August,RETAIL THEFT
13207217,JG420191,2023-09-11 14:40:00+00:00,019XX W HOOD AVE,CRIMINAL DAMAGE,TO VEHICLE,PARKING LOT / GARAGE (NON RESIDENTIAL),False,False,2413,24,40,2,14,41.99312435,-87.67756792,2023,2023-09-11,14:40:00,14,Monday,September,TO VEHICLE
12975751,JG144204,2023-02-06 17:00:00+00:00,062XX N HOYNE AVE,CRIMINAL DAMAGE,TO VEHICLE,STREET,False,False,2413,24,50,2,14,41.99481219,-87.68241748,2023,2023-02-06,17:00:00,17,Monday,February,TO VEHICLE
13100834,JG293751,2023-06-08 17:00:00+00:00,061XX N DAMEN AVE,CRIMINAL DAMAGE,TO VEHICLE,STREET,False,False,2413,24,40,2,14,41.99248717,-87.67988091,2023,2023-06-08,17:00:00,17,Thursday,June,TO VEHICLE
13176612,JG383681,2023-08-15 07:00:00+00:00,063XX N RIDGE AVE,CRIMINAL DAMAGE,TO VEHICLE,STREET,False,False,2413,24,40,2,14,41.99586972,-87.67585487,2023,2023-08-15,07:00:00,7,Tuesday,August,TO VEHICLE
13239177,JG458640,2023-10-10 16:52:00+00:00,016XX W JONQUIL TER,BATTERY,SIMPLE,SIDEWALK,False,False,2422,24,49,1,08B,42.02116209,-87.67142103,2023,2023-10-10,16:52:00,16,Tuesday,October,SIMPLE
13154552,JG357479,2023-07-25 13:00:00+00:00,076XX N EASTLAKE TER,BATTERY,SIMPLE,RESIDENCE - PORCH / HALLWAY,False,False,2422,24,49,1,08B,42.01972361,-87.66470134,2023,2023-07-25,13:00:00,13,Tuesday,July,SIMPLE
13173409,JG379899,2023-08-12 15:00:00+00:00,014XX W FARGO AVE,BATTERY,SIMPLE,RESIDENCE,False,False,2422,24,49,1,08B,42.01714246,-87.6667818,2023,2023-08-12,15:00:00,15,Saturday,August,SIMPLE
13022575,JG200254,2023-03-26 22:30:00+00:00,074XX N GREENVIEW AVE,BATTERY,DOMESTIC BATTERY SIMPLE,APARTMENT,False,True,2422,24,49,1,08B,42.01754854,-87.66819067,2023,2023-03-26,22:30:00,22,Sunday,March,DOMESTIC BATTERY SIMPLE
13148021,JG348791,2023-06-24 08:00:00+00:00,077XX N MARSHFIELD AVE,BATTERY,DOMESTIC BATTERY SIMPLE,RESIDENCE,False,True,2422,24,49,1,08B,42.02160663,-87.67189485,2023,2023-06-24,08:00:00,8,Saturday,June,DOMESTIC BATTERY SIMPLE
13181208,JG389101,2023-08-19 09:30:00+00:00,015XX W BIRCHWOOD AVE,ASSAULT,AGGRAVATED - HANDGUN,STREET,False,False,2422,24,49,1,04A,42.01813002,-87.67051407,2023,2023-08-19,09:30:00,9,Saturday,August,AGGRAVATED
13028542,JG207390,2023-04-01 15:55:00+00:00,017XX W HOWARD ST,ASSAULT,AGGRAVATED - KNIFE / CUTTING INSTRUMENT,GROCERY FOOD STORE,False,False,2422,24,49,1,04A,42.01939924,-87.67504949,2023,2023-04-01,15:55:00,15,Saturday,April,AGGRAVATED
12981600,JG149919,2023-02-06 11:00:00+00:00,016XX W JONQUIL TER,ASSAULT,SIMPLE,APARTMENT,False,True,2422,24,49,1,08A,42.02116209,-87.67142103,2023,2023-02-06,11:00:00,11,Monday,February,SIMPLE
13002049,JG175743,2023-03-05 18:00:00+00:00,077XX N SHERIDAN RD,THEFT,$500 AND UNDER,STREET,False,False,2422,24,49,1,06,42.02162609,-87.66672025,2023,2023-03-05,18:00:00,18,Sunday,March,$500 AND UNDER
13080465,JG269624,2023-05-21 21:08:00+00:00,017XX W HOWARD ST,THEFT,$500 AND UNDER,GROCERY FOOD STORE,False,False,2422,24,49,1,06,42.01939924,-87.67504949,2023,2023-05-21,21:08:00,21,Sunday,May,$500 AND UNDER
